spot_id,source_path,family,depth,n_sizes,primary_size_pot,largest_size_pot,all_sizes
diagnose_Ks7d2c_25,vol3-mtt-postflop/findings/diagnose_Ks7d2c_25.json,mtt,,6,0.202,4.018,"0.20,0.33,0.55,0.83,1.25,4.02"
K72r_7,vol3-mtt-postflop/findings/turn_mtt100_btn_raw/K72r_7.json,mtt,,1,0.201,0.201,0.20
Q83_8,vol3-mtt-postflop/findings/turn_mtt100_btn_raw/Q83_8.json,mtt,,1,0.201,0.201,0.20
K98r_7,vol3-mtt-postflop/findings/turn_mtt100_btn_raw/K98r_7.json,mtt,,1,1.093,1.093,1.09
K98r_2,vol3-mtt-postflop/findings/turn_mtt100_btn_raw/K98r_2.json,mtt,,1,4.569,4.569,4.57
Q83_2,vol3-mtt-postflop/findings/turn_mtt100_btn_raw/Q83_2.json,mtt,,1,1.694,1.694,1.69
K98r_T,vol3-mtt-postflop/findings/turn_mtt100_btn_raw/K98r_T.json,mtt,,1,4.569,4.569,4.57
KJT_Q,vol3-mtt-postflop/findings/turn_mtt100_btn_raw/KJT_Q.json,mtt,,1,0.202,0.202,0.20
KJT_9,vol3-mtt-postflop/findings/turn_mtt100_btn_raw/KJT_9.json,mtt,,1,0.202,0.202,0.20
T98r_2,vol3-mtt-postflop/findings/turn_mtt100_btn_raw/T98r_2.json,mtt,,1,1.093,1.093,1.09
T98r_7,vol3-mtt-postflop/findings/turn_mtt100_btn_raw/T98r_7.json,mtt,,1,4.569,4.569,4.57
Q83_A,vol3-mtt-postflop/findings/turn_mtt100_btn_raw/Q83_A.json,mtt,,1,1.694,1.694,1.69
T98r_T,vol3-mtt-postflop/findings/turn_mtt100_btn_raw/T98r_T.json,mtt,,1,4.569,4.569,4.57
K72r_K,vol3-mtt-postflop/findings/turn_mtt100_btn_raw/K72r_K.json,mtt,,1,0.201,0.201,0.20
T98r_J,vol3-mtt-postflop/findings/turn_mtt100_btn_raw/T98r_J.json,mtt,,1,1.093,1.093,1.09
K72r_2,vol3-mtt-postflop/findings/turn_mtt100_btn_raw/K72r_2.json,mtt,,1,0.201,0.201,0.20
KJT_K,vol3-mtt-postflop/findings/turn_mtt100_btn_raw/KJT_K.json,mtt,,1,0.202,0.202,0.20
Q83_K,vol3-mtt-postflop/findings/turn_mtt100_btn_raw/Q83_K.json,mtt,,1,1.694,1.694,1.69
K98r_K,vol3-mtt-postflop/findings/turn_mtt100_btn_raw/K98r_K.json,mtt,,1,0.202,0.202,0.20
K72r_A,vol3-mtt-postflop/findings/turn_mtt100_btn_raw/K72r_A.json,mtt,,1,1.694,1.694,1.69
T98r_A,vol3-mtt-postflop/findings/turn_mtt100_btn_raw/T98r_A.json,mtt,,1,1.093,1.093,1.09
K98r_A,vol3-mtt-postflop/findings/turn_mtt100_btn_raw/K98r_A.json,mtt,,1,1.093,1.093,1.09
Q83_Q,vol3-mtt-postflop/findings/turn_mtt100_btn_raw/Q83_Q.json,mtt,,1,0.201,0.201,0.20
K72r_8,vol3-mtt-postflop/findings/turn_mtt100_btn_raw/K72r_8.json,mtt,,1,1.694,1.694,1.69
CO_BB_K98_fd,vol3-mtt-postflop/findings/mtt100bb_raw/CO_BB_K98_fd.json,mtt,,1,1.15,1.15,1.15
BTN_BB_KJT_fd,vol3-mtt-postflop/findings/mtt100bb_raw/BTN_BB_KJT_fd.json,mtt,,1,1.088,1.088,1.09
HJ_BB_K98_rain,vol3-mtt-postflop/findings/mtt100bb_raw/HJ_BB_K98_rain.json,mtt,,1,1.156,1.156,1.16
CO_BB_765_fd,vol3-mtt-postflop/findings/mtt100bb_raw/CO_BB_765_fd.json,mtt,,1,0.336,0.336,0.34
HJ_BB_T74_fd,vol3-mtt-postflop/findings/mtt100bb_raw/HJ_BB_T74_fd.json,mtt,,1,1.156,1.156,1.16
UTG_BB_K72_fd,vol3-mtt-postflop/findings/mtt100bb_raw/UTG_BB_K72_fd.json,mtt,,1,0.33,0.33,0.33
UTG_BB_J73_rain,vol3-mtt-postflop/findings/mtt100bb_raw/UTG_BB_J73_rain.json,mtt,,1,1.156,1.156,1.16
CO_BB_K72_rain,vol3-mtt-postflop/findings/mtt100bb_raw/CO_BB_K72_rain.json,mtt,,1,0.336,0.336,0.34
SB_BB_742_rain,vol3-mtt-postflop/findings/mtt100bb_raw/SB_BB_742_rain.json,mtt,,1,0.981,0.981,0.98
CO_BB_742_rain,vol3-mtt-postflop/findings/mtt100bb_raw/CO_BB_742_rain.json,mtt,,1,1.15,1.15,1.15
BTN_BB_742_rain,vol3-mtt-postflop/findings/mtt100bb_raw/BTN_BB_742_rain.json,mtt,,1,1.088,1.088,1.09
HJ_BB_A72_fd,vol3-mtt-postflop/findings/mtt100bb_raw/HJ_BB_A72_fd.json,mtt,,1,0.33,0.33,0.33
SB_BB_Q83_rain,vol3-mtt-postflop/findings/mtt100bb_raw/SB_BB_Q83_rain.json,mtt,,1,0.335,0.335,0.34
BTN_BB_Q83_rain,vol3-mtt-postflop/findings/mtt100bb_raw/BTN_BB_Q83_rain.json,mtt,,1,0.336,0.336,0.34
UTG_BB_T98_rain,vol3-mtt-postflop/findings/mtt100bb_raw/UTG_BB_T98_rain.json,mtt,,1,0.33,0.33,0.33
UTG_BB_KK8_rain,vol3-mtt-postflop/findings/mtt100bb_raw/UTG_BB_KK8_rain.json,mtt,,1,0.33,0.33,0.33
SB_BB_A94_rain,vol3-mtt-postflop/findings/mtt100bb_raw/SB_BB_A94_rain.json,mtt,,1,0.335,0.335,0.34
HJ_BB_A72_rain,vol3-mtt-postflop/findings/mtt100bb_raw/HJ_BB_A72_rain.json,mtt,,1,0.33,0.33,0.33
UTG_BB_765_fd,vol3-mtt-postflop/findings/mtt100bb_raw/UTG_BB_765_fd.json,mtt,,1,0.33,0.33,0.33
UTG_BB_T74_fd,vol3-mtt-postflop/findings/mtt100bb_raw/UTG_BB_T74_fd.json,mtt,,1,1.156,1.156,1.16
UTG_BB_T98_fd,vol3-mtt-postflop/findings/mtt100bb_raw/UTG_BB_T98_fd.json,mtt,,1,0.33,0.33,0.33
BTN_BB_AA7_rain,vol3-mtt-postflop/findings/mtt100bb_raw/BTN_BB_AA7_rain.json,mtt,,1,0.336,0.336,0.34
SB_BB_765_rain,vol3-mtt-postflop/findings/mtt100bb_raw/SB_BB_765_rain.json,mtt,,1,0.981,0.981,0.98
HJ_BB_K72_rain,vol3-mtt-postflop/findings/mtt100bb_raw/HJ_BB_K72_rain.json,mtt,,1,0.33,0.33,0.33
SB_BB_T98_rain,vol3-mtt-postflop/findings/mtt100bb_raw/SB_BB_T98_rain.json,mtt,,1,0.335,0.335,0.34
UTG_BB_KJT_fd,vol3-mtt-postflop/findings/mtt100bb_raw/UTG_BB_KJT_fd.json,mtt,,1,0.33,0.33,0.33
BTN_BB_A94_rain,vol3-mtt-postflop/findings/mtt100bb_raw/BTN_BB_A94_rain.json,mtt,,1,0.336,0.336,0.34
UTG_BB_AA7_rain,vol3-mtt-postflop/findings/mtt100bb_raw/UTG_BB_AA7_rain.json,mtt,,1,0.33,0.33,0.33
CO_BB_Q83_rain,vol3-mtt-postflop/findings/mtt100bb_raw/CO_BB_Q83_rain.json,mtt,,1,0.336,0.336,0.34
HJ_BB_A94_rain,vol3-mtt-postflop/findings/mtt100bb_raw/HJ_BB_A94_rain.json,mtt,,1,0.33,0.33,0.33
SB_BB_KJT_rain,vol3-mtt-postflop/findings/mtt100bb_raw/SB_BB_KJT_rain.json,mtt,,1,0.981,0.981,0.98
UTG_BB_K98_fd,vol3-mtt-postflop/findings/mtt100bb_raw/UTG_BB_K98_fd.json,mtt,,1,1.156,1.156,1.16
BTN_BB_J73_fd,vol3-mtt-postflop/findings/mtt100bb_raw/BTN_BB_J73_fd.json,mtt,,1,1.088,1.088,1.09
UTG_BB_742_fd,vol3-mtt-postflop/findings/mtt100bb_raw/UTG_BB_742_fd.json,mtt,,1,1.156,1.156,1.16
CO_BB_A94_fd,vol3-mtt-postflop/findings/mtt100bb_raw/CO_BB_A94_fd.json,mtt,,1,0.336,0.336,0.34
HJ_BB_765_fd,vol3-mtt-postflop/findings/mtt100bb_raw/HJ_BB_765_fd.json,mtt,,1,0.33,0.33,0.33
CO_BB_K72_fd,vol3-mtt-postflop/findings/mtt100bb_raw/CO_BB_K72_fd.json,mtt,,1,0.336,0.336,0.34
SB_BB_742_fd,vol3-mtt-postflop/findings/mtt100bb_raw/SB_BB_742_fd.json,mtt,,1,0.981,0.981,0.98
BTN_BB_765_fd,vol3-mtt-postflop/findings/mtt100bb_raw/BTN_BB_765_fd.json,mtt,,1,1.088,1.088,1.09
BTN_BB_K72_rain,vol3-mtt-postflop/findings/mtt100bb_raw/BTN_BB_K72_rain.json,mtt,,1,0.336,0.336,0.34
UTG_BB_765_rain,vol3-mtt-postflop/findings/mtt100bb_raw/UTG_BB_765_rain.json,mtt,,1,1.156,1.156,1.16
HJ_BB_K98_fd,vol3-mtt-postflop/findings/mtt100bb_raw/HJ_BB_K98_fd.json,mtt,,1,1.156,1.156,1.16
BTN_BB_A72_rain,vol3-mtt-postflop/findings/mtt100bb_raw/BTN_BB_A72_rain.json,mtt,,1,0.336,0.336,0.34
HJ_BB_J73_fd,vol3-mtt-postflop/findings/mtt100bb_raw/HJ_BB_J73_fd.json,mtt,,1,1.156,1.156,1.16
HJ_BB_Q83_rain,vol3-mtt-postflop/findings/mtt100bb_raw/HJ_BB_Q83_rain.json,mtt,,1,0.33,0.33,0.33
SB_BB_K98_fd,vol3-mtt-postflop/findings/mtt100bb_raw/SB_BB_K98_fd.json,mtt,,1,0.981,0.981,0.98
CO_BB_T74_fd,vol3-mtt-postflop/findings/mtt100bb_raw/CO_BB_T74_fd.json,mtt,,1,1.15,1.15,1.15
UTG_BB_742_rain,vol3-mtt-postflop/findings/mtt100bb_raw/UTG_BB_742_rain.json,mtt,,1,1.156,1.156,1.16
SB_BB_K72_fd,vol3-mtt-postflop/findings/mtt100bb_raw/SB_BB_K72_fd.json,mtt,,1,0.335,0.335,0.34
SB_BB_KK8_rain,vol3-mtt-postflop/findings/mtt100bb_raw/SB_BB_KK8_rain.json,mtt,,1,0.335,0.335,0.34
HJ_BB_KJT_rain,vol3-mtt-postflop/findings/mtt100bb_raw/HJ_BB_KJT_rain.json,mtt,,1,1.156,1.156,1.16
SB_BB_A72_rain,vol3-mtt-postflop/findings/mtt100bb_raw/SB_BB_A72_rain.json,mtt,,1,0.335,0.335,0.34
UTG_BB_Q83_rain,vol3-mtt-postflop/findings/mtt100bb_raw/UTG_BB_Q83_rain.json,mtt,,1,0.33,0.33,0.33
HJ_BB_A94_fd,vol3-mtt-postflop/findings/mtt100bb_raw/HJ_BB_A94_fd.json,mtt,,1,0.33,0.33,0.33
HJ_BB_KJT_fd,vol3-mtt-postflop/findings/mtt100bb_raw/HJ_BB_KJT_fd.json,mtt,,1,1.156,1.156,1.16
CO_BB_J73_fd,vol3-mtt-postflop/findings/mtt100bb_raw/CO_BB_J73_fd.json,mtt,,1,0.336,0.336,0.34
UTG_BB_A72_fd,vol3-mtt-postflop/findings/mtt100bb_raw/UTG_BB_A72_fd.json,mtt,,1,0.33,0.33,0.33
HJ_BB_AA7_rain,vol3-mtt-postflop/findings/mtt100bb_raw/HJ_BB_AA7_rain.json,mtt,,1,0.33,0.33,0.33
UTG_BB_A94_fd,vol3-mtt-postflop/findings/mtt100bb_raw/UTG_BB_A94_fd.json,mtt,,1,0.33,0.33,0.33
SB_BB_J73_fd,vol3-mtt-postflop/findings/mtt100bb_raw/SB_BB_J73_fd.json,mtt,,1,0.981,0.981,0.98
SB_BB_KJT_fd,vol3-mtt-postflop/findings/mtt100bb_raw/SB_BB_KJT_fd.json,mtt,,1,0.981,0.981,0.98
HJ_BB_T98_fd,vol3-mtt-postflop/findings/mtt100bb_raw/HJ_BB_T98_fd.json,mtt,,1,0.33,0.33,0.33
CO_BB_T74_rain,vol3-mtt-postflop/findings/mtt100bb_raw/CO_BB_T74_rain.json,mtt,,1,1.15,1.15,1.15
BTN_BB_A72_fd,vol3-mtt-postflop/findings/mtt100bb_raw/BTN_BB_A72_fd.json,mtt,,1,0.336,0.336,0.34
SB_BB_A72_fd,vol3-mtt-postflop/findings/mtt100bb_raw/SB_BB_A72_fd.json,mtt,,1,0.335,0.335,0.34
CO_BB_KJT_rain,vol3-mtt-postflop/findings/mtt100bb_raw/CO_BB_KJT_rain.json,mtt,,1,1.15,1.15,1.15
HJ_BB_742_fd,vol3-mtt-postflop/findings/mtt100bb_raw/HJ_BB_742_fd.json,mtt,,1,1.156,1.156,1.16
BTN_BB_A94_fd,vol3-mtt-postflop/findings/mtt100bb_raw/BTN_BB_A94_fd.json,mtt,,1,0.336,0.336,0.34
BTN_BB_T74_rain,vol3-mtt-postflop/findings/mtt100bb_raw/BTN_BB_T74_rain.json,mtt,,1,1.088,1.088,1.09
BTN_BB_T74_fd,vol3-mtt-postflop/findings/mtt100bb_raw/BTN_BB_T74_fd.json,mtt,,1,1.088,1.088,1.09
BTN_BB_T98_rain,vol3-mtt-postflop/findings/mtt100bb_raw/BTN_BB_T98_rain.json,mtt,,1,1.088,1.088,1.09
HJ_BB_T74_rain,vol3-mtt-postflop/findings/mtt100bb_raw/HJ_BB_T74_rain.json,mtt,,1,1.156,1.156,1.16
CO_BB_J73_rain,vol3-mtt-postflop/findings/mtt100bb_raw/CO_BB_J73_rain.json,mtt,,1,1.15,1.15,1.15
UTG_BB_A72_rain,vol3-mtt-postflop/findings/mtt100bb_raw/UTG_BB_A72_rain.json,mtt,,1,0.33,0.33,0.33
CO_BB_T98_rain,vol3-mtt-postflop/findings/mtt100bb_raw/CO_BB_T98_rain.json,mtt,,1,1.15,1.15,1.15
SB_BB_AA7_rain,vol3-mtt-postflop/findings/mtt100bb_raw/SB_BB_AA7_rain.json,mtt,,1,0.335,0.335,0.34
CO_BB_K98_rain,vol3-mtt-postflop/findings/mtt100bb_raw/CO_BB_K98_rain.json,mtt,,1,1.15,1.15,1.15
CO_BB_765_rain,vol3-mtt-postflop/findings/mtt100bb_raw/CO_BB_765_rain.json,mtt,,1,0.336,0.336,0.34
SB_BB_T98_fd,vol3-mtt-postflop/findings/mtt100bb_raw/SB_BB_T98_fd.json,mtt,,1,0.335,0.335,0.34
BTN_BB_K72_fd,vol3-mtt-postflop/findings/mtt100bb_raw/BTN_BB_K72_fd.json,mtt,,1,0.336,0.336,0.34
CO_BB_742_fd,vol3-mtt-postflop/findings/mtt100bb_raw/CO_BB_742_fd.json,mtt,,1,1.15,1.15,1.15
BTN_BB_K98_fd,vol3-mtt-postflop/findings/mtt100bb_raw/BTN_BB_K98_fd.json,mtt,,1,1.088,1.088,1.09
CO_BB_KJT_fd,vol3-mtt-postflop/findings/mtt100bb_raw/CO_BB_KJT_fd.json,mtt,,1,1.15,1.15,1.15
CO_BB_A94_rain,vol3-mtt-postflop/findings/mtt100bb_raw/CO_BB_A94_rain.json,mtt,,1,0.336,0.336,0.34
UTG_BB_Q83_fd,vol3-mtt-postflop/findings/mtt100bb_raw/UTG_BB_Q83_fd.json,mtt,,1,0.33,0.33,0.33
BTN_BB_742_fd,vol3-mtt-postflop/findings/mtt100bb_raw/BTN_BB_742_fd.json,mtt,,1,1.088,1.088,1.09
SB_BB_765_fd,vol3-mtt-postflop/findings/mtt100bb_raw/SB_BB_765_fd.json,mtt,,1,0.981,0.981,0.98
HJ_BB_765_rain,vol3-mtt-postflop/findings/mtt100bb_raw/HJ_BB_765_rain.json,mtt,,1,1.156,1.156,1.16
SB_BB_A94_fd,vol3-mtt-postflop/findings/mtt100bb_raw/SB_BB_A94_fd.json,mtt,,1,0.335,0.335,0.34
CO_BB_A72_rain,vol3-mtt-postflop/findings/mtt100bb_raw/CO_BB_A72_rain.json,mtt,,1,0.336,0.336,0.34
CO_BB_KK8_rain,vol3-mtt-postflop/findings/mtt100bb_raw/CO_BB_KK8_rain.json,mtt,,1,0.336,0.336,0.34
UTG_BB_T74_rain,vol3-mtt-postflop/findings/mtt100bb_raw/UTG_BB_T74_rain.json,mtt,,1,1.156,1.156,1.16
HJ_BB_742_rain,vol3-mtt-postflop/findings/mtt100bb_raw/HJ_BB_742_rain.json,mtt,,1,1.156,1.156,1.16
BTN_BB_T98_fd,vol3-mtt-postflop/findings/mtt100bb_raw/BTN_BB_T98_fd.json,mtt,,1,0.336,0.336,0.34
CO_BB_Q83_fd,vol3-mtt-postflop/findings/mtt100bb_raw/CO_BB_Q83_fd.json,mtt,,1,0.336,0.336,0.34
BTN_BB_765_rain,vol3-mtt-postflop/findings/mtt100bb_raw/BTN_BB_765_rain.json,mtt,,1,1.088,1.088,1.09
HJ_BB_J73_rain,vol3-mtt-postflop/findings/mtt100bb_raw/HJ_BB_J73_rain.json,mtt,,1,1.156,1.156,1.16
SB_BB_T74_fd,vol3-mtt-postflop/findings/mtt100bb_raw/SB_BB_T74_fd.json,mtt,,1,0.981,0.981,0.98
UTG_BB_KJT_rain,vol3-mtt-postflop/findings/mtt100bb_raw/UTG_BB_KJT_rain.json,mtt,,1,0.33,0.33,0.33
UTG_BB_J73_fd,vol3-mtt-postflop/findings/mtt100bb_raw/UTG_BB_J73_fd.json,mtt,,1,1.156,1.156,1.16
SB_BB_Q83_fd,vol3-mtt-postflop/findings/mtt100bb_raw/SB_BB_Q83_fd.json,mtt,,1,0.335,0.335,0.34
BTN_BB_Q83_fd,vol3-mtt-postflop/findings/mtt100bb_raw/BTN_BB_Q83_fd.json,mtt,,1,0.336,0.336,0.34
SB_BB_K72_rain,vol3-mtt-postflop/findings/mtt100bb_raw/SB_BB_K72_rain.json,mtt,,1,0.335,0.335,0.34
HJ_BB_T98_rain,vol3-mtt-postflop/findings/mtt100bb_raw/HJ_BB_T98_rain.json,mtt,,1,0.33,0.33,0.33
CO_BB_A72_fd,vol3-mtt-postflop/findings/mtt100bb_raw/CO_BB_A72_fd.json,mtt,,1,0.336,0.336,0.34
BTN_BB_KK8_rain,vol3-mtt-postflop/findings/mtt100bb_raw/BTN_BB_KK8_rain.json,mtt,,1,0.336,0.336,0.34
SB_BB_J73_rain,vol3-mtt-postflop/findings/mtt100bb_raw/SB_BB_J73_rain.json,mtt,,1,0.335,0.335,0.34
UTG_BB_K72_rain,vol3-mtt-postflop/findings/mtt100bb_raw/UTG_BB_K72_rain.json,mtt,,1,0.33,0.33,0.33
BTN_BB_KJT_rain,vol3-mtt-postflop/findings/mtt100bb_raw/BTN_BB_KJT_rain.json,mtt,,1,1.088,1.088,1.09
UTG_BB_K98_rain,vol3-mtt-postflop/findings/mtt100bb_raw/UTG_BB_K98_rain.json,mtt,,1,1.156,1.156,1.16
CO_BB_T98_fd,vol3-mtt-postflop/findings/mtt100bb_raw/CO_BB_T98_fd.json,mtt,,1,0.336,0.336,0.34
HJ_BB_K72_fd,vol3-mtt-postflop/findings/mtt100bb_raw/HJ_BB_K72_fd.json,mtt,,1,0.33,0.33,0.33
SB_BB_T74_rain,vol3-mtt-postflop/findings/mtt100bb_raw/SB_BB_T74_rain.json,mtt,,1,0.981,0.981,0.98
BTN_BB_J73_rain,vol3-mtt-postflop/findings/mtt100bb_raw/BTN_BB_J73_rain.json,mtt,,1,1.088,1.088,1.09
SB_BB_K98_rain,vol3-mtt-postflop/findings/mtt100bb_raw/SB_BB_K98_rain.json,mtt,,1,0.981,0.981,0.98
CO_BB_AA7_rain,vol3-mtt-postflop/findings/mtt100bb_raw/CO_BB_AA7_rain.json,mtt,,1,0.336,0.336,0.34
UTG_BB_A94_rain,vol3-mtt-postflop/findings/mtt100bb_raw/UTG_BB_A94_rain.json,mtt,,1,0.33,0.33,0.33
BTN_BB_K98_rain,vol3-mtt-postflop/findings/mtt100bb_raw/BTN_BB_K98_rain.json,mtt,,1,1.088,1.088,1.09
HJ_BB_Q83_fd,vol3-mtt-postflop/findings/mtt100bb_raw/HJ_BB_Q83_fd.json,mtt,,1,0.33,0.33,0.33
HJ_BB_KK8_rain,vol3-mtt-postflop/findings/mtt100bb_raw/HJ_BB_KK8_rain.json,mtt,,1,0.33,0.33,0.33
BTN_BB_K72_rain,vol3-mtt-postflop/findings/cash50bb_raw/BTN_BB_K72_rain.json,mtt,,1,0.327,0.327,0.33
K72r_7,vol3-mtt-postflop/findings/turn_cash100_btn_raw/K72r_7.json,mtt,,1,0.198,0.198,0.20
Q83_8,vol3-mtt-postflop/findings/turn_cash100_btn_raw/Q83_8.json,mtt,,1,1.846,1.846,1.85
K98r_7,vol3-mtt-postflop/findings/turn_cash100_btn_raw/K98r_7.json,mtt,,1,1.846,1.846,1.85
K98r_2,vol3-mtt-postflop/findings/turn_cash100_btn_raw/K98r_2.json,mtt,,1,1.846,1.846,1.85
Q83_2,vol3-mtt-postflop/findings/turn_cash100_btn_raw/Q83_2.json,mtt,,1,1.846,1.846,1.85
K98r_T,vol3-mtt-postflop/findings/turn_cash100_btn_raw/K98r_T.json,mtt,,1,1.846,1.846,1.85
KJT_Q,vol3-mtt-postflop/findings/turn_cash100_btn_raw/KJT_Q.json,mtt,,1,1.846,1.846,1.85
KJT_2,vol3-mtt-postflop/findings/turn_cash100_btn_raw/KJT_2.json,mtt,,1,1.846,1.846,1.85
KJT_9,vol3-mtt-postflop/findings/turn_cash100_btn_raw/KJT_9.json,mtt,,1,1.846,1.846,1.85
T98r_2,vol3-mtt-postflop/findings/turn_cash100_btn_raw/T98r_2.json,mtt,,1,1.846,1.846,1.85
T98r_7,vol3-mtt-postflop/findings/turn_cash100_btn_raw/T98r_7.json,mtt,,1,1.846,1.846,1.85
Q83_A,vol3-mtt-postflop/findings/turn_cash100_btn_raw/Q83_A.json,mtt,,1,1.846,1.846,1.85
T98r_T,vol3-mtt-postflop/findings/turn_cash100_btn_raw/T98r_T.json,mtt,,1,1.846,1.846,1.85
AA7_7,vol3-mtt-postflop/findings/turn_cash100_btn_raw/AA7_7.json,mtt,,1,0.198,0.198,0.20
K72r_K,vol3-mtt-postflop/findings/turn_cash100_btn_raw/K72r_K.json,mtt,,1,1.846,1.846,1.85
T98r_J,vol3-mtt-postflop/findings/turn_cash100_btn_raw/T98r_J.json,mtt,,1,1.846,1.846,1.85
AA7_2,vol3-mtt-postflop/findings/turn_cash100_btn_raw/AA7_2.json,mtt,,1,1.846,1.846,1.85
K72r_2,vol3-mtt-postflop/findings/turn_cash100_btn_raw/K72r_2.json,mtt,,1,1.846,1.846,1.85
KJT_K,vol3-mtt-postflop/findings/turn_cash100_btn_raw/KJT_K.json,mtt,,1,1.846,1.846,1.85
Q83_K,vol3-mtt-postflop/findings/turn_cash100_btn_raw/Q83_K.json,mtt,,1,1.846,1.846,1.85
K98r_K,vol3-mtt-postflop/findings/turn_cash100_btn_raw/K98r_K.json,mtt,,1,1.846,1.846,1.85
K72r_A,vol3-mtt-postflop/findings/turn_cash100_btn_raw/K72r_A.json,mtt,,1,1.846,1.846,1.85
T98r_A,vol3-mtt-postflop/findings/turn_cash100_btn_raw/T98r_A.json,mtt,,1,1.846,1.846,1.85
K98r_A,vol3-mtt-postflop/findings/turn_cash100_btn_raw/K98r_A.json,mtt,,1,1.846,1.846,1.85
AA7_5,vol3-mtt-postflop/findings/turn_cash100_btn_raw/AA7_5.json,mtt,,1,1.846,1.846,1.85
AA7_A,vol3-mtt-postflop/findings/turn_cash100_btn_raw/AA7_A.json,mtt,,1,0.198,0.198,0.20
Q83_Q,vol3-mtt-postflop/findings/turn_cash100_btn_raw/Q83_Q.json,mtt,,1,1.846,1.846,1.85
AA7_K,vol3-mtt-postflop/findings/turn_cash100_btn_raw/AA7_K.json,mtt,,1,1.846,1.846,1.85
K72r_8,vol3-mtt-postflop/findings/turn_cash100_btn_raw/K72r_8.json,mtt,,1,1.846,1.846,1.85
KJT_A,vol3-mtt-postflop/findings/turn_cash100_btn_raw/KJT_A.json,mtt,,1,1.846,1.846,1.85
K72r_7,vol3-mtt-postflop/findings/turn_mtt25_btn_raw/K72r_7.json,mtt,,1,2.85,2.85,2.85
Q83_8,vol3-mtt-postflop/findings/turn_mtt25_btn_raw/Q83_8.json,mtt,,1,2.85,2.85,2.85
K98r_7,vol3-mtt-postflop/findings/turn_mtt25_btn_raw/K98r_7.json,mtt,,1,2.85,2.85,2.85
K98r_2,vol3-mtt-postflop/findings/turn_mtt25_btn_raw/K98r_2.json,mtt,,1,0.797,0.797,0.80
Q83_2,vol3-mtt-postflop/findings/turn_mtt25_btn_raw/Q83_2.json,mtt,,1,0.797,0.797,0.80
K98r_T,vol3-mtt-postflop/findings/turn_mtt25_btn_raw/K98r_T.json,mtt,,1,2.85,2.85,2.85
KJT_Q,vol3-mtt-postflop/findings/turn_mtt25_btn_raw/KJT_Q.json,mtt,,1,0.797,0.797,0.80
KJT_2,vol3-mtt-postflop/findings/turn_mtt25_btn_raw/KJT_2.json,mtt,,1,2.85,2.85,2.85
KJT_9,vol3-mtt-postflop/findings/turn_mtt25_btn_raw/KJT_9.json,mtt,,1,2.85,2.85,2.85
T98r_2,vol3-mtt-postflop/findings/turn_mtt25_btn_raw/T98r_2.json,mtt,,1,1.738,1.738,1.74
T98r_7,vol3-mtt-postflop/findings/turn_mtt25_btn_raw/T98r_7.json,mtt,,1,0.559,0.559,0.56
Q83_A,vol3-mtt-postflop/findings/turn_mtt25_btn_raw/Q83_A.json,mtt,,1,2.85,2.85,2.85
T98r_T,vol3-mtt-postflop/findings/turn_mtt25_btn_raw/T98r_T.json,mtt,,1,1.738,1.738,1.74
AA7_7,vol3-mtt-postflop/findings/turn_mtt25_btn_raw/AA7_7.json,mtt,,1,0.797,0.797,0.80
K72r_K,vol3-mtt-postflop/findings/turn_mtt25_btn_raw/K72r_K.json,mtt,,1,2.85,2.85,2.85
T98r_J,vol3-mtt-postflop/findings/turn_mtt25_btn_raw/T98r_J.json,mtt,,1,1.738,1.738,1.74
AA7_2,vol3-mtt-postflop/findings/turn_mtt25_btn_raw/AA7_2.json,mtt,,1,0.797,0.797,0.80
K72r_2,vol3-mtt-postflop/findings/turn_mtt25_btn_raw/K72r_2.json,mtt,,1,0.797,0.797,0.80
KJT_K,vol3-mtt-postflop/findings/turn_mtt25_btn_raw/KJT_K.json,mtt,,1,2.85,2.85,2.85
Q83_K,vol3-mtt-postflop/findings/turn_mtt25_btn_raw/Q83_K.json,mtt,,1,0.797,0.797,0.80
K98r_K,vol3-mtt-postflop/findings/turn_mtt25_btn_raw/K98r_K.json,mtt,,1,0.797,0.797,0.80
K72r_A,vol3-mtt-postflop/findings/turn_mtt25_btn_raw/K72r_A.json,mtt,,1,2.85,2.85,2.85
T98r_A,vol3-mtt-postflop/findings/turn_mtt25_btn_raw/T98r_A.json,mtt,,1,1.738,1.738,1.74
K98r_A,vol3-mtt-postflop/findings/turn_mtt25_btn_raw/K98r_A.json,mtt,,1,2.85,2.85,2.85
AA7_5,vol3-mtt-postflop/findings/turn_mtt25_btn_raw/AA7_5.json,mtt,,1,2.85,2.85,2.85
AA7_A,vol3-mtt-postflop/findings/turn_mtt25_btn_raw/AA7_A.json,mtt,,1,0.797,0.797,0.80
Q83_Q,vol3-mtt-postflop/findings/turn_mtt25_btn_raw/Q83_Q.json,mtt,,1,0.797,0.797,0.80
AA7_K,vol3-mtt-postflop/findings/turn_mtt25_btn_raw/AA7_K.json,mtt,,1,0.797,0.797,0.80
K72r_8,vol3-mtt-postflop/findings/turn_mtt25_btn_raw/K72r_8.json,mtt,,1,2.85,2.85,2.85
KJT_A,vol3-mtt-postflop/findings/turn_mtt25_btn_raw/KJT_A.json,mtt,,1,0.797,0.797,0.80
BTN_BB_KJT_fd,vol3-mtt-postflop/findings/3bp50_raw/BTN_BB_KJT_fd.json,mtt,,1,0.203,0.203,0.20
BTN_BB_742_rain,vol3-mtt-postflop/findings/3bp50_raw/BTN_BB_742_rain.json,mtt,,1,0.203,0.203,0.20
BTN_BB_Q83_rain,vol3-mtt-postflop/findings/3bp50_raw/BTN_BB_Q83_rain.json,mtt,,1,0.203,0.203,0.20
BTN_BB_AA7_rain,vol3-mtt-postflop/findings/3bp50_raw/BTN_BB_AA7_rain.json,mtt,,1,0.203,0.203,0.20
BTN_BB_A94_rain,vol3-mtt-postflop/findings/3bp50_raw/BTN_BB_A94_rain.json,mtt,,1,0.203,0.203,0.20
BTN_BB_J73_fd,vol3-mtt-postflop/findings/3bp50_raw/BTN_BB_J73_fd.json,mtt,,1,0.203,0.203,0.20
BTN_BB_765_fd,vol3-mtt-postflop/findings/3bp50_raw/BTN_BB_765_fd.json,mtt,,1,0.203,0.203,0.20
BTN_BB_K72_rain,vol3-mtt-postflop/findings/3bp50_raw/BTN_BB_K72_rain.json,mtt,,1,0.203,0.203,0.20
BTN_BB_A72_rain,vol3-mtt-postflop/findings/3bp50_raw/BTN_BB_A72_rain.json,mtt,,1,0.203,0.203,0.20
BTN_BB_A72_fd,vol3-mtt-postflop/findings/3bp50_raw/BTN_BB_A72_fd.json,mtt,,1,0.203,0.203,0.20
BTN_BB_A94_fd,vol3-mtt-postflop/findings/3bp50_raw/BTN_BB_A94_fd.json,mtt,,1,0.203,0.203,0.20
BTN_BB_T74_rain,vol3-mtt-postflop/findings/3bp50_raw/BTN_BB_T74_rain.json,mtt,,1,0.203,0.203,0.20
BTN_BB_T74_fd,vol3-mtt-postflop/findings/3bp50_raw/BTN_BB_T74_fd.json,mtt,,1,0.203,0.203,0.20
BTN_BB_T98_rain,vol3-mtt-postflop/findings/3bp50_raw/BTN_BB_T98_rain.json,mtt,,1,0.203,0.203,0.20
BTN_BB_K72_fd,vol3-mtt-postflop/findings/3bp50_raw/BTN_BB_K72_fd.json,mtt,,1,0.203,0.203,0.20
BTN_BB_K98_fd,vol3-mtt-postflop/findings/3bp50_raw/BTN_BB_K98_fd.json,mtt,,1,0.203,0.203,0.20
BTN_BB_742_fd,vol3-mtt-postflop/findings/3bp50_raw/BTN_BB_742_fd.json,mtt,,1,0.203,0.203,0.20
BTN_BB_T98_fd,vol3-mtt-postflop/findings/3bp50_raw/BTN_BB_T98_fd.json,mtt,,1,0.203,0.203,0.20
BTN_BB_765_rain,vol3-mtt-postflop/findings/3bp50_raw/BTN_BB_765_rain.json,mtt,,1,0.203,0.203,0.20
BTN_BB_Q83_fd,vol3-mtt-postflop/findings/3bp50_raw/BTN_BB_Q83_fd.json,mtt,,1,0.203,0.203,0.20
BTN_BB_KK8_rain,vol3-mtt-postflop/findings/3bp50_raw/BTN_BB_KK8_rain.json,mtt,,1,0.203,0.203,0.20
BTN_BB_KJT_rain,vol3-mtt-postflop/findings/3bp50_raw/BTN_BB_KJT_rain.json,mtt,,1,0.203,0.203,0.20
BTN_BB_J73_rain,vol3-mtt-postflop/findings/3bp50_raw/BTN_BB_J73_rain.json,mtt,,1,0.203,0.203,0.20
BTN_BB_K98_rain,vol3-mtt-postflop/findings/3bp50_raw/BTN_BB_K98_rain.json,mtt,,1,0.203,0.203,0.20
CO_BB_K98_fd,vol3-mtt-postflop/findings/mtt200bb_raw/CO_BB_K98_fd.json,mtt,,1,0.336,0.336,0.34
BTN_BB_KJT_fd,vol3-mtt-postflop/findings/mtt200bb_raw/BTN_BB_KJT_fd.json,mtt,,1,1.504,1.504,1.50
HJ_BB_K98_rain,vol3-mtt-postflop/findings/mtt200bb_raw/HJ_BB_K98_rain.json,mtt,,1,0.336,0.336,0.34
CO_BB_765_fd,vol3-mtt-postflop/findings/mtt200bb_raw/CO_BB_765_fd.json,mtt,,1,0.336,0.336,0.34
HJ_BB_T74_fd,vol3-mtt-postflop/findings/mtt200bb_raw/HJ_BB_T74_fd.json,mtt,,1,0.336,0.336,0.34
UTG_BB_K72_fd,vol3-mtt-postflop/findings/mtt200bb_raw/UTG_BB_K72_fd.json,mtt,,1,0.336,0.336,0.34
UTG_BB_J73_rain,vol3-mtt-postflop/findings/mtt200bb_raw/UTG_BB_J73_rain.json,mtt,,1,0.336,0.336,0.34
CO_BB_K72_rain,vol3-mtt-postflop/findings/mtt200bb_raw/CO_BB_K72_rain.json,mtt,,1,0.336,0.336,0.34
SB_BB_742_rain,vol3-mtt-postflop/findings/mtt200bb_raw/SB_BB_742_rain.json,mtt,,1,0.335,0.335,0.34
CO_BB_742_rain,vol3-mtt-postflop/findings/mtt200bb_raw/CO_BB_742_rain.json,mtt,,1,0.336,0.336,0.34
BTN_BB_742_rain,vol3-mtt-postflop/findings/mtt200bb_raw/BTN_BB_742_rain.json,mtt,,1,0.336,0.336,0.34
HJ_BB_A72_fd,vol3-mtt-postflop/findings/mtt200bb_raw/HJ_BB_A72_fd.json,mtt,,1,0.336,0.336,0.34
SB_BB_Q83_rain,vol3-mtt-postflop/findings/mtt200bb_raw/SB_BB_Q83_rain.json,mtt,,1,1.368,1.368,1.37
BTN_BB_Q83_rain,vol3-mtt-postflop/findings/mtt200bb_raw/BTN_BB_Q83_rain.json,mtt,,1,0.336,0.336,0.34
UTG_BB_T98_rain,vol3-mtt-postflop/findings/mtt200bb_raw/UTG_BB_T98_rain.json,mtt,,1,0.336,0.336,0.34
UTG_BB_KK8_rain,vol3-mtt-postflop/findings/mtt200bb_raw/UTG_BB_KK8_rain.json,mtt,,1,0.336,0.336,0.34
SB_BB_A94_rain,vol3-mtt-postflop/findings/mtt200bb_raw/SB_BB_A94_rain.json,mtt,,1,1.368,1.368,1.37
HJ_BB_A72_rain,vol3-mtt-postflop/findings/mtt200bb_raw/HJ_BB_A72_rain.json,mtt,,1,0.336,0.336,0.34
UTG_BB_765_fd,vol3-mtt-postflop/findings/mtt200bb_raw/UTG_BB_765_fd.json,mtt,,1,0.336,0.336,0.34
UTG_BB_T74_fd,vol3-mtt-postflop/findings/mtt200bb_raw/UTG_BB_T74_fd.json,mtt,,1,0.336,0.336,0.34
UTG_BB_T98_fd,vol3-mtt-postflop/findings/mtt200bb_raw/UTG_BB_T98_fd.json,mtt,,1,0.336,0.336,0.34
BTN_BB_AA7_rain,vol3-mtt-postflop/findings/mtt200bb_raw/BTN_BB_AA7_rain.json,mtt,,1,0.336,0.336,0.34
SB_BB_765_rain,vol3-mtt-postflop/findings/mtt200bb_raw/SB_BB_765_rain.json,mtt,,1,1.368,1.368,1.37
HJ_BB_K72_rain,vol3-mtt-postflop/findings/mtt200bb_raw/HJ_BB_K72_rain.json,mtt,,1,0.336,0.336,0.34
SB_BB_T98_rain,vol3-mtt-postflop/findings/mtt200bb_raw/SB_BB_T98_rain.json,mtt,,1,1.368,1.368,1.37
UTG_BB_KJT_fd,vol3-mtt-postflop/findings/mtt200bb_raw/UTG_BB_KJT_fd.json,mtt,,1,1.504,1.504,1.50
BTN_BB_A94_rain,vol3-mtt-postflop/findings/mtt200bb_raw/BTN_BB_A94_rain.json,mtt,,1,0.336,0.336,0.34
UTG_BB_AA7_rain,vol3-mtt-postflop/findings/mtt200bb_raw/UTG_BB_AA7_rain.json,mtt,,1,0.336,0.336,0.34
CO_BB_Q83_rain,vol3-mtt-postflop/findings/mtt200bb_raw/CO_BB_Q83_rain.json,mtt,,1,0.336,0.336,0.34
HJ_BB_A94_rain,vol3-mtt-postflop/findings/mtt200bb_raw/HJ_BB_A94_rain.json,mtt,,1,0.336,0.336,0.34
SB_BB_KJT_rain,vol3-mtt-postflop/findings/mtt200bb_raw/SB_BB_KJT_rain.json,mtt,,1,1.368,1.368,1.37
UTG_BB_K98_fd,vol3-mtt-postflop/findings/mtt200bb_raw/UTG_BB_K98_fd.json,mtt,,1,0.336,0.336,0.34
BTN_BB_J73_fd,vol3-mtt-postflop/findings/mtt200bb_raw/BTN_BB_J73_fd.json,mtt,,1,0.336,0.336,0.34
UTG_BB_742_fd,vol3-mtt-postflop/findings/mtt200bb_raw/UTG_BB_742_fd.json,mtt,,1,0.336,0.336,0.34
CO_BB_A94_fd,vol3-mtt-postflop/findings/mtt200bb_raw/CO_BB_A94_fd.json,mtt,,1,0.336,0.336,0.34
HJ_BB_765_fd,vol3-mtt-postflop/findings/mtt200bb_raw/HJ_BB_765_fd.json,mtt,,1,0.336,0.336,0.34
CO_BB_K72_fd,vol3-mtt-postflop/findings/mtt200bb_raw/CO_BB_K72_fd.json,mtt,,1,0.336,0.336,0.34
SB_BB_742_fd,vol3-mtt-postflop/findings/mtt200bb_raw/SB_BB_742_fd.json,mtt,,1,0.335,0.335,0.34
BTN_BB_765_fd,vol3-mtt-postflop/findings/mtt200bb_raw/BTN_BB_765_fd.json,mtt,,1,0.336,0.336,0.34
BTN_BB_K72_rain,vol3-mtt-postflop/findings/mtt200bb_raw/BTN_BB_K72_rain.json,mtt,,1,0.336,0.336,0.34
UTG_BB_765_rain,vol3-mtt-postflop/findings/mtt200bb_raw/UTG_BB_765_rain.json,mtt,,1,1.504,1.504,1.50
HJ_BB_K98_fd,vol3-mtt-postflop/findings/mtt200bb_raw/HJ_BB_K98_fd.json,mtt,,1,0.336,0.336,0.34
BTN_BB_A72_rain,vol3-mtt-postflop/findings/mtt200bb_raw/BTN_BB_A72_rain.json,mtt,,1,0.336,0.336,0.34
HJ_BB_J73_fd,vol3-mtt-postflop/findings/mtt200bb_raw/HJ_BB_J73_fd.json,mtt,,1,0.336,0.336,0.34
HJ_BB_Q83_rain,vol3-mtt-postflop/findings/mtt200bb_raw/HJ_BB_Q83_rain.json,mtt,,1,0.336,0.336,0.34
SB_BB_K98_fd,vol3-mtt-postflop/findings/mtt200bb_raw/SB_BB_K98_fd.json,mtt,,1,1.368,1.368,1.37
CO_BB_T74_fd,vol3-mtt-postflop/findings/mtt200bb_raw/CO_BB_T74_fd.json,mtt,,1,0.336,0.336,0.34
UTG_BB_742_rain,vol3-mtt-postflop/findings/mtt200bb_raw/UTG_BB_742_rain.json,mtt,,1,0.336,0.336,0.34
SB_BB_K72_fd,vol3-mtt-postflop/findings/mtt200bb_raw/SB_BB_K72_fd.json,mtt,,1,1.368,1.368,1.37
SB_BB_KK8_rain,vol3-mtt-postflop/findings/mtt200bb_raw/SB_BB_KK8_rain.json,mtt,,1,0.335,0.335,0.34
HJ_BB_KJT_rain,vol3-mtt-postflop/findings/mtt200bb_raw/HJ_BB_KJT_rain.json,mtt,,1,1.504,1.504,1.50
SB_BB_A72_rain,vol3-mtt-postflop/findings/mtt200bb_raw/SB_BB_A72_rain.json,mtt,,1,1.368,1.368,1.37
UTG_BB_Q83_rain,vol3-mtt-postflop/findings/mtt200bb_raw/UTG_BB_Q83_rain.json,mtt,,1,0.336,0.336,0.34
HJ_BB_A94_fd,vol3-mtt-postflop/findings/mtt200bb_raw/HJ_BB_A94_fd.json,mtt,,1,0.336,0.336,0.34
HJ_BB_KJT_fd,vol3-mtt-postflop/findings/mtt200bb_raw/HJ_BB_KJT_fd.json,mtt,,1,1.504,1.504,1.50
CO_BB_J73_fd,vol3-mtt-postflop/findings/mtt200bb_raw/CO_BB_J73_fd.json,mtt,,1,0.336,0.336,0.34
UTG_BB_A72_fd,vol3-mtt-postflop/findings/mtt200bb_raw/UTG_BB_A72_fd.json,mtt,,1,0.336,0.336,0.34
HJ_BB_AA7_rain,vol3-mtt-postflop/findings/mtt200bb_raw/HJ_BB_AA7_rain.json,mtt,,1,0.336,0.336,0.34
UTG_BB_A94_fd,vol3-mtt-postflop/findings/mtt200bb_raw/UTG_BB_A94_fd.json,mtt,,1,0.336,0.336,0.34
SB_BB_J73_fd,vol3-mtt-postflop/findings/mtt200bb_raw/SB_BB_J73_fd.json,mtt,,1,1.368,1.368,1.37
SB_BB_KJT_fd,vol3-mtt-postflop/findings/mtt200bb_raw/SB_BB_KJT_fd.json,mtt,,1,1.368,1.368,1.37
HJ_BB_T98_fd,vol3-mtt-postflop/findings/mtt200bb_raw/HJ_BB_T98_fd.json,mtt,,1,0.336,0.336,0.34
CO_BB_T74_rain,vol3-mtt-postflop/findings/mtt200bb_raw/CO_BB_T74_rain.json,mtt,,1,1.504,1.504,1.50
BTN_BB_A72_fd,vol3-mtt-postflop/findings/mtt200bb_raw/BTN_BB_A72_fd.json,mtt,,1,0.336,0.336,0.34
SB_BB_A72_fd,vol3-mtt-postflop/findings/mtt200bb_raw/SB_BB_A72_fd.json,mtt,,1,1.368,1.368,1.37
CO_BB_KJT_rain,vol3-mtt-postflop/findings/mtt200bb_raw/CO_BB_KJT_rain.json,mtt,,1,1.504,1.504,1.50
HJ_BB_742_fd,vol3-mtt-postflop/findings/mtt200bb_raw/HJ_BB_742_fd.json,mtt,,1,0.336,0.336,0.34
BTN_BB_A94_fd,vol3-mtt-postflop/findings/mtt200bb_raw/BTN_BB_A94_fd.json,mtt,,1,0.336,0.336,0.34
BTN_BB_T74_rain,vol3-mtt-postflop/findings/mtt200bb_raw/BTN_BB_T74_rain.json,mtt,,1,1.504,1.504,1.50
BTN_BB_T74_fd,vol3-mtt-postflop/findings/mtt200bb_raw/BTN_BB_T74_fd.json,mtt,,1,0.336,0.336,0.34
BTN_BB_T98_rain,vol3-mtt-postflop/findings/mtt200bb_raw/BTN_BB_T98_rain.json,mtt,,1,0.336,0.336,0.34
HJ_BB_T74_rain,vol3-mtt-postflop/findings/mtt200bb_raw/HJ_BB_T74_rain.json,mtt,,1,1.504,1.504,1.50
CO_BB_J73_rain,vol3-mtt-postflop/findings/mtt200bb_raw/CO_BB_J73_rain.json,mtt,,1,0.336,0.336,0.34
UTG_BB_A72_rain,vol3-mtt-postflop/findings/mtt200bb_raw/UTG_BB_A72_rain.json,mtt,,1,0.336,0.336,0.34
CO_BB_T98_rain,vol3-mtt-postflop/findings/mtt200bb_raw/CO_BB_T98_rain.json,mtt,,1,0.336,0.336,0.34
SB_BB_AA7_rain,vol3-mtt-postflop/findings/mtt200bb_raw/SB_BB_AA7_rain.json,mtt,,1,0.335,0.335,0.34
CO_BB_K98_rain,vol3-mtt-postflop/findings/mtt200bb_raw/CO_BB_K98_rain.json,mtt,,1,0.336,0.336,0.34
CO_BB_765_rain,vol3-mtt-postflop/findings/mtt200bb_raw/CO_BB_765_rain.json,mtt,,1,1.504,1.504,1.50
SB_BB_T98_fd,vol3-mtt-postflop/findings/mtt200bb_raw/SB_BB_T98_fd.json,mtt,,1,0.335,0.335,0.34
BTN_BB_K72_fd,vol3-mtt-postflop/findings/mtt200bb_raw/BTN_BB_K72_fd.json,mtt,,1,0.336,0.336,0.34
CO_BB_742_fd,vol3-mtt-postflop/findings/mtt200bb_raw/CO_BB_742_fd.json,mtt,,1,0.336,0.336,0.34
BTN_BB_K98_fd,vol3-mtt-postflop/findings/mtt200bb_raw/BTN_BB_K98_fd.json,mtt,,1,0.336,0.336,0.34
CO_BB_KJT_fd,vol3-mtt-postflop/findings/mtt200bb_raw/CO_BB_KJT_fd.json,mtt,,1,1.504,1.504,1.50
CO_BB_A94_rain,vol3-mtt-postflop/findings/mtt200bb_raw/CO_BB_A94_rain.json,mtt,,1,0.336,0.336,0.34
UTG_BB_Q83_fd,vol3-mtt-postflop/findings/mtt200bb_raw/UTG_BB_Q83_fd.json,mtt,,1,0.336,0.336,0.34
BTN_BB_742_fd,vol3-mtt-postflop/findings/mtt200bb_raw/BTN_BB_742_fd.json,mtt,,1,0.336,0.336,0.34
SB_BB_765_fd,vol3-mtt-postflop/findings/mtt200bb_raw/SB_BB_765_fd.json,mtt,,1,0.335,0.335,0.34
HJ_BB_765_rain,vol3-mtt-postflop/findings/mtt200bb_raw/HJ_BB_765_rain.json,mtt,,1,1.504,1.504,1.50
SB_BB_A94_fd,vol3-mtt-postflop/findings/mtt200bb_raw/SB_BB_A94_fd.json,mtt,,1,1.368,1.368,1.37
CO_BB_A72_rain,vol3-mtt-postflop/findings/mtt200bb_raw/CO_BB_A72_rain.json,mtt,,1,0.336,0.336,0.34
CO_BB_KK8_rain,vol3-mtt-postflop/findings/mtt200bb_raw/CO_BB_KK8_rain.json,mtt,,1,0.336,0.336,0.34
UTG_BB_T74_rain,vol3-mtt-postflop/findings/mtt200bb_raw/UTG_BB_T74_rain.json,mtt,,1,1.504,1.504,1.50
HJ_BB_742_rain,vol3-mtt-postflop/findings/mtt200bb_raw/HJ_BB_742_rain.json,mtt,,1,0.336,0.336,0.34
BTN_BB_T98_fd,vol3-mtt-postflop/findings/mtt200bb_raw/BTN_BB_T98_fd.json,mtt,,1,0.336,0.336,0.34
CO_BB_Q83_fd,vol3-mtt-postflop/findings/mtt200bb_raw/CO_BB_Q83_fd.json,mtt,,1,0.336,0.336,0.34
BTN_BB_765_rain,vol3-mtt-postflop/findings/mtt200bb_raw/BTN_BB_765_rain.json,mtt,,1,1.504,1.504,1.50
HJ_BB_J73_rain,vol3-mtt-postflop/findings/mtt200bb_raw/HJ_BB_J73_rain.json,mtt,,1,0.336,0.336,0.34
SB_BB_T74_fd,vol3-mtt-postflop/findings/mtt200bb_raw/SB_BB_T74_fd.json,mtt,,1,1.368,1.368,1.37
UTG_BB_KJT_rain,vol3-mtt-postflop/findings/mtt200bb_raw/UTG_BB_KJT_rain.json,mtt,,1,1.504,1.504,1.50
UTG_BB_J73_fd,vol3-mtt-postflop/findings/mtt200bb_raw/UTG_BB_J73_fd.json,mtt,,1,0.336,0.336,0.34
SB_BB_Q83_fd,vol3-mtt-postflop/findings/mtt200bb_raw/SB_BB_Q83_fd.json,mtt,,1,1.368,1.368,1.37
BTN_BB_Q83_fd,vol3-mtt-postflop/findings/mtt200bb_raw/BTN_BB_Q83_fd.json,mtt,,1,0.336,0.336,0.34
SB_BB_K72_rain,vol3-mtt-postflop/findings/mtt200bb_raw/SB_BB_K72_rain.json,mtt,,1,1.368,1.368,1.37
HJ_BB_T98_rain,vol3-mtt-postflop/findings/mtt200bb_raw/HJ_BB_T98_rain.json,mtt,,1,0.336,0.336,0.34
CO_BB_A72_fd,vol3-mtt-postflop/findings/mtt200bb_raw/CO_BB_A72_fd.json,mtt,,1,0.336,0.336,0.34
BTN_BB_KK8_rain,vol3-mtt-postflop/findings/mtt200bb_raw/BTN_BB_KK8_rain.json,mtt,,1,0.336,0.336,0.34
SB_BB_J73_rain,vol3-mtt-postflop/findings/mtt200bb_raw/SB_BB_J73_rain.json,mtt,,1,0.335,0.335,0.34
UTG_BB_K72_rain,vol3-mtt-postflop/findings/mtt200bb_raw/UTG_BB_K72_rain.json,mtt,,1,0.336,0.336,0.34
BTN_BB_KJT_rain,vol3-mtt-postflop/findings/mtt200bb_raw/BTN_BB_KJT_rain.json,mtt,,1,1.504,1.504,1.50
UTG_BB_K98_rain,vol3-mtt-postflop/findings/mtt200bb_raw/UTG_BB_K98_rain.json,mtt,,1,0.336,0.336,0.34
CO_BB_T98_fd,vol3-mtt-postflop/findings/mtt200bb_raw/CO_BB_T98_fd.json,mtt,,1,0.336,0.336,0.34
HJ_BB_K72_fd,vol3-mtt-postflop/findings/mtt200bb_raw/HJ_BB_K72_fd.json,mtt,,1,0.336,0.336,0.34
SB_BB_T74_rain,vol3-mtt-postflop/findings/mtt200bb_raw/SB_BB_T74_rain.json,mtt,,1,0.335,0.335,0.34
BTN_BB_J73_rain,vol3-mtt-postflop/findings/mtt200bb_raw/BTN_BB_J73_rain.json,mtt,,1,0.336,0.336,0.34
SB_BB_K98_rain,vol3-mtt-postflop/findings/mtt200bb_raw/SB_BB_K98_rain.json,mtt,,1,0.335,0.335,0.34
CO_BB_AA7_rain,vol3-mtt-postflop/findings/mtt200bb_raw/CO_BB_AA7_rain.json,mtt,,1,0.336,0.336,0.34
UTG_BB_A94_rain,vol3-mtt-postflop/findings/mtt200bb_raw/UTG_BB_A94_rain.json,mtt,,1,0.336,0.336,0.34
BTN_BB_K98_rain,vol3-mtt-postflop/findings/mtt200bb_raw/BTN_BB_K98_rain.json,mtt,,1,0.336,0.336,0.34
HJ_BB_Q83_fd,vol3-mtt-postflop/findings/mtt200bb_raw/HJ_BB_Q83_fd.json,mtt,,1,0.336,0.336,0.34
HJ_BB_KK8_rain,vol3-mtt-postflop/findings/mtt200bb_raw/HJ_BB_KK8_rain.json,mtt,,1,0.336,0.336,0.34
BTN_BB_KJT_fd,vol3-mtt-postflop/findings/3bp25_raw/BTN_BB_KJT_fd.json,mtt,,1,0.204,0.204,0.20
BTN_BB_742_rain,vol3-mtt-postflop/findings/3bp25_raw/BTN_BB_742_rain.json,mtt,,1,0.204,0.204,0.20
BTN_BB_Q83_rain,vol3-mtt-postflop/findings/3bp25_raw/BTN_BB_Q83_rain.json,mtt,,1,0.204,0.204,0.20
BTN_BB_AA7_rain,vol3-mtt-postflop/findings/3bp25_raw/BTN_BB_AA7_rain.json,mtt,,1,0.204,0.204,0.20
BTN_BB_A94_rain,vol3-mtt-postflop/findings/3bp25_raw/BTN_BB_A94_rain.json,mtt,,1,0.204,0.204,0.20
BTN_BB_J73_fd,vol3-mtt-postflop/findings/3bp25_raw/BTN_BB_J73_fd.json,mtt,,1,0.204,0.204,0.20
BTN_BB_765_fd,vol3-mtt-postflop/findings/3bp25_raw/BTN_BB_765_fd.json,mtt,,1,1.298,1.298,1.30
BTN_BB_K72_rain,vol3-mtt-postflop/findings/3bp25_raw/BTN_BB_K72_rain.json,mtt,,1,0.204,0.204,0.20
BTN_BB_A72_rain,vol3-mtt-postflop/findings/3bp25_raw/BTN_BB_A72_rain.json,mtt,,1,0.204,0.204,0.20
BTN_BB_A72_fd,vol3-mtt-postflop/findings/3bp25_raw/BTN_BB_A72_fd.json,mtt,,1,0.204,0.204,0.20
BTN_BB_A94_fd,vol3-mtt-postflop/findings/3bp25_raw/BTN_BB_A94_fd.json,mtt,,1,0.204,0.204,0.20
BTN_BB_T74_rain,vol3-mtt-postflop/findings/3bp25_raw/BTN_BB_T74_rain.json,mtt,,1,0.204,0.204,0.20
BTN_BB_T74_fd,vol3-mtt-postflop/findings/3bp25_raw/BTN_BB_T74_fd.json,mtt,,1,0.204,0.204,0.20
BTN_BB_T98_rain,vol3-mtt-postflop/findings/3bp25_raw/BTN_BB_T98_rain.json,mtt,,1,0.204,0.204,0.20
BTN_BB_K72_fd,vol3-mtt-postflop/findings/3bp25_raw/BTN_BB_K72_fd.json,mtt,,1,0.204,0.204,0.20
BTN_BB_K98_fd,vol3-mtt-postflop/findings/3bp25_raw/BTN_BB_K98_fd.json,mtt,,1,0.204,0.204,0.20
BTN_BB_742_fd,vol3-mtt-postflop/findings/3bp25_raw/BTN_BB_742_fd.json,mtt,,1,0.204,0.204,0.20
BTN_BB_T98_fd,vol3-mtt-postflop/findings/3bp25_raw/BTN_BB_T98_fd.json,mtt,,1,0.204,0.204,0.20
BTN_BB_765_rain,vol3-mtt-postflop/findings/3bp25_raw/BTN_BB_765_rain.json,mtt,,1,1.298,1.298,1.30
BTN_BB_Q83_fd,vol3-mtt-postflop/findings/3bp25_raw/BTN_BB_Q83_fd.json,mtt,,1,0.204,0.204,0.20
BTN_BB_KK8_rain,vol3-mtt-postflop/findings/3bp25_raw/BTN_BB_KK8_rain.json,mtt,,1,0.204,0.204,0.20
BTN_BB_KJT_rain,vol3-mtt-postflop/findings/3bp25_raw/BTN_BB_KJT_rain.json,mtt,,1,0.204,0.204,0.20
BTN_BB_J73_rain,vol3-mtt-postflop/findings/3bp25_raw/BTN_BB_J73_rain.json,mtt,,1,0.204,0.204,0.20
BTN_BB_K98_rain,vol3-mtt-postflop/findings/3bp25_raw/BTN_BB_K98_rain.json,mtt,,1,0.204,0.204,0.20
K72r_7,vol3-mtt-postflop/findings/turn_mtt50_btn_raw/K72r_7.json,mtt,,1,0.201,0.201,0.20
Q83_8,vol3-mtt-postflop/findings/turn_mtt50_btn_raw/Q83_8.json,mtt,,1,1.053,1.053,1.05
K98r_7,vol3-mtt-postflop/findings/turn_mtt50_btn_raw/K98r_7.json,mtt,,1,4.344,4.344,4.34
K98r_2,vol3-mtt-postflop/findings/turn_mtt50_btn_raw/K98r_2.json,mtt,,1,1.053,1.053,1.05
Q83_2,vol3-mtt-postflop/findings/turn_mtt50_btn_raw/Q83_2.json,mtt,,1,1.053,1.053,1.05
K98r_T,vol3-mtt-postflop/findings/turn_mtt50_btn_raw/K98r_T.json,mtt,,1,1.053,1.053,1.05
KJT_Q,vol3-mtt-postflop/findings/turn_mtt50_btn_raw/KJT_Q.json,mtt,,1,0.763,0.763,0.76
KJT_2,vol3-mtt-postflop/findings/turn_mtt50_btn_raw/KJT_2.json,mtt,,1,0.763,0.763,0.76
KJT_9,vol3-mtt-postflop/findings/turn_mtt50_btn_raw/KJT_9.json,mtt,,1,2.694,2.694,2.69
T98r_2,vol3-mtt-postflop/findings/turn_mtt50_btn_raw/T98r_2.json,mtt,,1,0.763,0.763,0.76
T98r_7,vol3-mtt-postflop/findings/turn_mtt50_btn_raw/T98r_7.json,mtt,,1,2.694,2.694,2.69
Q83_A,vol3-mtt-postflop/findings/turn_mtt50_btn_raw/Q83_A.json,mtt,,1,1.053,1.053,1.05
T98r_T,vol3-mtt-postflop/findings/turn_mtt50_btn_raw/T98r_T.json,mtt,,1,2.694,2.694,2.69
AA7_7,vol3-mtt-postflop/findings/turn_mtt50_btn_raw/AA7_7.json,mtt,,1,1.053,1.053,1.05
K72r_K,vol3-mtt-postflop/findings/turn_mtt50_btn_raw/K72r_K.json,mtt,,1,0.201,0.201,0.20
T98r_J,vol3-mtt-postflop/findings/turn_mtt50_btn_raw/T98r_J.json,mtt,,1,0.763,0.763,0.76
AA7_2,vol3-mtt-postflop/findings/turn_mtt50_btn_raw/AA7_2.json,mtt,,1,4.344,4.344,4.34
K72r_2,vol3-mtt-postflop/findings/turn_mtt50_btn_raw/K72r_2.json,mtt,,1,4.344,4.344,4.34
KJT_K,vol3-mtt-postflop/findings/turn_mtt50_btn_raw/KJT_K.json,mtt,,1,0.763,0.763,0.76
Q83_K,vol3-mtt-postflop/findings/turn_mtt50_btn_raw/Q83_K.json,mtt,,1,4.344,4.344,4.34
K98r_K,vol3-mtt-postflop/findings/turn_mtt50_btn_raw/K98r_K.json,mtt,,1,4.344,4.344,4.34
K72r_A,vol3-mtt-postflop/findings/turn_mtt50_btn_raw/K72r_A.json,mtt,,1,4.344,4.344,4.34
T98r_A,vol3-mtt-postflop/findings/turn_mtt50_btn_raw/T98r_A.json,mtt,,1,0.763,0.763,0.76
K98r_A,vol3-mtt-postflop/findings/turn_mtt50_btn_raw/K98r_A.json,mtt,,1,1.053,1.053,1.05
AA7_5,vol3-mtt-postflop/findings/turn_mtt50_btn_raw/AA7_5.json,mtt,,1,4.344,4.344,4.34
AA7_A,vol3-mtt-postflop/findings/turn_mtt50_btn_raw/AA7_A.json,mtt,,1,0.201,0.201,0.20
Q83_Q,vol3-mtt-postflop/findings/turn_mtt50_btn_raw/Q83_Q.json,mtt,,1,1.053,1.053,1.05
AA7_K,vol3-mtt-postflop/findings/turn_mtt50_btn_raw/AA7_K.json,mtt,,1,4.344,4.344,4.34
K72r_8,vol3-mtt-postflop/findings/turn_mtt50_btn_raw/K72r_8.json,mtt,,1,1.053,1.053,1.05
KJT_A,vol3-mtt-postflop/findings/turn_mtt50_btn_raw/KJT_A.json,mtt,,1,2.694,2.694,2.69
CO_BB_K98_fd,vol3-mtt-postflop/findings/mtt50bb_raw/CO_BB_K98_fd.json,mtt,,1,0.325,0.325,0.32
BTN_BB_KJT_fd,vol3-mtt-postflop/findings/mtt50bb_raw/BTN_BB_KJT_fd.json,mtt,,1,0.768,0.768,0.77
HJ_BB_K98_rain,vol3-mtt-postflop/findings/mtt50bb_raw/HJ_BB_K98_rain.json,mtt,,1,0.336,0.336,0.34
CO_BB_765_fd,vol3-mtt-postflop/findings/mtt50bb_raw/CO_BB_765_fd.json,mtt,,1,0.786,0.786,0.79
HJ_BB_T74_fd,vol3-mtt-postflop/findings/mtt50bb_raw/HJ_BB_T74_fd.json,mtt,,1,0.814,0.814,0.81
UTG_BB_K72_fd,vol3-mtt-postflop/findings/mtt50bb_raw/UTG_BB_K72_fd.json,mtt,,1,0.336,0.336,0.34
UTG_BB_J73_rain,vol3-mtt-postflop/findings/mtt50bb_raw/UTG_BB_J73_rain.json,mtt,,1,0.814,0.814,0.81
CO_BB_K72_rain,vol3-mtt-postflop/findings/mtt50bb_raw/CO_BB_K72_rain.json,mtt,,1,0.325,0.325,0.32
SB_BB_742_rain,vol3-mtt-postflop/findings/mtt50bb_raw/SB_BB_742_rain.json,mtt,,1,0.726,0.726,0.73
CO_BB_742_rain,vol3-mtt-postflop/findings/mtt50bb_raw/CO_BB_742_rain.json,mtt,,1,0.786,0.786,0.79
BTN_BB_742_rain,vol3-mtt-postflop/findings/mtt50bb_raw/BTN_BB_742_rain.json,mtt,,1,0.768,0.768,0.77
HJ_BB_A72_fd,vol3-mtt-postflop/findings/mtt50bb_raw/HJ_BB_A72_fd.json,mtt,,1,0.336,0.336,0.34
SB_BB_Q83_rain,vol3-mtt-postflop/findings/mtt50bb_raw/SB_BB_Q83_rain.json,mtt,,1,0.726,0.726,0.73
BTN_BB_Q83_rain,vol3-mtt-postflop/findings/mtt50bb_raw/BTN_BB_Q83_rain.json,mtt,,1,0.336,0.336,0.34
UTG_BB_T98_rain,vol3-mtt-postflop/findings/mtt50bb_raw/UTG_BB_T98_rain.json,mtt,,1,0.814,0.814,0.81
UTG_BB_KK8_rain,vol3-mtt-postflop/findings/mtt50bb_raw/UTG_BB_KK8_rain.json,mtt,,1,0.336,0.336,0.34
SB_BB_A94_rain,vol3-mtt-postflop/findings/mtt50bb_raw/SB_BB_A94_rain.json,mtt,,1,0.726,0.726,0.73
HJ_BB_A72_rain,vol3-mtt-postflop/findings/mtt50bb_raw/HJ_BB_A72_rain.json,mtt,,1,0.336,0.336,0.34
UTG_BB_765_fd,vol3-mtt-postflop/findings/mtt50bb_raw/UTG_BB_765_fd.json,mtt,,1,0.814,0.814,0.81
UTG_BB_T74_fd,vol3-mtt-postflop/findings/mtt50bb_raw/UTG_BB_T74_fd.json,mtt,,1,0.814,0.814,0.81
UTG_BB_T98_fd,vol3-mtt-postflop/findings/mtt50bb_raw/UTG_BB_T98_fd.json,mtt,,1,0.814,0.814,0.81
BTN_BB_AA7_rain,vol3-mtt-postflop/findings/mtt50bb_raw/BTN_BB_AA7_rain.json,mtt,,1,0.336,0.336,0.34
SB_BB_765_rain,vol3-mtt-postflop/findings/mtt50bb_raw/SB_BB_765_rain.json,mtt,,1,0.726,0.726,0.73
HJ_BB_K72_rain,vol3-mtt-postflop/findings/mtt50bb_raw/HJ_BB_K72_rain.json,mtt,,1,0.336,0.336,0.34
SB_BB_T98_rain,vol3-mtt-postflop/findings/mtt50bb_raw/SB_BB_T98_rain.json,mtt,,1,0.726,0.726,0.73
UTG_BB_KJT_fd,vol3-mtt-postflop/findings/mtt50bb_raw/UTG_BB_KJT_fd.json,mtt,,1,0.814,0.814,0.81
BTN_BB_A94_rain,vol3-mtt-postflop/findings/mtt50bb_raw/BTN_BB_A94_rain.json,mtt,,1,0.336,0.336,0.34
UTG_BB_AA7_rain,vol3-mtt-postflop/findings/mtt50bb_raw/UTG_BB_AA7_rain.json,mtt,,1,0.336,0.336,0.34
CO_BB_Q83_rain,vol3-mtt-postflop/findings/mtt50bb_raw/CO_BB_Q83_rain.json,mtt,,1,0.325,0.325,0.32
HJ_BB_A94_rain,vol3-mtt-postflop/findings/mtt50bb_raw/HJ_BB_A94_rain.json,mtt,,1,0.336,0.336,0.34
SB_BB_KJT_rain,vol3-mtt-postflop/findings/mtt50bb_raw/SB_BB_KJT_rain.json,mtt,,1,0.726,0.726,0.73
UTG_BB_K98_fd,vol3-mtt-postflop/findings/mtt50bb_raw/UTG_BB_K98_fd.json,mtt,,1,0.336,0.336,0.34
BTN_BB_J73_fd,vol3-mtt-postflop/findings/mtt50bb_raw/BTN_BB_J73_fd.json,mtt,,1,0.336,0.336,0.34
UTG_BB_742_fd,vol3-mtt-postflop/findings/mtt50bb_raw/UTG_BB_742_fd.json,mtt,,1,0.814,0.814,0.81
CO_BB_A94_fd,vol3-mtt-postflop/findings/mtt50bb_raw/CO_BB_A94_fd.json,mtt,,1,0.325,0.325,0.32
HJ_BB_765_fd,vol3-mtt-postflop/findings/mtt50bb_raw/HJ_BB_765_fd.json,mtt,,1,0.814,0.814,0.81
CO_BB_K72_fd,vol3-mtt-postflop/findings/mtt50bb_raw/CO_BB_K72_fd.json,mtt,,1,0.325,0.325,0.32
SB_BB_742_fd,vol3-mtt-postflop/findings/mtt50bb_raw/SB_BB_742_fd.json,mtt,,1,0.726,0.726,0.73
BTN_BB_765_fd,vol3-mtt-postflop/findings/mtt50bb_raw/BTN_BB_765_fd.json,mtt,,1,0.336,0.336,0.34
BTN_BB_K72_rain,vol3-mtt-postflop/findings/mtt50bb_raw/BTN_BB_K72_rain.json,mtt,,1,0.336,0.336,0.34
UTG_BB_765_rain,vol3-mtt-postflop/findings/mtt50bb_raw/UTG_BB_765_rain.json,mtt,,1,0.814,0.814,0.81
HJ_BB_K98_fd,vol3-mtt-postflop/findings/mtt50bb_raw/HJ_BB_K98_fd.json,mtt,,1,0.336,0.336,0.34
BTN_BB_A72_rain,vol3-mtt-postflop/findings/mtt50bb_raw/BTN_BB_A72_rain.json,mtt,,1,0.336,0.336,0.34
HJ_BB_J73_fd,vol3-mtt-postflop/findings/mtt50bb_raw/HJ_BB_J73_fd.json,mtt,,1,0.336,0.336,0.34
HJ_BB_Q83_rain,vol3-mtt-postflop/findings/mtt50bb_raw/HJ_BB_Q83_rain.json,mtt,,1,0.336,0.336,0.34
SB_BB_K98_fd,vol3-mtt-postflop/findings/mtt50bb_raw/SB_BB_K98_fd.json,mtt,,1,0.207,0.207,0.21
CO_BB_T74_fd,vol3-mtt-postflop/findings/mtt50bb_raw/CO_BB_T74_fd.json,mtt,,1,0.786,0.786,0.79
UTG_BB_742_rain,vol3-mtt-postflop/findings/mtt50bb_raw/UTG_BB_742_rain.json,mtt,,1,0.814,0.814,0.81
SB_BB_K72_fd,vol3-mtt-postflop/findings/mtt50bb_raw/SB_BB_K72_fd.json,mtt,,1,0.726,0.726,0.73
SB_BB_KK8_rain,vol3-mtt-postflop/findings/mtt50bb_raw/SB_BB_KK8_rain.json,mtt,,1,0.726,0.726,0.73
HJ_BB_KJT_rain,vol3-mtt-postflop/findings/mtt50bb_raw/HJ_BB_KJT_rain.json,mtt,,1,0.814,0.814,0.81
SB_BB_A72_rain,vol3-mtt-postflop/findings/mtt50bb_raw/SB_BB_A72_rain.json,mtt,,1,0.726,0.726,0.73
UTG_BB_Q83_rain,vol3-mtt-postflop/findings/mtt50bb_raw/UTG_BB_Q83_rain.json,mtt,,1,0.336,0.336,0.34
HJ_BB_A94_fd,vol3-mtt-postflop/findings/mtt50bb_raw/HJ_BB_A94_fd.json,mtt,,1,0.336,0.336,0.34
HJ_BB_KJT_fd,vol3-mtt-postflop/findings/mtt50bb_raw/HJ_BB_KJT_fd.json,mtt,,1,0.814,0.814,0.81
CO_BB_J73_fd,vol3-mtt-postflop/findings/mtt50bb_raw/CO_BB_J73_fd.json,mtt,,1,0.786,0.786,0.79
UTG_BB_A72_fd,vol3-mtt-postflop/findings/mtt50bb_raw/UTG_BB_A72_fd.json,mtt,,1,0.336,0.336,0.34
HJ_BB_AA7_rain,vol3-mtt-postflop/findings/mtt50bb_raw/HJ_BB_AA7_rain.json,mtt,,1,0.336,0.336,0.34
UTG_BB_A94_fd,vol3-mtt-postflop/findings/mtt50bb_raw/UTG_BB_A94_fd.json,mtt,,1,0.336,0.336,0.34
SB_BB_J73_fd,vol3-mtt-postflop/findings/mtt50bb_raw/SB_BB_J73_fd.json,mtt,,1,0.207,0.207,0.21
SB_BB_KJT_fd,vol3-mtt-postflop/findings/mtt50bb_raw/SB_BB_KJT_fd.json,mtt,,1,0.726,0.726,0.73
HJ_BB_T98_fd,vol3-mtt-postflop/findings/mtt50bb_raw/HJ_BB_T98_fd.json,mtt,,1,0.814,0.814,0.81
CO_BB_T74_rain,vol3-mtt-postflop/findings/mtt50bb_raw/CO_BB_T74_rain.json,mtt,,1,0.786,0.786,0.79
BTN_BB_A72_fd,vol3-mtt-postflop/findings/mtt50bb_raw/BTN_BB_A72_fd.json,mtt,,1,0.336,0.336,0.34
SB_BB_A72_fd,vol3-mtt-postflop/findings/mtt50bb_raw/SB_BB_A72_fd.json,mtt,,1,0.207,0.207,0.21
CO_BB_KJT_rain,vol3-mtt-postflop/findings/mtt50bb_raw/CO_BB_KJT_rain.json,mtt,,1,0.786,0.786,0.79
HJ_BB_742_fd,vol3-mtt-postflop/findings/mtt50bb_raw/HJ_BB_742_fd.json,mtt,,1,0.814,0.814,0.81
BTN_BB_A94_fd,vol3-mtt-postflop/findings/mtt50bb_raw/BTN_BB_A94_fd.json,mtt,,1,0.336,0.336,0.34
BTN_BB_T74_rain,vol3-mtt-postflop/findings/mtt50bb_raw/BTN_BB_T74_rain.json,mtt,,1,0.768,0.768,0.77
BTN_BB_T74_fd,vol3-mtt-postflop/findings/mtt50bb_raw/BTN_BB_T74_fd.json,mtt,,1,0.768,0.768,0.77
BTN_BB_T98_rain,vol3-mtt-postflop/findings/mtt50bb_raw/BTN_BB_T98_rain.json,mtt,,1,0.768,0.768,0.77
HJ_BB_T74_rain,vol3-mtt-postflop/findings/mtt50bb_raw/HJ_BB_T74_rain.json,mtt,,1,0.814,0.814,0.81
CO_BB_J73_rain,vol3-mtt-postflop/findings/mtt50bb_raw/CO_BB_J73_rain.json,mtt,,1,0.786,0.786,0.79
UTG_BB_A72_rain,vol3-mtt-postflop/findings/mtt50bb_raw/UTG_BB_A72_rain.json,mtt,,1,0.336,0.336,0.34
CO_BB_T98_rain,vol3-mtt-postflop/findings/mtt50bb_raw/CO_BB_T98_rain.json,mtt,,1,0.786,0.786,0.79
SB_BB_AA7_rain,vol3-mtt-postflop/findings/mtt50bb_raw/SB_BB_AA7_rain.json,mtt,,1,0.726,0.726,0.73
CO_BB_K98_rain,vol3-mtt-postflop/findings/mtt50bb_raw/CO_BB_K98_rain.json,mtt,,1,0.325,0.325,0.32
CO_BB_765_rain,vol3-mtt-postflop/findings/mtt50bb_raw/CO_BB_765_rain.json,mtt,,1,0.786,0.786,0.79
SB_BB_T98_fd,vol3-mtt-postflop/findings/mtt50bb_raw/SB_BB_T98_fd.json,mtt,,1,0.726,0.726,0.73
BTN_BB_K72_fd,vol3-mtt-postflop/findings/mtt50bb_raw/BTN_BB_K72_fd.json,mtt,,1,0.336,0.336,0.34
CO_BB_742_fd,vol3-mtt-postflop/findings/mtt50bb_raw/CO_BB_742_fd.json,mtt,,1,0.786,0.786,0.79
BTN_BB_K98_fd,vol3-mtt-postflop/findings/mtt50bb_raw/BTN_BB_K98_fd.json,mtt,,1,0.336,0.336,0.34
CO_BB_KJT_fd,vol3-mtt-postflop/findings/mtt50bb_raw/CO_BB_KJT_fd.json,mtt,,1,0.786,0.786,0.79
CO_BB_A94_rain,vol3-mtt-postflop/findings/mtt50bb_raw/CO_BB_A94_rain.json,mtt,,1,0.325,0.325,0.32
UTG_BB_Q83_fd,vol3-mtt-postflop/findings/mtt50bb_raw/UTG_BB_Q83_fd.json,mtt,,1,0.336,0.336,0.34
BTN_BB_742_fd,vol3-mtt-postflop/findings/mtt50bb_raw/BTN_BB_742_fd.json,mtt,,1,0.336,0.336,0.34
SB_BB_765_fd,vol3-mtt-postflop/findings/mtt50bb_raw/SB_BB_765_fd.json,mtt,,1,0.726,0.726,0.73
HJ_BB_765_rain,vol3-mtt-postflop/findings/mtt50bb_raw/HJ_BB_765_rain.json,mtt,,1,0.814,0.814,0.81
SB_BB_A94_fd,vol3-mtt-postflop/findings/mtt50bb_raw/SB_BB_A94_fd.json,mtt,,1,0.207,0.207,0.21
CO_BB_A72_rain,vol3-mtt-postflop/findings/mtt50bb_raw/CO_BB_A72_rain.json,mtt,,1,0.325,0.325,0.32
CO_BB_KK8_rain,vol3-mtt-postflop/findings/mtt50bb_raw/CO_BB_KK8_rain.json,mtt,,1,0.325,0.325,0.32
UTG_BB_T74_rain,vol3-mtt-postflop/findings/mtt50bb_raw/UTG_BB_T74_rain.json,mtt,,1,0.814,0.814,0.81
HJ_BB_742_rain,vol3-mtt-postflop/findings/mtt50bb_raw/HJ_BB_742_rain.json,mtt,,1,0.814,0.814,0.81
BTN_BB_T98_fd,vol3-mtt-postflop/findings/mtt50bb_raw/BTN_BB_T98_fd.json,mtt,,1,0.768,0.768,0.77
CO_BB_Q83_fd,vol3-mtt-postflop/findings/mtt50bb_raw/CO_BB_Q83_fd.json,mtt,,1,0.325,0.325,0.32
BTN_BB_765_rain,vol3-mtt-postflop/findings/mtt50bb_raw/BTN_BB_765_rain.json,mtt,,1,0.768,0.768,0.77
HJ_BB_J73_rain,vol3-mtt-postflop/findings/mtt50bb_raw/HJ_BB_J73_rain.json,mtt,,1,0.814,0.814,0.81
SB_BB_T74_fd,vol3-mtt-postflop/findings/mtt50bb_raw/SB_BB_T74_fd.json,mtt,,1,0.726,0.726,0.73
UTG_BB_KJT_rain,vol3-mtt-postflop/findings/mtt50bb_raw/UTG_BB_KJT_rain.json,mtt,,1,0.814,0.814,0.81
UTG_BB_J73_fd,vol3-mtt-postflop/findings/mtt50bb_raw/UTG_BB_J73_fd.json,mtt,,1,0.336,0.336,0.34
SB_BB_Q83_fd,vol3-mtt-postflop/findings/mtt50bb_raw/SB_BB_Q83_fd.json,mtt,,1,0.726,0.726,0.73
BTN_BB_Q83_fd,vol3-mtt-postflop/findings/mtt50bb_raw/BTN_BB_Q83_fd.json,mtt,,1,0.336,0.336,0.34
SB_BB_K72_rain,vol3-mtt-postflop/findings/mtt50bb_raw/SB_BB_K72_rain.json,mtt,,1,0.207,0.207,0.21
HJ_BB_T98_rain,vol3-mtt-postflop/findings/mtt50bb_raw/HJ_BB_T98_rain.json,mtt,,1,0.814,0.814,0.81
CO_BB_A72_fd,vol3-mtt-postflop/findings/mtt50bb_raw/CO_BB_A72_fd.json,mtt,,1,0.325,0.325,0.32
BTN_BB_KK8_rain,vol3-mtt-postflop/findings/mtt50bb_raw/BTN_BB_KK8_rain.json,mtt,,1,0.336,0.336,0.34
SB_BB_J73_rain,vol3-mtt-postflop/findings/mtt50bb_raw/SB_BB_J73_rain.json,mtt,,1,0.726,0.726,0.73
UTG_BB_K72_rain,vol3-mtt-postflop/findings/mtt50bb_raw/UTG_BB_K72_rain.json,mtt,,1,0.336,0.336,0.34
BTN_BB_KJT_rain,vol3-mtt-postflop/findings/mtt50bb_raw/BTN_BB_KJT_rain.json,mtt,,1,0.768,0.768,0.77
UTG_BB_K98_rain,vol3-mtt-postflop/findings/mtt50bb_raw/UTG_BB_K98_rain.json,mtt,,1,0.336,0.336,0.34
CO_BB_T98_fd,vol3-mtt-postflop/findings/mtt50bb_raw/CO_BB_T98_fd.json,mtt,,1,0.786,0.786,0.79
HJ_BB_K72_fd,vol3-mtt-postflop/findings/mtt50bb_raw/HJ_BB_K72_fd.json,mtt,,1,0.336,0.336,0.34
SB_BB_T74_rain,vol3-mtt-postflop/findings/mtt50bb_raw/SB_BB_T74_rain.json,mtt,,1,0.726,0.726,0.73
BTN_BB_J73_rain,vol3-mtt-postflop/findings/mtt50bb_raw/BTN_BB_J73_rain.json,mtt,,1,0.768,0.768,0.77
SB_BB_K98_rain,vol3-mtt-postflop/findings/mtt50bb_raw/SB_BB_K98_rain.json,mtt,,1,0.726,0.726,0.73
CO_BB_AA7_rain,vol3-mtt-postflop/findings/mtt50bb_raw/CO_BB_AA7_rain.json,mtt,,1,0.325,0.325,0.32
UTG_BB_A94_rain,vol3-mtt-postflop/findings/mtt50bb_raw/UTG_BB_A94_rain.json,mtt,,1,0.336,0.336,0.34
BTN_BB_K98_rain,vol3-mtt-postflop/findings/mtt50bb_raw/BTN_BB_K98_rain.json,mtt,,1,0.336,0.336,0.34
HJ_BB_Q83_fd,vol3-mtt-postflop/findings/mtt50bb_raw/HJ_BB_Q83_fd.json,mtt,,1,0.336,0.336,0.34
HJ_BB_KK8_rain,vol3-mtt-postflop/findings/mtt50bb_raw/HJ_BB_KK8_rain.json,mtt,,1,0.336,0.336,0.34
BTN_BB_KJT_fd,vol3-mtt-postflop/findings/3bp100_raw/BTN_BB_KJT_fd.json,mtt,,1,0.202,0.202,0.20
BTN_BB_742_rain,vol3-mtt-postflop/findings/3bp100_raw/BTN_BB_742_rain.json,mtt,,1,0.56,0.56,0.56
BTN_BB_Q83_rain,vol3-mtt-postflop/findings/3bp100_raw/BTN_BB_Q83_rain.json,mtt,,1,0.202,0.202,0.20
BTN_BB_AA7_rain,vol3-mtt-postflop/findings/3bp100_raw/BTN_BB_AA7_rain.json,mtt,,1,0.202,0.202,0.20
BTN_BB_A94_rain,vol3-mtt-postflop/findings/3bp100_raw/BTN_BB_A94_rain.json,mtt,,1,0.202,0.202,0.20
BTN_BB_J73_fd,vol3-mtt-postflop/findings/3bp100_raw/BTN_BB_J73_fd.json,mtt,,1,0.202,0.202,0.20
BTN_BB_765_fd,vol3-mtt-postflop/findings/3bp100_raw/BTN_BB_765_fd.json,mtt,,1,0.56,0.56,0.56
BTN_BB_K72_rain,vol3-mtt-postflop/findings/3bp100_raw/BTN_BB_K72_rain.json,mtt,,1,0.202,0.202,0.20
BTN_BB_A72_rain,vol3-mtt-postflop/findings/3bp100_raw/BTN_BB_A72_rain.json,mtt,,1,0.202,0.202,0.20
BTN_BB_A72_fd,vol3-mtt-postflop/findings/3bp100_raw/BTN_BB_A72_fd.json,mtt,,1,0.202,0.202,0.20
BTN_BB_A94_fd,vol3-mtt-postflop/findings/3bp100_raw/BTN_BB_A94_fd.json,mtt,,1,0.202,0.202,0.20
BTN_BB_T74_rain,vol3-mtt-postflop/findings/3bp100_raw/BTN_BB_T74_rain.json,mtt,,1,0.56,0.56,0.56
BTN_BB_T74_fd,vol3-mtt-postflop/findings/3bp100_raw/BTN_BB_T74_fd.json,mtt,,1,0.56,0.56,0.56
BTN_BB_T98_rain,vol3-mtt-postflop/findings/3bp100_raw/BTN_BB_T98_rain.json,mtt,,1,0.56,0.56,0.56
BTN_BB_K72_fd,vol3-mtt-postflop/findings/3bp100_raw/BTN_BB_K72_fd.json,mtt,,1,0.202,0.202,0.20
BTN_BB_K98_fd,vol3-mtt-postflop/findings/3bp100_raw/BTN_BB_K98_fd.json,mtt,,1,0.202,0.202,0.20
BTN_BB_742_fd,vol3-mtt-postflop/findings/3bp100_raw/BTN_BB_742_fd.json,mtt,,1,0.56,0.56,0.56
BTN_BB_T98_fd,vol3-mtt-postflop/findings/3bp100_raw/BTN_BB_T98_fd.json,mtt,,1,0.56,0.56,0.56
BTN_BB_765_rain,vol3-mtt-postflop/findings/3bp100_raw/BTN_BB_765_rain.json,mtt,,1,0.56,0.56,0.56
BTN_BB_Q83_fd,vol3-mtt-postflop/findings/3bp100_raw/BTN_BB_Q83_fd.json,mtt,,1,0.202,0.202,0.20
BTN_BB_KK8_rain,vol3-mtt-postflop/findings/3bp100_raw/BTN_BB_KK8_rain.json,mtt,,1,0.202,0.202,0.20
BTN_BB_KJT_rain,vol3-mtt-postflop/findings/3bp100_raw/BTN_BB_KJT_rain.json,mtt,,1,0.202,0.202,0.20
BTN_BB_J73_rain,vol3-mtt-postflop/findings/3bp100_raw/BTN_BB_J73_rain.json,mtt,,1,0.56,0.56,0.56
BTN_BB_K98_rain,vol3-mtt-postflop/findings/3bp100_raw/BTN_BB_K98_rain.json,mtt,,1,0.202,0.202,0.20
b32_06,knowledges/gto_wizard_full/b32_khigh_gradient/b32_06.json,cash,100,1,0.327,0.327,0.33
b32_15,knowledges/gto_wizard_full/b32_khigh_gradient/b32_15.json,cash,100,1,1.164,1.164,1.16
b32_12,knowledges/gto_wizard_full/b32_khigh_gradient/b32_12.json,cash,100,1,0.327,0.327,0.33
b32_11,knowledges/gto_wizard_full/b32_khigh_gradient/b32_11.json,cash,100,1,0.327,0.327,0.33
b32_04,knowledges/gto_wizard_full/b32_khigh_gradient/b32_04.json,cash,100,1,0.327,0.327,0.33
b32_13,knowledges/gto_wizard_full/b32_khigh_gradient/b32_13.json,cash,100,1,1.164,1.164,1.16
b32_03,knowledges/gto_wizard_full/b32_khigh_gradient/b32_03.json,cash,100,1,0.327,0.327,0.33
b32_07,knowledges/gto_wizard_full/b32_khigh_gradient/b32_07.json,cash,100,1,0.327,0.327,0.33
b32_10,knowledges/gto_wizard_full/b32_khigh_gradient/b32_10.json,cash,100,1,0.327,0.327,0.33
b32_14,knowledges/gto_wizard_full/b32_khigh_gradient/b32_14.json,cash,100,1,0.327,0.327,0.33
b32_08,knowledges/gto_wizard_full/b32_khigh_gradient/b32_08.json,cash,100,1,1.164,1.164,1.16
b32_01,knowledges/gto_wizard_full/b32_khigh_gradient/b32_01.json,cash,100,1,0.327,0.327,0.33
b32_02,knowledges/gto_wizard_full/b32_khigh_gradient/b32_02.json,cash,100,1,0.327,0.327,0.33
b32_05,knowledges/gto_wizard_full/b32_khigh_gradient/b32_05.json,cash,100,1,0.327,0.327,0.33
b32_09,knowledges/gto_wizard_full/b32_khigh_gradient/b32_09.json,cash,100,1,0.327,0.327,0.33
b38_05,knowledges/gto_wizard_full/b38_mono_diverse/b38_05.json,cash,100,1,0.327,0.327,0.33
b38_06,knowledges/gto_wizard_full/b38_mono_diverse/b38_06.json,cash,100,1,0.327,0.327,0.33
b38_07,knowledges/gto_wizard_full/b38_mono_diverse/b38_07.json,cash,100,1,0.327,0.327,0.33
b38_03,knowledges/gto_wizard_full/b38_mono_diverse/b38_03.json,cash,100,1,0.327,0.327,0.33
b38_08,knowledges/gto_wizard_full/b38_mono_diverse/b38_08.json,cash,100,1,0.327,0.327,0.33
b38_02,knowledges/gto_wizard_full/b38_mono_diverse/b38_02.json,cash,100,1,0.327,0.327,0.33
b38_01,knowledges/gto_wizard_full/b38_mono_diverse/b38_01.json,cash,100,1,0.327,0.327,0.33
b38_04,knowledges/gto_wizard_full/b38_mono_diverse/b38_04.json,cash,100,1,0.327,0.327,0.33
b1z_05,knowledges/gto_wizard_full/b1_pair_grad/b1z_05.json,mtt,200.125,1,0.2,0.2,0.20
b1z_01,knowledges/gto_wizard_full/b1_pair_grad/b1z_01.json,mtt,200.125,1,0.328,0.328,0.33
b1z_02,knowledges/gto_wizard_full/b1_pair_grad/b1z_02.json,mtt,200.125,1,0.328,0.328,0.33
b1z_07,knowledges/gto_wizard_full/b1_pair_grad/b1z_07.json,mtt,200.125,1,1.569,1.569,1.57
b1z_04,knowledges/gto_wizard_full/b1_pair_grad/b1z_04.json,mtt,200.125,1,2.762,2.762,2.76
b1z_10,knowledges/gto_wizard_full/b1_pair_grad/b1z_10.json,mtt,200.125,1,0.328,0.328,0.33
b1z_08,knowledges/gto_wizard_full/b1_pair_grad/b1z_08.json,mtt,200.125,1,2.762,2.762,2.76
b1z_06,knowledges/gto_wizard_full/b1_pair_grad/b1z_06.json,mtt,200.125,1,1.569,1.569,1.57
b1z_03,knowledges/gto_wizard_full/b1_pair_grad/b1z_03.json,mtt,200.125,1,2.762,2.762,2.76
b1z_12,knowledges/gto_wizard_full/b1_pair_grad/b1z_12.json,mtt,200.125,1,0.328,0.328,0.33
b1z_09,knowledges/gto_wizard_full/b1_pair_grad/b1z_09.json,mtt,200.125,1,0.328,0.328,0.33
b1z_11,knowledges/gto_wizard_full/b1_pair_grad/b1z_11.json,mtt,200.125,1,0.328,0.328,0.33
D0235,knowledges/gto_wizard_full/design_flop_cbet_attack/D0235.json,mtt,200.125,1,0.336,0.336,0.34
D0229,knowledges/gto_wizard_full/design_flop_cbet_attack/D0229.json,mtt,200.125,1,1.575,1.575,1.58
D0230,knowledges/gto_wizard_full/design_flop_cbet_attack/D0230.json,mtt,200.125,1,1.575,1.575,1.58
D0119,knowledges/gto_wizard_full/design_flop_cbet_attack/D0119.json,mtt,200.125,1,1.538,1.538,1.54
D0238,knowledges/gto_wizard_full/design_flop_cbet_attack/D0238.json,mtt,200.125,1,1.575,1.575,1.58
D0016,knowledges/gto_wizard_full/design_flop_cbet_attack/D0016.json,mtt,200.125,1,0.336,0.336,0.34
D0125,knowledges/gto_wizard_full/design_flop_cbet_attack/D0125.json,mtt,200.125,1,1.538,1.538,1.54
D0015,knowledges/gto_wizard_full/design_flop_cbet_attack/D0015.json,mtt,200.125,1,0.336,0.336,0.34
D0009,knowledges/gto_wizard_full/design_flop_cbet_attack/D0009.json,mtt,200.125,1,0.336,0.336,0.34
D0117,knowledges/gto_wizard_full/design_flop_cbet_attack/D0117.json,mtt,200.125,1,1.538,1.538,1.54
D0241,knowledges/gto_wizard_full/design_flop_cbet_attack/D0241.json,mtt,200.125,1,0.336,0.336,0.34
D0234,knowledges/gto_wizard_full/design_flop_cbet_attack/D0234.json,mtt,200.125,1,0.336,0.336,0.34
D0123,knowledges/gto_wizard_full/design_flop_cbet_attack/D0123.json,mtt,200.125,1,0.325,0.325,0.32
D0130,knowledges/gto_wizard_full/design_flop_cbet_attack/D0130.json,mtt,200.125,1,0.325,0.325,0.32
D0128,knowledges/gto_wizard_full/design_flop_cbet_attack/D0128.json,mtt,200.125,1,1.538,1.538,1.54
D0231,knowledges/gto_wizard_full/design_flop_cbet_attack/D0231.json,mtt,200.125,1,1.575,1.575,1.58
D0133,knowledges/gto_wizard_full/design_flop_cbet_attack/D0133.json,mtt,200.125,1,0.325,0.325,0.32
D0236,knowledges/gto_wizard_full/design_flop_cbet_attack/D0236.json,mtt,200.125,1,0.336,0.336,0.34
D0242,knowledges/gto_wizard_full/design_flop_cbet_attack/D0242.json,mtt,200.125,1,1.575,1.575,1.58
D0126,knowledges/gto_wizard_full/design_flop_cbet_attack/D0126.json,mtt,200.125,1,1.538,1.538,1.54
D0240,knowledges/gto_wizard_full/design_flop_cbet_attack/D0240.json,mtt,200.125,1,1.575,1.575,1.58
D0118,knowledges/gto_wizard_full/design_flop_cbet_attack/D0118.json,mtt,200.125,1,1.538,1.538,1.54
D0003,knowledges/gto_wizard_full/design_flop_cbet_attack/D0003.json,mtt,200.125,1,0.336,0.336,0.34
D0131,knowledges/gto_wizard_full/design_flop_cbet_attack/D0131.json,mtt,200.125,1,1.538,1.538,1.54
D0014,knowledges/gto_wizard_full/design_flop_cbet_attack/D0014.json,mtt,200.125,1,0.336,0.336,0.34
D0116,knowledges/gto_wizard_full/design_flop_cbet_attack/D0116.json,mtt,200.125,1,1.538,1.538,1.54
D0019,knowledges/gto_wizard_full/design_flop_cbet_attack/D0019.json,mtt,200.125,1,0.336,0.336,0.34
D0247,knowledges/gto_wizard_full/design_flop_cbet_attack/D0247.json,mtt,200.125,1,0.336,0.336,0.34
D0129,knowledges/gto_wizard_full/design_flop_cbet_attack/D0129.json,mtt,200.125,1,1.538,1.538,1.54
D0245,knowledges/gto_wizard_full/design_flop_cbet_attack/D0245.json,mtt,200.125,1,1.575,1.575,1.58
D0002,knowledges/gto_wizard_full/design_flop_cbet_attack/D0002.json,mtt,200.125,1,1.504,1.504,1.50
D0244,knowledges/gto_wizard_full/design_flop_cbet_attack/D0244.json,mtt,200.125,1,1.575,1.575,1.58
D0018,knowledges/gto_wizard_full/design_flop_cbet_attack/D0018.json,mtt,200.125,1,0.336,0.336,0.34
D0121,knowledges/gto_wizard_full/design_flop_cbet_attack/D0121.json,mtt,200.125,1,0.325,0.325,0.32
D0008,knowledges/gto_wizard_full/design_flop_cbet_attack/D0008.json,mtt,200.125,1,0.336,0.336,0.34
D0232,knowledges/gto_wizard_full/design_flop_cbet_attack/D0232.json,mtt,200.125,1,0.336,0.336,0.34
D0127,knowledges/gto_wizard_full/design_flop_cbet_attack/D0127.json,mtt,200.125,1,1.538,1.538,1.54
D0006,knowledges/gto_wizard_full/design_flop_cbet_attack/D0006.json,mtt,200.125,1,1.504,1.504,1.50
D0013,knowledges/gto_wizard_full/design_flop_cbet_attack/D0013.json,mtt,200.125,1,0.336,0.336,0.34
D0012,knowledges/gto_wizard_full/design_flop_cbet_attack/D0012.json,mtt,200.125,1,0.336,0.336,0.34
D0239,knowledges/gto_wizard_full/design_flop_cbet_attack/D0239.json,mtt,200.125,1,1.575,1.575,1.58
D0010,knowledges/gto_wizard_full/design_flop_cbet_attack/D0010.json,mtt,200.125,1,0.336,0.336,0.34
D0007,knowledges/gto_wizard_full/design_flop_cbet_attack/D0007.json,mtt,200.125,1,1.504,1.504,1.50
D0001,knowledges/gto_wizard_full/design_flop_cbet_attack/D0001.json,mtt,200.125,1,0.336,0.336,0.34
D0246,knowledges/gto_wizard_full/design_flop_cbet_attack/D0246.json,mtt,200.125,1,0.336,0.336,0.34
D0233,knowledges/gto_wizard_full/design_flop_cbet_attack/D0233.json,mtt,200.125,1,0.336,0.336,0.34
D0243,knowledges/gto_wizard_full/design_flop_cbet_attack/D0243.json,mtt,200.125,1,1.575,1.575,1.58
D0132,knowledges/gto_wizard_full/design_flop_cbet_attack/D0132.json,mtt,200.125,1,0.325,0.325,0.32
D0005,knowledges/gto_wizard_full/design_flop_cbet_attack/D0005.json,mtt,200.125,1,0.336,0.336,0.34
D0122,knowledges/gto_wizard_full/design_flop_cbet_attack/D0122.json,mtt,200.125,1,1.538,1.538,1.54
D0011,knowledges/gto_wizard_full/design_flop_cbet_attack/D0011.json,mtt,200.125,1,1.504,1.504,1.50
D0124,knowledges/gto_wizard_full/design_flop_cbet_attack/D0124.json,mtt,200.125,1,1.538,1.538,1.54
D0017,knowledges/gto_wizard_full/design_flop_cbet_attack/D0017.json,mtt,200.125,1,0.336,0.336,0.34
D0120,knowledges/gto_wizard_full/design_flop_cbet_attack/D0120.json,mtt,200.125,1,0.325,0.325,0.32
D0237,knowledges/gto_wizard_full/design_flop_cbet_attack/D0237.json,mtt,200.125,1,0.336,0.336,0.34
D0004,knowledges/gto_wizard_full/design_flop_cbet_attack/D0004.json,mtt,200.125,1,0.336,0.336,0.34
D0115,knowledges/gto_wizard_full/design_flop_cbet_attack/D0115.json,mtt,200.125,1,0.325,0.325,0.32
b1_17,knowledges/gto_wizard_full/b1_turn_donk_paired/b1_17.json,mtt,200.125,1,2.762,2.762,2.76
b1_18,knowledges/gto_wizard_full/b1_turn_donk_paired/b1_18.json,mtt,200.125,1,0.328,0.328,0.33
b1x_11,knowledges/gto_wizard_full/b1_pair_bot/b1x_11.json,mtt,200.125,1,0.328,0.328,0.33
b1x_12,knowledges/gto_wizard_full/b1_pair_bot/b1x_12.json,mtt,200.125,1,0.328,0.328,0.33
b1x_14,knowledges/gto_wizard_full/b1_pair_bot/b1x_14.json,mtt,200.125,1,0.328,0.328,0.33
b1x_10,knowledges/gto_wizard_full/b1_pair_bot/b1x_10.json,mtt,200.125,1,0.328,0.328,0.33
b3x_07,knowledges/gto_wizard_full/b3_btn_mw/b3x_07.json,mtt,200.125,1,0.327,0.327,0.33
b3x_06,knowledges/gto_wizard_full/b3_btn_mw/b3x_06.json,mtt,200.125,1,0.327,0.327,0.33
b3x_02,knowledges/gto_wizard_full/b3_btn_mw/b3x_02.json,mtt,200.125,1,0.327,0.327,0.33
b3x_05,knowledges/gto_wizard_full/b3_btn_mw/b3x_05.json,mtt,200.125,1,0.327,0.327,0.33
b3x_03,knowledges/gto_wizard_full/b3_btn_mw/b3x_03.json,mtt,200.125,1,0.327,0.327,0.33
b3x_04,knowledges/gto_wizard_full/b3_btn_mw/b3x_04.json,mtt,200.125,1,0.327,0.327,0.33
b3x_01,knowledges/gto_wizard_full/b3_btn_mw/b3x_01.json,mtt,200.125,1,0.327,0.327,0.33
b1_16,knowledges/gto_wizard_full/b1_turn_donk_overcard/b1_16.json,mtt,200.125,1,2.762,2.762,2.76
b8z_12,knowledges/gto_wizard_full/b8_near_zero/b8z_12.json,mtt,200.125,1,0.336,0.336,0.34
b8z_09,knowledges/gto_wizard_full/b8_near_zero/b8z_09.json,mtt,200.125,1,0.336,0.336,0.34
b8z_03,knowledges/gto_wizard_full/b8_near_zero/b8z_03.json,mtt,200.125,1,3.717,3.717,3.72
b8z_02,knowledges/gto_wizard_full/b8_near_zero/b8z_02.json,mtt,200.125,1,1.009,1.009,1.01
b8z_11,knowledges/gto_wizard_full/b8_near_zero/b8z_11.json,mtt,200.125,1,0.336,0.336,0.34
b8z_05,knowledges/gto_wizard_full/b8_near_zero/b8z_05.json,mtt,200.125,1,1.009,1.009,1.01
b8z_06,knowledges/gto_wizard_full/b8_near_zero/b8z_06.json,mtt,200.125,1,3.717,3.717,3.72
b8z_07,knowledges/gto_wizard_full/b8_near_zero/b8z_07.json,mtt,200.125,1,3.717,3.717,3.72
b8z_10,knowledges/gto_wizard_full/b8_near_zero/b8z_10.json,mtt,200.125,1,3.717,3.717,3.72
b8z_08,knowledges/gto_wizard_full/b8_near_zero/b8z_08.json,mtt,200.125,1,0.336,0.336,0.34
b8z_01,knowledges/gto_wizard_full/b8_near_zero/b8z_01.json,mtt,200.125,1,0.336,0.336,0.34
b8z_04,knowledges/gto_wizard_full/b8_near_zero/b8z_04.json,mtt,200.125,1,1.009,1.009,1.01
b7z_07,knowledges/gto_wizard_full/b7_kxx_grad/b7z_07.json,mtt,200.125,1,2.762,2.762,2.76
b7z_04,knowledges/gto_wizard_full/b7_kxx_grad/b7z_04.json,mtt,200.125,1,1.005,1.005,1.01
b7z_05,knowledges/gto_wizard_full/b7_kxx_grad/b7z_05.json,mtt,200.125,1,1.005,1.005,1.01
b7z_08,knowledges/gto_wizard_full/b7_kxx_grad/b7z_08.json,mtt,200.125,1,2.762,2.762,2.76
b7z_01,knowledges/gto_wizard_full/b7_kxx_grad/b7z_01.json,mtt,200.125,1,2.762,2.762,2.76
b7z_03,knowledges/gto_wizard_full/b7_kxx_grad/b7z_03.json,mtt,200.125,1,1.005,1.005,1.01
b7z_06,knowledges/gto_wizard_full/b7_kxx_grad/b7z_06.json,mtt,200.125,1,1.005,1.005,1.01
b7z_09,knowledges/gto_wizard_full/b7_kxx_grad/b7z_09.json,mtt,200.125,1,2.762,2.762,2.76
b7z_02,knowledges/gto_wizard_full/b7_kxx_grad/b7z_02.json,mtt,200.125,1,1.005,1.005,1.01
b7z_10,knowledges/gto_wizard_full/b7_kxx_grad/b7z_10.json,mtt,200.125,1,1.005,1.005,1.01
b29_05,knowledges/gto_wizard_full/b29_cash_multiway/b29_05.json,cash,100,1,0.333,0.333,0.33
b29_07,knowledges/gto_wizard_full/b29_cash_multiway/b29_07.json,cash,100,1,0.333,0.333,0.33
b29_03,knowledges/gto_wizard_full/b29_cash_multiway/b29_03.json,cash,100,1,0.333,0.333,0.33
b29_01,knowledges/gto_wizard_full/b29_cash_multiway/b29_01.json,cash,100,1,0.333,0.333,0.33
b29_06,knowledges/gto_wizard_full/b29_cash_multiway/b29_06.json,cash,100,1,0.333,0.333,0.33
b29_08,knowledges/gto_wizard_full/b29_cash_multiway/b29_08.json,cash,100,1,0.333,0.333,0.33
b29_04,knowledges/gto_wizard_full/b29_cash_multiway/b29_04.json,cash,100,1,0.333,0.333,0.33
b29_02,knowledges/gto_wizard_full/b29_cash_multiway/b29_02.json,cash,100,1,0.333,0.333,0.33
b4_05,knowledges/gto_wizard_full/b4_xxxx_river/b4_05.json,mtt,200.125,1,1.257,1.257,1.26
b4_08,knowledges/gto_wizard_full/b4_xxxx_river/b4_08.json,mtt,200.125,1,0.331,0.331,0.33
b4_06,knowledges/gto_wizard_full/b4_xxxx_river/b4_06.json,mtt,200.125,1,0.331,0.331,0.33
b4_09,knowledges/gto_wizard_full/b4_xxxx_river/b4_09.json,mtt,200.125,1,0.326,0.326,0.33
b4_03,knowledges/gto_wizard_full/b4_xxxx_river/b4_03.json,mtt,200.125,1,1.257,1.257,1.26
b4_01,knowledges/gto_wizard_full/b4_xxxx_river/b4_01.json,mtt,200.125,1,1.257,1.257,1.26
b4_04,knowledges/gto_wizard_full/b4_xxxx_river/b4_04.json,mtt,200.125,1,1.257,1.257,1.26
b4_02,knowledges/gto_wizard_full/b4_xxxx_river/b4_02.json,mtt,200.125,1,1.257,1.257,1.26
b4_10,knowledges/gto_wizard_full/b4_xxxx_river/b4_10.json,mtt,200.125,1,1.256,1.256,1.26
b4_07,knowledges/gto_wizard_full/b4_xxxx_river/b4_07.json,mtt,200.125,1,1.256,1.256,1.26
b4_11,knowledges/gto_wizard_full/b4_xxxx_river/b4_11.json,mtt,200.125,1,0.326,0.326,0.33
b4_12,knowledges/gto_wizard_full/b4_xxxx_river/b4_12.json,mtt,200.125,1,1.256,1.256,1.26
b1_11,knowledges/gto_wizard_full/b1_turn_donk_pair/b1_11.json,mtt,200.125,1,0.328,0.328,0.33
b1_12,knowledges/gto_wizard_full/b1_turn_donk_pair/b1_12.json,mtt,200.125,1,0.328,0.328,0.33
b1_15,knowledges/gto_wizard_full/b1_turn_donk_flush/b1_15.json,mtt,200.125,1,2.762,2.762,2.76
b26_02,knowledges/gto_wizard_full/b26_cash_3bp/b26_02.json,cash,100,1,0.2,0.2,0.20
b26_05,knowledges/gto_wizard_full/b26_cash_3bp/b26_05.json,cash,100,1,0.469,0.469,0.47
b26_01,knowledges/gto_wizard_full/b26_cash_3bp/b26_01.json,cash,100,1,3.145,3.145,3.15
b26_08,knowledges/gto_wizard_full/b26_cash_3bp/b26_08.json,cash,100,1,0.469,0.469,0.47
b26_07,knowledges/gto_wizard_full/b26_cash_3bp/b26_07.json,cash,100,1,3.145,3.145,3.15
b26_06,knowledges/gto_wizard_full/b26_cash_3bp/b26_06.json,cash,100,1,0.2,0.2,0.20
b26_04,knowledges/gto_wizard_full/b26_cash_3bp/b26_04.json,cash,100,1,0.2,0.2,0.20
b26_03,knowledges/gto_wizard_full/b26_cash_3bp/b26_03.json,cash,100,1,0.2,0.2,0.20
b7_04,knowledges/gto_wizard_full/b7_turn_cbet/b7_04.json,mtt,200.125,1,2.762,2.762,2.76
b7_01,knowledges/gto_wizard_full/b7_turn_cbet/b7_01.json,mtt,200.125,1,1.005,1.005,1.01
b7_18,knowledges/gto_wizard_full/b7_turn_cbet/b7_18.json,mtt,200.125,1,1.005,1.005,1.01
b7_17,knowledges/gto_wizard_full/b7_turn_cbet/b7_17.json,mtt,200.125,1,2.762,2.762,2.76
b7_07,knowledges/gto_wizard_full/b7_turn_cbet/b7_07.json,mtt,200.125,1,1.005,1.005,1.01
b7_20,knowledges/gto_wizard_full/b7_turn_cbet/b7_20.json,mtt,200.125,1,2.762,2.762,2.76
b7_19,knowledges/gto_wizard_full/b7_turn_cbet/b7_19.json,mtt,200.125,1,1.005,1.005,1.01
b7_08,knowledges/gto_wizard_full/b7_turn_cbet/b7_08.json,mtt,200.125,1,1.005,1.005,1.01
b7_05,knowledges/gto_wizard_full/b7_turn_cbet/b7_05.json,mtt,200.125,1,2.762,2.762,2.76
b7_06,knowledges/gto_wizard_full/b7_turn_cbet/b7_06.json,mtt,200.125,1,2.762,2.762,2.76
b7_15,knowledges/gto_wizard_full/b7_turn_cbet/b7_15.json,mtt,200.125,1,1.005,1.005,1.01
b7_16,knowledges/gto_wizard_full/b7_turn_cbet/b7_16.json,mtt,200.125,1,1.005,1.005,1.01
b7_03,knowledges/gto_wizard_full/b7_turn_cbet/b7_03.json,mtt,200.125,1,1.005,1.005,1.01
b7_14,knowledges/gto_wizard_full/b7_turn_cbet/b7_14.json,mtt,200.125,1,1.569,1.569,1.57
b7_13,knowledges/gto_wizard_full/b7_turn_cbet/b7_13.json,mtt,200.125,1,1.569,1.569,1.57
b7_09,knowledges/gto_wizard_full/b7_turn_cbet/b7_09.json,mtt,200.125,1,1.005,1.005,1.01
b7_02,knowledges/gto_wizard_full/b7_turn_cbet/b7_02.json,mtt,200.125,1,2.762,2.762,2.76
b7_11,knowledges/gto_wizard_full/b7_turn_cbet/b7_11.json,mtt,200.125,1,1.005,1.005,1.01
b7_10,knowledges/gto_wizard_full/b7_turn_cbet/b7_10.json,mtt,200.125,1,1.005,1.005,1.01
b7_12,knowledges/gto_wizard_full/b7_turn_cbet/b7_12.json,mtt,200.125,1,1.005,1.005,1.01
b30_04,knowledges/gto_wizard_full/b30_cash_limp/b30_04.json,cash,100,1,0.5,0.5,0.50
b30_01,knowledges/gto_wizard_full/b30_cash_limp/b30_01.json,cash,100,1,0.5,0.5,0.50
b30_02,knowledges/gto_wizard_full/b30_cash_limp/b30_02.json,cash,100,1,0.5,0.5,0.50
b30_03,knowledges/gto_wizard_full/b30_cash_limp/b30_03.json,cash,100,1,0.5,0.5,0.50
b30_05,knowledges/gto_wizard_full/b30_cash_limp/b30_05.json,cash,100,1,1.8,1.8,1.80
b25_sb_987,knowledges/gto_wizard_full/b25_cash_wet/b25_sb_987.json,cash,100,1,0.329,0.329,0.33
b25_hj_jt9,knowledges/gto_wizard_full/b25_cash_wet/b25_hj_jt9.json,cash,100,1,0.327,0.327,0.33
b25_co_q42,knowledges/gto_wizard_full/b25_cash_wet/b25_co_q42.json,cash,100,1,0.327,0.327,0.33
b25_btn_jt9,knowledges/gto_wizard_full/b25_cash_wet/b25_btn_jt9.json,cash,100,1,0.327,0.327,0.33
b25_utg_987,knowledges/gto_wizard_full/b25_cash_wet/b25_utg_987.json,cash,100,1,0.327,0.327,0.33
b25_co_987,knowledges/gto_wizard_full/b25_cash_wet/b25_co_987.json,cash,100,1,0.327,0.327,0.33
b25_hj_q42,knowledges/gto_wizard_full/b25_cash_wet/b25_hj_q42.json,cash,100,1,0.327,0.327,0.33
b25_hj_987,knowledges/gto_wizard_full/b25_cash_wet/b25_hj_987.json,cash,100,1,0.327,0.327,0.33
C14b,knowledges/gto_wizard_full/SRP_BTN_river_check/C14b.json,mtt,200.125,1,0.329,0.329,0.33
b36_01,knowledges/gto_wizard_full/b36_low_connected/b36_01.json,cash,100,1,1.164,1.164,1.16
b36_08,knowledges/gto_wizard_full/b36_low_connected/b36_08.json,cash,100,1,0.327,0.327,0.33
b36_06,knowledges/gto_wizard_full/b36_low_connected/b36_06.json,cash,100,1,0.327,0.327,0.33
b36_02,knowledges/gto_wizard_full/b36_low_connected/b36_02.json,cash,100,1,1.164,1.164,1.16
b36_09,knowledges/gto_wizard_full/b36_low_connected/b36_09.json,cash,100,1,0.327,0.327,0.33
b36_11,knowledges/gto_wizard_full/b36_low_connected/b36_11.json,cash,100,1,0.327,0.327,0.33
b36_12,knowledges/gto_wizard_full/b36_low_connected/b36_12.json,cash,100,1,0.327,0.327,0.33
b36_05,knowledges/gto_wizard_full/b36_low_connected/b36_05.json,cash,100,1,0.327,0.327,0.33
b36_03,knowledges/gto_wizard_full/b36_low_connected/b36_03.json,cash,100,1,0.327,0.327,0.33
b36_10,knowledges/gto_wizard_full/b36_low_connected/b36_10.json,cash,100,1,0.327,0.327,0.33
b36_04,knowledges/gto_wizard_full/b36_low_connected/b36_04.json,cash,100,1,0.327,0.327,0.33
b36_07,knowledges/gto_wizard_full/b36_low_connected/b36_07.json,cash,100,1,1.164,1.164,1.16
C13b,knowledges/gto_wizard_full/SRP_BTN_turn_cbc/C13b.json,mtt,200.125,1,2.573,2.573,2.57
C12b,knowledges/gto_wizard_full/SRP_BTN_turn_cbc/C12b.json,mtt,200.125,1,1.478,1.478,1.48
C10b,knowledges/gto_wizard_full/SRP_BTN_turn_cbc/C10b.json,mtt,200.125,1,2.573,2.573,2.57
C11b,knowledges/gto_wizard_full/SRP_BTN_turn_cbc/C11b.json,mtt,200.125,1,2.573,2.573,2.57
b8_16,knowledges/gto_wizard_full/b8_turn_probe/b8_16.json,mtt,200.125,1,1.009,1.009,1.01
b8_14,knowledges/gto_wizard_full/b8_turn_probe/b8_14.json,mtt,200.125,1,1.009,1.009,1.01
b8_25,knowledges/gto_wizard_full/b8_turn_probe/b8_25.json,mtt,200.125,1,3.717,3.717,3.72
b8_12,knowledges/gto_wizard_full/b8_turn_probe/b8_12.json,mtt,200.125,1,1.009,1.009,1.01
b8_19,knowledges/gto_wizard_full/b8_turn_probe/b8_19.json,mtt,200.125,1,1.009,1.009,1.01
b8_04,knowledges/gto_wizard_full/b8_turn_probe/b8_04.json,mtt,200.125,1,1.009,1.009,1.01
b8_05,knowledges/gto_wizard_full/b8_turn_probe/b8_05.json,mtt,200.125,1,0.336,0.336,0.34
b8_11,knowledges/gto_wizard_full/b8_turn_probe/b8_11.json,mtt,200.125,1,1.009,1.009,1.01
b8_23,knowledges/gto_wizard_full/b8_turn_probe/b8_23.json,mtt,200.125,1,1.009,1.009,1.01
b8_20,knowledges/gto_wizard_full/b8_turn_probe/b8_20.json,mtt,200.125,1,1.009,1.009,1.01
b8_06,knowledges/gto_wizard_full/b8_turn_probe/b8_06.json,mtt,200.125,1,1.009,1.009,1.01
b8_09,knowledges/gto_wizard_full/b8_turn_probe/b8_09.json,mtt,200.125,1,3.717,3.717,3.72
b8_07,knowledges/gto_wizard_full/b8_turn_probe/b8_07.json,mtt,200.125,1,1.009,1.009,1.01
b8_15,knowledges/gto_wizard_full/b8_turn_probe/b8_15.json,mtt,200.125,1,3.717,3.717,3.72
b8_13,knowledges/gto_wizard_full/b8_turn_probe/b8_13.json,mtt,200.125,1,3.717,3.717,3.72
b8_02,knowledges/gto_wizard_full/b8_turn_probe/b8_02.json,mtt,200.125,1,1.009,1.009,1.01
b8_22,knowledges/gto_wizard_full/b8_turn_probe/b8_22.json,mtt,200.125,1,3.717,3.717,3.72
b8_03,knowledges/gto_wizard_full/b8_turn_probe/b8_03.json,mtt,200.125,1,3.717,3.717,3.72
b8_01,knowledges/gto_wizard_full/b8_turn_probe/b8_01.json,mtt,200.125,1,3.717,3.717,3.72
b8_17,knowledges/gto_wizard_full/b8_turn_probe/b8_17.json,mtt,200.125,1,1.009,1.009,1.01
b8_21,knowledges/gto_wizard_full/b8_turn_probe/b8_21.json,mtt,200.125,1,0.336,0.336,0.34
b8_24,knowledges/gto_wizard_full/b8_turn_probe/b8_24.json,mtt,200.125,1,1.009,1.009,1.01
b8_18,knowledges/gto_wizard_full/b8_turn_probe/b8_18.json,mtt,200.125,1,1.009,1.009,1.01
b8_08,knowledges/gto_wizard_full/b8_turn_probe/b8_08.json,mtt,200.125,1,0.336,0.336,0.34
b8_10,knowledges/gto_wizard_full/b8_turn_probe/b8_10.json,mtt,200.125,1,0.336,0.336,0.34
b1_19,knowledges/gto_wizard_full/b1_turn_donk_mono/b1_19.json,mtt,200.125,1,2.762,2.762,2.76
b1_20,knowledges/gto_wizard_full/b1_turn_donk_mono/b1_20.json,mtt,200.125,1,2.762,2.762,2.76
b1_08,knowledges/gto_wizard_full/b1_turn_donk/b1_08.json,mtt,200.125,1,1.526,1.526,1.53
b1_10,knowledges/gto_wizard_full/b1_turn_donk/b1_10.json,mtt,200.125,1,2.762,2.762,2.76
b1_02,knowledges/gto_wizard_full/b1_turn_donk/b1_02.json,mtt,200.125,1,2.573,2.573,2.57
b1_05,knowledges/gto_wizard_full/b1_turn_donk/b1_05.json,mtt,200.125,1,1.478,1.478,1.48
b1_06,knowledges/gto_wizard_full/b1_turn_donk/b1_06.json,mtt,200.125,1,2.657,2.657,2.66
b1_03,knowledges/gto_wizard_full/b1_turn_donk/b1_03.json,mtt,200.125,1,2.573,2.573,2.57
b1_04,knowledges/gto_wizard_full/b1_turn_donk/b1_04.json,mtt,200.125,1,2.573,2.573,2.57
b1_09,knowledges/gto_wizard_full/b1_turn_donk/b1_09.json,mtt,200.125,1,2.762,2.762,2.76
b1_01,knowledges/gto_wizard_full/b1_turn_donk/b1_01.json,mtt,200.125,1,2.573,2.573,2.57
b1_07,knowledges/gto_wizard_full/b1_turn_donk/b1_07.json,mtt,200.125,1,2.657,2.657,2.66
b37_08,knowledges/gto_wizard_full/b37_2tone_compare/b37_08.json,cash,100,1,0.327,0.327,0.33
b37_06,knowledges/gto_wizard_full/b37_2tone_compare/b37_06.json,cash,100,1,0.327,0.327,0.33
b37_04,knowledges/gto_wizard_full/b37_2tone_compare/b37_04.json,cash,100,1,0.327,0.327,0.33
b37_01,knowledges/gto_wizard_full/b37_2tone_compare/b37_01.json,cash,100,1,0.327,0.327,0.33
b37_03,knowledges/gto_wizard_full/b37_2tone_compare/b37_03.json,cash,100,1,0.327,0.327,0.33
b37_02,knowledges/gto_wizard_full/b37_2tone_compare/b37_02.json,cash,100,1,0.327,0.327,0.33
b37_05,knowledges/gto_wizard_full/b37_2tone_compare/b37_05.json,cash,100,1,0.327,0.327,0.33
b37_07,knowledges/gto_wizard_full/b37_2tone_compare/b37_07.json,cash,100,1,1.164,1.164,1.16
b31_04,knowledges/gto_wizard_full/b31_cash_river/b31_04.json,cash,100,1,0.327,0.327,0.33
b31_05,knowledges/gto_wizard_full/b31_cash_river/b31_05.json,cash,100,1,0.253,0.253,0.25
b31_03,knowledges/gto_wizard_full/b31_cash_river/b31_03.json,cash,100,1,0.327,0.327,0.33
b31_02,knowledges/gto_wizard_full/b31_cash_river/b31_02.json,cash,100,1,0.327,0.327,0.33
b31_06,knowledges/gto_wizard_full/b31_cash_river/b31_06.json,cash,100,1,1.0,1.0,1.00
b31_01,knowledges/gto_wizard_full/b31_cash_river/b31_01.json,cash,100,1,0.327,0.327,0.33
b10_06,knowledges/gto_wizard_full/b10_mono/b10_06.json,mtt,200.125,1,2.762,2.762,2.76
b10_01,knowledges/gto_wizard_full/b10_mono/b10_01.json,mtt,200.125,1,2.762,2.762,2.76
b10_04,knowledges/gto_wizard_full/b10_mono/b10_04.json,mtt,200.125,1,0.328,0.328,0.33
b10_07,knowledges/gto_wizard_full/b10_mono/b10_07.json,mtt,200.125,1,1.575,1.575,1.58
b10_09,knowledges/gto_wizard_full/b10_mono/b10_09.json,mtt,200.125,1,1.009,1.009,1.01
b10_02,knowledges/gto_wizard_full/b10_mono/b10_02.json,mtt,200.125,1,2.762,2.762,2.76
b10_10,knowledges/gto_wizard_full/b10_mono/b10_10.json,mtt,200.125,1,1.009,1.009,1.01
b10_03,knowledges/gto_wizard_full/b10_mono/b10_03.json,mtt,200.125,1,2.762,2.762,2.76
b10_05,knowledges/gto_wizard_full/b10_mono/b10_05.json,mtt,200.125,1,0.328,0.328,0.33
b10_08,knowledges/gto_wizard_full/b10_mono/b10_08.json,mtt,200.125,1,0.336,0.336,0.34
b40_09,knowledges/gto_wizard_full/b40_hj_diverse/b40_09.json,cash,100,1,0.327,0.327,0.33
b40_01,knowledges/gto_wizard_full/b40_hj_diverse/b40_01.json,cash,100,1,0.327,0.327,0.33
b40_11,knowledges/gto_wizard_full/b40_hj_diverse/b40_11.json,cash,100,1,1.164,1.164,1.16
b40_04,knowledges/gto_wizard_full/b40_hj_diverse/b40_04.json,cash,100,1,0.327,0.327,0.33
b40_02,knowledges/gto_wizard_full/b40_hj_diverse/b40_02.json,cash,100,1,0.327,0.327,0.33
b40_07,knowledges/gto_wizard_full/b40_hj_diverse/b40_07.json,cash,100,1,0.327,0.327,0.33
b40_08,knowledges/gto_wizard_full/b40_hj_diverse/b40_08.json,cash,100,1,0.327,0.327,0.33
b40_05,knowledges/gto_wizard_full/b40_hj_diverse/b40_05.json,cash,100,1,1.164,1.164,1.16
b40_03,knowledges/gto_wizard_full/b40_hj_diverse/b40_03.json,cash,100,1,0.327,0.327,0.33
b40_10,knowledges/gto_wizard_full/b40_hj_diverse/b40_10.json,cash,100,1,0.327,0.327,0.33
b40_06,knowledges/gto_wizard_full/b40_hj_diverse/b40_06.json,cash,100,1,0.327,0.327,0.33
b40_12,knowledges/gto_wizard_full/b40_hj_diverse/b40_12.json,cash,100,1,0.327,0.327,0.33
B19b,knowledges/gto_wizard_full/turn_donk_BTN/B19b.json,mtt,200.125,1,2.573,2.573,2.57
b1x_02,knowledges/gto_wizard_full/b1_pair_top/b1x_02.json,mtt,200.125,1,2.762,2.762,2.76
b1x_03,knowledges/gto_wizard_full/b1_pair_top/b1x_03.json,mtt,200.125,1,0.2,0.2,0.20
b1x_04,knowledges/gto_wizard_full/b1_pair_top/b1x_04.json,mtt,200.125,1,2.762,2.762,2.76
b1x_01,knowledges/gto_wizard_full/b1_pair_top/b1x_01.json,mtt,200.125,1,0.328,0.328,0.33
b1x_05,knowledges/gto_wizard_full/b1_pair_top/b1x_05.json,mtt,200.125,1,2.762,2.762,2.76
b33_11,knowledges/gto_wizard_full/b33_ahigh_gradient/b33_11.json,cash,100,1,0.327,0.327,0.33
b33_07,knowledges/gto_wizard_full/b33_ahigh_gradient/b33_07.json,cash,100,1,1.164,1.164,1.16
b33_09,knowledges/gto_wizard_full/b33_ahigh_gradient/b33_09.json,cash,100,1,1.164,1.164,1.16
b33_04,knowledges/gto_wizard_full/b33_ahigh_gradient/b33_04.json,cash,100,1,0.327,0.327,0.33
b33_05,knowledges/gto_wizard_full/b33_ahigh_gradient/b33_05.json,cash,100,1,0.327,0.327,0.33
b33_02,knowledges/gto_wizard_full/b33_ahigh_gradient/b33_02.json,cash,100,1,0.327,0.327,0.33
b33_03,knowledges/gto_wizard_full/b33_ahigh_gradient/b33_03.json,cash,100,1,0.327,0.327,0.33
b33_06,knowledges/gto_wizard_full/b33_ahigh_gradient/b33_06.json,cash,100,1,1.164,1.164,1.16
b33_01,knowledges/gto_wizard_full/b33_ahigh_gradient/b33_01.json,cash,100,1,0.327,0.327,0.33
b33_08,knowledges/gto_wizard_full/b33_ahigh_gradient/b33_08.json,cash,100,1,1.164,1.164,1.16
b33_12,knowledges/gto_wizard_full/b33_ahigh_gradient/b33_12.json,cash,100,1,0.327,0.327,0.33
b33_10,knowledges/gto_wizard_full/b33_ahigh_gradient/b33_10.json,cash,100,1,0.327,0.327,0.33
b1x_16,knowledges/gto_wizard_full/b1_str8/b1x_16.json,mtt,200.125,1,2.762,2.762,2.76
b1x_18,knowledges/gto_wizard_full/b1_str8/b1x_18.json,mtt,200.125,1,2.762,2.762,2.76
b1x_15,knowledges/gto_wizard_full/b1_str8/b1x_15.json,mtt,200.125,1,2.762,2.762,2.76
b1x_19,knowledges/gto_wizard_full/b1_str8/b1x_19.json,mtt,200.125,1,0.328,0.328,0.33
b1x_17,knowledges/gto_wizard_full/b1_str8/b1x_17.json,mtt,200.125,1,2.762,2.762,2.76
b1x_20,knowledges/gto_wizard_full/b1_str8/b1x_20.json,mtt,200.125,1,0.328,0.328,0.33
b3z_06,knowledges/gto_wizard_full/b3_grad/b3z_06.json,mtt,200.125,1,0.327,0.327,0.33
b3z_04,knowledges/gto_wizard_full/b3_grad/b3z_04.json,mtt,200.125,1,0.327,0.327,0.33
b3z_13,knowledges/gto_wizard_full/b3_grad/b3z_13.json,mtt,200.125,1,0.327,0.327,0.33
b3z_14,knowledges/gto_wizard_full/b3_grad/b3z_14.json,mtt,200.125,1,0.327,0.327,0.33
b3z_09,knowledges/gto_wizard_full/b3_grad/b3z_09.json,mtt,200.125,1,0.327,0.327,0.33
b3z_12,knowledges/gto_wizard_full/b3_grad/b3z_12.json,mtt,200.125,1,0.327,0.327,0.33
b3z_08,knowledges/gto_wizard_full/b3_grad/b3z_08.json,mtt,200.125,1,0.327,0.327,0.33
b3z_02,knowledges/gto_wizard_full/b3_grad/b3z_02.json,mtt,200.125,1,0.327,0.327,0.33
b3z_07,knowledges/gto_wizard_full/b3_grad/b3z_07.json,mtt,200.125,1,0.327,0.327,0.33
b3z_15,knowledges/gto_wizard_full/b3_grad/b3z_15.json,mtt,200.125,1,0.327,0.327,0.33
b3z_11,knowledges/gto_wizard_full/b3_grad/b3z_11.json,mtt,200.125,1,0.327,0.327,0.33
b3z_05,knowledges/gto_wizard_full/b3_grad/b3z_05.json,mtt,200.125,1,0.327,0.327,0.33
b3z_03,knowledges/gto_wizard_full/b3_grad/b3z_03.json,mtt,200.125,1,0.327,0.327,0.33
b3z_10,knowledges/gto_wizard_full/b3_grad/b3z_10.json,mtt,200.125,1,0.327,0.327,0.33
b3z_01,knowledges/gto_wizard_full/b3_grad/b3z_01.json,mtt,200.125,1,0.327,0.327,0.33
b20_hj_03,knowledges/gto_wizard_full/b20_cash_100bb_hj/b20_hj_03.json,cash,100,1,1.164,1.164,1.16
b20_hj_01,knowledges/gto_wizard_full/b20_cash_100bb_hj/b20_hj_01.json,cash,100,1,0.327,0.327,0.33
b20_hj_04,knowledges/gto_wizard_full/b20_cash_100bb_hj/b20_hj_04.json,cash,100,1,0.327,0.327,0.33
b20_hj_02,knowledges/gto_wizard_full/b20_cash_100bb_hj/b20_hj_02.json,cash,100,1,0.327,0.327,0.33
b20_hj_06,knowledges/gto_wizard_full/b20_cash_100bb_hj/b20_hj_06.json,cash,100,1,0.327,0.327,0.33
b20_hj_05,knowledges/gto_wizard_full/b20_cash_100bb_hj/b20_hj_05.json,cash,100,1,1.164,1.164,1.16
b1x_08,knowledges/gto_wizard_full/b1_pair_mid/b1x_08.json,mtt,200.125,1,0.2,0.2,0.20
b1x_07,knowledges/gto_wizard_full/b1_pair_mid/b1x_07.json,mtt,200.125,1,2.762,2.762,2.76
b1x_09,knowledges/gto_wizard_full/b1_pair_mid/b1x_09.json,mtt,200.125,1,2.762,2.762,2.76
b1x_06,knowledges/gto_wizard_full/b1_pair_mid/b1x_06.json,mtt,200.125,1,0.328,0.328,0.33
b3x_11,knowledges/gto_wizard_full/b3_co_mw/b3x_11.json,mtt,200.125,1,0.327,0.327,0.33
b3x_10,knowledges/gto_wizard_full/b3_co_mw/b3x_10.json,mtt,200.125,1,0.327,0.327,0.33
b3x_08,knowledges/gto_wizard_full/b3_co_mw/b3x_08.json,mtt,200.125,1,0.327,0.327,0.33
b3x_12,knowledges/gto_wizard_full/b3_co_mw/b3x_12.json,mtt,200.125,1,0.327,0.327,0.33
b3x_13,knowledges/gto_wizard_full/b3_co_mw/b3x_13.json,mtt,200.125,1,0.327,0.327,0.33
b3x_09,knowledges/gto_wizard_full/b3_co_mw/b3x_09.json,mtt,200.125,1,0.327,0.327,0.33
C15b,knowledges/gto_wizard_full/SRP_CO_turn_cbc/C15b.json,mtt,200.125,1,2.657,2.657,2.66
b25_utg_kk7,knowledges/gto_wizard_full/b25_cash_paired/b25_utg_kk7.json,cash,100,1,0.327,0.327,0.33
b25_co_kk7,knowledges/gto_wizard_full/b25_cash_paired/b25_co_kk7.json,cash,100,1,0.327,0.327,0.33
b25_sb_kk7,knowledges/gto_wizard_full/b25_cash_paired/b25_sb_kk7.json,cash,100,1,0.329,0.329,0.33
b25_sb_774,knowledges/gto_wizard_full/b25_cash_paired/b25_sb_774.json,cash,100,1,0.329,0.329,0.33
b25_co_774,knowledges/gto_wizard_full/b25_cash_paired/b25_co_774.json,cash,100,1,1.164,1.164,1.16
b25_utg_aak,knowledges/gto_wizard_full/b25_cash_paired/b25_utg_aak.json,cash,100,1,0.327,0.327,0.33
b25_utg_774,knowledges/gto_wizard_full/b25_cash_paired/b25_utg_774.json,cash,100,1,0.327,0.327,0.33
b25_hj_kk7,knowledges/gto_wizard_full/b25_cash_paired/b25_hj_kk7.json,cash,100,1,0.327,0.327,0.33
b25_hj_774,knowledges/gto_wizard_full/b25_cash_paired/b25_hj_774.json,cash,100,1,0.327,0.327,0.33
b25_hj_aak,knowledges/gto_wizard_full/b25_cash_paired/b25_hj_aak.json,cash,100,1,0.327,0.327,0.33
b1_13,knowledges/gto_wizard_full/b1_turn_donk_str8/b1_13.json,mtt,200.125,1,2.762,2.762,2.76
b1_14,knowledges/gto_wizard_full/b1_turn_donk_str8/b1_14.json,mtt,200.125,1,0.328,0.328,0.33
b3_15,knowledges/gto_wizard_full/b3_mw_donk/b3_15.json,mtt,200.125,1,0.327,0.327,0.33
b3_14,knowledges/gto_wizard_full/b3_mw_donk/b3_14.json,mtt,200.125,1,0.327,0.327,0.33
b3_11,knowledges/gto_wizard_full/b3_mw_donk/b3_11.json,mtt,200.125,1,0.327,0.327,0.33
b3_05,knowledges/gto_wizard_full/b3_mw_donk/b3_05.json,mtt,200.125,1,0.327,0.327,0.33
b3_13,knowledges/gto_wizard_full/b3_mw_donk/b3_13.json,mtt,200.125,1,0.327,0.327,0.33
b3_03,knowledges/gto_wizard_full/b3_mw_donk/b3_03.json,mtt,200.125,1,0.327,0.327,0.33
b3_12,knowledges/gto_wizard_full/b3_mw_donk/b3_12.json,mtt,200.125,1,0.327,0.327,0.33
b3_07,knowledges/gto_wizard_full/b3_mw_donk/b3_07.json,mtt,200.125,1,0.327,0.327,0.33
b3_04,knowledges/gto_wizard_full/b3_mw_donk/b3_04.json,mtt,200.125,1,0.327,0.327,0.33
b3_01,knowledges/gto_wizard_full/b3_mw_donk/b3_01.json,mtt,200.125,1,0.327,0.327,0.33
b3_02,knowledges/gto_wizard_full/b3_mw_donk/b3_02.json,mtt,200.125,1,0.327,0.327,0.33
b3_08,knowledges/gto_wizard_full/b3_mw_donk/b3_08.json,mtt,200.125,1,0.327,0.327,0.33
b3_06,knowledges/gto_wizard_full/b3_mw_donk/b3_06.json,mtt,200.125,1,0.327,0.327,0.33
b3_09,knowledges/gto_wizard_full/b3_mw_donk/b3_09.json,mtt,200.125,1,0.327,0.327,0.33
b3_10,knowledges/gto_wizard_full/b3_mw_donk/b3_10.json,mtt,200.125,1,0.327,0.327,0.33
b20_utg_04,knowledges/gto_wizard_full/b20_cash_100bb_utg/b20_utg_04.json,cash,100,1,0.327,0.327,0.33
b20_utg_02,knowledges/gto_wizard_full/b20_cash_100bb_utg/b20_utg_02.json,cash,100,1,0.327,0.327,0.33
b20_utg_05,knowledges/gto_wizard_full/b20_cash_100bb_utg/b20_utg_05.json,cash,100,1,1.164,1.164,1.16
b20_utg_03,knowledges/gto_wizard_full/b20_cash_100bb_utg/b20_utg_03.json,cash,100,1,1.164,1.164,1.16
b20_utg_07,knowledges/gto_wizard_full/b20_cash_100bb_utg/b20_utg_07.json,cash,100,1,0.327,0.327,0.33
b20_utg_01,knowledges/gto_wizard_full/b20_cash_100bb_utg/b20_utg_01.json,cash,100,1,0.327,0.327,0.33
b20_utg_06,knowledges/gto_wizard_full/b20_cash_100bb_utg/b20_utg_06.json,cash,100,1,0.327,0.327,0.33
b35_08,knowledges/gto_wizard_full/b35_jt_low/b35_08.json,cash,100,1,1.164,1.164,1.16
b35_05,knowledges/gto_wizard_full/b35_jt_low/b35_05.json,cash,100,1,1.164,1.164,1.16
b35_01,knowledges/gto_wizard_full/b35_jt_low/b35_01.json,cash,100,1,1.164,1.164,1.16
b35_06,knowledges/gto_wizard_full/b35_jt_low/b35_06.json,cash,100,1,0.327,0.327,0.33
b35_12,knowledges/gto_wizard_full/b35_jt_low/b35_12.json,cash,100,1,1.164,1.164,1.16
b35_07,knowledges/gto_wizard_full/b35_jt_low/b35_07.json,cash,100,1,1.164,1.164,1.16
b35_11,knowledges/gto_wizard_full/b35_jt_low/b35_11.json,cash,100,1,1.164,1.164,1.16
b35_03,knowledges/gto_wizard_full/b35_jt_low/b35_03.json,cash,100,1,1.164,1.164,1.16
b35_09,knowledges/gto_wizard_full/b35_jt_low/b35_09.json,cash,100,1,1.164,1.164,1.16
b35_04,knowledges/gto_wizard_full/b35_jt_low/b35_04.json,cash,100,1,1.164,1.164,1.16
b35_10,knowledges/gto_wizard_full/b35_jt_low/b35_10.json,cash,100,1,1.164,1.164,1.16
b35_02,knowledges/gto_wizard_full/b35_jt_low/b35_02.json,cash,100,1,1.164,1.164,1.16
A09b,knowledges/gto_wizard_full/3bp_turn_XX/A09b.json,mtt,200.125,1,1.403,1.403,1.40
A08b,knowledges/gto_wizard_full/3bp_turn_XX/A08b.json,mtt,200.125,1,1.403,1.403,1.40
A02b,knowledges/gto_wizard_full/3bp_turn_XX/A02b.json,mtt,200.125,1,0.199,0.199,0.20
b9_03,knowledges/gto_wizard_full/b9_paired_flop/b9_03.json,mtt,200.125,1,2.762,2.762,2.76
b9_09,knowledges/gto_wizard_full/b9_paired_flop/b9_09.json,mtt,200.125,1,0.336,0.336,0.34
b9_08,knowledges/gto_wizard_full/b9_paired_flop/b9_08.json,mtt,200.125,1,1.575,1.575,1.58
b9_04,knowledges/gto_wizard_full/b9_paired_flop/b9_04.json,mtt,200.125,1,2.762,2.762,2.76
b9_02,knowledges/gto_wizard_full/b9_paired_flop/b9_02.json,mtt,200.125,1,2.762,2.762,2.76
b9_01,knowledges/gto_wizard_full/b9_paired_flop/b9_01.json,mtt,200.125,1,2.762,2.762,2.76
b9_05,knowledges/gto_wizard_full/b9_paired_flop/b9_05.json,mtt,200.125,1,2.762,2.762,2.76
b9_10,knowledges/gto_wizard_full/b9_paired_flop/b9_10.json,mtt,200.125,1,1.575,1.575,1.58
b25_hj_mono1,knowledges/gto_wizard_full/b25_cash_mono/b25_hj_mono1.json,cash,100,1,0.327,0.327,0.33
b25_co_mono1,knowledges/gto_wizard_full/b25_cash_mono/b25_co_mono1.json,cash,100,1,0.327,0.327,0.33
b25_utg_mono1,knowledges/gto_wizard_full/b25_cash_mono/b25_utg_mono1.json,cash,100,1,0.327,0.327,0.33
b25_sb_mono1,knowledges/gto_wizard_full/b25_cash_mono/b25_sb_mono1.json,cash,100,1,1.029,1.029,1.03
b39_03,knowledges/gto_wizard_full/b39_paired_diverse/b39_03.json,cash,100,1,0.327,0.327,0.33
b39_08,knowledges/gto_wizard_full/b39_paired_diverse/b39_08.json,cash,100,1,0.327,0.327,0.33
b39_02,knowledges/gto_wizard_full/b39_paired_diverse/b39_02.json,cash,100,1,0.327,0.327,0.33
b39_05,knowledges/gto_wizard_full/b39_paired_diverse/b39_05.json,cash,100,1,0.327,0.327,0.33
b39_04,knowledges/gto_wizard_full/b39_paired_diverse/b39_04.json,cash,100,1,0.327,0.327,0.33
b39_07,knowledges/gto_wizard_full/b39_paired_diverse/b39_07.json,cash,100,1,0.327,0.327,0.33
b39_01,knowledges/gto_wizard_full/b39_paired_diverse/b39_01.json,cash,100,1,0.327,0.327,0.33
b39_06,knowledges/gto_wizard_full/b39_paired_diverse/b39_06.json,cash,100,1,0.327,0.327,0.33
b28_05,knowledges/gto_wizard_full/b28_cash_turn/b28_05.json,cash,100,1,1.846,1.846,1.85
b28_07,knowledges/gto_wizard_full/b28_cash_turn/b28_07.json,cash,100,1,1.153,1.153,1.15
b28_03,knowledges/gto_wizard_full/b28_cash_turn/b28_03.json,cash,100,1,0.67,0.67,0.67
b28_06,knowledges/gto_wizard_full/b28_cash_turn/b28_06.json,cash,100,1,0.67,0.67,0.67
b28_01,knowledges/gto_wizard_full/b28_cash_turn/b28_01.json,cash,100,1,0.67,0.67,0.67
b28_02,knowledges/gto_wizard_full/b28_cash_turn/b28_02.json,cash,100,1,0.67,0.67,0.67
b28_04,knowledges/gto_wizard_full/b28_cash_turn/b28_04.json,cash,100,1,1.846,1.846,1.85
b28_08,knowledges/gto_wizard_full/b28_cash_turn/b28_08.json,cash,100,1,0.67,0.67,0.67
b34_12,knowledges/gto_wizard_full/b34_qhigh_gradient/b34_12.json,cash,100,1,1.164,1.164,1.16
b34_05,knowledges/gto_wizard_full/b34_qhigh_gradient/b34_05.json,cash,100,1,0.327,0.327,0.33
b34_09,knowledges/gto_wizard_full/b34_qhigh_gradient/b34_09.json,cash,100,1,1.164,1.164,1.16
b34_06,knowledges/gto_wizard_full/b34_qhigh_gradient/b34_06.json,cash,100,1,0.327,0.327,0.33
b34_08,knowledges/gto_wizard_full/b34_qhigh_gradient/b34_08.json,cash,100,1,0.327,0.327,0.33
b34_04,knowledges/gto_wizard_full/b34_qhigh_gradient/b34_04.json,cash,100,1,0.327,0.327,0.33
b34_07,knowledges/gto_wizard_full/b34_qhigh_gradient/b34_07.json,cash,100,1,1.164,1.164,1.16
b34_10,knowledges/gto_wizard_full/b34_qhigh_gradient/b34_10.json,cash,100,1,0.327,0.327,0.33
b34_03,knowledges/gto_wizard_full/b34_qhigh_gradient/b34_03.json,cash,100,1,0.327,0.327,0.33
b34_11,knowledges/gto_wizard_full/b34_qhigh_gradient/b34_11.json,cash,100,1,1.164,1.164,1.16
b34_02,knowledges/gto_wizard_full/b34_qhigh_gradient/b34_02.json,cash,100,1,0.327,0.327,0.33
b34_01,knowledges/gto_wizard_full/b34_qhigh_gradient/b34_01.json,cash,100,1,0.327,0.327,0.33
b5_07,knowledges/gto_wizard_full/b5_river_giveup/b5_07.json,mtt,200.125,1,0.328,0.328,0.33
b5_01,knowledges/gto_wizard_full/b5_river_giveup/b5_01.json,mtt,200.125,1,1.249,1.249,1.25
b5_02,knowledges/gto_wizard_full/b5_river_giveup/b5_02.json,mtt,200.125,1,0.328,0.328,0.33
b5_12,knowledges/gto_wizard_full/b5_river_giveup/b5_12.json,mtt,200.125,1,0.328,0.328,0.33
b5_11,knowledges/gto_wizard_full/b5_river_giveup/b5_11.json,mtt,200.125,1,1.249,1.249,1.25
b5_09,knowledges/gto_wizard_full/b5_river_giveup/b5_09.json,mtt,200.125,1,1.249,1.249,1.25
b5_10,knowledges/gto_wizard_full/b5_river_giveup/b5_10.json,mtt,200.125,1,0.328,0.328,0.33
b5_03,knowledges/gto_wizard_full/b5_river_giveup/b5_03.json,mtt,200.125,1,0.328,0.328,0.33
b5_05,knowledges/gto_wizard_full/b5_river_giveup/b5_05.json,mtt,200.125,1,1.249,1.249,1.25
b5_13,knowledges/gto_wizard_full/b5_river_giveup/b5_13.json,mtt,200.125,1,0.328,0.328,0.33
b5_14,knowledges/gto_wizard_full/b5_river_giveup/b5_14.json,mtt,200.125,1,1.249,1.249,1.25
b5_15,knowledges/gto_wizard_full/b5_river_giveup/b5_15.json,mtt,200.125,1,0.328,0.328,0.33
b5_06,knowledges/gto_wizard_full/b5_river_giveup/b5_06.json,mtt,200.125,1,0.328,0.328,0.33
b5_08,knowledges/gto_wizard_full/b5_river_giveup/b5_08.json,mtt,200.125,1,1.249,1.249,1.25
B11,knowledges/gto_wizard_study/flop_donk_BB/B11.json,mtt,200.125,1,1.575,1.575,1.58
B10,knowledges/gto_wizard_study/flop_donk_BB/B10.json,mtt,200.125,1,1.575,1.575,1.58
B12,knowledges/gto_wizard_study/flop_donk_BB/B12.json,mtt,200.125,1,0.336,0.336,0.34
B13,knowledges/gto_wizard_study/flop_donk_BB/B13.json,mtt,200.125,1,0.336,0.336,0.34
B09,knowledges/gto_wizard_study/flop_donk_BB/B09.json,mtt,200.125,1,1.575,1.575,1.58
b21_sb_02,knowledges/gto_wizard_study/b21_mtt_sb/b21_sb_02.json,mtt,100.125,1,0.335,0.335,0.34
b21_sb_03,knowledges/gto_wizard_study/b21_mtt_sb/b21_sb_03.json,mtt,100.125,1,0.981,0.981,0.98
b21_sb_04,knowledges/gto_wizard_study/b21_mtt_sb/b21_sb_04.json,mtt,100.125,1,0.981,0.981,0.98
b21_sb_01,knowledges/gto_wizard_study/b21_mtt_sb/b21_sb_01.json,mtt,100.125,1,0.335,0.335,0.34
b32_06,knowledges/gto_wizard_study/b32_khigh_gradient/b32_06.json,cash,100,1,0.327,0.327,0.33
b32_15,knowledges/gto_wizard_study/b32_khigh_gradient/b32_15.json,cash,100,1,1.164,1.164,1.16
b32_12,knowledges/gto_wizard_study/b32_khigh_gradient/b32_12.json,cash,100,1,0.327,0.327,0.33
b32_11,knowledges/gto_wizard_study/b32_khigh_gradient/b32_11.json,cash,100,1,0.327,0.327,0.33
b32_04,knowledges/gto_wizard_study/b32_khigh_gradient/b32_04.json,cash,100,1,0.327,0.327,0.33
b32_13,knowledges/gto_wizard_study/b32_khigh_gradient/b32_13.json,cash,100,1,1.164,1.164,1.16
b32_03,knowledges/gto_wizard_study/b32_khigh_gradient/b32_03.json,cash,100,1,0.327,0.327,0.33
b32_07,knowledges/gto_wizard_study/b32_khigh_gradient/b32_07.json,cash,100,1,0.327,0.327,0.33
b32_10,knowledges/gto_wizard_study/b32_khigh_gradient/b32_10.json,cash,100,1,0.327,0.327,0.33
b32_14,knowledges/gto_wizard_study/b32_khigh_gradient/b32_14.json,cash,100,1,0.327,0.327,0.33
b32_08,knowledges/gto_wizard_study/b32_khigh_gradient/b32_08.json,cash,100,1,1.164,1.164,1.16
b32_01,knowledges/gto_wizard_study/b32_khigh_gradient/b32_01.json,cash,100,1,0.327,0.327,0.33
b32_02,knowledges/gto_wizard_study/b32_khigh_gradient/b32_02.json,cash,100,1,0.327,0.327,0.33
b32_05,knowledges/gto_wizard_study/b32_khigh_gradient/b32_05.json,cash,100,1,0.327,0.327,0.33
b32_09,knowledges/gto_wizard_study/b32_khigh_gradient/b32_09.json,cash,100,1,0.327,0.327,0.33
b38_05,knowledges/gto_wizard_study/b38_mono_diverse/b38_05.json,cash,100,1,0.327,0.327,0.33
b38_06,knowledges/gto_wizard_study/b38_mono_diverse/b38_06.json,cash,100,1,0.327,0.327,0.33
b38_07,knowledges/gto_wizard_study/b38_mono_diverse/b38_07.json,cash,100,1,0.327,0.327,0.33
b38_03,knowledges/gto_wizard_study/b38_mono_diverse/b38_03.json,cash,100,1,0.327,0.327,0.33
b38_08,knowledges/gto_wizard_study/b38_mono_diverse/b38_08.json,cash,100,1,0.327,0.327,0.33
b38_02,knowledges/gto_wizard_study/b38_mono_diverse/b38_02.json,cash,100,1,0.327,0.327,0.33
b38_01,knowledges/gto_wizard_study/b38_mono_diverse/b38_01.json,cash,100,1,0.327,0.327,0.33
b38_04,knowledges/gto_wizard_study/b38_mono_diverse/b38_04.json,cash,100,1,0.327,0.327,0.33
C07,knowledges/gto_wizard_study/SRP_river_check/C07.json,mtt,200.125,1,1.249,1.249,1.25
C08,knowledges/gto_wizard_study/SRP_river_check/C08.json,mtt,200.125,1,1.249,1.249,1.25
C09,knowledges/gto_wizard_study/SRP_river_check/C09.json,mtt,200.125,1,0.328,0.328,0.33
D09,knowledges/gto_wizard_study/3way_HJ_river/D09.json,mtt,200.125,1,0.503,0.503,0.50
D08,knowledges/gto_wizard_study/3way_HJ_river/D08.json,mtt,200.125,1,0.503,0.503,0.50
b1z_05,knowledges/gto_wizard_study/b1_pair_grad/b1z_05.json,mtt,200.125,1,0.2,0.2,0.20
b1z_01,knowledges/gto_wizard_study/b1_pair_grad/b1z_01.json,mtt,200.125,1,0.328,0.328,0.33
b1z_02,knowledges/gto_wizard_study/b1_pair_grad/b1z_02.json,mtt,200.125,1,0.328,0.328,0.33
b1z_07,knowledges/gto_wizard_study/b1_pair_grad/b1z_07.json,mtt,200.125,1,1.569,1.569,1.57
b1z_04,knowledges/gto_wizard_study/b1_pair_grad/b1z_04.json,mtt,200.125,1,2.762,2.762,2.76
b1z_10,knowledges/gto_wizard_study/b1_pair_grad/b1z_10.json,mtt,200.125,1,0.328,0.328,0.33
b1z_08,knowledges/gto_wizard_study/b1_pair_grad/b1z_08.json,mtt,200.125,1,2.762,2.762,2.76
b1z_06,knowledges/gto_wizard_study/b1_pair_grad/b1z_06.json,mtt,200.125,1,1.569,1.569,1.57
b1z_03,knowledges/gto_wizard_study/b1_pair_grad/b1z_03.json,mtt,200.125,1,2.762,2.762,2.76
b1z_12,knowledges/gto_wizard_study/b1_pair_grad/b1z_12.json,mtt,200.125,1,0.328,0.328,0.33
b1z_09,knowledges/gto_wizard_study/b1_pair_grad/b1z_09.json,mtt,200.125,1,0.328,0.328,0.33
b1z_11,knowledges/gto_wizard_study/b1_pair_grad/b1z_11.json,mtt,200.125,1,0.328,0.328,0.33
b15_utg_04,knowledges/gto_wizard_study/b15_100bb_utg/b15_utg_04.json,mtt,100.125,1,0.33,0.33,0.33
b15_utg_05,knowledges/gto_wizard_study/b15_100bb_utg/b15_utg_05.json,mtt,100.125,1,1.156,1.156,1.16
b15_utg_02,knowledges/gto_wizard_study/b15_100bb_utg/b15_utg_02.json,mtt,100.125,1,0.33,0.33,0.33
b15_utg_03,knowledges/gto_wizard_study/b15_100bb_utg/b15_utg_03.json,mtt,100.125,1,0.33,0.33,0.33
b15_utg_01,knowledges/gto_wizard_study/b15_100bb_utg/b15_utg_01.json,mtt,100.125,1,0.33,0.33,0.33
b24_01,knowledges/gto_wizard_study/b24_cash_special/b24_01.json,cash,100,1,0.327,0.327,0.33
b24_06,knowledges/gto_wizard_study/b24_cash_special/b24_06.json,cash,100,1,0.327,0.327,0.33
b24_03,knowledges/gto_wizard_study/b24_cash_special/b24_03.json,cash,100,1,0.327,0.327,0.33
b24_07,knowledges/gto_wizard_study/b24_cash_special/b24_07.json,cash,100,1,0.327,0.327,0.33
b24_04,knowledges/gto_wizard_study/b24_cash_special/b24_04.json,cash,100,1,0.327,0.327,0.33
b24_02,knowledges/gto_wizard_study/b24_cash_special/b24_02.json,cash,100,1,0.327,0.327,0.33
b24_08,knowledges/gto_wizard_study/b24_cash_special/b24_08.json,cash,100,1,0.327,0.327,0.33
b24_05,knowledges/gto_wizard_study/b24_cash_special/b24_05.json,cash,100,1,0.327,0.327,0.33
D15,knowledges/gto_wizard_study/3way_BTN_river/D15.json,mtt,200.125,1,0.503,0.503,0.50
b1_17,knowledges/gto_wizard_study/b1_turn_donk_paired/b1_17.json,mtt,200.125,1,2.762,2.762,2.76
b1_18,knowledges/gto_wizard_study/b1_turn_donk_paired/b1_18.json,mtt,200.125,1,0.328,0.328,0.33
b1x_11,knowledges/gto_wizard_study/b1_pair_bot/b1x_11.json,mtt,200.125,1,0.328,0.328,0.33
b1x_12,knowledges/gto_wizard_study/b1_pair_bot/b1x_12.json,mtt,200.125,1,0.328,0.328,0.33
b1x_14,knowledges/gto_wizard_study/b1_pair_bot/b1x_14.json,mtt,200.125,1,0.328,0.328,0.33
b1x_10,knowledges/gto_wizard_study/b1_pair_bot/b1x_10.json,mtt,200.125,1,0.328,0.328,0.33
b3x_07,knowledges/gto_wizard_study/b3_btn_mw/b3x_07.json,mtt,200.125,1,0.327,0.327,0.33
b3x_06,knowledges/gto_wizard_study/b3_btn_mw/b3x_06.json,mtt,200.125,1,0.327,0.327,0.33
b3x_02,knowledges/gto_wizard_study/b3_btn_mw/b3x_02.json,mtt,200.125,1,0.327,0.327,0.33
b3x_05,knowledges/gto_wizard_study/b3_btn_mw/b3x_05.json,mtt,200.125,1,0.327,0.327,0.33
b3x_03,knowledges/gto_wizard_study/b3_btn_mw/b3x_03.json,mtt,200.125,1,0.327,0.327,0.33
b3x_04,knowledges/gto_wizard_study/b3_btn_mw/b3x_04.json,mtt,200.125,1,0.327,0.327,0.33
b3x_01,knowledges/gto_wizard_study/b3_btn_mw/b3x_01.json,mtt,200.125,1,0.327,0.327,0.33
b1_16,knowledges/gto_wizard_study/b1_turn_donk_overcard/b1_16.json,mtt,200.125,1,2.762,2.762,2.76
b15_btn_02,knowledges/gto_wizard_study/b15_100bb_btn/b15_btn_02.json,mtt,100.125,1,0.336,0.336,0.34
b15_btn_03,knowledges/gto_wizard_study/b15_100bb_btn/b15_btn_03.json,mtt,100.125,1,0.336,0.336,0.34
b15_btn_01,knowledges/gto_wizard_study/b15_100bb_btn/b15_btn_01.json,mtt,100.125,1,0.336,0.336,0.34
b23_btn_01,knowledges/gto_wizard_study/b23_cash_50bb/b23_btn_01.json,cash,50,1,0.327,0.327,0.33
b8z_12,knowledges/gto_wizard_study/b8_near_zero/b8z_12.json,mtt,200.125,1,0.336,0.336,0.34
b8z_09,knowledges/gto_wizard_study/b8_near_zero/b8z_09.json,mtt,200.125,1,0.336,0.336,0.34
b8z_03,knowledges/gto_wizard_study/b8_near_zero/b8z_03.json,mtt,200.125,1,3.717,3.717,3.72
b8z_02,knowledges/gto_wizard_study/b8_near_zero/b8z_02.json,mtt,200.125,1,1.009,1.009,1.01
b8z_11,knowledges/gto_wizard_study/b8_near_zero/b8z_11.json,mtt,200.125,1,0.336,0.336,0.34
b8z_05,knowledges/gto_wizard_study/b8_near_zero/b8z_05.json,mtt,200.125,1,1.009,1.009,1.01
b8z_06,knowledges/gto_wizard_study/b8_near_zero/b8z_06.json,mtt,200.125,1,3.717,3.717,3.72
b8z_07,knowledges/gto_wizard_study/b8_near_zero/b8z_07.json,mtt,200.125,1,3.717,3.717,3.72
b8z_10,knowledges/gto_wizard_study/b8_near_zero/b8z_10.json,mtt,200.125,1,3.717,3.717,3.72
b8z_08,knowledges/gto_wizard_study/b8_near_zero/b8z_08.json,mtt,200.125,1,0.336,0.336,0.34
b8z_01,knowledges/gto_wizard_study/b8_near_zero/b8z_01.json,mtt,200.125,1,0.336,0.336,0.34
b8z_04,knowledges/gto_wizard_study/b8_near_zero/b8z_04.json,mtt,200.125,1,1.009,1.009,1.01
b7z_07,knowledges/gto_wizard_study/b7_kxx_grad/b7z_07.json,mtt,200.125,1,2.762,2.762,2.76
b7z_04,knowledges/gto_wizard_study/b7_kxx_grad/b7z_04.json,mtt,200.125,1,1.005,1.005,1.01
b7z_05,knowledges/gto_wizard_study/b7_kxx_grad/b7z_05.json,mtt,200.125,1,1.005,1.005,1.01
b7z_08,knowledges/gto_wizard_study/b7_kxx_grad/b7z_08.json,mtt,200.125,1,2.762,2.762,2.76
b7z_01,knowledges/gto_wizard_study/b7_kxx_grad/b7z_01.json,mtt,200.125,1,2.762,2.762,2.76
b7z_03,knowledges/gto_wizard_study/b7_kxx_grad/b7z_03.json,mtt,200.125,1,1.005,1.005,1.01
b7z_06,knowledges/gto_wizard_study/b7_kxx_grad/b7z_06.json,mtt,200.125,1,1.005,1.005,1.01
b7z_09,knowledges/gto_wizard_study/b7_kxx_grad/b7z_09.json,mtt,200.125,1,2.762,2.762,2.76
b7z_02,knowledges/gto_wizard_study/b7_kxx_grad/b7z_02.json,mtt,200.125,1,1.005,1.005,1.01
b7z_10,knowledges/gto_wizard_study/b7_kxx_grad/b7z_10.json,mtt,200.125,1,1.005,1.005,1.01
b20_co_05,knowledges/gto_wizard_study/b20_cash_100bb_co/b20_co_05.json,cash,100,1,0.327,0.327,0.33
b20_co_04,knowledges/gto_wizard_study/b20_cash_100bb_co/b20_co_04.json,cash,100,1,1.164,1.164,1.16
b20_co_02,knowledges/gto_wizard_study/b20_cash_100bb_co/b20_co_02.json,cash,100,1,0.327,0.327,0.33
b20_co_01,knowledges/gto_wizard_study/b20_cash_100bb_co/b20_co_01.json,cash,100,1,0.327,0.327,0.33
b20_co_03,knowledges/gto_wizard_study/b20_cash_100bb_co/b20_co_03.json,cash,100,1,1.164,1.164,1.16
b29_05,knowledges/gto_wizard_study/b29_cash_multiway/b29_05.json,cash,100,1,0.333,0.333,0.33
b29_07,knowledges/gto_wizard_study/b29_cash_multiway/b29_07.json,cash,100,1,0.333,0.333,0.33
b29_03,knowledges/gto_wizard_study/b29_cash_multiway/b29_03.json,cash,100,1,0.333,0.333,0.33
b29_01,knowledges/gto_wizard_study/b29_cash_multiway/b29_01.json,cash,100,1,0.333,0.333,0.33
b29_06,knowledges/gto_wizard_study/b29_cash_multiway/b29_06.json,cash,100,1,0.333,0.333,0.33
b29_08,knowledges/gto_wizard_study/b29_cash_multiway/b29_08.json,cash,100,1,0.333,0.333,0.33
b29_04,knowledges/gto_wizard_study/b29_cash_multiway/b29_04.json,cash,100,1,0.333,0.333,0.33
b29_02,knowledges/gto_wizard_study/b29_cash_multiway/b29_02.json,cash,100,1,0.333,0.333,0.33
b4_05,knowledges/gto_wizard_study/b4_xxxx_river/b4_05.json,mtt,200.125,1,1.257,1.257,1.26
b4_08,knowledges/gto_wizard_study/b4_xxxx_river/b4_08.json,mtt,200.125,1,0.331,0.331,0.33
b4_06,knowledges/gto_wizard_study/b4_xxxx_river/b4_06.json,mtt,200.125,1,0.331,0.331,0.33
b4_09,knowledges/gto_wizard_study/b4_xxxx_river/b4_09.json,mtt,200.125,1,0.326,0.326,0.33
b4_03,knowledges/gto_wizard_study/b4_xxxx_river/b4_03.json,mtt,200.125,1,1.257,1.257,1.26
b4_01,knowledges/gto_wizard_study/b4_xxxx_river/b4_01.json,mtt,200.125,1,1.257,1.257,1.26
b4_04,knowledges/gto_wizard_study/b4_xxxx_river/b4_04.json,mtt,200.125,1,1.257,1.257,1.26
b4_02,knowledges/gto_wizard_study/b4_xxxx_river/b4_02.json,mtt,200.125,1,1.257,1.257,1.26
b4_10,knowledges/gto_wizard_study/b4_xxxx_river/b4_10.json,mtt,200.125,1,1.256,1.256,1.26
b4_07,knowledges/gto_wizard_study/b4_xxxx_river/b4_07.json,mtt,200.125,1,1.256,1.256,1.26
b4_11,knowledges/gto_wizard_study/b4_xxxx_river/b4_11.json,mtt,200.125,1,0.326,0.326,0.33
b4_12,knowledges/gto_wizard_study/b4_xxxx_river/b4_12.json,mtt,200.125,1,1.256,1.256,1.26
b15_co_04,knowledges/gto_wizard_study/b15_100bb_co/b15_co_04.json,mtt,100.125,1,1.15,1.15,1.15
b15_co_01,knowledges/gto_wizard_study/b15_100bb_co/b15_co_01.json,mtt,100.125,1,0.336,0.336,0.34
b15_co_03,knowledges/gto_wizard_study/b15_100bb_co/b15_co_03.json,mtt,100.125,1,1.15,1.15,1.15
b15_co_05,knowledges/gto_wizard_study/b15_100bb_co/b15_co_05.json,mtt,100.125,1,1.15,1.15,1.15
b15_co_02,knowledges/gto_wizard_study/b15_100bb_co/b15_co_02.json,mtt,100.125,1,0.336,0.336,0.34
D01,knowledges/gto_wizard_study/3way_HJ_flop_SB/D01.json,mtt,200.125,1,0.327,0.327,0.33
D03,knowledges/gto_wizard_study/3way_HJ_flop_SB/D03.json,mtt,200.125,1,0.327,0.327,0.33
D04,knowledges/gto_wizard_study/3way_HJ_flop_SB/D04.json,mtt,200.125,1,0.327,0.327,0.33
D02,knowledges/gto_wizard_study/3way_HJ_flop_SB/D02.json,mtt,200.125,1,0.327,0.327,0.33
b1_11,knowledges/gto_wizard_study/b1_turn_donk_pair/b1_11.json,mtt,200.125,1,0.328,0.328,0.33
b1_12,knowledges/gto_wizard_study/b1_turn_donk_pair/b1_12.json,mtt,200.125,1,0.328,0.328,0.33
B15,knowledges/gto_wizard_study/flop_donk_BTN/B15.json,mtt,200.125,1,0.326,0.326,0.33
B14,knowledges/gto_wizard_study/flop_donk_BTN/B14.json,mtt,200.125,1,1.488,1.488,1.49
B06,knowledges/gto_wizard_study/turn_donk_BB/B06.json,mtt,200.125,1,2.762,2.762,2.76
B07,knowledges/gto_wizard_study/turn_donk_BB/B07.json,mtt,200.125,1,2.762,2.762,2.76
B08,knowledges/gto_wizard_study/turn_donk_BB/B08.json,mtt,200.125,1,2.762,2.762,2.76
b1_15,knowledges/gto_wizard_study/b1_turn_donk_flush/b1_15.json,mtt,200.125,1,2.762,2.762,2.76
b26_02,knowledges/gto_wizard_study/b26_cash_3bp/b26_02.json,cash,100,1,0.2,0.2,0.20
b26_05,knowledges/gto_wizard_study/b26_cash_3bp/b26_05.json,cash,100,1,0.469,0.469,0.47
b26_01,knowledges/gto_wizard_study/b26_cash_3bp/b26_01.json,cash,100,1,3.145,3.145,3.15
b26_08,knowledges/gto_wizard_study/b26_cash_3bp/b26_08.json,cash,100,1,0.469,0.469,0.47
b26_07,knowledges/gto_wizard_study/b26_cash_3bp/b26_07.json,cash,100,1,3.145,3.145,3.15
b26_06,knowledges/gto_wizard_study/b26_cash_3bp/b26_06.json,cash,100,1,0.2,0.2,0.20
b26_04,knowledges/gto_wizard_study/b26_cash_3bp/b26_04.json,cash,100,1,0.2,0.2,0.20
b26_03,knowledges/gto_wizard_study/b26_cash_3bp/b26_03.json,cash,100,1,0.2,0.2,0.20
b20_sb_04,knowledges/gto_wizard_study/b20_cash_100bb_sb/b20_sb_04.json,cash,100,1,1.029,1.029,1.03
b20_sb_02,knowledges/gto_wizard_study/b20_cash_100bb_sb/b20_sb_02.json,cash,100,1,0.329,0.329,0.33
b20_sb_01,knowledges/gto_wizard_study/b20_cash_100bb_sb/b20_sb_01.json,cash,100,1,0.329,0.329,0.33
b20_sb_03,knowledges/gto_wizard_study/b20_cash_100bb_sb/b20_sb_03.json,cash,100,1,1.029,1.029,1.03
b7_04,knowledges/gto_wizard_study/b7_turn_cbet/b7_04.json,mtt,200.125,1,2.762,2.762,2.76
b7_01,knowledges/gto_wizard_study/b7_turn_cbet/b7_01.json,mtt,200.125,1,1.005,1.005,1.01
b7_18,knowledges/gto_wizard_study/b7_turn_cbet/b7_18.json,mtt,200.125,1,1.005,1.005,1.01
b7_17,knowledges/gto_wizard_study/b7_turn_cbet/b7_17.json,mtt,200.125,1,2.762,2.762,2.76
b7_07,knowledges/gto_wizard_study/b7_turn_cbet/b7_07.json,mtt,200.125,1,1.005,1.005,1.01
b7_20,knowledges/gto_wizard_study/b7_turn_cbet/b7_20.json,mtt,200.125,1,2.762,2.762,2.76
b7_19,knowledges/gto_wizard_study/b7_turn_cbet/b7_19.json,mtt,200.125,1,1.005,1.005,1.01
b7_08,knowledges/gto_wizard_study/b7_turn_cbet/b7_08.json,mtt,200.125,1,1.005,1.005,1.01
b7_05,knowledges/gto_wizard_study/b7_turn_cbet/b7_05.json,mtt,200.125,1,2.762,2.762,2.76
b7_06,knowledges/gto_wizard_study/b7_turn_cbet/b7_06.json,mtt,200.125,1,2.762,2.762,2.76
b7_15,knowledges/gto_wizard_study/b7_turn_cbet/b7_15.json,mtt,200.125,1,1.005,1.005,1.01
b7_16,knowledges/gto_wizard_study/b7_turn_cbet/b7_16.json,mtt,200.125,1,1.005,1.005,1.01
b7_03,knowledges/gto_wizard_study/b7_turn_cbet/b7_03.json,mtt,200.125,1,1.005,1.005,1.01
b7_14,knowledges/gto_wizard_study/b7_turn_cbet/b7_14.json,mtt,200.125,1,1.569,1.569,1.57
b7_13,knowledges/gto_wizard_study/b7_turn_cbet/b7_13.json,mtt,200.125,1,1.569,1.569,1.57
b7_09,knowledges/gto_wizard_study/b7_turn_cbet/b7_09.json,mtt,200.125,1,1.005,1.005,1.01
b7_02,knowledges/gto_wizard_study/b7_turn_cbet/b7_02.json,mtt,200.125,1,2.762,2.762,2.76
b7_11,knowledges/gto_wizard_study/b7_turn_cbet/b7_11.json,mtt,200.125,1,1.005,1.005,1.01
b7_10,knowledges/gto_wizard_study/b7_turn_cbet/b7_10.json,mtt,200.125,1,1.005,1.005,1.01
b7_12,knowledges/gto_wizard_study/b7_turn_cbet/b7_12.json,mtt,200.125,1,1.005,1.005,1.01
b21_btn_06,knowledges/gto_wizard_study/b21_mtt_btn_more/b21_btn_06.json,mtt,100.125,1,1.088,1.088,1.09
b21_btn_07,knowledges/gto_wizard_study/b21_mtt_btn_more/b21_btn_07.json,mtt,100.125,1,0.336,0.336,0.34
b21_btn_04,knowledges/gto_wizard_study/b21_mtt_btn_more/b21_btn_04.json,mtt,100.125,1,1.088,1.088,1.09
b21_btn_05,knowledges/gto_wizard_study/b21_mtt_btn_more/b21_btn_05.json,mtt,100.125,1,1.088,1.088,1.09
B05,knowledges/gto_wizard_study/turn_probe_BB/B05.json,mtt,200.125,1,1.009,1.009,1.01
B04,knowledges/gto_wizard_study/turn_probe_BB/B04.json,mtt,200.125,1,0.336,0.336,0.34
B03,knowledges/gto_wizard_study/turn_probe_BB/B03.json,mtt,200.125,1,0.336,0.336,0.34
B02,knowledges/gto_wizard_study/turn_probe_BB/B02.json,mtt,200.125,1,1.009,1.009,1.01
B01,knowledges/gto_wizard_study/turn_probe_BB/B01.json,mtt,200.125,1,3.717,3.717,3.72
b30_04,knowledges/gto_wizard_study/b30_cash_limp/b30_04.json,cash,100,1,0.5,0.5,0.50
b30_01,knowledges/gto_wizard_study/b30_cash_limp/b30_01.json,cash,100,1,0.5,0.5,0.50
b30_02,knowledges/gto_wizard_study/b30_cash_limp/b30_02.json,cash,100,1,0.5,0.5,0.50
b30_03,knowledges/gto_wizard_study/b30_cash_limp/b30_03.json,cash,100,1,0.5,0.5,0.50
b30_05,knowledges/gto_wizard_study/b30_cash_limp/b30_05.json,cash,100,1,1.8,1.8,1.80
D17,knowledges/gto_wizard_study/3way_CO_turn/D17.json,mtt,200.125,1,0.327,0.327,0.33
b25_sb_987,knowledges/gto_wizard_study/b25_cash_wet/b25_sb_987.json,cash,100,1,0.329,0.329,0.33
b25_hj_jt9,knowledges/gto_wizard_study/b25_cash_wet/b25_hj_jt9.json,cash,100,1,0.327,0.327,0.33
b25_co_q42,knowledges/gto_wizard_study/b25_cash_wet/b25_co_q42.json,cash,100,1,0.327,0.327,0.33
b25_btn_jt9,knowledges/gto_wizard_study/b25_cash_wet/b25_btn_jt9.json,cash,100,1,0.327,0.327,0.33
b25_utg_987,knowledges/gto_wizard_study/b25_cash_wet/b25_utg_987.json,cash,100,1,0.327,0.327,0.33
b25_co_987,knowledges/gto_wizard_study/b25_cash_wet/b25_co_987.json,cash,100,1,0.327,0.327,0.33
b25_hj_q42,knowledges/gto_wizard_study/b25_cash_wet/b25_hj_q42.json,cash,100,1,0.327,0.327,0.33
b25_hj_987,knowledges/gto_wizard_study/b25_cash_wet/b25_hj_987.json,cash,100,1,0.327,0.327,0.33
C14b,knowledges/gto_wizard_study/SRP_BTN_river_check/C14b.json,mtt,200.125,1,0.329,0.329,0.33
D07,knowledges/gto_wizard_study/3way_HJ_turn/D07.json,mtt,200.125,1,0.327,0.327,0.33
D06,knowledges/gto_wizard_study/3way_HJ_turn/D06.json,mtt,200.125,1,0.327,0.327,0.33
D05,knowledges/gto_wizard_study/3way_HJ_turn/D05.json,mtt,200.125,1,0.327,0.327,0.33
b36_01,knowledges/gto_wizard_study/b36_low_connected/b36_01.json,cash,100,1,1.164,1.164,1.16
b36_08,knowledges/gto_wizard_study/b36_low_connected/b36_08.json,cash,100,1,0.327,0.327,0.33
b36_06,knowledges/gto_wizard_study/b36_low_connected/b36_06.json,cash,100,1,0.327,0.327,0.33
b36_02,knowledges/gto_wizard_study/b36_low_connected/b36_02.json,cash,100,1,1.164,1.164,1.16
b36_09,knowledges/gto_wizard_study/b36_low_connected/b36_09.json,cash,100,1,0.327,0.327,0.33
b36_11,knowledges/gto_wizard_study/b36_low_connected/b36_11.json,cash,100,1,0.327,0.327,0.33
b36_12,knowledges/gto_wizard_study/b36_low_connected/b36_12.json,cash,100,1,0.327,0.327,0.33
b36_05,knowledges/gto_wizard_study/b36_low_connected/b36_05.json,cash,100,1,0.327,0.327,0.33
b36_03,knowledges/gto_wizard_study/b36_low_connected/b36_03.json,cash,100,1,0.327,0.327,0.33
b36_10,knowledges/gto_wizard_study/b36_low_connected/b36_10.json,cash,100,1,0.327,0.327,0.33
b36_04,knowledges/gto_wizard_study/b36_low_connected/b36_04.json,cash,100,1,0.327,0.327,0.33
b36_07,knowledges/gto_wizard_study/b36_low_connected/b36_07.json,cash,100,1,1.164,1.164,1.16
C13b,knowledges/gto_wizard_study/SRP_BTN_turn_cbc/C13b.json,mtt,200.125,1,2.573,2.573,2.57
C12b,knowledges/gto_wizard_study/SRP_BTN_turn_cbc/C12b.json,mtt,200.125,1,1.478,1.478,1.48
C10b,knowledges/gto_wizard_study/SRP_BTN_turn_cbc/C10b.json,mtt,200.125,1,2.573,2.573,2.57
C11b,knowledges/gto_wizard_study/SRP_BTN_turn_cbc/C11b.json,mtt,200.125,1,2.573,2.573,2.57
b8_16,knowledges/gto_wizard_study/b8_turn_probe/b8_16.json,mtt,200.125,1,1.009,1.009,1.01
b8_14,knowledges/gto_wizard_study/b8_turn_probe/b8_14.json,mtt,200.125,1,1.009,1.009,1.01
b8_25,knowledges/gto_wizard_study/b8_turn_probe/b8_25.json,mtt,200.125,1,3.717,3.717,3.72
b8_12,knowledges/gto_wizard_study/b8_turn_probe/b8_12.json,mtt,200.125,1,1.009,1.009,1.01
b8_19,knowledges/gto_wizard_study/b8_turn_probe/b8_19.json,mtt,200.125,1,1.009,1.009,1.01
b8_04,knowledges/gto_wizard_study/b8_turn_probe/b8_04.json,mtt,200.125,1,1.009,1.009,1.01
b8_05,knowledges/gto_wizard_study/b8_turn_probe/b8_05.json,mtt,200.125,1,0.336,0.336,0.34
b8_11,knowledges/gto_wizard_study/b8_turn_probe/b8_11.json,mtt,200.125,1,1.009,1.009,1.01
b8_23,knowledges/gto_wizard_study/b8_turn_probe/b8_23.json,mtt,200.125,1,1.009,1.009,1.01
b8_20,knowledges/gto_wizard_study/b8_turn_probe/b8_20.json,mtt,200.125,1,1.009,1.009,1.01
b8_06,knowledges/gto_wizard_study/b8_turn_probe/b8_06.json,mtt,200.125,1,1.009,1.009,1.01
b8_09,knowledges/gto_wizard_study/b8_turn_probe/b8_09.json,mtt,200.125,1,3.717,3.717,3.72
b8_07,knowledges/gto_wizard_study/b8_turn_probe/b8_07.json,mtt,200.125,1,1.009,1.009,1.01
b8_15,knowledges/gto_wizard_study/b8_turn_probe/b8_15.json,mtt,200.125,1,3.717,3.717,3.72
b8_13,knowledges/gto_wizard_study/b8_turn_probe/b8_13.json,mtt,200.125,1,3.717,3.717,3.72
b8_02,knowledges/gto_wizard_study/b8_turn_probe/b8_02.json,mtt,200.125,1,1.009,1.009,1.01
b8_22,knowledges/gto_wizard_study/b8_turn_probe/b8_22.json,mtt,200.125,1,3.717,3.717,3.72
b8_03,knowledges/gto_wizard_study/b8_turn_probe/b8_03.json,mtt,200.125,1,3.717,3.717,3.72
b8_01,knowledges/gto_wizard_study/b8_turn_probe/b8_01.json,mtt,200.125,1,3.717,3.717,3.72
b8_17,knowledges/gto_wizard_study/b8_turn_probe/b8_17.json,mtt,200.125,1,1.009,1.009,1.01
b8_21,knowledges/gto_wizard_study/b8_turn_probe/b8_21.json,mtt,200.125,1,0.336,0.336,0.34
b8_24,knowledges/gto_wizard_study/b8_turn_probe/b8_24.json,mtt,200.125,1,1.009,1.009,1.01
b8_18,knowledges/gto_wizard_study/b8_turn_probe/b8_18.json,mtt,200.125,1,1.009,1.009,1.01
b8_08,knowledges/gto_wizard_study/b8_turn_probe/b8_08.json,mtt,200.125,1,0.336,0.336,0.34
b8_10,knowledges/gto_wizard_study/b8_turn_probe/b8_10.json,mtt,200.125,1,0.336,0.336,0.34
b1_19,knowledges/gto_wizard_study/b1_turn_donk_mono/b1_19.json,mtt,200.125,1,2.762,2.762,2.76
b1_20,knowledges/gto_wizard_study/b1_turn_donk_mono/b1_20.json,mtt,200.125,1,2.762,2.762,2.76
D12,knowledges/gto_wizard_study/3way_BTN_flop_SB/D12.json,mtt,200.125,1,0.327,0.327,0.33
D11,knowledges/gto_wizard_study/3way_BTN_flop_SB/D11.json,mtt,200.125,1,0.327,0.327,0.33
D10,knowledges/gto_wizard_study/3way_BTN_flop_SB/D10.json,mtt,200.125,1,0.327,0.327,0.33
b1_08,knowledges/gto_wizard_study/b1_turn_donk/b1_08.json,mtt,200.125,1,1.526,1.526,1.53
b1_10,knowledges/gto_wizard_study/b1_turn_donk/b1_10.json,mtt,200.125,1,2.762,2.762,2.76
b1_02,knowledges/gto_wizard_study/b1_turn_donk/b1_02.json,mtt,200.125,1,2.573,2.573,2.57
b1_05,knowledges/gto_wizard_study/b1_turn_donk/b1_05.json,mtt,200.125,1,1.478,1.478,1.48
b1_06,knowledges/gto_wizard_study/b1_turn_donk/b1_06.json,mtt,200.125,1,2.657,2.657,2.66
b1_03,knowledges/gto_wizard_study/b1_turn_donk/b1_03.json,mtt,200.125,1,2.573,2.573,2.57
b1_04,knowledges/gto_wizard_study/b1_turn_donk/b1_04.json,mtt,200.125,1,2.573,2.573,2.57
b1_09,knowledges/gto_wizard_study/b1_turn_donk/b1_09.json,mtt,200.125,1,2.762,2.762,2.76
b1_01,knowledges/gto_wizard_study/b1_turn_donk/b1_01.json,mtt,200.125,1,2.573,2.573,2.57
b1_07,knowledges/gto_wizard_study/b1_turn_donk/b1_07.json,mtt,200.125,1,2.657,2.657,2.66
b37_08,knowledges/gto_wizard_study/b37_2tone_compare/b37_08.json,cash,100,1,0.327,0.327,0.33
b37_06,knowledges/gto_wizard_study/b37_2tone_compare/b37_06.json,cash,100,1,0.327,0.327,0.33
b37_04,knowledges/gto_wizard_study/b37_2tone_compare/b37_04.json,cash,100,1,0.327,0.327,0.33
b37_01,knowledges/gto_wizard_study/b37_2tone_compare/b37_01.json,cash,100,1,0.327,0.327,0.33
b37_03,knowledges/gto_wizard_study/b37_2tone_compare/b37_03.json,cash,100,1,0.327,0.327,0.33
b37_02,knowledges/gto_wizard_study/b37_2tone_compare/b37_02.json,cash,100,1,0.327,0.327,0.33
b37_05,knowledges/gto_wizard_study/b37_2tone_compare/b37_05.json,cash,100,1,0.327,0.327,0.33
b37_07,knowledges/gto_wizard_study/b37_2tone_compare/b37_07.json,cash,100,1,1.164,1.164,1.16
b31_04,knowledges/gto_wizard_study/b31_cash_river/b31_04.json,cash,100,1,0.327,0.327,0.33
b31_05,knowledges/gto_wizard_study/b31_cash_river/b31_05.json,cash,100,1,0.253,0.253,0.25
b31_03,knowledges/gto_wizard_study/b31_cash_river/b31_03.json,cash,100,1,0.327,0.327,0.33
b31_02,knowledges/gto_wizard_study/b31_cash_river/b31_02.json,cash,100,1,0.327,0.327,0.33
b31_06,knowledges/gto_wizard_study/b31_cash_river/b31_06.json,cash,100,1,1.0,1.0,1.00
b31_01,knowledges/gto_wizard_study/b31_cash_river/b31_01.json,cash,100,1,0.327,0.327,0.33
b10_06,knowledges/gto_wizard_study/b10_mono/b10_06.json,mtt,200.125,1,2.762,2.762,2.76
b10_01,knowledges/gto_wizard_study/b10_mono/b10_01.json,mtt,200.125,1,2.762,2.762,2.76
b10_04,knowledges/gto_wizard_study/b10_mono/b10_04.json,mtt,200.125,1,0.328,0.328,0.33
b10_07,knowledges/gto_wizard_study/b10_mono/b10_07.json,mtt,200.125,1,1.575,1.575,1.58
b10_09,knowledges/gto_wizard_study/b10_mono/b10_09.json,mtt,200.125,1,1.009,1.009,1.01
b10_02,knowledges/gto_wizard_study/b10_mono/b10_02.json,mtt,200.125,1,2.762,2.762,2.76
b10_10,knowledges/gto_wizard_study/b10_mono/b10_10.json,mtt,200.125,1,1.009,1.009,1.01
b10_03,knowledges/gto_wizard_study/b10_mono/b10_03.json,mtt,200.125,1,2.762,2.762,2.76
b10_05,knowledges/gto_wizard_study/b10_mono/b10_05.json,mtt,200.125,1,0.328,0.328,0.33
b10_08,knowledges/gto_wizard_study/b10_mono/b10_08.json,mtt,200.125,1,0.336,0.336,0.34
b40_09,knowledges/gto_wizard_study/b40_hj_diverse/b40_09.json,cash,100,1,0.327,0.327,0.33
b40_01,knowledges/gto_wizard_study/b40_hj_diverse/b40_01.json,cash,100,1,0.327,0.327,0.33
b40_11,knowledges/gto_wizard_study/b40_hj_diverse/b40_11.json,cash,100,1,1.164,1.164,1.16
b40_04,knowledges/gto_wizard_study/b40_hj_diverse/b40_04.json,cash,100,1,0.327,0.327,0.33
b40_02,knowledges/gto_wizard_study/b40_hj_diverse/b40_02.json,cash,100,1,0.327,0.327,0.33
b40_07,knowledges/gto_wizard_study/b40_hj_diverse/b40_07.json,cash,100,1,0.327,0.327,0.33
b40_08,knowledges/gto_wizard_study/b40_hj_diverse/b40_08.json,cash,100,1,0.327,0.327,0.33
b40_05,knowledges/gto_wizard_study/b40_hj_diverse/b40_05.json,cash,100,1,1.164,1.164,1.16
b40_03,knowledges/gto_wizard_study/b40_hj_diverse/b40_03.json,cash,100,1,0.327,0.327,0.33
b40_10,knowledges/gto_wizard_study/b40_hj_diverse/b40_10.json,cash,100,1,0.327,0.327,0.33
b40_06,knowledges/gto_wizard_study/b40_hj_diverse/b40_06.json,cash,100,1,0.327,0.327,0.33
b40_12,knowledges/gto_wizard_study/b40_hj_diverse/b40_12.json,cash,100,1,0.327,0.327,0.33
B19b,knowledges/gto_wizard_study/turn_donk_BTN/B19b.json,mtt,200.125,1,2.573,2.573,2.57
b1x_02,knowledges/gto_wizard_study/b1_pair_top/b1x_02.json,mtt,200.125,1,2.762,2.762,2.76
b1x_03,knowledges/gto_wizard_study/b1_pair_top/b1x_03.json,mtt,200.125,1,0.2,0.2,0.20
b1x_04,knowledges/gto_wizard_study/b1_pair_top/b1x_04.json,mtt,200.125,1,2.762,2.762,2.76
b1x_01,knowledges/gto_wizard_study/b1_pair_top/b1x_01.json,mtt,200.125,1,0.328,0.328,0.33
b1x_05,knowledges/gto_wizard_study/b1_pair_top/b1x_05.json,mtt,200.125,1,2.762,2.762,2.76
D16,knowledges/gto_wizard_study/3way_CO_flop_SB/D16.json,mtt,200.125,1,0.327,0.327,0.33
b33_11,knowledges/gto_wizard_study/b33_ahigh_gradient/b33_11.json,cash,100,1,0.327,0.327,0.33
b33_07,knowledges/gto_wizard_study/b33_ahigh_gradient/b33_07.json,cash,100,1,1.164,1.164,1.16
b33_09,knowledges/gto_wizard_study/b33_ahigh_gradient/b33_09.json,cash,100,1,1.164,1.164,1.16
b33_04,knowledges/gto_wizard_study/b33_ahigh_gradient/b33_04.json,cash,100,1,0.327,0.327,0.33
b33_05,knowledges/gto_wizard_study/b33_ahigh_gradient/b33_05.json,cash,100,1,0.327,0.327,0.33
b33_02,knowledges/gto_wizard_study/b33_ahigh_gradient/b33_02.json,cash,100,1,0.327,0.327,0.33
b33_03,knowledges/gto_wizard_study/b33_ahigh_gradient/b33_03.json,cash,100,1,0.327,0.327,0.33
b33_06,knowledges/gto_wizard_study/b33_ahigh_gradient/b33_06.json,cash,100,1,1.164,1.164,1.16
b33_01,knowledges/gto_wizard_study/b33_ahigh_gradient/b33_01.json,cash,100,1,0.327,0.327,0.33
b33_08,knowledges/gto_wizard_study/b33_ahigh_gradient/b33_08.json,cash,100,1,1.164,1.164,1.16
b33_12,knowledges/gto_wizard_study/b33_ahigh_gradient/b33_12.json,cash,100,1,0.327,0.327,0.33
b33_10,knowledges/gto_wizard_study/b33_ahigh_gradient/b33_10.json,cash,100,1,0.327,0.327,0.33
b1x_16,knowledges/gto_wizard_study/b1_str8/b1x_16.json,mtt,200.125,1,2.762,2.762,2.76
b1x_18,knowledges/gto_wizard_study/b1_str8/b1x_18.json,mtt,200.125,1,2.762,2.762,2.76
b1x_15,knowledges/gto_wizard_study/b1_str8/b1x_15.json,mtt,200.125,1,2.762,2.762,2.76
b1x_19,knowledges/gto_wizard_study/b1_str8/b1x_19.json,mtt,200.125,1,0.328,0.328,0.33
b1x_17,knowledges/gto_wizard_study/b1_str8/b1x_17.json,mtt,200.125,1,2.762,2.762,2.76
b1x_20,knowledges/gto_wizard_study/b1_str8/b1x_20.json,mtt,200.125,1,0.328,0.328,0.33
b3z_06,knowledges/gto_wizard_study/b3_grad/b3z_06.json,mtt,200.125,1,0.327,0.327,0.33
b3z_04,knowledges/gto_wizard_study/b3_grad/b3z_04.json,mtt,200.125,1,0.327,0.327,0.33
b3z_13,knowledges/gto_wizard_study/b3_grad/b3z_13.json,mtt,200.125,1,0.327,0.327,0.33
b3z_14,knowledges/gto_wizard_study/b3_grad/b3z_14.json,mtt,200.125,1,0.327,0.327,0.33
b3z_09,knowledges/gto_wizard_study/b3_grad/b3z_09.json,mtt,200.125,1,0.327,0.327,0.33
b3z_12,knowledges/gto_wizard_study/b3_grad/b3z_12.json,mtt,200.125,1,0.327,0.327,0.33
b3z_08,knowledges/gto_wizard_study/b3_grad/b3z_08.json,mtt,200.125,1,0.327,0.327,0.33
b3z_02,knowledges/gto_wizard_study/b3_grad/b3z_02.json,mtt,200.125,1,0.327,0.327,0.33
b3z_07,knowledges/gto_wizard_study/b3_grad/b3z_07.json,mtt,200.125,1,0.327,0.327,0.33
b3z_15,knowledges/gto_wizard_study/b3_grad/b3z_15.json,mtt,200.125,1,0.327,0.327,0.33
b3z_11,knowledges/gto_wizard_study/b3_grad/b3z_11.json,mtt,200.125,1,0.327,0.327,0.33
b3z_05,knowledges/gto_wizard_study/b3_grad/b3z_05.json,mtt,200.125,1,0.327,0.327,0.33
b3z_03,knowledges/gto_wizard_study/b3_grad/b3z_03.json,mtt,200.125,1,0.327,0.327,0.33
b3z_10,knowledges/gto_wizard_study/b3_grad/b3z_10.json,mtt,200.125,1,0.327,0.327,0.33
b3z_01,knowledges/gto_wizard_study/b3_grad/b3z_01.json,mtt,200.125,1,0.327,0.327,0.33
D14,knowledges/gto_wizard_study/3way_BTN_turn/D14.json,mtt,200.125,1,0.327,0.327,0.33
D13,knowledges/gto_wizard_study/3way_BTN_turn/D13.json,mtt,200.125,1,0.327,0.327,0.33
b20_hj_07,knowledges/gto_wizard_study/b20_cash_100bb_hj/b20_hj_07.json,cash,100,1,0.327,0.327,0.33
b20_hj_03,knowledges/gto_wizard_study/b20_cash_100bb_hj/b20_hj_03.json,cash,100,1,1.164,1.164,1.16
b20_hj_01,knowledges/gto_wizard_study/b20_cash_100bb_hj/b20_hj_01.json,cash,100,1,0.327,0.327,0.33
b20_hj_04,knowledges/gto_wizard_study/b20_cash_100bb_hj/b20_hj_04.json,cash,100,1,0.327,0.327,0.33
b20_hj_02,knowledges/gto_wizard_study/b20_cash_100bb_hj/b20_hj_02.json,cash,100,1,0.327,0.327,0.33
b20_hj_06,knowledges/gto_wizard_study/b20_cash_100bb_hj/b20_hj_06.json,cash,100,1,0.327,0.327,0.33
b20_hj_05,knowledges/gto_wizard_study/b20_cash_100bb_hj/b20_hj_05.json,cash,100,1,1.164,1.164,1.16
b1x_08,knowledges/gto_wizard_study/b1_pair_mid/b1x_08.json,mtt,200.125,1,0.2,0.2,0.20
b1x_07,knowledges/gto_wizard_study/b1_pair_mid/b1x_07.json,mtt,200.125,1,2.762,2.762,2.76
b1x_09,knowledges/gto_wizard_study/b1_pair_mid/b1x_09.json,mtt,200.125,1,2.762,2.762,2.76
b1x_06,knowledges/gto_wizard_study/b1_pair_mid/b1x_06.json,mtt,200.125,1,0.328,0.328,0.33
b22_nl500_01,knowledges/gto_wizard_study/b22_cash_rake/b22_nl500_01.json,cash,100,1,0.327,0.327,0.33
b22_nl10_02,knowledges/gto_wizard_study/b22_cash_rake/b22_nl10_02.json,cash,100,1,0.327,0.327,0.33
b22_cev_03,knowledges/gto_wizard_study/b22_cash_rake/b22_cev_03.json,cash,100,1,1.164,1.164,1.16
b22_nl500_03,knowledges/gto_wizard_study/b22_cash_rake/b22_nl500_03.json,cash,100,1,1.164,1.164,1.16
b22_cev_02,knowledges/gto_wizard_study/b22_cash_rake/b22_cev_02.json,cash,100,1,1.164,1.164,1.16
b22_nl100_02,knowledges/gto_wizard_study/b22_cash_rake/b22_nl100_02.json,cash,100,1,1.164,1.164,1.16
b22_nl10_03,knowledges/gto_wizard_study/b22_cash_rake/b22_nl10_03.json,cash,100,1,1.164,1.164,1.16
b22_nl500_02,knowledges/gto_wizard_study/b22_cash_rake/b22_nl500_02.json,cash,100,1,1.164,1.164,1.16
b22_nl100_01,knowledges/gto_wizard_study/b22_cash_rake/b22_nl100_01.json,cash,100,1,0.327,0.327,0.33
b22_nl100_03,knowledges/gto_wizard_study/b22_cash_rake/b22_nl100_03.json,cash,100,1,1.164,1.164,1.16
b22_nl10_01,knowledges/gto_wizard_study/b22_cash_rake/b22_nl10_01.json,cash,100,1,0.327,0.327,0.33
b22_cev_01,knowledges/gto_wizard_study/b22_cash_rake/b22_cev_01.json,cash,100,1,0.327,0.327,0.33
b3x_11,knowledges/gto_wizard_study/b3_co_mw/b3x_11.json,mtt,200.125,1,0.327,0.327,0.33
b3x_10,knowledges/gto_wizard_study/b3_co_mw/b3x_10.json,mtt,200.125,1,0.327,0.327,0.33
b3x_08,knowledges/gto_wizard_study/b3_co_mw/b3x_08.json,mtt,200.125,1,0.327,0.327,0.33
b3x_12,knowledges/gto_wizard_study/b3_co_mw/b3x_12.json,mtt,200.125,1,0.327,0.327,0.33
b3x_13,knowledges/gto_wizard_study/b3_co_mw/b3x_13.json,mtt,200.125,1,0.327,0.327,0.33
b3x_09,knowledges/gto_wizard_study/b3_co_mw/b3x_09.json,mtt,200.125,1,0.327,0.327,0.33
C15b,knowledges/gto_wizard_study/SRP_CO_turn_cbc/C15b.json,mtt,200.125,1,2.657,2.657,2.66
b25_utg_kk7,knowledges/gto_wizard_study/b25_cash_paired/b25_utg_kk7.json,cash,100,1,0.327,0.327,0.33
b25_co_kk7,knowledges/gto_wizard_study/b25_cash_paired/b25_co_kk7.json,cash,100,1,0.327,0.327,0.33
b25_sb_kk7,knowledges/gto_wizard_study/b25_cash_paired/b25_sb_kk7.json,cash,100,1,0.329,0.329,0.33
b25_sb_774,knowledges/gto_wizard_study/b25_cash_paired/b25_sb_774.json,cash,100,1,0.329,0.329,0.33
b25_co_774,knowledges/gto_wizard_study/b25_cash_paired/b25_co_774.json,cash,100,1,1.164,1.164,1.16
b25_utg_aak,knowledges/gto_wizard_study/b25_cash_paired/b25_utg_aak.json,cash,100,1,0.327,0.327,0.33
b25_utg_774,knowledges/gto_wizard_study/b25_cash_paired/b25_utg_774.json,cash,100,1,0.327,0.327,0.33
b25_hj_kk7,knowledges/gto_wizard_study/b25_cash_paired/b25_hj_kk7.json,cash,100,1,0.327,0.327,0.33
b25_hj_774,knowledges/gto_wizard_study/b25_cash_paired/b25_hj_774.json,cash,100,1,0.327,0.327,0.33
b25_hj_aak,knowledges/gto_wizard_study/b25_cash_paired/b25_hj_aak.json,cash,100,1,0.327,0.327,0.33
b1_13,knowledges/gto_wizard_study/b1_turn_donk_str8/b1_13.json,mtt,200.125,1,2.762,2.762,2.76
b1_14,knowledges/gto_wizard_study/b1_turn_donk_str8/b1_14.json,mtt,200.125,1,0.328,0.328,0.33
b3_15,knowledges/gto_wizard_study/b3_mw_donk/b3_15.json,mtt,200.125,1,0.327,0.327,0.33
b3_14,knowledges/gto_wizard_study/b3_mw_donk/b3_14.json,mtt,200.125,1,0.327,0.327,0.33
b3_11,knowledges/gto_wizard_study/b3_mw_donk/b3_11.json,mtt,200.125,1,0.327,0.327,0.33
b3_05,knowledges/gto_wizard_study/b3_mw_donk/b3_05.json,mtt,200.125,1,0.327,0.327,0.33
b3_13,knowledges/gto_wizard_study/b3_mw_donk/b3_13.json,mtt,200.125,1,0.327,0.327,0.33
b3_03,knowledges/gto_wizard_study/b3_mw_donk/b3_03.json,mtt,200.125,1,0.327,0.327,0.33
b3_12,knowledges/gto_wizard_study/b3_mw_donk/b3_12.json,mtt,200.125,1,0.327,0.327,0.33
b3_07,knowledges/gto_wizard_study/b3_mw_donk/b3_07.json,mtt,200.125,1,0.327,0.327,0.33
b3_04,knowledges/gto_wizard_study/b3_mw_donk/b3_04.json,mtt,200.125,1,0.327,0.327,0.33
b3_01,knowledges/gto_wizard_study/b3_mw_donk/b3_01.json,mtt,200.125,1,0.327,0.327,0.33
b3_02,knowledges/gto_wizard_study/b3_mw_donk/b3_02.json,mtt,200.125,1,0.327,0.327,0.33
b3_08,knowledges/gto_wizard_study/b3_mw_donk/b3_08.json,mtt,200.125,1,0.327,0.327,0.33
b3_06,knowledges/gto_wizard_study/b3_mw_donk/b3_06.json,mtt,200.125,1,0.327,0.327,0.33
b3_09,knowledges/gto_wizard_study/b3_mw_donk/b3_09.json,mtt,200.125,1,0.327,0.327,0.33
b3_10,knowledges/gto_wizard_study/b3_mw_donk/b3_10.json,mtt,200.125,1,0.327,0.327,0.33
b20_utg_04,knowledges/gto_wizard_study/b20_cash_100bb_utg/b20_utg_04.json,cash,100,1,0.327,0.327,0.33
b20_utg_02,knowledges/gto_wizard_study/b20_cash_100bb_utg/b20_utg_02.json,cash,100,1,0.327,0.327,0.33
b20_utg_05,knowledges/gto_wizard_study/b20_cash_100bb_utg/b20_utg_05.json,cash,100,1,1.164,1.164,1.16
b20_utg_03,knowledges/gto_wizard_study/b20_cash_100bb_utg/b20_utg_03.json,cash,100,1,1.164,1.164,1.16
b20_utg_07,knowledges/gto_wizard_study/b20_cash_100bb_utg/b20_utg_07.json,cash,100,1,0.327,0.327,0.33
b20_utg_01,knowledges/gto_wizard_study/b20_cash_100bb_utg/b20_utg_01.json,cash,100,1,0.327,0.327,0.33
b20_utg_06,knowledges/gto_wizard_study/b20_cash_100bb_utg/b20_utg_06.json,cash,100,1,0.327,0.327,0.33
b35_08,knowledges/gto_wizard_study/b35_jt_low/b35_08.json,cash,100,1,1.164,1.164,1.16
b35_05,knowledges/gto_wizard_study/b35_jt_low/b35_05.json,cash,100,1,1.164,1.164,1.16
b35_01,knowledges/gto_wizard_study/b35_jt_low/b35_01.json,cash,100,1,1.164,1.164,1.16
b35_06,knowledges/gto_wizard_study/b35_jt_low/b35_06.json,cash,100,1,0.327,0.327,0.33
b35_12,knowledges/gto_wizard_study/b35_jt_low/b35_12.json,cash,100,1,1.164,1.164,1.16
b35_07,knowledges/gto_wizard_study/b35_jt_low/b35_07.json,cash,100,1,1.164,1.164,1.16
b35_11,knowledges/gto_wizard_study/b35_jt_low/b35_11.json,cash,100,1,1.164,1.164,1.16
b35_03,knowledges/gto_wizard_study/b35_jt_low/b35_03.json,cash,100,1,1.164,1.164,1.16
b35_09,knowledges/gto_wizard_study/b35_jt_low/b35_09.json,cash,100,1,1.164,1.164,1.16
b35_04,knowledges/gto_wizard_study/b35_jt_low/b35_04.json,cash,100,1,1.164,1.164,1.16
b35_10,knowledges/gto_wizard_study/b35_jt_low/b35_10.json,cash,100,1,1.164,1.164,1.16
b35_02,knowledges/gto_wizard_study/b35_jt_low/b35_02.json,cash,100,1,1.164,1.164,1.16
A09b,knowledges/gto_wizard_study/3bp_turn_XX/A09b.json,mtt,200.125,1,1.403,1.403,1.40
A08b,knowledges/gto_wizard_study/3bp_turn_XX/A08b.json,mtt,200.125,1,1.403,1.403,1.40
A02b,knowledges/gto_wizard_study/3bp_turn_XX/A02b.json,mtt,200.125,1,0.199,0.199,0.20
b9_03,knowledges/gto_wizard_study/b9_paired_flop/b9_03.json,mtt,200.125,1,2.762,2.762,2.76
b9_09,knowledges/gto_wizard_study/b9_paired_flop/b9_09.json,mtt,200.125,1,0.336,0.336,0.34
b9_08,knowledges/gto_wizard_study/b9_paired_flop/b9_08.json,mtt,200.125,1,1.575,1.575,1.58
b9_04,knowledges/gto_wizard_study/b9_paired_flop/b9_04.json,mtt,200.125,1,2.762,2.762,2.76
b9_02,knowledges/gto_wizard_study/b9_paired_flop/b9_02.json,mtt,200.125,1,2.762,2.762,2.76
b9_01,knowledges/gto_wizard_study/b9_paired_flop/b9_01.json,mtt,200.125,1,2.762,2.762,2.76
b9_05,knowledges/gto_wizard_study/b9_paired_flop/b9_05.json,mtt,200.125,1,2.762,2.762,2.76
b9_10,knowledges/gto_wizard_study/b9_paired_flop/b9_10.json,mtt,200.125,1,1.575,1.575,1.58
b25_hj_mono1,knowledges/gto_wizard_study/b25_cash_mono/b25_hj_mono1.json,cash,100,1,0.327,0.327,0.33
b25_co_mono1,knowledges/gto_wizard_study/b25_cash_mono/b25_co_mono1.json,cash,100,1,0.327,0.327,0.33
b25_utg_mono1,knowledges/gto_wizard_study/b25_cash_mono/b25_utg_mono1.json,cash,100,1,0.327,0.327,0.33
b25_sb_mono1,knowledges/gto_wizard_study/b25_cash_mono/b25_sb_mono1.json,cash,100,1,1.029,1.029,1.03
B16,knowledges/gto_wizard_study/probe_river/B16.json,mtt,200.125,1,1.257,1.257,1.26
B17,knowledges/gto_wizard_study/probe_river/B17.json,mtt,200.125,1,0.336,0.336,0.34
B18,knowledges/gto_wizard_study/probe_river/B18.json,mtt,200.125,1,0.326,0.326,0.33
C02,knowledges/gto_wizard_study/SRP_turn_cbc/C02.json,mtt,200.125,1,2.762,2.762,2.76
C03,knowledges/gto_wizard_study/SRP_turn_cbc/C03.json,mtt,200.125,1,2.762,2.762,2.76
C05,knowledges/gto_wizard_study/SRP_turn_cbc/C05.json,mtt,200.125,1,0.328,0.328,0.33
C01,knowledges/gto_wizard_study/SRP_turn_cbc/C01.json,mtt,200.125,1,2.762,2.762,2.76
C04,knowledges/gto_wizard_study/SRP_turn_cbc/C04.json,mtt,200.125,1,2.762,2.762,2.76
b20_btn_03,knowledges/gto_wizard_study/b20_cash_100bb_btn/b20_btn_03.json,cash,100,1,0.327,0.327,0.33
b20_btn_06,knowledges/gto_wizard_study/b20_cash_100bb_btn/b20_btn_06.json,cash,100,1,1.164,1.164,1.16
b20_btn_04,knowledges/gto_wizard_study/b20_cash_100bb_btn/b20_btn_04.json,cash,100,1,0.327,0.327,0.33
b20_btn_05,knowledges/gto_wizard_study/b20_cash_100bb_btn/b20_btn_05.json,cash,100,1,1.164,1.164,1.16
b20_btn_02,knowledges/gto_wizard_study/b20_cash_100bb_btn/b20_btn_02.json,cash,100,1,0.327,0.327,0.33
b20_btn_07,knowledges/gto_wizard_study/b20_cash_100bb_btn/b20_btn_07.json,cash,100,1,1.164,1.164,1.16
b20_btn_01,knowledges/gto_wizard_study/b20_cash_100bb_btn/b20_btn_01.json,cash,100,1,0.327,0.327,0.33
b39_03,knowledges/gto_wizard_study/b39_paired_diverse/b39_03.json,cash,100,1,0.327,0.327,0.33
b39_08,knowledges/gto_wizard_study/b39_paired_diverse/b39_08.json,cash,100,1,0.327,0.327,0.33
b39_02,knowledges/gto_wizard_study/b39_paired_diverse/b39_02.json,cash,100,1,0.327,0.327,0.33
b39_05,knowledges/gto_wizard_study/b39_paired_diverse/b39_05.json,cash,100,1,0.327,0.327,0.33
b39_04,knowledges/gto_wizard_study/b39_paired_diverse/b39_04.json,cash,100,1,0.327,0.327,0.33
b39_07,knowledges/gto_wizard_study/b39_paired_diverse/b39_07.json,cash,100,1,0.327,0.327,0.33
b39_01,knowledges/gto_wizard_study/b39_paired_diverse/b39_01.json,cash,100,1,0.327,0.327,0.33
b39_06,knowledges/gto_wizard_study/b39_paired_diverse/b39_06.json,cash,100,1,0.327,0.327,0.33
b15_hj_03,knowledges/gto_wizard_study/b15_100bb_hj/b15_hj_03.json,mtt,100.125,1,0.33,0.33,0.33
b15_hj_06,knowledges/gto_wizard_study/b15_100bb_hj/b15_hj_06.json,mtt,100.125,1,1.156,1.156,1.16
b15_hj_05,knowledges/gto_wizard_study/b15_100bb_hj/b15_hj_05.json,mtt,100.125,1,1.156,1.156,1.16
b15_hj_02,knowledges/gto_wizard_study/b15_100bb_hj/b15_hj_02.json,mtt,100.125,1,0.33,0.33,0.33
b15_hj_04,knowledges/gto_wizard_study/b15_100bb_hj/b15_hj_04.json,mtt,100.125,1,0.33,0.33,0.33
b15_hj_01,knowledges/gto_wizard_study/b15_100bb_hj/b15_hj_01.json,mtt,100.125,1,0.33,0.33,0.33
b15_hj_07,knowledges/gto_wizard_study/b15_100bb_hj/b15_hj_07.json,mtt,100.125,1,0.33,0.33,0.33
b28_05,knowledges/gto_wizard_study/b28_cash_turn/b28_05.json,cash,100,1,1.846,1.846,1.85
b28_07,knowledges/gto_wizard_study/b28_cash_turn/b28_07.json,cash,100,1,1.153,1.153,1.15
b28_03,knowledges/gto_wizard_study/b28_cash_turn/b28_03.json,cash,100,1,0.67,0.67,0.67
b28_06,knowledges/gto_wizard_study/b28_cash_turn/b28_06.json,cash,100,1,0.67,0.67,0.67
b28_01,knowledges/gto_wizard_study/b28_cash_turn/b28_01.json,cash,100,1,0.67,0.67,0.67
b28_02,knowledges/gto_wizard_study/b28_cash_turn/b28_02.json,cash,100,1,0.67,0.67,0.67
b28_04,knowledges/gto_wizard_study/b28_cash_turn/b28_04.json,cash,100,1,1.846,1.846,1.85
b28_08,knowledges/gto_wizard_study/b28_cash_turn/b28_08.json,cash,100,1,0.67,0.67,0.67
b34_12,knowledges/gto_wizard_study/b34_qhigh_gradient/b34_12.json,cash,100,1,1.164,1.164,1.16
b34_05,knowledges/gto_wizard_study/b34_qhigh_gradient/b34_05.json,cash,100,1,0.327,0.327,0.33
b34_09,knowledges/gto_wizard_study/b34_qhigh_gradient/b34_09.json,cash,100,1,1.164,1.164,1.16
b34_06,knowledges/gto_wizard_study/b34_qhigh_gradient/b34_06.json,cash,100,1,0.327,0.327,0.33
b34_08,knowledges/gto_wizard_study/b34_qhigh_gradient/b34_08.json,cash,100,1,0.327,0.327,0.33
b34_04,knowledges/gto_wizard_study/b34_qhigh_gradient/b34_04.json,cash,100,1,0.327,0.327,0.33
b34_07,knowledges/gto_wizard_study/b34_qhigh_gradient/b34_07.json,cash,100,1,1.164,1.164,1.16
b34_10,knowledges/gto_wizard_study/b34_qhigh_gradient/b34_10.json,cash,100,1,0.327,0.327,0.33
b34_03,knowledges/gto_wizard_study/b34_qhigh_gradient/b34_03.json,cash,100,1,0.327,0.327,0.33
b34_11,knowledges/gto_wizard_study/b34_qhigh_gradient/b34_11.json,cash,100,1,1.164,1.164,1.16
b34_02,knowledges/gto_wizard_study/b34_qhigh_gradient/b34_02.json,cash,100,1,0.327,0.327,0.33
b34_01,knowledges/gto_wizard_study/b34_qhigh_gradient/b34_01.json,cash,100,1,0.327,0.327,0.33
b5_07,knowledges/gto_wizard_study/b5_river_giveup/b5_07.json,mtt,200.125,1,0.328,0.328,0.33
b5_01,knowledges/gto_wizard_study/b5_river_giveup/b5_01.json,mtt,200.125,1,1.249,1.249,1.25
b5_02,knowledges/gto_wizard_study/b5_river_giveup/b5_02.json,mtt,200.125,1,0.328,0.328,0.33
b5_12,knowledges/gto_wizard_study/b5_river_giveup/b5_12.json,mtt,200.125,1,0.328,0.328,0.33
b5_11,knowledges/gto_wizard_study/b5_river_giveup/b5_11.json,mtt,200.125,1,1.249,1.249,1.25
b5_09,knowledges/gto_wizard_study/b5_river_giveup/b5_09.json,mtt,200.125,1,1.249,1.249,1.25
b5_10,knowledges/gto_wizard_study/b5_river_giveup/b5_10.json,mtt,200.125,1,0.328,0.328,0.33
b5_03,knowledges/gto_wizard_study/b5_river_giveup/b5_03.json,mtt,200.125,1,0.328,0.328,0.33
b5_05,knowledges/gto_wizard_study/b5_river_giveup/b5_05.json,mtt,200.125,1,1.249,1.249,1.25
b5_13,knowledges/gto_wizard_study/b5_river_giveup/b5_13.json,mtt,200.125,1,0.328,0.328,0.33
b5_14,knowledges/gto_wizard_study/b5_river_giveup/b5_14.json,mtt,200.125,1,1.249,1.249,1.25
b5_15,knowledges/gto_wizard_study/b5_river_giveup/b5_15.json,mtt,200.125,1,0.328,0.328,0.33
b5_06,knowledges/gto_wizard_study/b5_river_giveup/b5_06.json,mtt,200.125,1,0.328,0.328,0.33
b5_08,knowledges/gto_wizard_study/b5_river_giveup/b5_08.json,mtt,200.125,1,1.249,1.249,1.25
