scenario_id,street,position,pot_type,board,board_type,mv_cat,dv_cat,tier,n_combos,bet_pct,best_action
BTN_cbet_442_paired,flop,IP,SRP,4s4d2c,paired,fullhouse,no_draw,2P+,9,81.48,BET
BTN_cbet_442_paired,flop,IP,SRP,4s4d2c,paired,second_pair,no_draw,アンダーペア,110,63.09,BET
BTN_cbet_442_paired,flop,IP,SRP,4s4d2c,paired,second_pair,twocards_bdfd,アンダーペア,22,82.06,BET
BTN_cbet_442_paired,flop,IP,SRP,4s4d2c,paired,underpair,no_draw,アンダーペア,6,99.94,BET
BTN_cbet_442_paired,flop,IP,SRP,4s4d2c,paired,trips,twocards_bdfd,2P+,11,74.94,BET
BTN_cbet_442_paired,flop,IP,SRP,4s4d2c,paired,trips,no_draw,2P+,77,80.11,BET
BTN_cbet_442_paired,flop,IP,SRP,4s4d2c,paired,quads,no_draw,2P+,1,77.19,BET
BTN_cbet_442_paired,flop,IP,SRP,4s4d2c,paired,no_made_hand,oesd,エア,16,75.36,BET
BTN_cbet_442_paired,flop,IP,SRP,4s4d2c,paired,overpair,no_draw,TP+,60,60.15,BET
BTN_cbet_442_paired,flop,IP,SRP,4s4d2c,paired,no_made_hand,gutshot,エア,32,73.01,BET
BTN_cbet_442_paired,flop,IP,SRP,4s4d2c,paired,no_made_hand,twocards_bdfd,エア,99,57.01,BET
BTN_cbet_442_paired,flop,IP,SRP,4s4d2c,paired,no_made_hand,no_draw,エア,429,56.55,BET
BTN_cbet_442_paired,flop,IP,SRP,4s4d2c,paired,king_high,twocards_bdfd,エア,27,47.49,CHECK
BTN_cbet_442_paired,flop,IP,SRP,4s4d2c,paired,king_high,no_draw,エア,117,27.96,CHECK
BTN_cbet_442_paired,flop,IP,SRP,4s4d2c,paired,ace_high,gutshot,エア,32,46.45,CHECK
BTN_cbet_442_paired,flop,IP,SRP,4s4d2c,paired,ace_high,twocards_bdfd,エア,24,77.53,BET
BTN_cbet_442_paired,flop,IP,SRP,4s4d2c,paired,ace_high,no_draw,エア,104,43.92,CHECK
BTN_cbet_542_low,flop,IP,SRP,5d4c2s,wet,set,no_draw,2P+,9,55.96,BET
BTN_cbet_542_low,flop,IP,SRP,5d4c2s,wet,third_pair,oesd,アンダーペア,18,17.62,CHECK
BTN_cbet_542_low,flop,IP,SRP,5d4c2s,wet,two_pair,no_draw,2P+,24,65.5,BET
BTN_cbet_542_low,flop,IP,SRP,5d4c2s,wet,two_pair,twocards_bdfd,2P+,3,99.49,BET
BTN_cbet_542_low,flop,IP,SRP,5d4c2s,wet,second_pair,oesd,アンダーペア,12,17.77,CHECK
BTN_cbet_542_low,flop,IP,SRP,5d4c2s,wet,top_pair,oesd,TP+,12,35.88,CHECK
BTN_cbet_542_low,flop,IP,SRP,5d4c2s,wet,third_pair,gutshot,アンダーペア,24,3.29,CHECK
BTN_cbet_542_low,flop,IP,SRP,5d4c2s,wet,straight,twocards_bdfd,2P+,6,98.1,BET
BTN_cbet_542_low,flop,IP,SRP,5d4c2s,wet,straight,no_draw,2P+,26,99.97,BET
BTN_cbet_542_low,flop,IP,SRP,5d4c2s,wet,second_pair,gutshot,アンダーペア,24,10.93,CHECK
BTN_cbet_542_low,flop,IP,SRP,5d4c2s,wet,top_pair,gutshot,TP+,24,86.25,BET
BTN_cbet_542_low,flop,IP,SRP,5d4c2s,wet,overpair,gutshot,TP+,12,100.0,BET
BTN_cbet_542_low,flop,IP,SRP,5d4c2s,wet,third_pair,twocards_bdfd,アンダーペア,14,41.32,CHECK
BTN_cbet_542_low,flop,IP,SRP,5d4c2s,wet,third_pair,no_draw,アンダーペア,70,13.08,CHECK
BTN_cbet_542_low,flop,IP,SRP,5d4c2s,wet,no_made_hand,oesd,エア,128,47.98,CHECK
BTN_cbet_542_low,flop,IP,SRP,5d4c2s,wet,second_pair,no_draw,アンダーペア,70,0.04,CHECK
BTN_cbet_542_low,flop,IP,SRP,5d4c2s,wet,top_pair,twocards_bdfd,TP+,14,52.79,BET
BTN_cbet_542_low,flop,IP,SRP,5d4c2s,wet,top_pair,no_draw,TP+,70,0.31,CHECK
BTN_cbet_542_low,flop,IP,SRP,5d4c2s,wet,second_pair,twocards_bdfd,アンダーペア,14,25.53,CHECK
BTN_cbet_542_low,flop,IP,SRP,5d4c2s,wet,overpair,no_draw,TP+,42,16.35,CHECK
BTN_cbet_542_low,flop,IP,SRP,5d4c2s,wet,no_made_hand,gutshot,エア,80,33.01,CHECK
BTN_cbet_542_low,flop,IP,SRP,5d4c2s,wet,no_made_hand,twocards_bdfd,エア,42,0.95,CHECK
BTN_cbet_542_low,flop,IP,SRP,5d4c2s,wet,no_made_hand,no_draw,エア,182,67.76,BET
BTN_cbet_542_low,flop,IP,SRP,5d4c2s,wet,king_high,oesd,エア,16,67.12,BET
BTN_cbet_542_low,flop,IP,SRP,5d4c2s,wet,king_high,gutshot,エア,16,27.17,CHECK
BTN_cbet_542_low,flop,IP,SRP,5d4c2s,wet,king_high,twocards_bdfd,エア,18,0.29,CHECK
BTN_cbet_542_low,flop,IP,SRP,5d4c2s,wet,king_high,no_draw,エア,78,43.49,CHECK
BTN_cbet_542_low,flop,IP,SRP,5d4c2s,wet,ace_high,gutshot,エア,128,11.17,CHECK
BTN_cbet_A72_dry,flop,IP,SRP,As7d2c,dry,set,no_draw,2P+,9,94.92,BET
BTN_cbet_A72_dry,flop,IP,SRP,As7d2c,dry,third_pair,no_draw,アンダーペア,124,49.86,CHECK
BTN_cbet_A72_dry,flop,IP,SRP,As7d2c,dry,third_pair,twocards_bdfd,アンダーペア,20,91.89,BET
BTN_cbet_A72_dry,flop,IP,SRP,As7d2c,dry,no_made_hand,gutshot,エア,48,71.08,BET
BTN_cbet_A72_dry,flop,IP,SRP,As7d2c,dry,no_made_hand,twocards_bdfd,エア,99,42.77,CHECK
BTN_cbet_A72_dry,flop,IP,SRP,As7d2c,dry,no_made_hand,no_draw,エア,429,48.0,CHECK
BTN_cbet_A72_dry,flop,IP,SRP,As7d2c,dry,two_pair,no_draw,2P+,24,81.63,BET
BTN_cbet_A72_dry,flop,IP,SRP,As7d2c,dry,second_pair,twocards_bdfd,アンダーペア,20,94.27,BET
BTN_cbet_A72_dry,flop,IP,SRP,As7d2c,dry,second_pair,no_draw,アンダーペア,100,44.16,CHECK
BTN_cbet_A72_dry,flop,IP,SRP,As7d2c,dry,two_pair,twocards_bdfd,2P+,3,86.85,BET
BTN_cbet_A72_dry,flop,IP,SRP,As7d2c,dry,underpair,no_draw,アンダーペア,36,38.82,CHECK
BTN_cbet_A72_dry,flop,IP,SRP,As7d2c,dry,king_high,twocards_bdfd,エア,27,11.87,CHECK
BTN_cbet_A72_dry,flop,IP,SRP,As7d2c,dry,king_high,no_draw,エア,117,38.69,CHECK
BTN_cbet_A72_dry,flop,IP,SRP,As7d2c,dry,top_pair,twocards_bdfd,TP+,20,83.19,BET
BTN_cbet_A72_dry,flop,IP,SRP,As7d2c,dry,top_pair,no_draw,TP+,100,57.08,BET
BTN_cbet_AAK_paired,flop,IP,SRP,AsAdKc,paired,third_pair,no_draw,アンダーペア,66,26.96,CHECK
BTN_cbet_AAK_paired,flop,IP,SRP,AsAdKc,paired,no_made_hand,twocards_bdfd,エア,156,52.18,BET
BTN_cbet_AAK_paired,flop,IP,SRP,AsAdKc,paired,no_made_hand,no_draw,エア,676,35.39,CHECK
BTN_cbet_AAK_paired,flop,IP,SRP,AsAdKc,paired,no_made_hand,gutshot,エア,48,71.23,BET
BTN_cbet_AAK_paired,flop,IP,SRP,AsAdKc,paired,second_pair,no_draw,アンダーペア,110,38.97,CHECK
BTN_cbet_AAK_paired,flop,IP,SRP,AsAdKc,paired,second_pair,twocards_bdfd,アンダーペア,22,48.62,CHECK
BTN_cbet_AAK_paired,flop,IP,SRP,AsAdKc,paired,fullhouse,no_draw,2P+,9,93.95,BET
BTN_cbet_AAK_paired,flop,IP,SRP,AsAdKc,paired,trips,twocards_bdfd,2P+,11,63.53,BET
BTN_cbet_AAK_paired,flop,IP,SRP,AsAdKc,paired,trips,no_draw,2P+,77,52.77,BET
BTN_cbet_AAK_paired,flop,IP,SRP,AsAdKc,paired,quads,no_draw,2P+,1,99.54,BET
BTN_cbet_AT5_dry,flop,IP,SRP,AsTd5c,dry,low_pair,no_draw,アンダーペア,18,28.13,CHECK
BTN_cbet_AT5_dry,flop,IP,SRP,AsTd5c,dry,no_made_hand,gutshot,エア,64,66.02,BET
BTN_cbet_AT5_dry,flop,IP,SRP,AsTd5c,dry,third_pair,no_draw,アンダーペア,124,44.43,CHECK
BTN_cbet_AT5_dry,flop,IP,SRP,AsTd5c,dry,third_pair,twocards_bdfd,アンダーペア,20,80.69,BET
BTN_cbet_AT5_dry,flop,IP,SRP,AsTd5c,dry,set,no_draw,2P+,9,96.3,BET
BTN_cbet_AT5_dry,flop,IP,SRP,AsTd5c,dry,no_made_hand,twocards_bdfd,エア,96,43.19,CHECK
BTN_cbet_AT5_dry,flop,IP,SRP,AsTd5c,dry,no_made_hand,no_draw,エア,416,45.79,CHECK
BTN_cbet_AT5_dry,flop,IP,SRP,AsTd5c,dry,second_pair,twocards_bdfd,アンダーペア,20,76.84,BET
BTN_cbet_AT5_dry,flop,IP,SRP,AsTd5c,dry,second_pair,no_draw,アンダーペア,100,40.98,CHECK
BTN_cbet_AT5_dry,flop,IP,SRP,AsTd5c,dry,two_pair,no_draw,2P+,24,79.97,BET
BTN_cbet_AT5_dry,flop,IP,SRP,AsTd5c,dry,two_pair,twocards_bdfd,2P+,3,76.26,BET
BTN_cbet_AT5_dry,flop,IP,SRP,AsTd5c,dry,underpair,no_draw,アンダーペア,18,28.88,CHECK
BTN_cbet_AT5_dry,flop,IP,SRP,AsTd5c,dry,king_high,twocards_bdfd,エア,21,14.23,CHECK
BTN_cbet_AT5_dry,flop,IP,SRP,AsTd5c,dry,king_high,no_draw,エア,91,29.19,CHECK
BTN_cbet_AT5_dry,flop,IP,SRP,AsTd5c,dry,king_high,gutshot,エア,32,66.25,BET
BTN_cbet_AT5_dry,flop,IP,SRP,AsTd5c,dry,top_pair,twocards_bdfd,TP+,20,88.14,BET
BTN_cbet_AT5_dry,flop,IP,SRP,AsTd5c,dry,top_pair,no_draw,TP+,100,54.86,BET
BTN_cbet_K72_dry,flop,IP,SRP,Ks7d2c,dry,set,no_draw,2P+,9,95.73,BET
BTN_cbet_K72_dry,flop,IP,SRP,Ks7d2c,dry,third_pair,no_draw,アンダーペア,124,53.72,BET
BTN_cbet_K72_dry,flop,IP,SRP,Ks7d2c,dry,third_pair,twocards_bdfd,アンダーペア,20,92.54,BET
BTN_cbet_K72_dry,flop,IP,SRP,Ks7d2c,dry,no_made_hand,twocards_bdfd,エア,108,45.15,CHECK
BTN_cbet_K72_dry,flop,IP,SRP,Ks7d2c,dry,no_made_hand,no_draw,エア,468,45.91,CHECK
BTN_cbet_K72_dry,flop,IP,SRP,Ks7d2c,dry,two_pair,no_draw,2P+,24,84.09,BET
BTN_cbet_K72_dry,flop,IP,SRP,Ks7d2c,dry,second_pair,twocards_bdfd,アンダーペア,20,74.03,BET
BTN_cbet_K72_dry,flop,IP,SRP,Ks7d2c,dry,second_pair,no_draw,アンダーペア,100,49.5,CHECK
BTN_cbet_K72_dry,flop,IP,SRP,Ks7d2c,dry,two_pair,twocards_bdfd,2P+,3,78.76,BET
BTN_cbet_K72_dry,flop,IP,SRP,Ks7d2c,dry,underpair,no_draw,アンダーペア,30,42.56,CHECK
BTN_cbet_K72_dry,flop,IP,SRP,Ks7d2c,dry,top_pair,twocards_bdfd,TP+,20,79.64,BET
BTN_cbet_K72_dry,flop,IP,SRP,Ks7d2c,dry,top_pair,no_draw,TP+,100,57.55,BET
BTN_cbet_K72_dry,flop,IP,SRP,Ks7d2c,dry,ace_high,twocards_bdfd,エア,27,54.31,BET
BTN_cbet_K72_dry,flop,IP,SRP,Ks7d2c,dry,ace_high,no_draw,エア,117,35.22,CHECK
BTN_cbet_K72_dry,flop,IP,SRP,Ks7d2c,dry,overpair,no_draw,TP+,6,58.87,BET
BTN_cbet_KK2_paired,flop,IP,SRP,KsKd2c,paired,fullhouse,no_draw,2P+,9,69.42,BET
BTN_cbet_KK2_paired,flop,IP,SRP,KsKd2c,paired,second_pair,no_draw,アンダーペア,110,53.84,BET
BTN_cbet_KK2_paired,flop,IP,SRP,KsKd2c,paired,second_pair,twocards_bdfd,アンダーペア,22,60.83,BET
BTN_cbet_KK2_paired,flop,IP,SRP,KsKd2c,paired,underpair,no_draw,アンダーペア,60,49.66,CHECK
BTN_cbet_KK2_paired,flop,IP,SRP,KsKd2c,paired,no_made_hand,twocards_bdfd,エア,135,34.84,CHECK
BTN_cbet_KK2_paired,flop,IP,SRP,KsKd2c,paired,no_made_hand,no_draw,エア,585,36.96,CHECK
BTN_cbet_KK2_paired,flop,IP,SRP,KsKd2c,paired,trips,twocards_bdfd,2P+,11,74.74,BET
BTN_cbet_KK2_paired,flop,IP,SRP,KsKd2c,paired,trips,no_draw,2P+,77,59.51,BET
BTN_cbet_KK2_paired,flop,IP,SRP,KsKd2c,paired,quads,no_draw,2P+,1,85.18,BET
BTN_cbet_KK2_paired,flop,IP,SRP,KsKd2c,paired,ace_high,twocards_bdfd,エア,30,51.24,BET
BTN_cbet_KK2_paired,flop,IP,SRP,KsKd2c,paired,ace_high,no_draw,エア,130,30.23,CHECK
BTN_cbet_KK2_paired,flop,IP,SRP,KsKd2c,paired,overpair,no_draw,TP+,6,10.57,CHECK
BTN_cbet_T98_conn,flop,IP,SRP,Ts9d8c,wet,low_pair,no_draw,アンダーペア,24,0.32,CHECK
BTN_cbet_T98_conn,flop,IP,SRP,Ts9d8c,wet,no_made_hand,twocards_bdfd,エア,18,74.78,BET
BTN_cbet_T98_conn,flop,IP,SRP,Ts9d8c,wet,no_made_hand,no_draw,エア,78,9.31,CHECK
BTN_cbet_T98_conn,flop,IP,SRP,Ts9d8c,wet,no_made_hand,gutshot,エア,128,38.79,CHECK
BTN_cbet_T98_conn,flop,IP,SRP,Ts9d8c,wet,low_pair,gutshot,アンダーペア,6,0.03,CHECK
BTN_cbet_T98_conn,flop,IP,SRP,Ts9d8c,wet,no_made_hand,oesd,エア,176,54.38,BET
BTN_cbet_T98_conn,flop,IP,SRP,Ts9d8c,wet,straight,twocards_bdfd,2P+,9,69.68,BET
BTN_cbet_T98_conn,flop,IP,SRP,Ts9d8c,wet,straight,no_draw,2P+,39,72.0,BET
BTN_cbet_T98_conn,flop,IP,SRP,Ts9d8c,wet,low_pair,oesd,アンダーペア,6,0.15,CHECK
BTN_cbet_T98_conn,flop,IP,SRP,Ts9d8c,wet,third_pair,no_draw,アンダーペア,60,19.18,CHECK
BTN_cbet_T98_conn,flop,IP,SRP,Ts9d8c,wet,third_pair,twocards_bdfd,アンダーペア,12,14.07,CHECK
BTN_cbet_T98_conn,flop,IP,SRP,Ts9d8c,wet,third_pair,gutshot,アンダーペア,24,31.46,CHECK
BTN_cbet_T98_conn,flop,IP,SRP,Ts9d8c,wet,third_pair,oesd,アンダーペア,24,19.24,CHECK
BTN_cbet_T98_conn,flop,IP,SRP,Ts9d8c,wet,set,no_draw,2P+,9,80.08,BET
BTN_cbet_T98_conn,flop,IP,SRP,Ts9d8c,wet,second_pair,twocards_bdfd,アンダーペア,12,35.02,CHECK
BTN_cbet_T98_conn,flop,IP,SRP,Ts9d8c,wet,second_pair,no_draw,アンダーペア,60,28.57,CHECK
BTN_cbet_T98_conn,flop,IP,SRP,Ts9d8c,wet,second_pair,gutshot,アンダーペア,24,37.39,CHECK
BTN_cbet_T98_conn,flop,IP,SRP,Ts9d8c,wet,second_pair,oesd,アンダーペア,24,40.63,CHECK
BTN_cbet_T98_conn,flop,IP,SRP,Ts9d8c,wet,two_pair,no_draw,2P+,24,43.6,CHECK
BTN_cbet_T98_conn,flop,IP,SRP,Ts9d8c,wet,two_pair,twocards_bdfd,2P+,3,77.46,BET
BTN_cbet_T98_conn,flop,IP,SRP,Ts9d8c,wet,top_pair,twocards_bdfd,TP+,12,54.61,BET
BTN_cbet_T98_conn,flop,IP,SRP,Ts9d8c,wet,top_pair,no_draw,TP+,60,50.04,BET
BTN_cbet_T98_conn,flop,IP,SRP,Ts9d8c,wet,top_pair,gutshot,TP+,24,32.93,CHECK
BTN_cbet_T98_conn,flop,IP,SRP,Ts9d8c,wet,top_pair,oesd,TP+,24,52.23,BET
BTN_cbet_T98_conn,flop,IP,SRP,Ts9d8c,wet,overpair,oesd,TP+,6,69.91,BET
BTN_cbet_T98_conn,flop,IP,SRP,Ts9d8c,wet,overpair,gutshot,TP+,6,95.0,BET
BTN_cbet_T98_conn,flop,IP,SRP,Ts9d8c,wet,king_high,twocards_bdfd,エア,12,38.17,CHECK
BTN_cbet_T98_conn,flop,IP,SRP,Ts9d8c,wet,king_high,no_draw,エア,52,42.18,CHECK
BTN_cbet_T98_conn,flop,IP,SRP,Ts9d8c,wet,king_high,gutshot,エア,32,50.86,BET
BTN_cbet_T98_conn,flop,IP,SRP,Ts9d8c,wet,king_high,oesd,エア,32,44.72,CHECK
BTN_cbet_T98_conn,flop,IP,SRP,Ts9d8c,wet,overpair,no_draw,TP+,12,67.47,BET
BTN_cbet_T98_conn,flop,IP,SRP,Ts9d8c,wet,ace_high,twocards_bdfd,エア,15,11.06,CHECK
BTN_cbet_T98_conn,flop,IP,SRP,Ts9d8c,wet,ace_high,no_draw,エア,65,24.8,CHECK
BTN_cbet_T98_conn,flop,IP,SRP,Ts9d8c,wet,ace_high,gutshot,エア,32,27.7,CHECK
BTN_cbet_T98_conn,flop,IP,SRP,Ts9d8c,wet,ace_high,oesd,エア,32,34.86,CHECK
CO_cbet_442_paired,flop,IP,SRP,4s4d2c,paired,fullhouse,no_draw,2P+,9,81.48,BET
CO_cbet_442_paired,flop,IP,SRP,4s4d2c,paired,second_pair,no_draw,アンダーペア,110,63.09,BET
CO_cbet_442_paired,flop,IP,SRP,4s4d2c,paired,second_pair,twocards_bdfd,アンダーペア,22,82.06,BET
CO_cbet_442_paired,flop,IP,SRP,4s4d2c,paired,underpair,no_draw,アンダーペア,6,99.94,BET
CO_cbet_442_paired,flop,IP,SRP,4s4d2c,paired,trips,twocards_bdfd,2P+,11,74.94,BET
CO_cbet_442_paired,flop,IP,SRP,4s4d2c,paired,trips,no_draw,2P+,77,80.11,BET
CO_cbet_442_paired,flop,IP,SRP,4s4d2c,paired,quads,no_draw,2P+,1,77.19,BET
CO_cbet_442_paired,flop,IP,SRP,4s4d2c,paired,no_made_hand,oesd,エア,16,75.36,BET
CO_cbet_442_paired,flop,IP,SRP,4s4d2c,paired,overpair,no_draw,TP+,60,60.15,BET
CO_cbet_442_paired,flop,IP,SRP,4s4d2c,paired,no_made_hand,gutshot,エア,32,73.01,BET
CO_cbet_442_paired,flop,IP,SRP,4s4d2c,paired,no_made_hand,twocards_bdfd,エア,99,57.01,BET
CO_cbet_442_paired,flop,IP,SRP,4s4d2c,paired,no_made_hand,no_draw,エア,429,56.55,BET
CO_cbet_442_paired,flop,IP,SRP,4s4d2c,paired,king_high,twocards_bdfd,エア,27,47.49,CHECK
CO_cbet_442_paired,flop,IP,SRP,4s4d2c,paired,king_high,no_draw,エア,117,27.96,CHECK
CO_cbet_442_paired,flop,IP,SRP,4s4d2c,paired,ace_high,gutshot,エア,32,46.45,CHECK
CO_cbet_442_paired,flop,IP,SRP,4s4d2c,paired,ace_high,twocards_bdfd,エア,24,77.53,BET
CO_cbet_442_paired,flop,IP,SRP,4s4d2c,paired,ace_high,no_draw,エア,104,43.92,CHECK
CO_cbet_542_low,flop,IP,SRP,5d4c2s,wet,set,no_draw,2P+,9,55.96,BET
CO_cbet_542_low,flop,IP,SRP,5d4c2s,wet,third_pair,oesd,アンダーペア,18,17.62,CHECK
CO_cbet_542_low,flop,IP,SRP,5d4c2s,wet,two_pair,no_draw,2P+,24,65.5,BET
CO_cbet_542_low,flop,IP,SRP,5d4c2s,wet,two_pair,twocards_bdfd,2P+,3,99.49,BET
CO_cbet_542_low,flop,IP,SRP,5d4c2s,wet,second_pair,oesd,アンダーペア,12,17.77,CHECK
CO_cbet_542_low,flop,IP,SRP,5d4c2s,wet,top_pair,oesd,TP+,12,35.88,CHECK
CO_cbet_542_low,flop,IP,SRP,5d4c2s,wet,third_pair,gutshot,アンダーペア,24,3.29,CHECK
CO_cbet_542_low,flop,IP,SRP,5d4c2s,wet,straight,twocards_bdfd,2P+,6,98.1,BET
CO_cbet_542_low,flop,IP,SRP,5d4c2s,wet,straight,no_draw,2P+,26,99.97,BET
CO_cbet_542_low,flop,IP,SRP,5d4c2s,wet,second_pair,gutshot,アンダーペア,24,10.93,CHECK
CO_cbet_542_low,flop,IP,SRP,5d4c2s,wet,top_pair,gutshot,TP+,24,86.25,BET
CO_cbet_542_low,flop,IP,SRP,5d4c2s,wet,overpair,gutshot,TP+,12,100.0,BET
CO_cbet_542_low,flop,IP,SRP,5d4c2s,wet,third_pair,twocards_bdfd,アンダーペア,14,41.32,CHECK
CO_cbet_542_low,flop,IP,SRP,5d4c2s,wet,third_pair,no_draw,アンダーペア,70,13.08,CHECK
CO_cbet_542_low,flop,IP,SRP,5d4c2s,wet,no_made_hand,oesd,エア,128,47.98,CHECK
CO_cbet_542_low,flop,IP,SRP,5d4c2s,wet,second_pair,no_draw,アンダーペア,70,0.04,CHECK
CO_cbet_542_low,flop,IP,SRP,5d4c2s,wet,top_pair,twocards_bdfd,TP+,14,52.79,BET
CO_cbet_542_low,flop,IP,SRP,5d4c2s,wet,top_pair,no_draw,TP+,70,0.31,CHECK
CO_cbet_542_low,flop,IP,SRP,5d4c2s,wet,second_pair,twocards_bdfd,アンダーペア,14,25.53,CHECK
CO_cbet_542_low,flop,IP,SRP,5d4c2s,wet,overpair,no_draw,TP+,42,16.35,CHECK
CO_cbet_542_low,flop,IP,SRP,5d4c2s,wet,no_made_hand,gutshot,エア,80,33.01,CHECK
CO_cbet_542_low,flop,IP,SRP,5d4c2s,wet,no_made_hand,twocards_bdfd,エア,42,0.95,CHECK
CO_cbet_542_low,flop,IP,SRP,5d4c2s,wet,no_made_hand,no_draw,エア,182,67.76,BET
CO_cbet_542_low,flop,IP,SRP,5d4c2s,wet,king_high,oesd,エア,16,67.12,BET
CO_cbet_542_low,flop,IP,SRP,5d4c2s,wet,king_high,gutshot,エア,16,27.17,CHECK
CO_cbet_542_low,flop,IP,SRP,5d4c2s,wet,king_high,twocards_bdfd,エア,18,0.29,CHECK
CO_cbet_542_low,flop,IP,SRP,5d4c2s,wet,king_high,no_draw,エア,78,43.49,CHECK
CO_cbet_542_low,flop,IP,SRP,5d4c2s,wet,ace_high,gutshot,エア,128,11.17,CHECK
CO_cbet_A72_dry,flop,IP,SRP,As7d2c,dry,set,no_draw,2P+,9,94.92,BET
CO_cbet_A72_dry,flop,IP,SRP,As7d2c,dry,third_pair,no_draw,アンダーペア,124,49.86,CHECK
CO_cbet_A72_dry,flop,IP,SRP,As7d2c,dry,third_pair,twocards_bdfd,アンダーペア,20,91.89,BET
CO_cbet_A72_dry,flop,IP,SRP,As7d2c,dry,no_made_hand,gutshot,エア,48,71.08,BET
CO_cbet_A72_dry,flop,IP,SRP,As7d2c,dry,no_made_hand,twocards_bdfd,エア,99,42.77,CHECK
CO_cbet_A72_dry,flop,IP,SRP,As7d2c,dry,no_made_hand,no_draw,エア,429,48.0,CHECK
CO_cbet_A72_dry,flop,IP,SRP,As7d2c,dry,two_pair,no_draw,2P+,24,81.63,BET
CO_cbet_A72_dry,flop,IP,SRP,As7d2c,dry,second_pair,twocards_bdfd,アンダーペア,20,94.27,BET
CO_cbet_A72_dry,flop,IP,SRP,As7d2c,dry,second_pair,no_draw,アンダーペア,100,44.16,CHECK
CO_cbet_A72_dry,flop,IP,SRP,As7d2c,dry,two_pair,twocards_bdfd,2P+,3,86.85,BET
CO_cbet_A72_dry,flop,IP,SRP,As7d2c,dry,underpair,no_draw,アンダーペア,36,38.82,CHECK
CO_cbet_A72_dry,flop,IP,SRP,As7d2c,dry,king_high,twocards_bdfd,エア,27,11.87,CHECK
CO_cbet_A72_dry,flop,IP,SRP,As7d2c,dry,king_high,no_draw,エア,117,38.69,CHECK
CO_cbet_A72_dry,flop,IP,SRP,As7d2c,dry,top_pair,twocards_bdfd,TP+,20,83.19,BET
CO_cbet_A72_dry,flop,IP,SRP,As7d2c,dry,top_pair,no_draw,TP+,100,57.08,BET
CO_cbet_AAK_paired,flop,IP,SRP,AsAdKc,paired,third_pair,no_draw,アンダーペア,66,26.96,CHECK
CO_cbet_AAK_paired,flop,IP,SRP,AsAdKc,paired,no_made_hand,twocards_bdfd,エア,156,52.18,BET
CO_cbet_AAK_paired,flop,IP,SRP,AsAdKc,paired,no_made_hand,no_draw,エア,676,35.39,CHECK
CO_cbet_AAK_paired,flop,IP,SRP,AsAdKc,paired,no_made_hand,gutshot,エア,48,71.23,BET
CO_cbet_AAK_paired,flop,IP,SRP,AsAdKc,paired,second_pair,no_draw,アンダーペア,110,38.97,CHECK
CO_cbet_AAK_paired,flop,IP,SRP,AsAdKc,paired,second_pair,twocards_bdfd,アンダーペア,22,48.62,CHECK
CO_cbet_AAK_paired,flop,IP,SRP,AsAdKc,paired,fullhouse,no_draw,2P+,9,93.95,BET
CO_cbet_AAK_paired,flop,IP,SRP,AsAdKc,paired,trips,twocards_bdfd,2P+,11,63.53,BET
CO_cbet_AAK_paired,flop,IP,SRP,AsAdKc,paired,trips,no_draw,2P+,77,52.77,BET
CO_cbet_AAK_paired,flop,IP,SRP,AsAdKc,paired,quads,no_draw,2P+,1,99.54,BET
CO_cbet_AT5_dry,flop,IP,SRP,AsTd5c,dry,low_pair,no_draw,アンダーペア,18,28.13,CHECK
CO_cbet_AT5_dry,flop,IP,SRP,AsTd5c,dry,no_made_hand,gutshot,エア,64,66.02,BET
CO_cbet_AT5_dry,flop,IP,SRP,AsTd5c,dry,third_pair,no_draw,アンダーペア,124,44.43,CHECK
CO_cbet_AT5_dry,flop,IP,SRP,AsTd5c,dry,third_pair,twocards_bdfd,アンダーペア,20,80.69,BET
CO_cbet_AT5_dry,flop,IP,SRP,AsTd5c,dry,set,no_draw,2P+,9,96.3,BET
CO_cbet_AT5_dry,flop,IP,SRP,AsTd5c,dry,no_made_hand,twocards_bdfd,エア,96,43.19,CHECK
CO_cbet_AT5_dry,flop,IP,SRP,AsTd5c,dry,no_made_hand,no_draw,エア,416,45.79,CHECK
CO_cbet_AT5_dry,flop,IP,SRP,AsTd5c,dry,second_pair,twocards_bdfd,アンダーペア,20,76.84,BET
CO_cbet_AT5_dry,flop,IP,SRP,AsTd5c,dry,second_pair,no_draw,アンダーペア,100,40.98,CHECK
CO_cbet_AT5_dry,flop,IP,SRP,AsTd5c,dry,two_pair,no_draw,2P+,24,79.97,BET
CO_cbet_AT5_dry,flop,IP,SRP,AsTd5c,dry,two_pair,twocards_bdfd,2P+,3,76.26,BET
CO_cbet_AT5_dry,flop,IP,SRP,AsTd5c,dry,underpair,no_draw,アンダーペア,18,28.88,CHECK
CO_cbet_AT5_dry,flop,IP,SRP,AsTd5c,dry,king_high,twocards_bdfd,エア,21,14.23,CHECK
CO_cbet_AT5_dry,flop,IP,SRP,AsTd5c,dry,king_high,no_draw,エア,91,29.19,CHECK
CO_cbet_AT5_dry,flop,IP,SRP,AsTd5c,dry,king_high,gutshot,エア,32,66.25,BET
CO_cbet_AT5_dry,flop,IP,SRP,AsTd5c,dry,top_pair,twocards_bdfd,TP+,20,88.14,BET
CO_cbet_AT5_dry,flop,IP,SRP,AsTd5c,dry,top_pair,no_draw,TP+,100,54.86,BET
CO_cbet_K72_dry,flop,IP,SRP,Ks7d2c,dry,set,no_draw,2P+,9,95.73,BET
CO_cbet_K72_dry,flop,IP,SRP,Ks7d2c,dry,third_pair,no_draw,アンダーペア,124,53.72,BET
CO_cbet_K72_dry,flop,IP,SRP,Ks7d2c,dry,third_pair,twocards_bdfd,アンダーペア,20,92.54,BET
CO_cbet_K72_dry,flop,IP,SRP,Ks7d2c,dry,no_made_hand,twocards_bdfd,エア,108,45.15,CHECK
CO_cbet_K72_dry,flop,IP,SRP,Ks7d2c,dry,no_made_hand,no_draw,エア,468,45.91,CHECK
CO_cbet_K72_dry,flop,IP,SRP,Ks7d2c,dry,two_pair,no_draw,2P+,24,84.09,BET
CO_cbet_K72_dry,flop,IP,SRP,Ks7d2c,dry,second_pair,twocards_bdfd,アンダーペア,20,74.03,BET
CO_cbet_K72_dry,flop,IP,SRP,Ks7d2c,dry,second_pair,no_draw,アンダーペア,100,49.5,CHECK
CO_cbet_K72_dry,flop,IP,SRP,Ks7d2c,dry,two_pair,twocards_bdfd,2P+,3,78.76,BET
CO_cbet_K72_dry,flop,IP,SRP,Ks7d2c,dry,underpair,no_draw,アンダーペア,30,42.56,CHECK
CO_cbet_K72_dry,flop,IP,SRP,Ks7d2c,dry,top_pair,twocards_bdfd,TP+,20,79.64,BET
CO_cbet_K72_dry,flop,IP,SRP,Ks7d2c,dry,top_pair,no_draw,TP+,100,57.55,BET
CO_cbet_K72_dry,flop,IP,SRP,Ks7d2c,dry,ace_high,twocards_bdfd,エア,27,54.31,BET
CO_cbet_K72_dry,flop,IP,SRP,Ks7d2c,dry,ace_high,no_draw,エア,117,35.22,CHECK
CO_cbet_K72_dry,flop,IP,SRP,Ks7d2c,dry,overpair,no_draw,TP+,6,58.87,BET
CO_cbet_KK2_paired,flop,IP,SRP,KsKd2c,paired,fullhouse,no_draw,2P+,9,69.42,BET
CO_cbet_KK2_paired,flop,IP,SRP,KsKd2c,paired,second_pair,no_draw,アンダーペア,110,53.84,BET
CO_cbet_KK2_paired,flop,IP,SRP,KsKd2c,paired,second_pair,twocards_bdfd,アンダーペア,22,60.83,BET
CO_cbet_KK2_paired,flop,IP,SRP,KsKd2c,paired,underpair,no_draw,アンダーペア,60,49.66,CHECK
CO_cbet_KK2_paired,flop,IP,SRP,KsKd2c,paired,no_made_hand,twocards_bdfd,エア,135,34.84,CHECK
CO_cbet_KK2_paired,flop,IP,SRP,KsKd2c,paired,no_made_hand,no_draw,エア,585,36.96,CHECK
CO_cbet_KK2_paired,flop,IP,SRP,KsKd2c,paired,trips,twocards_bdfd,2P+,11,74.74,BET
CO_cbet_KK2_paired,flop,IP,SRP,KsKd2c,paired,trips,no_draw,2P+,77,59.51,BET
CO_cbet_KK2_paired,flop,IP,SRP,KsKd2c,paired,quads,no_draw,2P+,1,85.18,BET
CO_cbet_KK2_paired,flop,IP,SRP,KsKd2c,paired,ace_high,twocards_bdfd,エア,30,51.24,BET
CO_cbet_KK2_paired,flop,IP,SRP,KsKd2c,paired,ace_high,no_draw,エア,130,30.23,CHECK
CO_cbet_KK2_paired,flop,IP,SRP,KsKd2c,paired,overpair,no_draw,TP+,6,10.57,CHECK
CO_cbet_T98_conn,flop,IP,SRP,Ts9d8c,wet,low_pair,no_draw,アンダーペア,24,0.32,CHECK
CO_cbet_T98_conn,flop,IP,SRP,Ts9d8c,wet,no_made_hand,twocards_bdfd,エア,18,74.78,BET
CO_cbet_T98_conn,flop,IP,SRP,Ts9d8c,wet,no_made_hand,no_draw,エア,78,9.31,CHECK
CO_cbet_T98_conn,flop,IP,SRP,Ts9d8c,wet,no_made_hand,gutshot,エア,128,38.79,CHECK
CO_cbet_T98_conn,flop,IP,SRP,Ts9d8c,wet,low_pair,gutshot,アンダーペア,6,0.03,CHECK
CO_cbet_T98_conn,flop,IP,SRP,Ts9d8c,wet,no_made_hand,oesd,エア,176,54.38,BET
CO_cbet_T98_conn,flop,IP,SRP,Ts9d8c,wet,straight,twocards_bdfd,2P+,9,69.68,BET
CO_cbet_T98_conn,flop,IP,SRP,Ts9d8c,wet,straight,no_draw,2P+,39,72.0,BET
CO_cbet_T98_conn,flop,IP,SRP,Ts9d8c,wet,low_pair,oesd,アンダーペア,6,0.15,CHECK
CO_cbet_T98_conn,flop,IP,SRP,Ts9d8c,wet,third_pair,no_draw,アンダーペア,60,19.18,CHECK
CO_cbet_T98_conn,flop,IP,SRP,Ts9d8c,wet,third_pair,twocards_bdfd,アンダーペア,12,14.07,CHECK
CO_cbet_T98_conn,flop,IP,SRP,Ts9d8c,wet,third_pair,gutshot,アンダーペア,24,31.46,CHECK
CO_cbet_T98_conn,flop,IP,SRP,Ts9d8c,wet,third_pair,oesd,アンダーペア,24,19.24,CHECK
CO_cbet_T98_conn,flop,IP,SRP,Ts9d8c,wet,set,no_draw,2P+,9,80.08,BET
CO_cbet_T98_conn,flop,IP,SRP,Ts9d8c,wet,second_pair,twocards_bdfd,アンダーペア,12,35.02,CHECK
CO_cbet_T98_conn,flop,IP,SRP,Ts9d8c,wet,second_pair,no_draw,アンダーペア,60,28.57,CHECK
CO_cbet_T98_conn,flop,IP,SRP,Ts9d8c,wet,second_pair,gutshot,アンダーペア,24,37.39,CHECK
CO_cbet_T98_conn,flop,IP,SRP,Ts9d8c,wet,second_pair,oesd,アンダーペア,24,40.63,CHECK
CO_cbet_T98_conn,flop,IP,SRP,Ts9d8c,wet,two_pair,no_draw,2P+,24,43.6,CHECK
CO_cbet_T98_conn,flop,IP,SRP,Ts9d8c,wet,two_pair,twocards_bdfd,2P+,3,77.46,BET
CO_cbet_T98_conn,flop,IP,SRP,Ts9d8c,wet,top_pair,twocards_bdfd,TP+,12,54.61,BET
CO_cbet_T98_conn,flop,IP,SRP,Ts9d8c,wet,top_pair,no_draw,TP+,60,50.04,BET
CO_cbet_T98_conn,flop,IP,SRP,Ts9d8c,wet,top_pair,gutshot,TP+,24,32.93,CHECK
CO_cbet_T98_conn,flop,IP,SRP,Ts9d8c,wet,top_pair,oesd,TP+,24,52.23,BET
CO_cbet_T98_conn,flop,IP,SRP,Ts9d8c,wet,overpair,oesd,TP+,6,69.91,BET
CO_cbet_T98_conn,flop,IP,SRP,Ts9d8c,wet,overpair,gutshot,TP+,6,95.0,BET
CO_cbet_T98_conn,flop,IP,SRP,Ts9d8c,wet,king_high,twocards_bdfd,エア,12,38.17,CHECK
CO_cbet_T98_conn,flop,IP,SRP,Ts9d8c,wet,king_high,no_draw,エア,52,42.18,CHECK
CO_cbet_T98_conn,flop,IP,SRP,Ts9d8c,wet,king_high,gutshot,エア,32,50.86,BET
CO_cbet_T98_conn,flop,IP,SRP,Ts9d8c,wet,king_high,oesd,エア,32,44.72,CHECK
CO_cbet_T98_conn,flop,IP,SRP,Ts9d8c,wet,overpair,no_draw,TP+,12,67.47,BET
CO_cbet_T98_conn,flop,IP,SRP,Ts9d8c,wet,ace_high,twocards_bdfd,エア,15,11.06,CHECK
CO_cbet_T98_conn,flop,IP,SRP,Ts9d8c,wet,ace_high,no_draw,エア,65,24.8,CHECK
CO_cbet_T98_conn,flop,IP,SRP,Ts9d8c,wet,ace_high,gutshot,エア,32,27.7,CHECK
CO_cbet_T98_conn,flop,IP,SRP,Ts9d8c,wet,ace_high,oesd,エア,32,34.86,CHECK
HJ_cbet_442_paired,flop,IP,SRP,4s4d2c,paired,fullhouse,no_draw,2P+,9,81.48,BET
HJ_cbet_442_paired,flop,IP,SRP,4s4d2c,paired,second_pair,no_draw,アンダーペア,110,63.09,BET
HJ_cbet_442_paired,flop,IP,SRP,4s4d2c,paired,second_pair,twocards_bdfd,アンダーペア,22,82.06,BET
HJ_cbet_442_paired,flop,IP,SRP,4s4d2c,paired,underpair,no_draw,アンダーペア,6,99.94,BET
HJ_cbet_442_paired,flop,IP,SRP,4s4d2c,paired,trips,twocards_bdfd,2P+,11,74.94,BET
HJ_cbet_442_paired,flop,IP,SRP,4s4d2c,paired,trips,no_draw,2P+,77,80.11,BET
HJ_cbet_442_paired,flop,IP,SRP,4s4d2c,paired,quads,no_draw,2P+,1,77.19,BET
HJ_cbet_442_paired,flop,IP,SRP,4s4d2c,paired,no_made_hand,oesd,エア,16,75.36,BET
HJ_cbet_442_paired,flop,IP,SRP,4s4d2c,paired,overpair,no_draw,TP+,60,60.15,BET
HJ_cbet_442_paired,flop,IP,SRP,4s4d2c,paired,no_made_hand,gutshot,エア,32,73.01,BET
HJ_cbet_442_paired,flop,IP,SRP,4s4d2c,paired,no_made_hand,twocards_bdfd,エア,99,57.01,BET
HJ_cbet_442_paired,flop,IP,SRP,4s4d2c,paired,no_made_hand,no_draw,エア,429,56.55,BET
HJ_cbet_442_paired,flop,IP,SRP,4s4d2c,paired,king_high,twocards_bdfd,エア,27,47.49,CHECK
HJ_cbet_442_paired,flop,IP,SRP,4s4d2c,paired,king_high,no_draw,エア,117,27.96,CHECK
HJ_cbet_442_paired,flop,IP,SRP,4s4d2c,paired,ace_high,gutshot,エア,32,46.45,CHECK
HJ_cbet_442_paired,flop,IP,SRP,4s4d2c,paired,ace_high,twocards_bdfd,エア,24,77.53,BET
HJ_cbet_442_paired,flop,IP,SRP,4s4d2c,paired,ace_high,no_draw,エア,104,43.92,CHECK
HJ_cbet_542_low,flop,IP,SRP,5d4c2s,wet,set,no_draw,2P+,9,55.96,BET
HJ_cbet_542_low,flop,IP,SRP,5d4c2s,wet,third_pair,oesd,アンダーペア,18,17.62,CHECK
HJ_cbet_542_low,flop,IP,SRP,5d4c2s,wet,two_pair,no_draw,2P+,24,65.5,BET
HJ_cbet_542_low,flop,IP,SRP,5d4c2s,wet,two_pair,twocards_bdfd,2P+,3,99.49,BET
HJ_cbet_542_low,flop,IP,SRP,5d4c2s,wet,second_pair,oesd,アンダーペア,12,17.77,CHECK
HJ_cbet_542_low,flop,IP,SRP,5d4c2s,wet,top_pair,oesd,TP+,12,35.88,CHECK
HJ_cbet_542_low,flop,IP,SRP,5d4c2s,wet,third_pair,gutshot,アンダーペア,24,3.29,CHECK
HJ_cbet_542_low,flop,IP,SRP,5d4c2s,wet,straight,twocards_bdfd,2P+,6,98.1,BET
HJ_cbet_542_low,flop,IP,SRP,5d4c2s,wet,straight,no_draw,2P+,26,99.97,BET
HJ_cbet_542_low,flop,IP,SRP,5d4c2s,wet,second_pair,gutshot,アンダーペア,24,10.93,CHECK
HJ_cbet_542_low,flop,IP,SRP,5d4c2s,wet,top_pair,gutshot,TP+,24,86.25,BET
HJ_cbet_542_low,flop,IP,SRP,5d4c2s,wet,overpair,gutshot,TP+,12,100.0,BET
HJ_cbet_542_low,flop,IP,SRP,5d4c2s,wet,third_pair,twocards_bdfd,アンダーペア,14,41.32,CHECK
HJ_cbet_542_low,flop,IP,SRP,5d4c2s,wet,third_pair,no_draw,アンダーペア,70,13.08,CHECK
HJ_cbet_542_low,flop,IP,SRP,5d4c2s,wet,no_made_hand,oesd,エア,128,47.98,CHECK
HJ_cbet_542_low,flop,IP,SRP,5d4c2s,wet,second_pair,no_draw,アンダーペア,70,0.04,CHECK
HJ_cbet_542_low,flop,IP,SRP,5d4c2s,wet,top_pair,twocards_bdfd,TP+,14,52.79,BET
HJ_cbet_542_low,flop,IP,SRP,5d4c2s,wet,top_pair,no_draw,TP+,70,0.31,CHECK
HJ_cbet_542_low,flop,IP,SRP,5d4c2s,wet,second_pair,twocards_bdfd,アンダーペア,14,25.53,CHECK
HJ_cbet_542_low,flop,IP,SRP,5d4c2s,wet,overpair,no_draw,TP+,42,16.35,CHECK
HJ_cbet_542_low,flop,IP,SRP,5d4c2s,wet,no_made_hand,gutshot,エア,80,33.01,CHECK
HJ_cbet_542_low,flop,IP,SRP,5d4c2s,wet,no_made_hand,twocards_bdfd,エア,42,0.95,CHECK
HJ_cbet_542_low,flop,IP,SRP,5d4c2s,wet,no_made_hand,no_draw,エア,182,67.76,BET
HJ_cbet_542_low,flop,IP,SRP,5d4c2s,wet,king_high,oesd,エア,16,67.12,BET
HJ_cbet_542_low,flop,IP,SRP,5d4c2s,wet,king_high,gutshot,エア,16,27.17,CHECK
HJ_cbet_542_low,flop,IP,SRP,5d4c2s,wet,king_high,twocards_bdfd,エア,18,0.29,CHECK
HJ_cbet_542_low,flop,IP,SRP,5d4c2s,wet,king_high,no_draw,エア,78,43.49,CHECK
HJ_cbet_542_low,flop,IP,SRP,5d4c2s,wet,ace_high,gutshot,エア,128,11.17,CHECK
HJ_cbet_A72_dry,flop,IP,SRP,As7d2c,dry,set,no_draw,2P+,9,94.92,BET
HJ_cbet_A72_dry,flop,IP,SRP,As7d2c,dry,third_pair,no_draw,アンダーペア,124,49.86,CHECK
HJ_cbet_A72_dry,flop,IP,SRP,As7d2c,dry,third_pair,twocards_bdfd,アンダーペア,20,91.89,BET
HJ_cbet_A72_dry,flop,IP,SRP,As7d2c,dry,no_made_hand,gutshot,エア,48,71.08,BET
HJ_cbet_A72_dry,flop,IP,SRP,As7d2c,dry,no_made_hand,twocards_bdfd,エア,99,42.77,CHECK
HJ_cbet_A72_dry,flop,IP,SRP,As7d2c,dry,no_made_hand,no_draw,エア,429,48.0,CHECK
HJ_cbet_A72_dry,flop,IP,SRP,As7d2c,dry,two_pair,no_draw,2P+,24,81.63,BET
HJ_cbet_A72_dry,flop,IP,SRP,As7d2c,dry,second_pair,twocards_bdfd,アンダーペア,20,94.27,BET
HJ_cbet_A72_dry,flop,IP,SRP,As7d2c,dry,second_pair,no_draw,アンダーペア,100,44.16,CHECK
HJ_cbet_A72_dry,flop,IP,SRP,As7d2c,dry,two_pair,twocards_bdfd,2P+,3,86.85,BET
HJ_cbet_A72_dry,flop,IP,SRP,As7d2c,dry,underpair,no_draw,アンダーペア,36,38.82,CHECK
HJ_cbet_A72_dry,flop,IP,SRP,As7d2c,dry,king_high,twocards_bdfd,エア,27,11.87,CHECK
HJ_cbet_A72_dry,flop,IP,SRP,As7d2c,dry,king_high,no_draw,エア,117,38.69,CHECK
HJ_cbet_A72_dry,flop,IP,SRP,As7d2c,dry,top_pair,twocards_bdfd,TP+,20,83.19,BET
HJ_cbet_A72_dry,flop,IP,SRP,As7d2c,dry,top_pair,no_draw,TP+,100,57.08,BET
HJ_cbet_AAK_paired,flop,IP,SRP,AsAdKc,paired,third_pair,no_draw,アンダーペア,66,26.96,CHECK
HJ_cbet_AAK_paired,flop,IP,SRP,AsAdKc,paired,no_made_hand,twocards_bdfd,エア,156,52.18,BET
HJ_cbet_AAK_paired,flop,IP,SRP,AsAdKc,paired,no_made_hand,no_draw,エア,676,35.39,CHECK
HJ_cbet_AAK_paired,flop,IP,SRP,AsAdKc,paired,no_made_hand,gutshot,エア,48,71.23,BET
HJ_cbet_AAK_paired,flop,IP,SRP,AsAdKc,paired,second_pair,no_draw,アンダーペア,110,38.97,CHECK
HJ_cbet_AAK_paired,flop,IP,SRP,AsAdKc,paired,second_pair,twocards_bdfd,アンダーペア,22,48.62,CHECK
HJ_cbet_AAK_paired,flop,IP,SRP,AsAdKc,paired,fullhouse,no_draw,2P+,9,93.95,BET
HJ_cbet_AAK_paired,flop,IP,SRP,AsAdKc,paired,trips,twocards_bdfd,2P+,11,63.53,BET
HJ_cbet_AAK_paired,flop,IP,SRP,AsAdKc,paired,trips,no_draw,2P+,77,52.77,BET
HJ_cbet_AAK_paired,flop,IP,SRP,AsAdKc,paired,quads,no_draw,2P+,1,99.54,BET
HJ_cbet_AT5_dry,flop,IP,SRP,AsTd5c,dry,low_pair,no_draw,アンダーペア,18,28.13,CHECK
HJ_cbet_AT5_dry,flop,IP,SRP,AsTd5c,dry,no_made_hand,gutshot,エア,64,66.02,BET
HJ_cbet_AT5_dry,flop,IP,SRP,AsTd5c,dry,third_pair,no_draw,アンダーペア,124,44.43,CHECK
HJ_cbet_AT5_dry,flop,IP,SRP,AsTd5c,dry,third_pair,twocards_bdfd,アンダーペア,20,80.69,BET
HJ_cbet_AT5_dry,flop,IP,SRP,AsTd5c,dry,set,no_draw,2P+,9,96.3,BET
HJ_cbet_AT5_dry,flop,IP,SRP,AsTd5c,dry,no_made_hand,twocards_bdfd,エア,96,43.19,CHECK
HJ_cbet_AT5_dry,flop,IP,SRP,AsTd5c,dry,no_made_hand,no_draw,エア,416,45.79,CHECK
HJ_cbet_AT5_dry,flop,IP,SRP,AsTd5c,dry,second_pair,twocards_bdfd,アンダーペア,20,76.84,BET
HJ_cbet_AT5_dry,flop,IP,SRP,AsTd5c,dry,second_pair,no_draw,アンダーペア,100,40.98,CHECK
HJ_cbet_AT5_dry,flop,IP,SRP,AsTd5c,dry,two_pair,no_draw,2P+,24,79.97,BET
HJ_cbet_AT5_dry,flop,IP,SRP,AsTd5c,dry,two_pair,twocards_bdfd,2P+,3,76.26,BET
HJ_cbet_AT5_dry,flop,IP,SRP,AsTd5c,dry,underpair,no_draw,アンダーペア,18,28.88,CHECK
HJ_cbet_AT5_dry,flop,IP,SRP,AsTd5c,dry,king_high,twocards_bdfd,エア,21,14.23,CHECK
HJ_cbet_AT5_dry,flop,IP,SRP,AsTd5c,dry,king_high,no_draw,エア,91,29.19,CHECK
HJ_cbet_AT5_dry,flop,IP,SRP,AsTd5c,dry,king_high,gutshot,エア,32,66.25,BET
HJ_cbet_AT5_dry,flop,IP,SRP,AsTd5c,dry,top_pair,twocards_bdfd,TP+,20,88.14,BET
HJ_cbet_AT5_dry,flop,IP,SRP,AsTd5c,dry,top_pair,no_draw,TP+,100,54.86,BET
HJ_cbet_K72_dry,flop,IP,SRP,Ks7d2c,dry,set,no_draw,2P+,9,95.73,BET
HJ_cbet_K72_dry,flop,IP,SRP,Ks7d2c,dry,third_pair,no_draw,アンダーペア,124,53.72,BET
HJ_cbet_K72_dry,flop,IP,SRP,Ks7d2c,dry,third_pair,twocards_bdfd,アンダーペア,20,92.54,BET
HJ_cbet_K72_dry,flop,IP,SRP,Ks7d2c,dry,no_made_hand,twocards_bdfd,エア,108,45.15,CHECK
HJ_cbet_K72_dry,flop,IP,SRP,Ks7d2c,dry,no_made_hand,no_draw,エア,468,45.91,CHECK
HJ_cbet_K72_dry,flop,IP,SRP,Ks7d2c,dry,two_pair,no_draw,2P+,24,84.09,BET
HJ_cbet_K72_dry,flop,IP,SRP,Ks7d2c,dry,second_pair,twocards_bdfd,アンダーペア,20,74.03,BET
HJ_cbet_K72_dry,flop,IP,SRP,Ks7d2c,dry,second_pair,no_draw,アンダーペア,100,49.5,CHECK
HJ_cbet_K72_dry,flop,IP,SRP,Ks7d2c,dry,two_pair,twocards_bdfd,2P+,3,78.76,BET
HJ_cbet_K72_dry,flop,IP,SRP,Ks7d2c,dry,underpair,no_draw,アンダーペア,30,42.56,CHECK
HJ_cbet_K72_dry,flop,IP,SRP,Ks7d2c,dry,top_pair,twocards_bdfd,TP+,20,79.64,BET
HJ_cbet_K72_dry,flop,IP,SRP,Ks7d2c,dry,top_pair,no_draw,TP+,100,57.55,BET
HJ_cbet_K72_dry,flop,IP,SRP,Ks7d2c,dry,ace_high,twocards_bdfd,エア,27,54.31,BET
HJ_cbet_K72_dry,flop,IP,SRP,Ks7d2c,dry,ace_high,no_draw,エア,117,35.22,CHECK
HJ_cbet_K72_dry,flop,IP,SRP,Ks7d2c,dry,overpair,no_draw,TP+,6,58.87,BET
HJ_cbet_KK2_paired,flop,IP,SRP,KsKd2c,paired,fullhouse,no_draw,2P+,9,69.42,BET
HJ_cbet_KK2_paired,flop,IP,SRP,KsKd2c,paired,second_pair,no_draw,アンダーペア,110,53.84,BET
HJ_cbet_KK2_paired,flop,IP,SRP,KsKd2c,paired,second_pair,twocards_bdfd,アンダーペア,22,60.83,BET
HJ_cbet_KK2_paired,flop,IP,SRP,KsKd2c,paired,underpair,no_draw,アンダーペア,60,49.66,CHECK
HJ_cbet_KK2_paired,flop,IP,SRP,KsKd2c,paired,no_made_hand,twocards_bdfd,エア,135,34.84,CHECK
HJ_cbet_KK2_paired,flop,IP,SRP,KsKd2c,paired,no_made_hand,no_draw,エア,585,36.96,CHECK
HJ_cbet_KK2_paired,flop,IP,SRP,KsKd2c,paired,trips,twocards_bdfd,2P+,11,74.74,BET
HJ_cbet_KK2_paired,flop,IP,SRP,KsKd2c,paired,trips,no_draw,2P+,77,59.51,BET
HJ_cbet_KK2_paired,flop,IP,SRP,KsKd2c,paired,quads,no_draw,2P+,1,85.18,BET
HJ_cbet_KK2_paired,flop,IP,SRP,KsKd2c,paired,ace_high,twocards_bdfd,エア,30,51.24,BET
HJ_cbet_KK2_paired,flop,IP,SRP,KsKd2c,paired,ace_high,no_draw,エア,130,30.23,CHECK
HJ_cbet_KK2_paired,flop,IP,SRP,KsKd2c,paired,overpair,no_draw,TP+,6,10.57,CHECK
HJ_cbet_T98_conn,flop,IP,SRP,Ts9d8c,wet,low_pair,no_draw,アンダーペア,24,0.32,CHECK
HJ_cbet_T98_conn,flop,IP,SRP,Ts9d8c,wet,no_made_hand,twocards_bdfd,エア,18,74.78,BET
HJ_cbet_T98_conn,flop,IP,SRP,Ts9d8c,wet,no_made_hand,no_draw,エア,78,9.31,CHECK
HJ_cbet_T98_conn,flop,IP,SRP,Ts9d8c,wet,no_made_hand,gutshot,エア,128,38.79,CHECK
HJ_cbet_T98_conn,flop,IP,SRP,Ts9d8c,wet,low_pair,gutshot,アンダーペア,6,0.03,CHECK
HJ_cbet_T98_conn,flop,IP,SRP,Ts9d8c,wet,no_made_hand,oesd,エア,176,54.38,BET
HJ_cbet_T98_conn,flop,IP,SRP,Ts9d8c,wet,straight,twocards_bdfd,2P+,9,69.68,BET
HJ_cbet_T98_conn,flop,IP,SRP,Ts9d8c,wet,straight,no_draw,2P+,39,72.0,BET
HJ_cbet_T98_conn,flop,IP,SRP,Ts9d8c,wet,low_pair,oesd,アンダーペア,6,0.15,CHECK
HJ_cbet_T98_conn,flop,IP,SRP,Ts9d8c,wet,third_pair,no_draw,アンダーペア,60,19.18,CHECK
HJ_cbet_T98_conn,flop,IP,SRP,Ts9d8c,wet,third_pair,twocards_bdfd,アンダーペア,12,14.07,CHECK
HJ_cbet_T98_conn,flop,IP,SRP,Ts9d8c,wet,third_pair,gutshot,アンダーペア,24,31.46,CHECK
HJ_cbet_T98_conn,flop,IP,SRP,Ts9d8c,wet,third_pair,oesd,アンダーペア,24,19.24,CHECK
HJ_cbet_T98_conn,flop,IP,SRP,Ts9d8c,wet,set,no_draw,2P+,9,80.08,BET
HJ_cbet_T98_conn,flop,IP,SRP,Ts9d8c,wet,second_pair,twocards_bdfd,アンダーペア,12,35.02,CHECK
HJ_cbet_T98_conn,flop,IP,SRP,Ts9d8c,wet,second_pair,no_draw,アンダーペア,60,28.57,CHECK
HJ_cbet_T98_conn,flop,IP,SRP,Ts9d8c,wet,second_pair,gutshot,アンダーペア,24,37.39,CHECK
HJ_cbet_T98_conn,flop,IP,SRP,Ts9d8c,wet,second_pair,oesd,アンダーペア,24,40.63,CHECK
HJ_cbet_T98_conn,flop,IP,SRP,Ts9d8c,wet,two_pair,no_draw,2P+,24,43.6,CHECK
HJ_cbet_T98_conn,flop,IP,SRP,Ts9d8c,wet,two_pair,twocards_bdfd,2P+,3,77.46,BET
HJ_cbet_T98_conn,flop,IP,SRP,Ts9d8c,wet,top_pair,twocards_bdfd,TP+,12,54.61,BET
HJ_cbet_T98_conn,flop,IP,SRP,Ts9d8c,wet,top_pair,no_draw,TP+,60,50.04,BET
HJ_cbet_T98_conn,flop,IP,SRP,Ts9d8c,wet,top_pair,gutshot,TP+,24,32.93,CHECK
HJ_cbet_T98_conn,flop,IP,SRP,Ts9d8c,wet,top_pair,oesd,TP+,24,52.23,BET
HJ_cbet_T98_conn,flop,IP,SRP,Ts9d8c,wet,overpair,oesd,TP+,6,69.91,BET
HJ_cbet_T98_conn,flop,IP,SRP,Ts9d8c,wet,overpair,gutshot,TP+,6,95.0,BET
HJ_cbet_T98_conn,flop,IP,SRP,Ts9d8c,wet,king_high,twocards_bdfd,エア,12,38.17,CHECK
HJ_cbet_T98_conn,flop,IP,SRP,Ts9d8c,wet,king_high,no_draw,エア,52,42.18,CHECK
HJ_cbet_T98_conn,flop,IP,SRP,Ts9d8c,wet,king_high,gutshot,エア,32,50.86,BET
HJ_cbet_T98_conn,flop,IP,SRP,Ts9d8c,wet,king_high,oesd,エア,32,44.72,CHECK
HJ_cbet_T98_conn,flop,IP,SRP,Ts9d8c,wet,overpair,no_draw,TP+,12,67.47,BET
HJ_cbet_T98_conn,flop,IP,SRP,Ts9d8c,wet,ace_high,twocards_bdfd,エア,15,11.06,CHECK
HJ_cbet_T98_conn,flop,IP,SRP,Ts9d8c,wet,ace_high,no_draw,エア,65,24.8,CHECK
HJ_cbet_T98_conn,flop,IP,SRP,Ts9d8c,wet,ace_high,gutshot,エア,32,27.7,CHECK
HJ_cbet_T98_conn,flop,IP,SRP,Ts9d8c,wet,ace_high,oesd,エア,32,34.86,CHECK
SB_cbet_442_paired,flop,OOP,SRP,4s4d2c,paired,fullhouse,no_draw,2P+,9,70.19,BET
SB_cbet_442_paired,flop,OOP,SRP,4s4d2c,paired,second_pair,no_draw,アンダーペア,110,48.88,CHECK
SB_cbet_442_paired,flop,OOP,SRP,4s4d2c,paired,second_pair,twocards_bdfd,アンダーペア,22,72.87,BET
SB_cbet_442_paired,flop,OOP,SRP,4s4d2c,paired,underpair,no_draw,アンダーペア,6,99.79,BET
SB_cbet_442_paired,flop,OOP,SRP,4s4d2c,paired,trips,twocards_bdfd,2P+,11,65.66,BET
SB_cbet_442_paired,flop,OOP,SRP,4s4d2c,paired,trips,no_draw,2P+,77,70.55,BET
SB_cbet_442_paired,flop,OOP,SRP,4s4d2c,paired,quads,no_draw,2P+,1,84.19,BET
SB_cbet_442_paired,flop,OOP,SRP,4s4d2c,paired,no_made_hand,oesd,エア,16,66.11,BET
SB_cbet_442_paired,flop,OOP,SRP,4s4d2c,paired,overpair,no_draw,TP+,60,47.81,CHECK
SB_cbet_442_paired,flop,OOP,SRP,4s4d2c,paired,no_made_hand,gutshot,エア,32,64.71,BET
SB_cbet_442_paired,flop,OOP,SRP,4s4d2c,paired,no_made_hand,twocards_bdfd,エア,99,45.45,CHECK
SB_cbet_442_paired,flop,OOP,SRP,4s4d2c,paired,no_made_hand,no_draw,エア,429,46.44,CHECK
SB_cbet_442_paired,flop,OOP,SRP,4s4d2c,paired,king_high,twocards_bdfd,エア,27,32.6,CHECK
SB_cbet_442_paired,flop,OOP,SRP,4s4d2c,paired,king_high,no_draw,エア,117,16.75,CHECK
SB_cbet_442_paired,flop,OOP,SRP,4s4d2c,paired,ace_high,gutshot,エア,32,33.79,CHECK
SB_cbet_442_paired,flop,OOP,SRP,4s4d2c,paired,ace_high,twocards_bdfd,エア,24,59.96,BET
SB_cbet_442_paired,flop,OOP,SRP,4s4d2c,paired,ace_high,no_draw,エア,104,32.13,CHECK
SB_cbet_542_low,flop,OOP,SRP,5d4c2s,wet,set,no_draw,2P+,9,59.45,BET
SB_cbet_542_low,flop,OOP,SRP,5d4c2s,wet,third_pair,oesd,アンダーペア,18,19.83,CHECK
SB_cbet_542_low,flop,OOP,SRP,5d4c2s,wet,two_pair,no_draw,2P+,24,70.67,BET
SB_cbet_542_low,flop,OOP,SRP,5d4c2s,wet,two_pair,twocards_bdfd,2P+,3,99.87,BET
SB_cbet_542_low,flop,OOP,SRP,5d4c2s,wet,second_pair,oesd,アンダーペア,12,16.88,CHECK
SB_cbet_542_low,flop,OOP,SRP,5d4c2s,wet,top_pair,oesd,TP+,12,28.42,CHECK
SB_cbet_542_low,flop,OOP,SRP,5d4c2s,wet,third_pair,gutshot,アンダーペア,24,2.95,CHECK
SB_cbet_542_low,flop,OOP,SRP,5d4c2s,wet,straight,twocards_bdfd,2P+,6,97.65,BET
SB_cbet_542_low,flop,OOP,SRP,5d4c2s,wet,straight,no_draw,2P+,26,99.96,BET
SB_cbet_542_low,flop,OOP,SRP,5d4c2s,wet,second_pair,gutshot,アンダーペア,24,12.23,CHECK
SB_cbet_542_low,flop,OOP,SRP,5d4c2s,wet,top_pair,gutshot,TP+,24,87.68,BET
SB_cbet_542_low,flop,OOP,SRP,5d4c2s,wet,overpair,gutshot,TP+,12,99.99,BET
SB_cbet_542_low,flop,OOP,SRP,5d4c2s,wet,third_pair,twocards_bdfd,アンダーペア,14,36.14,CHECK
SB_cbet_542_low,flop,OOP,SRP,5d4c2s,wet,third_pair,no_draw,アンダーペア,70,20.29,CHECK
SB_cbet_542_low,flop,OOP,SRP,5d4c2s,wet,no_made_hand,oesd,エア,128,48.0,CHECK
SB_cbet_542_low,flop,OOP,SRP,5d4c2s,wet,second_pair,no_draw,アンダーペア,70,0.23,CHECK
SB_cbet_542_low,flop,OOP,SRP,5d4c2s,wet,top_pair,twocards_bdfd,TP+,14,34.05,CHECK
SB_cbet_542_low,flop,OOP,SRP,5d4c2s,wet,top_pair,no_draw,TP+,70,0.23,CHECK
SB_cbet_542_low,flop,OOP,SRP,5d4c2s,wet,second_pair,twocards_bdfd,アンダーペア,14,37.78,CHECK
SB_cbet_542_low,flop,OOP,SRP,5d4c2s,wet,overpair,no_draw,TP+,42,18.82,CHECK
SB_cbet_542_low,flop,OOP,SRP,5d4c2s,wet,no_made_hand,gutshot,エア,80,36.45,CHECK
SB_cbet_542_low,flop,OOP,SRP,5d4c2s,wet,no_made_hand,twocards_bdfd,エア,42,0.67,CHECK
SB_cbet_542_low,flop,OOP,SRP,5d4c2s,wet,no_made_hand,no_draw,エア,182,63.26,BET
SB_cbet_542_low,flop,OOP,SRP,5d4c2s,wet,king_high,oesd,エア,16,69.84,BET
SB_cbet_542_low,flop,OOP,SRP,5d4c2s,wet,king_high,gutshot,エア,16,27.32,CHECK
SB_cbet_542_low,flop,OOP,SRP,5d4c2s,wet,king_high,twocards_bdfd,エア,18,0.23,CHECK
SB_cbet_542_low,flop,OOP,SRP,5d4c2s,wet,king_high,no_draw,エア,78,39.64,CHECK
SB_cbet_542_low,flop,OOP,SRP,5d4c2s,wet,ace_high,gutshot,エア,128,11.05,CHECK
SB_cbet_A72_dry,flop,OOP,SRP,As7d2c,dry,set,no_draw,2P+,9,93.75,BET
SB_cbet_A72_dry,flop,OOP,SRP,As7d2c,dry,third_pair,no_draw,アンダーペア,124,49.94,CHECK
SB_cbet_A72_dry,flop,OOP,SRP,As7d2c,dry,third_pair,twocards_bdfd,アンダーペア,20,92.98,BET
SB_cbet_A72_dry,flop,OOP,SRP,As7d2c,dry,no_made_hand,gutshot,エア,48,70.6,BET
SB_cbet_A72_dry,flop,OOP,SRP,As7d2c,dry,no_made_hand,twocards_bdfd,エア,99,43.0,CHECK
SB_cbet_A72_dry,flop,OOP,SRP,As7d2c,dry,no_made_hand,no_draw,エア,429,48.71,CHECK
SB_cbet_A72_dry,flop,OOP,SRP,As7d2c,dry,two_pair,no_draw,2P+,24,83.37,BET
SB_cbet_A72_dry,flop,OOP,SRP,As7d2c,dry,second_pair,twocards_bdfd,アンダーペア,20,94.52,BET
SB_cbet_A72_dry,flop,OOP,SRP,As7d2c,dry,second_pair,no_draw,アンダーペア,100,44.84,CHECK
SB_cbet_A72_dry,flop,OOP,SRP,As7d2c,dry,two_pair,twocards_bdfd,2P+,3,87.57,BET
SB_cbet_A72_dry,flop,OOP,SRP,As7d2c,dry,underpair,no_draw,アンダーペア,36,39.54,CHECK
SB_cbet_A72_dry,flop,OOP,SRP,As7d2c,dry,king_high,twocards_bdfd,エア,27,11.95,CHECK
SB_cbet_A72_dry,flop,OOP,SRP,As7d2c,dry,king_high,no_draw,エア,117,40.2,CHECK
SB_cbet_A72_dry,flop,OOP,SRP,As7d2c,dry,top_pair,twocards_bdfd,TP+,20,84.1,BET
SB_cbet_A72_dry,flop,OOP,SRP,As7d2c,dry,top_pair,no_draw,TP+,100,57.92,BET
SB_cbet_AAK_paired,flop,OOP,SRP,AsAdKc,paired,third_pair,no_draw,アンダーペア,66,22.23,CHECK
SB_cbet_AAK_paired,flop,OOP,SRP,AsAdKc,paired,no_made_hand,twocards_bdfd,エア,156,43.16,CHECK
SB_cbet_AAK_paired,flop,OOP,SRP,AsAdKc,paired,no_made_hand,no_draw,エア,676,30.69,CHECK
SB_cbet_AAK_paired,flop,OOP,SRP,AsAdKc,paired,no_made_hand,gutshot,エア,48,69.89,BET
SB_cbet_AAK_paired,flop,OOP,SRP,AsAdKc,paired,second_pair,no_draw,アンダーペア,110,34.27,CHECK
SB_cbet_AAK_paired,flop,OOP,SRP,AsAdKc,paired,second_pair,twocards_bdfd,アンダーペア,22,39.23,CHECK
SB_cbet_AAK_paired,flop,OOP,SRP,AsAdKc,paired,fullhouse,no_draw,2P+,9,77.14,BET
SB_cbet_AAK_paired,flop,OOP,SRP,AsAdKc,paired,trips,twocards_bdfd,2P+,11,65.58,BET
SB_cbet_AAK_paired,flop,OOP,SRP,AsAdKc,paired,trips,no_draw,2P+,77,50.39,BET
SB_cbet_AAK_paired,flop,OOP,SRP,AsAdKc,paired,quads,no_draw,2P+,1,98.22,BET
SB_cbet_AT5_dry,flop,OOP,SRP,AsTd5c,dry,low_pair,no_draw,アンダーペア,18,30.97,CHECK
SB_cbet_AT5_dry,flop,OOP,SRP,AsTd5c,dry,no_made_hand,gutshot,エア,64,65.69,BET
SB_cbet_AT5_dry,flop,OOP,SRP,AsTd5c,dry,third_pair,no_draw,アンダーペア,124,45.1,CHECK
SB_cbet_AT5_dry,flop,OOP,SRP,AsTd5c,dry,third_pair,twocards_bdfd,アンダーペア,20,83.47,BET
SB_cbet_AT5_dry,flop,OOP,SRP,AsTd5c,dry,set,no_draw,2P+,9,95.64,BET
SB_cbet_AT5_dry,flop,OOP,SRP,AsTd5c,dry,no_made_hand,twocards_bdfd,エア,96,44.83,CHECK
SB_cbet_AT5_dry,flop,OOP,SRP,AsTd5c,dry,no_made_hand,no_draw,エア,416,47.54,CHECK
SB_cbet_AT5_dry,flop,OOP,SRP,AsTd5c,dry,second_pair,twocards_bdfd,アンダーペア,20,78.18,BET
SB_cbet_AT5_dry,flop,OOP,SRP,AsTd5c,dry,second_pair,no_draw,アンダーペア,100,43.61,CHECK
SB_cbet_AT5_dry,flop,OOP,SRP,AsTd5c,dry,two_pair,no_draw,2P+,24,83.86,BET
SB_cbet_AT5_dry,flop,OOP,SRP,AsTd5c,dry,two_pair,twocards_bdfd,2P+,3,80.62,BET
SB_cbet_AT5_dry,flop,OOP,SRP,AsTd5c,dry,underpair,no_draw,アンダーペア,18,31.71,CHECK
SB_cbet_AT5_dry,flop,OOP,SRP,AsTd5c,dry,king_high,twocards_bdfd,エア,21,14.17,CHECK
SB_cbet_AT5_dry,flop,OOP,SRP,AsTd5c,dry,king_high,no_draw,エア,91,31.55,CHECK
SB_cbet_AT5_dry,flop,OOP,SRP,AsTd5c,dry,king_high,gutshot,エア,32,66.8,BET
SB_cbet_AT5_dry,flop,OOP,SRP,AsTd5c,dry,top_pair,twocards_bdfd,TP+,20,90.2,BET
SB_cbet_AT5_dry,flop,OOP,SRP,AsTd5c,dry,top_pair,no_draw,TP+,100,56.04,BET
SB_cbet_K72_dry,flop,OOP,SRP,Ks7d2c,dry,set,no_draw,2P+,9,95.94,BET
SB_cbet_K72_dry,flop,OOP,SRP,Ks7d2c,dry,third_pair,no_draw,アンダーペア,124,51.12,BET
SB_cbet_K72_dry,flop,OOP,SRP,Ks7d2c,dry,third_pair,twocards_bdfd,アンダーペア,20,91.98,BET
SB_cbet_K72_dry,flop,OOP,SRP,Ks7d2c,dry,no_made_hand,twocards_bdfd,エア,108,44.4,CHECK
SB_cbet_K72_dry,flop,OOP,SRP,Ks7d2c,dry,no_made_hand,no_draw,エア,468,44.86,CHECK
SB_cbet_K72_dry,flop,OOP,SRP,Ks7d2c,dry,two_pair,no_draw,2P+,24,85.94,BET
SB_cbet_K72_dry,flop,OOP,SRP,Ks7d2c,dry,second_pair,twocards_bdfd,アンダーペア,20,72.86,BET
SB_cbet_K72_dry,flop,OOP,SRP,Ks7d2c,dry,second_pair,no_draw,アンダーペア,100,47.94,CHECK
SB_cbet_K72_dry,flop,OOP,SRP,Ks7d2c,dry,two_pair,twocards_bdfd,2P+,3,80.73,BET
SB_cbet_K72_dry,flop,OOP,SRP,Ks7d2c,dry,underpair,no_draw,アンダーペア,30,42.68,CHECK
SB_cbet_K72_dry,flop,OOP,SRP,Ks7d2c,dry,top_pair,twocards_bdfd,TP+,20,80.05,BET
SB_cbet_K72_dry,flop,OOP,SRP,Ks7d2c,dry,top_pair,no_draw,TP+,100,55.12,BET
SB_cbet_K72_dry,flop,OOP,SRP,Ks7d2c,dry,ace_high,twocards_bdfd,エア,27,51.63,BET
SB_cbet_K72_dry,flop,OOP,SRP,Ks7d2c,dry,ace_high,no_draw,エア,117,32.85,CHECK
SB_cbet_K72_dry,flop,OOP,SRP,Ks7d2c,dry,overpair,no_draw,TP+,6,57.68,BET
SB_cbet_KK2_paired,flop,OOP,SRP,KsKd2c,paired,fullhouse,no_draw,2P+,9,66.98,BET
SB_cbet_KK2_paired,flop,OOP,SRP,KsKd2c,paired,second_pair,no_draw,アンダーペア,110,51.83,BET
SB_cbet_KK2_paired,flop,OOP,SRP,KsKd2c,paired,second_pair,twocards_bdfd,アンダーペア,22,57.86,BET
SB_cbet_KK2_paired,flop,OOP,SRP,KsKd2c,paired,underpair,no_draw,アンダーペア,60,50.23,BET
SB_cbet_KK2_paired,flop,OOP,SRP,KsKd2c,paired,no_made_hand,twocards_bdfd,エア,135,33.91,CHECK
SB_cbet_KK2_paired,flop,OOP,SRP,KsKd2c,paired,no_made_hand,no_draw,エア,585,36.29,CHECK
SB_cbet_KK2_paired,flop,OOP,SRP,KsKd2c,paired,trips,twocards_bdfd,2P+,11,77.94,BET
SB_cbet_KK2_paired,flop,OOP,SRP,KsKd2c,paired,trips,no_draw,2P+,77,59.03,BET
SB_cbet_KK2_paired,flop,OOP,SRP,KsKd2c,paired,quads,no_draw,2P+,1,89.8,BET
SB_cbet_KK2_paired,flop,OOP,SRP,KsKd2c,paired,ace_high,twocards_bdfd,エア,30,49.05,CHECK
SB_cbet_KK2_paired,flop,OOP,SRP,KsKd2c,paired,ace_high,no_draw,エア,130,28.94,CHECK
SB_cbet_KK2_paired,flop,OOP,SRP,KsKd2c,paired,overpair,no_draw,TP+,6,8.04,CHECK
SB_cbet_T98_conn,flop,OOP,SRP,Ts9d8c,wet,low_pair,no_draw,アンダーペア,24,0.27,CHECK
SB_cbet_T98_conn,flop,OOP,SRP,Ts9d8c,wet,no_made_hand,twocards_bdfd,エア,18,71.13,BET
SB_cbet_T98_conn,flop,OOP,SRP,Ts9d8c,wet,no_made_hand,no_draw,エア,78,10.07,CHECK
SB_cbet_T98_conn,flop,OOP,SRP,Ts9d8c,wet,no_made_hand,gutshot,エア,128,38.63,CHECK
SB_cbet_T98_conn,flop,OOP,SRP,Ts9d8c,wet,low_pair,gutshot,アンダーペア,6,0.04,CHECK
SB_cbet_T98_conn,flop,OOP,SRP,Ts9d8c,wet,no_made_hand,oesd,エア,176,53.21,BET
SB_cbet_T98_conn,flop,OOP,SRP,Ts9d8c,wet,straight,twocards_bdfd,2P+,9,68.46,BET
SB_cbet_T98_conn,flop,OOP,SRP,Ts9d8c,wet,straight,no_draw,2P+,39,71.2,BET
SB_cbet_T98_conn,flop,OOP,SRP,Ts9d8c,wet,low_pair,oesd,アンダーペア,6,0.18,CHECK
SB_cbet_T98_conn,flop,OOP,SRP,Ts9d8c,wet,third_pair,no_draw,アンダーペア,60,18.03,CHECK
SB_cbet_T98_conn,flop,OOP,SRP,Ts9d8c,wet,third_pair,twocards_bdfd,アンダーペア,12,13.9,CHECK
SB_cbet_T98_conn,flop,OOP,SRP,Ts9d8c,wet,third_pair,gutshot,アンダーペア,24,30.14,CHECK
SB_cbet_T98_conn,flop,OOP,SRP,Ts9d8c,wet,third_pair,oesd,アンダーペア,24,17.83,CHECK
SB_cbet_T98_conn,flop,OOP,SRP,Ts9d8c,wet,set,no_draw,2P+,9,79.34,BET
SB_cbet_T98_conn,flop,OOP,SRP,Ts9d8c,wet,second_pair,twocards_bdfd,アンダーペア,12,35.1,CHECK
SB_cbet_T98_conn,flop,OOP,SRP,Ts9d8c,wet,second_pair,no_draw,アンダーペア,60,27.22,CHECK
SB_cbet_T98_conn,flop,OOP,SRP,Ts9d8c,wet,second_pair,gutshot,アンダーペア,24,35.0,CHECK
SB_cbet_T98_conn,flop,OOP,SRP,Ts9d8c,wet,second_pair,oesd,アンダーペア,24,36.97,CHECK
SB_cbet_T98_conn,flop,OOP,SRP,Ts9d8c,wet,two_pair,no_draw,2P+,24,44.28,CHECK
SB_cbet_T98_conn,flop,OOP,SRP,Ts9d8c,wet,two_pair,twocards_bdfd,2P+,3,74.6,BET
SB_cbet_T98_conn,flop,OOP,SRP,Ts9d8c,wet,top_pair,twocards_bdfd,TP+,12,50.65,BET
SB_cbet_T98_conn,flop,OOP,SRP,Ts9d8c,wet,top_pair,no_draw,TP+,60,45.71,CHECK
SB_cbet_T98_conn,flop,OOP,SRP,Ts9d8c,wet,top_pair,gutshot,TP+,24,31.62,CHECK
SB_cbet_T98_conn,flop,OOP,SRP,Ts9d8c,wet,top_pair,oesd,TP+,24,51.51,BET
SB_cbet_T98_conn,flop,OOP,SRP,Ts9d8c,wet,overpair,oesd,TP+,6,68.02,BET
SB_cbet_T98_conn,flop,OOP,SRP,Ts9d8c,wet,overpair,gutshot,TP+,6,95.77,BET
SB_cbet_T98_conn,flop,OOP,SRP,Ts9d8c,wet,king_high,twocards_bdfd,エア,12,34.44,CHECK
SB_cbet_T98_conn,flop,OOP,SRP,Ts9d8c,wet,king_high,no_draw,エア,52,41.8,CHECK
SB_cbet_T98_conn,flop,OOP,SRP,Ts9d8c,wet,king_high,gutshot,エア,32,48.84,CHECK
SB_cbet_T98_conn,flop,OOP,SRP,Ts9d8c,wet,king_high,oesd,エア,32,43.36,CHECK
SB_cbet_T98_conn,flop,OOP,SRP,Ts9d8c,wet,overpair,no_draw,TP+,12,65.67,BET
SB_cbet_T98_conn,flop,OOP,SRP,Ts9d8c,wet,ace_high,twocards_bdfd,エア,15,9.39,CHECK
SB_cbet_T98_conn,flop,OOP,SRP,Ts9d8c,wet,ace_high,no_draw,エア,65,23.44,CHECK
SB_cbet_T98_conn,flop,OOP,SRP,Ts9d8c,wet,ace_high,gutshot,エア,32,25.25,CHECK
SB_cbet_T98_conn,flop,OOP,SRP,Ts9d8c,wet,ace_high,oesd,エア,32,33.58,CHECK
UTG_cbet_442_paired,flop,IP,SRP,4s4d2c,paired,fullhouse,no_draw,2P+,9,81.48,BET
UTG_cbet_442_paired,flop,IP,SRP,4s4d2c,paired,second_pair,no_draw,アンダーペア,110,63.09,BET
UTG_cbet_442_paired,flop,IP,SRP,4s4d2c,paired,second_pair,twocards_bdfd,アンダーペア,22,82.06,BET
UTG_cbet_442_paired,flop,IP,SRP,4s4d2c,paired,underpair,no_draw,アンダーペア,6,99.94,BET
UTG_cbet_442_paired,flop,IP,SRP,4s4d2c,paired,trips,twocards_bdfd,2P+,11,74.94,BET
UTG_cbet_442_paired,flop,IP,SRP,4s4d2c,paired,trips,no_draw,2P+,77,80.11,BET
UTG_cbet_442_paired,flop,IP,SRP,4s4d2c,paired,quads,no_draw,2P+,1,77.19,BET
UTG_cbet_442_paired,flop,IP,SRP,4s4d2c,paired,no_made_hand,oesd,エア,16,75.36,BET
UTG_cbet_442_paired,flop,IP,SRP,4s4d2c,paired,overpair,no_draw,TP+,60,60.15,BET
UTG_cbet_442_paired,flop,IP,SRP,4s4d2c,paired,no_made_hand,gutshot,エア,32,73.01,BET
UTG_cbet_442_paired,flop,IP,SRP,4s4d2c,paired,no_made_hand,twocards_bdfd,エア,99,57.01,BET
UTG_cbet_442_paired,flop,IP,SRP,4s4d2c,paired,no_made_hand,no_draw,エア,429,56.55,BET
UTG_cbet_442_paired,flop,IP,SRP,4s4d2c,paired,king_high,twocards_bdfd,エア,27,47.49,CHECK
UTG_cbet_442_paired,flop,IP,SRP,4s4d2c,paired,king_high,no_draw,エア,117,27.96,CHECK
UTG_cbet_442_paired,flop,IP,SRP,4s4d2c,paired,ace_high,gutshot,エア,32,46.45,CHECK
UTG_cbet_442_paired,flop,IP,SRP,4s4d2c,paired,ace_high,twocards_bdfd,エア,24,77.53,BET
UTG_cbet_442_paired,flop,IP,SRP,4s4d2c,paired,ace_high,no_draw,エア,104,43.92,CHECK
UTG_cbet_542_low,flop,IP,SRP,5d4c2s,wet,set,no_draw,2P+,9,55.96,BET
UTG_cbet_542_low,flop,IP,SRP,5d4c2s,wet,third_pair,oesd,アンダーペア,18,17.62,CHECK
UTG_cbet_542_low,flop,IP,SRP,5d4c2s,wet,two_pair,no_draw,2P+,24,65.5,BET
UTG_cbet_542_low,flop,IP,SRP,5d4c2s,wet,two_pair,twocards_bdfd,2P+,3,99.49,BET
UTG_cbet_542_low,flop,IP,SRP,5d4c2s,wet,second_pair,oesd,アンダーペア,12,17.77,CHECK
UTG_cbet_542_low,flop,IP,SRP,5d4c2s,wet,top_pair,oesd,TP+,12,35.88,CHECK
UTG_cbet_542_low,flop,IP,SRP,5d4c2s,wet,third_pair,gutshot,アンダーペア,24,3.29,CHECK
UTG_cbet_542_low,flop,IP,SRP,5d4c2s,wet,straight,twocards_bdfd,2P+,6,98.1,BET
UTG_cbet_542_low,flop,IP,SRP,5d4c2s,wet,straight,no_draw,2P+,26,99.97,BET
UTG_cbet_542_low,flop,IP,SRP,5d4c2s,wet,second_pair,gutshot,アンダーペア,24,10.93,CHECK
UTG_cbet_542_low,flop,IP,SRP,5d4c2s,wet,top_pair,gutshot,TP+,24,86.25,BET
UTG_cbet_542_low,flop,IP,SRP,5d4c2s,wet,overpair,gutshot,TP+,12,100.0,BET
UTG_cbet_542_low,flop,IP,SRP,5d4c2s,wet,third_pair,twocards_bdfd,アンダーペア,14,41.32,CHECK
UTG_cbet_542_low,flop,IP,SRP,5d4c2s,wet,third_pair,no_draw,アンダーペア,70,13.08,CHECK
UTG_cbet_542_low,flop,IP,SRP,5d4c2s,wet,no_made_hand,oesd,エア,128,47.98,CHECK
UTG_cbet_542_low,flop,IP,SRP,5d4c2s,wet,second_pair,no_draw,アンダーペア,70,0.04,CHECK
UTG_cbet_542_low,flop,IP,SRP,5d4c2s,wet,top_pair,twocards_bdfd,TP+,14,52.79,BET
UTG_cbet_542_low,flop,IP,SRP,5d4c2s,wet,top_pair,no_draw,TP+,70,0.31,CHECK
UTG_cbet_542_low,flop,IP,SRP,5d4c2s,wet,second_pair,twocards_bdfd,アンダーペア,14,25.53,CHECK
UTG_cbet_542_low,flop,IP,SRP,5d4c2s,wet,overpair,no_draw,TP+,42,16.35,CHECK
UTG_cbet_542_low,flop,IP,SRP,5d4c2s,wet,no_made_hand,gutshot,エア,80,33.01,CHECK
UTG_cbet_542_low,flop,IP,SRP,5d4c2s,wet,no_made_hand,twocards_bdfd,エア,42,0.95,CHECK
UTG_cbet_542_low,flop,IP,SRP,5d4c2s,wet,no_made_hand,no_draw,エア,182,67.76,BET
UTG_cbet_542_low,flop,IP,SRP,5d4c2s,wet,king_high,oesd,エア,16,67.12,BET
UTG_cbet_542_low,flop,IP,SRP,5d4c2s,wet,king_high,gutshot,エア,16,27.17,CHECK
UTG_cbet_542_low,flop,IP,SRP,5d4c2s,wet,king_high,twocards_bdfd,エア,18,0.29,CHECK
UTG_cbet_542_low,flop,IP,SRP,5d4c2s,wet,king_high,no_draw,エア,78,43.49,CHECK
UTG_cbet_542_low,flop,IP,SRP,5d4c2s,wet,ace_high,gutshot,エア,128,11.17,CHECK
UTG_cbet_A72_dry,flop,IP,SRP,As7d2c,dry,set,no_draw,2P+,9,94.92,BET
UTG_cbet_A72_dry,flop,IP,SRP,As7d2c,dry,third_pair,no_draw,アンダーペア,124,49.86,CHECK
UTG_cbet_A72_dry,flop,IP,SRP,As7d2c,dry,third_pair,twocards_bdfd,アンダーペア,20,91.89,BET
UTG_cbet_A72_dry,flop,IP,SRP,As7d2c,dry,no_made_hand,gutshot,エア,48,71.08,BET
UTG_cbet_A72_dry,flop,IP,SRP,As7d2c,dry,no_made_hand,twocards_bdfd,エア,99,42.77,CHECK
UTG_cbet_A72_dry,flop,IP,SRP,As7d2c,dry,no_made_hand,no_draw,エア,429,48.0,CHECK
UTG_cbet_A72_dry,flop,IP,SRP,As7d2c,dry,two_pair,no_draw,2P+,24,81.63,BET
UTG_cbet_A72_dry,flop,IP,SRP,As7d2c,dry,second_pair,twocards_bdfd,アンダーペア,20,94.27,BET
UTG_cbet_A72_dry,flop,IP,SRP,As7d2c,dry,second_pair,no_draw,アンダーペア,100,44.16,CHECK
UTG_cbet_A72_dry,flop,IP,SRP,As7d2c,dry,two_pair,twocards_bdfd,2P+,3,86.85,BET
UTG_cbet_A72_dry,flop,IP,SRP,As7d2c,dry,underpair,no_draw,アンダーペア,36,38.82,CHECK
UTG_cbet_A72_dry,flop,IP,SRP,As7d2c,dry,king_high,twocards_bdfd,エア,27,11.87,CHECK
UTG_cbet_A72_dry,flop,IP,SRP,As7d2c,dry,king_high,no_draw,エア,117,38.69,CHECK
UTG_cbet_A72_dry,flop,IP,SRP,As7d2c,dry,top_pair,twocards_bdfd,TP+,20,83.19,BET
UTG_cbet_A72_dry,flop,IP,SRP,As7d2c,dry,top_pair,no_draw,TP+,100,57.08,BET
UTG_cbet_AAK_paired,flop,IP,SRP,AsAdKc,paired,third_pair,no_draw,アンダーペア,66,26.96,CHECK
UTG_cbet_AAK_paired,flop,IP,SRP,AsAdKc,paired,no_made_hand,twocards_bdfd,エア,156,52.18,BET
UTG_cbet_AAK_paired,flop,IP,SRP,AsAdKc,paired,no_made_hand,no_draw,エア,676,35.39,CHECK
UTG_cbet_AAK_paired,flop,IP,SRP,AsAdKc,paired,no_made_hand,gutshot,エア,48,71.23,BET
UTG_cbet_AAK_paired,flop,IP,SRP,AsAdKc,paired,second_pair,no_draw,アンダーペア,110,38.97,CHECK
UTG_cbet_AAK_paired,flop,IP,SRP,AsAdKc,paired,second_pair,twocards_bdfd,アンダーペア,22,48.62,CHECK
UTG_cbet_AAK_paired,flop,IP,SRP,AsAdKc,paired,fullhouse,no_draw,2P+,9,93.95,BET
UTG_cbet_AAK_paired,flop,IP,SRP,AsAdKc,paired,trips,twocards_bdfd,2P+,11,63.53,BET
UTG_cbet_AAK_paired,flop,IP,SRP,AsAdKc,paired,trips,no_draw,2P+,77,52.77,BET
UTG_cbet_AAK_paired,flop,IP,SRP,AsAdKc,paired,quads,no_draw,2P+,1,99.54,BET
UTG_cbet_AT5_dry,flop,IP,SRP,AsTd5c,dry,low_pair,no_draw,アンダーペア,18,28.13,CHECK
UTG_cbet_AT5_dry,flop,IP,SRP,AsTd5c,dry,no_made_hand,gutshot,エア,64,66.02,BET
UTG_cbet_AT5_dry,flop,IP,SRP,AsTd5c,dry,third_pair,no_draw,アンダーペア,124,44.43,CHECK
UTG_cbet_AT5_dry,flop,IP,SRP,AsTd5c,dry,third_pair,twocards_bdfd,アンダーペア,20,80.69,BET
UTG_cbet_AT5_dry,flop,IP,SRP,AsTd5c,dry,set,no_draw,2P+,9,96.3,BET
UTG_cbet_AT5_dry,flop,IP,SRP,AsTd5c,dry,no_made_hand,twocards_bdfd,エア,96,43.19,CHECK
UTG_cbet_AT5_dry,flop,IP,SRP,AsTd5c,dry,no_made_hand,no_draw,エア,416,45.79,CHECK
UTG_cbet_AT5_dry,flop,IP,SRP,AsTd5c,dry,second_pair,twocards_bdfd,アンダーペア,20,76.84,BET
UTG_cbet_AT5_dry,flop,IP,SRP,AsTd5c,dry,second_pair,no_draw,アンダーペア,100,40.98,CHECK
UTG_cbet_AT5_dry,flop,IP,SRP,AsTd5c,dry,two_pair,no_draw,2P+,24,79.97,BET
UTG_cbet_AT5_dry,flop,IP,SRP,AsTd5c,dry,two_pair,twocards_bdfd,2P+,3,76.26,BET
UTG_cbet_AT5_dry,flop,IP,SRP,AsTd5c,dry,underpair,no_draw,アンダーペア,18,28.88,CHECK
UTG_cbet_AT5_dry,flop,IP,SRP,AsTd5c,dry,king_high,twocards_bdfd,エア,21,14.23,CHECK
UTG_cbet_AT5_dry,flop,IP,SRP,AsTd5c,dry,king_high,no_draw,エア,91,29.19,CHECK
UTG_cbet_AT5_dry,flop,IP,SRP,AsTd5c,dry,king_high,gutshot,エア,32,66.25,BET
UTG_cbet_AT5_dry,flop,IP,SRP,AsTd5c,dry,top_pair,twocards_bdfd,TP+,20,88.14,BET
UTG_cbet_AT5_dry,flop,IP,SRP,AsTd5c,dry,top_pair,no_draw,TP+,100,54.86,BET
UTG_cbet_K72_dry,flop,IP,SRP,Ks7d2c,dry,set,no_draw,2P+,9,95.73,BET
UTG_cbet_K72_dry,flop,IP,SRP,Ks7d2c,dry,third_pair,no_draw,アンダーペア,124,53.72,BET
UTG_cbet_K72_dry,flop,IP,SRP,Ks7d2c,dry,third_pair,twocards_bdfd,アンダーペア,20,92.54,BET
UTG_cbet_K72_dry,flop,IP,SRP,Ks7d2c,dry,no_made_hand,twocards_bdfd,エア,108,45.15,CHECK
UTG_cbet_K72_dry,flop,IP,SRP,Ks7d2c,dry,no_made_hand,no_draw,エア,468,45.91,CHECK
UTG_cbet_K72_dry,flop,IP,SRP,Ks7d2c,dry,two_pair,no_draw,2P+,24,84.09,BET
UTG_cbet_K72_dry,flop,IP,SRP,Ks7d2c,dry,second_pair,twocards_bdfd,アンダーペア,20,74.03,BET
UTG_cbet_K72_dry,flop,IP,SRP,Ks7d2c,dry,second_pair,no_draw,アンダーペア,100,49.5,CHECK
UTG_cbet_K72_dry,flop,IP,SRP,Ks7d2c,dry,two_pair,twocards_bdfd,2P+,3,78.76,BET
UTG_cbet_K72_dry,flop,IP,SRP,Ks7d2c,dry,underpair,no_draw,アンダーペア,30,42.56,CHECK
UTG_cbet_K72_dry,flop,IP,SRP,Ks7d2c,dry,top_pair,twocards_bdfd,TP+,20,79.64,BET
UTG_cbet_K72_dry,flop,IP,SRP,Ks7d2c,dry,top_pair,no_draw,TP+,100,57.55,BET
UTG_cbet_K72_dry,flop,IP,SRP,Ks7d2c,dry,ace_high,twocards_bdfd,エア,27,54.31,BET
UTG_cbet_K72_dry,flop,IP,SRP,Ks7d2c,dry,ace_high,no_draw,エア,117,35.22,CHECK
UTG_cbet_K72_dry,flop,IP,SRP,Ks7d2c,dry,overpair,no_draw,TP+,6,58.87,BET
UTG_cbet_KK2_paired,flop,IP,SRP,KsKd2c,paired,fullhouse,no_draw,2P+,9,69.42,BET
UTG_cbet_KK2_paired,flop,IP,SRP,KsKd2c,paired,second_pair,no_draw,アンダーペア,110,53.84,BET
UTG_cbet_KK2_paired,flop,IP,SRP,KsKd2c,paired,second_pair,twocards_bdfd,アンダーペア,22,60.83,BET
UTG_cbet_KK2_paired,flop,IP,SRP,KsKd2c,paired,underpair,no_draw,アンダーペア,60,49.66,CHECK
UTG_cbet_KK2_paired,flop,IP,SRP,KsKd2c,paired,no_made_hand,twocards_bdfd,エア,135,34.84,CHECK
UTG_cbet_KK2_paired,flop,IP,SRP,KsKd2c,paired,no_made_hand,no_draw,エア,585,36.96,CHECK
UTG_cbet_KK2_paired,flop,IP,SRP,KsKd2c,paired,trips,twocards_bdfd,2P+,11,74.74,BET
UTG_cbet_KK2_paired,flop,IP,SRP,KsKd2c,paired,trips,no_draw,2P+,77,59.51,BET
UTG_cbet_KK2_paired,flop,IP,SRP,KsKd2c,paired,quads,no_draw,2P+,1,85.18,BET
UTG_cbet_KK2_paired,flop,IP,SRP,KsKd2c,paired,ace_high,twocards_bdfd,エア,30,51.24,BET
UTG_cbet_KK2_paired,flop,IP,SRP,KsKd2c,paired,ace_high,no_draw,エア,130,30.23,CHECK
UTG_cbet_KK2_paired,flop,IP,SRP,KsKd2c,paired,overpair,no_draw,TP+,6,10.57,CHECK
UTG_cbet_T98_conn,flop,IP,SRP,Ts9d8c,wet,low_pair,no_draw,アンダーペア,24,0.32,CHECK
UTG_cbet_T98_conn,flop,IP,SRP,Ts9d8c,wet,no_made_hand,twocards_bdfd,エア,18,74.78,BET
UTG_cbet_T98_conn,flop,IP,SRP,Ts9d8c,wet,no_made_hand,no_draw,エア,78,9.31,CHECK
UTG_cbet_T98_conn,flop,IP,SRP,Ts9d8c,wet,no_made_hand,gutshot,エア,128,38.79,CHECK
UTG_cbet_T98_conn,flop,IP,SRP,Ts9d8c,wet,low_pair,gutshot,アンダーペア,6,0.03,CHECK
UTG_cbet_T98_conn,flop,IP,SRP,Ts9d8c,wet,no_made_hand,oesd,エア,176,54.38,BET
UTG_cbet_T98_conn,flop,IP,SRP,Ts9d8c,wet,straight,twocards_bdfd,2P+,9,69.68,BET
UTG_cbet_T98_conn,flop,IP,SRP,Ts9d8c,wet,straight,no_draw,2P+,39,72.0,BET
UTG_cbet_T98_conn,flop,IP,SRP,Ts9d8c,wet,low_pair,oesd,アンダーペア,6,0.15,CHECK
UTG_cbet_T98_conn,flop,IP,SRP,Ts9d8c,wet,third_pair,no_draw,アンダーペア,60,19.18,CHECK
UTG_cbet_T98_conn,flop,IP,SRP,Ts9d8c,wet,third_pair,twocards_bdfd,アンダーペア,12,14.07,CHECK
UTG_cbet_T98_conn,flop,IP,SRP,Ts9d8c,wet,third_pair,gutshot,アンダーペア,24,31.46,CHECK
UTG_cbet_T98_conn,flop,IP,SRP,Ts9d8c,wet,third_pair,oesd,アンダーペア,24,19.24,CHECK
UTG_cbet_T98_conn,flop,IP,SRP,Ts9d8c,wet,set,no_draw,2P+,9,80.08,BET
UTG_cbet_T98_conn,flop,IP,SRP,Ts9d8c,wet,second_pair,twocards_bdfd,アンダーペア,12,35.02,CHECK
UTG_cbet_T98_conn,flop,IP,SRP,Ts9d8c,wet,second_pair,no_draw,アンダーペア,60,28.57,CHECK
UTG_cbet_T98_conn,flop,IP,SRP,Ts9d8c,wet,second_pair,gutshot,アンダーペア,24,37.39,CHECK
UTG_cbet_T98_conn,flop,IP,SRP,Ts9d8c,wet,second_pair,oesd,アンダーペア,24,40.63,CHECK
UTG_cbet_T98_conn,flop,IP,SRP,Ts9d8c,wet,two_pair,no_draw,2P+,24,43.6,CHECK
UTG_cbet_T98_conn,flop,IP,SRP,Ts9d8c,wet,two_pair,twocards_bdfd,2P+,3,77.46,BET
UTG_cbet_T98_conn,flop,IP,SRP,Ts9d8c,wet,top_pair,twocards_bdfd,TP+,12,54.61,BET
UTG_cbet_T98_conn,flop,IP,SRP,Ts9d8c,wet,top_pair,no_draw,TP+,60,50.04,BET
UTG_cbet_T98_conn,flop,IP,SRP,Ts9d8c,wet,top_pair,gutshot,TP+,24,32.93,CHECK
UTG_cbet_T98_conn,flop,IP,SRP,Ts9d8c,wet,top_pair,oesd,TP+,24,52.23,BET
UTG_cbet_T98_conn,flop,IP,SRP,Ts9d8c,wet,overpair,oesd,TP+,6,69.91,BET
UTG_cbet_T98_conn,flop,IP,SRP,Ts9d8c,wet,overpair,gutshot,TP+,6,95.0,BET
UTG_cbet_T98_conn,flop,IP,SRP,Ts9d8c,wet,king_high,twocards_bdfd,エア,12,38.17,CHECK
UTG_cbet_T98_conn,flop,IP,SRP,Ts9d8c,wet,king_high,no_draw,エア,52,42.18,CHECK
UTG_cbet_T98_conn,flop,IP,SRP,Ts9d8c,wet,king_high,gutshot,エア,32,50.86,BET
UTG_cbet_T98_conn,flop,IP,SRP,Ts9d8c,wet,king_high,oesd,エア,32,44.72,CHECK
UTG_cbet_T98_conn,flop,IP,SRP,Ts9d8c,wet,overpair,no_draw,TP+,12,67.47,BET
UTG_cbet_T98_conn,flop,IP,SRP,Ts9d8c,wet,ace_high,twocards_bdfd,エア,15,11.06,CHECK
UTG_cbet_T98_conn,flop,IP,SRP,Ts9d8c,wet,ace_high,no_draw,エア,65,24.8,CHECK
UTG_cbet_T98_conn,flop,IP,SRP,Ts9d8c,wet,ace_high,gutshot,エア,32,27.7,CHECK
UTG_cbet_T98_conn,flop,IP,SRP,Ts9d8c,wet,ace_high,oesd,エア,32,34.86,CHECK
b9_paired_flop/b9_01,flop,OOP,SRP,KsKd7c2h,dry,fullhouse,no_draw,2P+,13,0.77,CHECK
b9_paired_flop/b9_01,flop,OOP,SRP,KsKd7c2h,dry,third_pair,no_draw,アンダーペア,63,0.0,CHECK
b9_paired_flop/b9_01,flop,OOP,SRP,KsKd7c2h,dry,no_made_hand,no_draw,エア,384,0.28,CHECK
b9_paired_flop/b9_01,flop,OOP,SRP,KsKd7c2h,dry,second_pair,no_draw,アンダーペア,104,0.04,CHECK
b9_paired_flop/b9_01,flop,OOP,SRP,KsKd7c2h,dry,underpair,no_draw,アンダーペア,30,0.01,CHECK
b9_paired_flop/b9_01,flop,OOP,SRP,KsKd7c2h,dry,trips,no_draw,2P+,78,0.17,CHECK
b9_paired_flop/b9_01,flop,OOP,SRP,KsKd7c2h,dry,ace_high,no_draw,エア,144,0.18,CHECK
b9_paired_flop/b9_02,flop,OOP,SRP,AhAdKc8h,dry,low_pair,no_draw,アンダーペア,36,0.01,CHECK
b9_paired_flop/b9_02,flop,OOP,SRP,AhAdKc8h,dry,no_made_hand,no_draw,エア,330,0.01,CHECK
b9_paired_flop/b9_02,flop,OOP,SRP,AhAdKc8h,dry,no_made_hand,flush_draw,エア,42,0.01,CHECK
b9_paired_flop/b9_02,flop,OOP,SRP,AhAdKc8h,dry,third_pair,no_draw,アンダーペア,117,0.01,CHECK
b9_paired_flop/b9_02,flop,OOP,SRP,AhAdKc8h,dry,fullhouse,no_draw,2P+,14,0.1,CHECK
b9_paired_flop/b9_02,flop,OOP,SRP,AhAdKc8h,dry,no_made_hand,gutshot,エア,45,0.01,CHECK
b9_paired_flop/b9_02,flop,OOP,SRP,AhAdKc8h,dry,no_made_hand,combo_draw,エア,3,0.01,CHECK
b9_paired_flop/b9_02,flop,OOP,SRP,AhAdKc8h,dry,second_pair,no_draw,アンダーペア,110,0.01,CHECK
b9_paired_flop/b9_02,flop,OOP,SRP,AhAdKc8h,dry,second_pair,nut_flush_draw,アンダーペア,10,0.01,CHECK
b9_paired_flop/b9_02,flop,OOP,SRP,AhAdKc8h,dry,trips,no_draw,2P+,80,0.04,CHECK
b9_paired_flop/b9_03,flop,OOP,SRP,7d7s4c2h,dry,fullhouse,no_draw,2P+,8,0.05,CHECK
b9_paired_flop/b9_03,flop,OOP,SRP,7d7s4c2h,dry,third_pair,no_draw,アンダーペア,45,0.0,CHECK
b9_paired_flop/b9_03,flop,OOP,SRP,7d7s4c2h,dry,second_pair,no_draw,アンダーペア,77,0.01,CHECK
b9_paired_flop/b9_03,flop,OOP,SRP,7d7s4c2h,dry,no_made_hand,oesd,エア,32,0.08,CHECK
b9_paired_flop/b9_03,flop,OOP,SRP,7d7s4c2h,dry,underpair,no_draw,アンダーペア,12,0.01,CHECK
b9_paired_flop/b9_03,flop,OOP,SRP,7d7s4c2h,dry,no_made_hand,gutshot,エア,36,0.04,CHECK
b9_paired_flop/b9_03,flop,OOP,SRP,7d7s4c2h,dry,trips,no_draw,2P+,74,0.05,CHECK
b9_paired_flop/b9_03,flop,OOP,SRP,7d7s4c2h,dry,quads,no_draw,2P+,1,0.04,CHECK
b9_paired_flop/b9_03,flop,OOP,SRP,7d7s4c2h,dry,no_made_hand,no_draw,エア,248,0.02,CHECK
b9_paired_flop/b9_03,flop,OOP,SRP,7d7s4c2h,dry,overpair,no_draw,TP+,30,0.02,CHECK
b9_paired_flop/b9_03,flop,OOP,SRP,7d7s4c2h,dry,king_high,no_draw,エア,128,0.01,CHECK
b9_paired_flop/b9_03,flop,OOP,SRP,7d7s4c2h,dry,ace_high,gutshot,エア,32,0.0,CHECK
b9_paired_flop/b9_03,flop,OOP,SRP,7d7s4c2h,dry,ace_high,no_draw,エア,108,0.01,CHECK
b9_paired_flop/b9_04,flop,OOP,SRP,Qs6s6c2h,dry,fullhouse,no_draw,2P+,13,0.18,CHECK
b9_paired_flop/b9_04,flop,OOP,SRP,Qs6s6c2h,dry,third_pair,no_draw,アンダーペア,47,0.01,CHECK
b9_paired_flop/b9_04,flop,OOP,SRP,Qs6s6c2h,dry,third_pair,flush_draw,アンダーペア,9,0.02,CHECK
b9_paired_flop/b9_04,flop,OOP,SRP,Qs6s6c2h,dry,no_made_hand,gutshot,エア,45,0.07,CHECK
b9_paired_flop/b9_04,flop,OOP,SRP,Qs6s6c2h,dry,no_made_hand,combo_draw,エア,3,0.16,CHECK
b9_paired_flop/b9_04,flop,OOP,SRP,Qs6s6c2h,dry,trips,no_draw,2P+,62,0.15,CHECK
b9_paired_flop/b9_04,flop,OOP,SRP,Qs6s6c2h,dry,quads,no_draw,2P+,1,0.14,CHECK
b9_paired_flop/b9_04,flop,OOP,SRP,Qs6s6c2h,dry,no_made_hand,no_draw,エア,219,0.05,CHECK
b9_paired_flop/b9_04,flop,OOP,SRP,Qs6s6c2h,dry,underpair,no_draw,アンダーペア,30,0.0,CHECK
b9_paired_flop/b9_04,flop,OOP,SRP,Qs6s6c2h,dry,no_made_hand,flush_draw,エア,25,0.08,CHECK
b9_paired_flop/b9_04,flop,OOP,SRP,Qs6s6c2h,dry,top_pair,no_draw,TP+,104,0.02,CHECK
b9_paired_flop/b9_04,flop,OOP,SRP,Qs6s6c2h,dry,king_high,no_draw,エア,120,0.06,CHECK
b9_paired_flop/b9_04,flop,OOP,SRP,Qs6s6c2h,dry,king_high,flush_draw,エア,8,0.06,CHECK
b9_paired_flop/b9_04,flop,OOP,SRP,Qs6s6c2h,dry,ace_high,no_draw,エア,132,0.04,CHECK
b9_paired_flop/b9_04,flop,OOP,SRP,Qs6s6c2h,dry,third_pair,nut_flush_draw,アンダーペア,1,0.02,CHECK
b9_paired_flop/b9_04,flop,OOP,SRP,Qs6s6c2h,dry,ace_high,nut_flush_draw,エア,8,0.01,CHECK
b9_paired_flop/b9_05,flop,OOP,SRP,8h8s3c2h,dry,fullhouse,no_draw,2P+,9,0.25,CHECK
b9_paired_flop/b9_05,flop,OOP,SRP,8h8s3c2h,dry,second_pair,no_draw,アンダーペア,58,0.04,CHECK
b9_paired_flop/b9_05,flop,OOP,SRP,8h8s3c2h,dry,third_pair,no_draw,アンダーペア,39,0.03,CHECK
b9_paired_flop/b9_05,flop,OOP,SRP,8h8s3c2h,dry,underpair,no_draw,アンダーペア,24,0.04,CHECK
b9_paired_flop/b9_05,flop,OOP,SRP,8h8s3c2h,dry,second_pair,flush_draw,アンダーペア,9,0.06,CHECK
b9_paired_flop/b9_05,flop,OOP,SRP,8h8s3c2h,dry,no_made_hand,oesd,エア,15,0.61,CHECK
b9_paired_flop/b9_05,flop,OOP,SRP,8h8s3c2h,dry,no_made_hand,combo_draw,エア,3,0.03,CHECK
b9_paired_flop/b9_05,flop,OOP,SRP,8h8s3c2h,dry,no_made_hand,gutshot,エア,30,0.54,CHECK
b9_paired_flop/b9_05,flop,OOP,SRP,8h8s3c2h,dry,no_made_hand,no_draw,エア,255,0.07,CHECK
b9_paired_flop/b9_05,flop,OOP,SRP,8h8s3c2h,dry,no_made_hand,flush_draw,エア,25,0.31,CHECK
b9_paired_flop/b9_05,flop,OOP,SRP,8h8s3c2h,dry,trips,no_draw,2P+,74,0.2,CHECK
b9_paired_flop/b9_05,flop,OOP,SRP,8h8s3c2h,dry,quads,no_draw,2P+,1,0.14,CHECK
b9_paired_flop/b9_05,flop,OOP,SRP,8h8s3c2h,dry,overpair,no_draw,TP+,24,0.07,CHECK
b9_paired_flop/b9_05,flop,OOP,SRP,8h8s3c2h,dry,king_high,no_draw,エア,120,0.04,CHECK
b9_paired_flop/b9_05,flop,OOP,SRP,8h8s3c2h,dry,king_high,flush_draw,エア,8,0.03,CHECK
b9_paired_flop/b9_05,flop,OOP,SRP,8h8s3c2h,dry,ace_high,gutshot,エア,30,0.03,CHECK
b9_paired_flop/b9_05,flop,OOP,SRP,8h8s3c2h,dry,ace_high,no_draw,エア,102,0.03,CHECK
b9_paired_flop/b9_05,flop,OOP,SRP,8h8s3c2h,dry,second_pair,nut_flush_draw,アンダーペア,1,0.07,CHECK
b9_paired_flop/b9_05,flop,OOP,SRP,8h8s3c2h,dry,ace_high,combo_draw,エア,2,0.04,CHECK
b9_paired_flop/b9_05,flop,OOP,SRP,8h8s3c2h,dry,ace_high,nut_flush_draw,エア,6,0.05,CHECK
b9_paired_flop/b9_08,flop,OOP,SRP,KsKd7c,paired,third_pair,no_draw,アンダーペア,30,0.01,CHECK
b9_paired_flop/b9_08,flop,OOP,SRP,KsKd7c,paired,no_made_hand,twocards_bdfd,エア,135,0.02,CHECK
b9_paired_flop/b9_08,flop,OOP,SRP,KsKd7c,paired,no_made_hand,no_draw,エア,285,0.02,CHECK
b9_paired_flop/b9_08,flop,OOP,SRP,KsKd7c,paired,second_pair,twocards_bdfd,アンダーペア,22,0.01,CHECK
b9_paired_flop/b9_08,flop,OOP,SRP,KsKd7c,paired,second_pair,no_draw,アンダーペア,83,0.01,CHECK
b9_paired_flop/b9_08,flop,OOP,SRP,KsKd7c,paired,fullhouse,no_draw,2P+,9,0.09,CHECK
b9_paired_flop/b9_08,flop,OOP,SRP,KsKd7c,paired,underpair,no_draw,アンダーペア,30,0.01,CHECK
b9_paired_flop/b9_08,flop,OOP,SRP,KsKd7c,paired,trips,twocards_bdfd,2P+,10,0.05,CHECK
b9_paired_flop/b9_08,flop,OOP,SRP,KsKd7c,paired,trips,no_draw,2P+,70,0.05,CHECK
b9_paired_flop/b9_08,flop,OOP,SRP,KsKd7c,paired,ace_high,twocards_bdfd,エア,30,0.01,CHECK
b9_paired_flop/b9_08,flop,OOP,SRP,KsKd7c,paired,ace_high,no_draw,エア,130,0.01,CHECK
b9_paired_flop/b9_09,flop,OOP,SRP,7d7s4c,paired,third_pair,no_draw,アンダーペア,12,31.5,CHECK
b9_paired_flop/b9_09,flop,OOP,SRP,7d7s4c,paired,no_made_hand,twocards_bdfd,エア,93,20.94,CHECK
b9_paired_flop/b9_09,flop,OOP,SRP,7d7s4c,paired,no_made_hand,no_draw,エア,187,5.74,CHECK
b9_paired_flop/b9_09,flop,OOP,SRP,7d7s4c,paired,second_pair,twocards_bdfd,アンダーペア,22,34.89,CHECK
b9_paired_flop/b9_09,flop,OOP,SRP,7d7s4c,paired,second_pair,no_draw,アンダーペア,56,32.52,CHECK
b9_paired_flop/b9_09,flop,OOP,SRP,7d7s4c,paired,fullhouse,no_draw,2P+,4,31.06,CHECK
b9_paired_flop/b9_09,flop,OOP,SRP,7d7s4c,paired,no_made_hand,gutshot,エア,52,26.9,CHECK
b9_paired_flop/b9_09,flop,OOP,SRP,7d7s4c,paired,underpair,no_draw,アンダーペア,12,23.76,CHECK
b9_paired_flop/b9_09,flop,OOP,SRP,7d7s4c,paired,no_made_hand,oesd,エア,16,26.1,CHECK
b9_paired_flop/b9_09,flop,OOP,SRP,7d7s4c,paired,trips,twocards_bdfd,2P+,11,26.79,CHECK
b9_paired_flop/b9_09,flop,OOP,SRP,7d7s4c,paired,trips,no_draw,2P+,65,29.48,CHECK
b9_paired_flop/b9_09,flop,OOP,SRP,7d7s4c,paired,quads,no_draw,2P+,1,26.06,CHECK
b9_paired_flop/b9_09,flop,OOP,SRP,7d7s4c,paired,overpair,no_draw,TP+,30,23.15,CHECK
b9_paired_flop/b9_09,flop,OOP,SRP,7d7s4c,paired,king_high,twocards_bdfd,エア,27,25.29,CHECK
b9_paired_flop/b9_09,flop,OOP,SRP,7d7s4c,paired,king_high,no_draw,エア,105,8.6,CHECK
b9_paired_flop/b9_09,flop,OOP,SRP,7d7s4c,paired,ace_high,twocards_bdfd,エア,27,19.61,CHECK
b9_paired_flop/b9_09,flop,OOP,SRP,7d7s4c,paired,ace_high,no_draw,エア,129,21.75,CHECK
b9_paired_flop/b9_10,flop,OOP,SRP,AhAdKc,paired,third_pair,no_draw,アンダーペア,66,0.03,CHECK
b9_paired_flop/b9_10,flop,OOP,SRP,AhAdKc,paired,no_made_hand,twocards_bdfd,エア,156,0.03,CHECK
b9_paired_flop/b9_10,flop,OOP,SRP,AhAdKc,paired,no_made_hand,no_draw,エア,340,0.02,CHECK
b9_paired_flop/b9_10,flop,OOP,SRP,AhAdKc,paired,no_made_hand,gutshot,エア,48,0.02,CHECK
b9_paired_flop/b9_10,flop,OOP,SRP,AhAdKc,paired,second_pair,twocards_bdfd,アンダーペア,22,0.01,CHECK
b9_paired_flop/b9_10,flop,OOP,SRP,AhAdKc,paired,second_pair,no_draw,アンダーペア,101,0.02,CHECK
b9_paired_flop/b9_10,flop,OOP,SRP,AhAdKc,paired,trips,twocards_bdfd,2P+,11,0.09,CHECK
b9_paired_flop/b9_10,flop,OOP,SRP,AhAdKc,paired,trips,no_draw,2P+,77,0.09,CHECK
b9_paired_flop/b9_10,flop,OOP,SRP,AhAdKc,paired,fullhouse,no_draw,2P+,5,0.26,CHECK
b7_turn_cbet/b7_01,turn,IP,SRP,Ks7d2c5h,dry,set,no_draw,2P+,12,77.23,BET
b7_turn_cbet/b7_01,turn,IP,SRP,Ks7d2c5h,dry,low_pair,no_draw,アンダーペア,15,0.03,CHECK
b7_turn_cbet/b7_01,turn,IP,SRP,Ks7d2c5h,dry,third_pair,no_draw,アンダーペア,18,8.99,CHECK
b7_turn_cbet/b7_01,turn,IP,SRP,Ks7d2c5h,dry,no_made_hand,oesd,エア,8,68.17,BET
b7_turn_cbet/b7_01,turn,IP,SRP,Ks7d2c5h,dry,two_pair,no_draw,2P+,6,81.03,BET
b7_turn_cbet/b7_01,turn,IP,SRP,Ks7d2c5h,dry,second_pair,no_draw,アンダーペア,18,0.03,CHECK
b7_turn_cbet/b7_01,turn,IP,SRP,Ks7d2c5h,dry,underpair,no_draw,アンダーペア,30,0.03,CHECK
b7_turn_cbet/b7_01,turn,IP,SRP,Ks7d2c5h,dry,no_made_hand,gutshot,エア,8,72.13,BET
b7_turn_cbet/b7_01,turn,IP,SRP,Ks7d2c5h,dry,no_made_hand,no_draw,エア,88,19.79,CHECK
b7_turn_cbet/b7_01,turn,IP,SRP,Ks7d2c5h,dry,top_pair,no_draw,TP+,63,49.54,CHECK
b7_turn_cbet/b7_01,turn,IP,SRP,Ks7d2c5h,dry,ace_high,gutshot,エア,8,98.95,BET
b7_turn_cbet/b7_01,turn,IP,SRP,Ks7d2c5h,dry,ace_high,no_draw,エア,72,21.49,CHECK
b7_turn_cbet/b7_01,turn,IP,SRP,Ks7d2c5h,dry,overpair,no_draw,TP+,6,99.97,BET
b7_turn_cbet/b7_02,turn,IP,SRP,Ks7d2c3h,dry,set,no_draw,2P+,12,75.11,BET
b7_turn_cbet/b7_02,turn,IP,SRP,Ks7d2c3h,dry,third_pair,no_draw,アンダーペア,21,0.07,CHECK
b7_turn_cbet/b7_02,turn,IP,SRP,Ks7d2c3h,dry,no_made_hand,oesd,エア,4,99.62,BET
b7_turn_cbet/b7_02,turn,IP,SRP,Ks7d2c3h,dry,no_made_hand,gutshot,エア,8,93.95,BET
b7_turn_cbet/b7_02,turn,IP,SRP,Ks7d2c3h,dry,second_pair,no_draw,アンダーペア,21,0.01,CHECK
b7_turn_cbet/b7_02,turn,IP,SRP,Ks7d2c3h,dry,no_made_hand,no_draw,エア,104,24.05,CHECK
b7_turn_cbet/b7_02,turn,IP,SRP,Ks7d2c3h,dry,underpair,no_draw,アンダーペア,30,0.01,CHECK
b7_turn_cbet/b7_02,turn,IP,SRP,Ks7d2c3h,dry,two_pair,no_draw,2P+,4,99.95,BET
b7_turn_cbet/b7_02,turn,IP,SRP,Ks7d2c3h,dry,top_pair,no_draw,TP+,63,38.49,CHECK
b7_turn_cbet/b7_02,turn,IP,SRP,Ks7d2c3h,dry,ace_high,gutshot,エア,8,99.59,BET
b7_turn_cbet/b7_02,turn,IP,SRP,Ks7d2c3h,dry,ace_high,no_draw,エア,72,28.21,CHECK
b7_turn_cbet/b7_02,turn,IP,SRP,Ks7d2c3h,dry,low_pair,no_draw,アンダーペア,3,0.02,CHECK
b7_turn_cbet/b7_02,turn,IP,SRP,Ks7d2c3h,dry,overpair,no_draw,TP+,6,100.0,BET
b7_turn_cbet/b7_03,turn,IP,SRP,Ks7d2cAh,dry,set,no_draw,2P+,12,92.88,BET
b7_turn_cbet/b7_03,turn,IP,SRP,Ks7d2cAh,dry,low_pair,no_draw,アンダーペア,24,59.52,BET
b7_turn_cbet/b7_03,turn,IP,SRP,Ks7d2cAh,dry,no_made_hand,gutshot,エア,52,82.02,BET
b7_turn_cbet/b7_03,turn,IP,SRP,Ks7d2cAh,dry,no_made_hand,no_draw,エア,64,29.03,CHECK
b7_turn_cbet/b7_03,turn,IP,SRP,Ks7d2cAh,dry,third_pair,no_draw,アンダーペア,48,0.03,CHECK
b7_turn_cbet/b7_03,turn,IP,SRP,Ks7d2cAh,dry,second_pair,no_draw,アンダーペア,54,26.45,CHECK
b7_turn_cbet/b7_03,turn,IP,SRP,Ks7d2cAh,dry,two_pair,no_draw,2P+,15,90.53,BET
b7_turn_cbet/b7_03,turn,IP,SRP,Ks7d2cAh,dry,top_pair,no_draw,TP+,63,79.44,BET
b7_turn_cbet/b7_04,turn,IP,SRP,Ks7d2cQd,dry,set,no_draw,2P+,12,85.18,BET
b7_turn_cbet/b7_04,turn,IP,SRP,Ks7d2cQd,dry,low_pair,no_draw,アンダーペア,26,23.96,CHECK
b7_turn_cbet/b7_04,turn,IP,SRP,Ks7d2cQd,dry,no_made_hand,no_draw,エア,24,11.23,CHECK
b7_turn_cbet/b7_04,turn,IP,SRP,Ks7d2cQd,dry,no_made_hand,flush_draw,エア,8,42.92,CHECK
b7_turn_cbet/b7_04,turn,IP,SRP,Ks7d2cQd,dry,third_pair,no_draw,アンダーペア,42,0.01,CHECK
b7_turn_cbet/b7_04,turn,IP,SRP,Ks7d2cQd,dry,no_made_hand,gutshot,エア,18,76.82,BET
b7_turn_cbet/b7_04,turn,IP,SRP,Ks7d2cQd,dry,no_made_hand,combo_draw,エア,3,99.89,BET
b7_turn_cbet/b7_04,turn,IP,SRP,Ks7d2cQd,dry,no_made_hand,oesd,エア,15,76.11,BET
b7_turn_cbet/b7_04,turn,IP,SRP,Ks7d2cQd,dry,second_pair,no_draw,アンダーペア,48,0.02,CHECK
b7_turn_cbet/b7_04,turn,IP,SRP,Ks7d2cQd,dry,two_pair,no_draw,2P+,14,98.47,BET
b7_turn_cbet/b7_04,turn,IP,SRP,Ks7d2cQd,dry,top_pair,no_draw,TP+,45,24.11,CHECK
b7_turn_cbet/b7_04,turn,IP,SRP,Ks7d2cQd,dry,top_pair,flush_draw,TP+,8,36.72,CHECK
b7_turn_cbet/b7_04,turn,IP,SRP,Ks7d2cQd,dry,ace_high,no_draw,エア,30,8.75,CHECK
b7_turn_cbet/b7_04,turn,IP,SRP,Ks7d2cQd,dry,ace_high,gutshot,エア,30,79.28,BET
b7_turn_cbet/b7_04,turn,IP,SRP,Ks7d2cQd,dry,low_pair,nut_flush_draw,アンダーペア,1,99.86,BET
b7_turn_cbet/b7_04,turn,IP,SRP,Ks7d2cQd,dry,ace_high,nut_flush_draw,エア,6,99.87,BET
b7_turn_cbet/b7_04,turn,IP,SRP,Ks7d2cQd,dry,ace_high,combo_draw,エア,2,99.91,BET
b7_turn_cbet/b7_04,turn,IP,SRP,Ks7d2cQd,dry,top_pair,nut_flush_draw,TP+,1,96.21,BET
b7_turn_cbet/b7_04,turn,IP,SRP,Ks7d2cQd,dry,overpair,no_draw,TP+,6,99.77,BET
b7_turn_cbet/b7_05,turn,IP,SRP,QhJd4s2h,dry,set,no_draw,2P+,12,99.99,BET
b7_turn_cbet/b7_05,turn,IP,SRP,QhJd4s2h,dry,low_pair,no_draw,アンダーペア,9,92.14,BET
b7_turn_cbet/b7_05,turn,IP,SRP,QhJd4s2h,dry,third_pair,no_draw,アンダーペア,44,0.03,CHECK
b7_turn_cbet/b7_05,turn,IP,SRP,QhJd4s2h,dry,third_pair,flush_draw,アンダーペア,3,33.72,CHECK
b7_turn_cbet/b7_05,turn,IP,SRP,QhJd4s2h,dry,no_made_hand,gutshot,エア,9,15.79,CHECK
b7_turn_cbet/b7_05,turn,IP,SRP,QhJd4s2h,dry,no_made_hand,combo_draw,エア,4,82.82,BET
b7_turn_cbet/b7_05,turn,IP,SRP,QhJd4s2h,dry,no_made_hand,no_draw,エア,21,0.64,CHECK
b7_turn_cbet/b7_05,turn,IP,SRP,QhJd4s2h,dry,no_made_hand,flush_draw,エア,7,37.2,CHECK
b7_turn_cbet/b7_05,turn,IP,SRP,QhJd4s2h,dry,no_made_hand,oesd,エア,15,79.94,BET
b7_turn_cbet/b7_05,turn,IP,SRP,QhJd4s2h,dry,second_pair,no_draw,アンダーペア,37,0.01,CHECK
b7_turn_cbet/b7_05,turn,IP,SRP,QhJd4s2h,dry,second_pair,flush_draw,アンダーペア,4,26.39,CHECK
b7_turn_cbet/b7_05,turn,IP,SRP,QhJd4s2h,dry,top_pair,no_draw,TP+,51,23.23,CHECK
b7_turn_cbet/b7_05,turn,IP,SRP,QhJd4s2h,dry,two_pair,no_draw,2P+,9,99.99,BET
b7_turn_cbet/b7_05,turn,IP,SRP,QhJd4s2h,dry,king_high,no_draw,エア,15,51.06,BET
b7_turn_cbet/b7_05,turn,IP,SRP,QhJd4s2h,dry,king_high,gutshot,エア,3,2.48,CHECK
b7_turn_cbet/b7_05,turn,IP,SRP,QhJd4s2h,dry,king_high,oesd,エア,15,64.08,BET
b7_turn_cbet/b7_05,turn,IP,SRP,QhJd4s2h,dry,overpair,no_draw,TP+,12,98.45,BET
b7_turn_cbet/b7_05,turn,IP,SRP,QhJd4s2h,dry,king_high,flush_draw,エア,5,99.22,BET
b7_turn_cbet/b7_05,turn,IP,SRP,QhJd4s2h,dry,king_high,combo_draw,エア,2,99.97,BET
b7_turn_cbet/b7_05,turn,IP,SRP,QhJd4s2h,dry,ace_high,gutshot,エア,36,68.03,BET
b7_turn_cbet/b7_05,turn,IP,SRP,QhJd4s2h,dry,ace_high,no_draw,エア,24,31.04,CHECK
b7_turn_cbet/b7_05,turn,IP,SRP,QhJd4s2h,dry,ace_high,combo_draw,エア,4,99.96,BET
b7_turn_cbet/b7_05,turn,IP,SRP,QhJd4s2h,dry,third_pair,nut_flush_draw,アンダーペア,1,0.62,CHECK
b7_turn_cbet/b7_05,turn,IP,SRP,QhJd4s2h,dry,ace_high,nut_flush_draw,エア,4,92.85,BET
b7_turn_cbet/b7_05,turn,IP,SRP,QhJd4s2h,dry,second_pair,nut_flush_draw,アンダーペア,1,44.21,CHECK
b7_turn_cbet/b7_06,turn,IP,SRP,QhJd4s7c,dry,low_pair,no_draw,アンダーペア,36,16.41,CHECK
b7_turn_cbet/b7_06,turn,IP,SRP,QhJd4s7c,dry,set,no_draw,2P+,12,99.84,BET
b7_turn_cbet/b7_06,turn,IP,SRP,QhJd4s7c,dry,no_made_hand,oesd,エア,20,76.21,BET
b7_turn_cbet/b7_06,turn,IP,SRP,QhJd4s7c,dry,third_pair,no_draw,アンダーペア,39,5.52,CHECK
b7_turn_cbet/b7_06,turn,IP,SRP,QhJd4s7c,dry,no_made_hand,gutshot,エア,12,30.67,CHECK
b7_turn_cbet/b7_06,turn,IP,SRP,QhJd4s7c,dry,no_made_hand,no_draw,エア,4,0.26,CHECK
b7_turn_cbet/b7_06,turn,IP,SRP,QhJd4s7c,dry,second_pair,no_draw,アンダーペア,42,0.02,CHECK
b7_turn_cbet/b7_06,turn,IP,SRP,QhJd4s7c,dry,top_pair,no_draw,TP+,48,15.77,CHECK
b7_turn_cbet/b7_06,turn,IP,SRP,QhJd4s7c,dry,two_pair,no_draw,2P+,11,100.0,BET
b7_turn_cbet/b7_06,turn,IP,SRP,QhJd4s7c,dry,king_high,no_draw,エア,16,28.28,CHECK
b7_turn_cbet/b7_06,turn,IP,SRP,QhJd4s7c,dry,king_high,gutshot,エア,4,7.65,CHECK
b7_turn_cbet/b7_06,turn,IP,SRP,QhJd4s7c,dry,king_high,oesd,エア,16,69.95,BET
b7_turn_cbet/b7_06,turn,IP,SRP,QhJd4s7c,dry,overpair,no_draw,TP+,12,96.27,BET
b7_turn_cbet/b7_06,turn,IP,SRP,QhJd4s7c,dry,ace_high,no_draw,エア,36,24.66,CHECK
b7_turn_cbet/b7_06,turn,IP,SRP,QhJd4s7c,dry,ace_high,gutshot,エア,32,82.5,BET
b7_turn_cbet/b7_07,turn,IP,SRP,QhJd4sAh,dry,low_pair,no_draw,アンダーペア,46,40.94,CHECK
b7_turn_cbet/b7_07,turn,IP,SRP,QhJd4sAh,dry,set,no_draw,2P+,12,94.94,BET
b7_turn_cbet/b7_07,turn,IP,SRP,QhJd4sAh,dry,low_pair,flush_draw,アンダーペア,2,92.96,BET
b7_turn_cbet/b7_07,turn,IP,SRP,QhJd4sAh,dry,no_made_hand,no_draw,エア,21,77.34,BET
b7_turn_cbet/b7_07,turn,IP,SRP,QhJd4sAh,dry,no_made_hand,flush_draw,エア,7,74.52,BET
b7_turn_cbet/b7_07,turn,IP,SRP,QhJd4sAh,dry,no_made_hand,gutshot,エア,6,51.21,BET
b7_turn_cbet/b7_07,turn,IP,SRP,QhJd4sAh,dry,no_made_hand,combo_draw,エア,4,97.58,BET
b7_turn_cbet/b7_07,turn,IP,SRP,QhJd4sAh,dry,no_made_hand,oesd,エア,18,99.98,BET
b7_turn_cbet/b7_07,turn,IP,SRP,QhJd4sAh,dry,low_pair,gutshot,アンダーペア,8,78.6,BET
b7_turn_cbet/b7_07,turn,IP,SRP,QhJd4sAh,dry,third_pair,no_draw,アンダーペア,4,0.09,CHECK
b7_turn_cbet/b7_07,turn,IP,SRP,QhJd4sAh,dry,third_pair,gutshot,アンダーペア,22,44.43,CHECK
b7_turn_cbet/b7_07,turn,IP,SRP,QhJd4sAh,dry,third_pair,flush_draw,アンダーペア,2,47.4,CHECK
b7_turn_cbet/b7_07,turn,IP,SRP,QhJd4sAh,dry,third_pair,combo_draw,アンダーペア,2,95.7,BET
b7_turn_cbet/b7_07,turn,IP,SRP,QhJd4sAh,dry,second_pair,no_draw,アンダーペア,15,0.17,CHECK
b7_turn_cbet/b7_07,turn,IP,SRP,QhJd4sAh,dry,second_pair,gutshot,アンダーペア,24,30.86,CHECK
b7_turn_cbet/b7_07,turn,IP,SRP,QhJd4sAh,dry,two_pair,no_draw,2P+,29,64.89,BET
b7_turn_cbet/b7_07,turn,IP,SRP,QhJd4sAh,dry,king_high,gutshot,エア,18,86.71,BET
b7_turn_cbet/b7_07,turn,IP,SRP,QhJd4sAh,dry,straight,no_draw,2P+,15,93.14,BET
b7_turn_cbet/b7_07,turn,IP,SRP,QhJd4sAh,dry,underpair,gutshot,アンダーペア,6,99.86,BET
b7_turn_cbet/b7_07,turn,IP,SRP,QhJd4sAh,dry,king_high,combo_draw,エア,6,92.96,BET
b7_turn_cbet/b7_07,turn,IP,SRP,QhJd4sAh,dry,low_pair,combo_draw,アンダーペア,1,71.37,BET
b7_turn_cbet/b7_07,turn,IP,SRP,QhJd4sAh,dry,straight,nut_flush_draw,2P+,1,100.0,BET
b7_turn_cbet/b7_07,turn,IP,SRP,QhJd4sAh,dry,top_pair,no_draw,TP+,30,65.8,BET
b7_turn_cbet/b7_07,turn,IP,SRP,QhJd4sAh,dry,top_pair,gutshot,TP+,24,99.95,BET
b7_turn_cbet/b7_08,turn,IP,SRP,QhJd4sTh,dry,low_pair,no_draw,アンダーペア,34,21.52,CHECK
b7_turn_cbet/b7_08,turn,IP,SRP,QhJd4sTh,dry,set,no_draw,2P+,12,82.03,BET
b7_turn_cbet/b7_08,turn,IP,SRP,QhJd4sTh,dry,low_pair,flush_draw,アンダーペア,2,17.34,CHECK
b7_turn_cbet/b7_08,turn,IP,SRP,QhJd4sTh,dry,no_made_hand,no_draw,エア,9,1.47,CHECK
b7_turn_cbet/b7_08,turn,IP,SRP,QhJd4sTh,dry,no_made_hand,flush_draw,エア,3,66.81,BET
b7_turn_cbet/b7_08,turn,IP,SRP,QhJd4sTh,dry,no_made_hand,gutshot,エア,6,6.16,CHECK
b7_turn_cbet/b7_08,turn,IP,SRP,QhJd4sTh,dry,low_pair,gutshot,アンダーペア,8,0.25,CHECK
b7_turn_cbet/b7_08,turn,IP,SRP,QhJd4sTh,dry,no_made_hand,combo_draw,エア,4,66.18,BET
b7_turn_cbet/b7_08,turn,IP,SRP,QhJd4sTh,dry,no_made_hand,oesd,エア,6,41.58,CHECK
b7_turn_cbet/b7_08,turn,IP,SRP,QhJd4sTh,dry,straight,no_draw,2P+,21,80.27,BET
b7_turn_cbet/b7_08,turn,IP,SRP,QhJd4sTh,dry,low_pair,oesd,アンダーペア,8,16.96,CHECK
b7_turn_cbet/b7_08,turn,IP,SRP,QhJd4sTh,dry,straight,flush_draw,2P+,2,99.94,BET
b7_turn_cbet/b7_08,turn,IP,SRP,QhJd4sTh,dry,third_pair,no_draw,アンダーペア,3,0.01,CHECK
b7_turn_cbet/b7_08,turn,IP,SRP,QhJd4sTh,dry,third_pair,gutshot,アンダーペア,15,1.91,CHECK
b7_turn_cbet/b7_08,turn,IP,SRP,QhJd4sTh,dry,third_pair,oesd,アンダーペア,24,2.58,CHECK
b7_turn_cbet/b7_08,turn,IP,SRP,QhJd4sTh,dry,second_pair,gutshot,アンダーペア,13,49.09,CHECK
b7_turn_cbet/b7_08,turn,IP,SRP,QhJd4sTh,dry,second_pair,oesd,アンダーペア,13,2.9,CHECK
b7_turn_cbet/b7_08,turn,IP,SRP,QhJd4sTh,dry,two_pair,no_draw,2P+,27,34.2,CHECK
b7_turn_cbet/b7_08,turn,IP,SRP,QhJd4sTh,dry,second_pair,combo_draw,アンダーペア,4,39.48,CHECK
b7_turn_cbet/b7_08,turn,IP,SRP,QhJd4sTh,dry,top_pair,no_draw,TP+,9,0.03,CHECK
b7_turn_cbet/b7_08,turn,IP,SRP,QhJd4sTh,dry,top_pair,gutshot,TP+,15,33.15,CHECK
b7_turn_cbet/b7_08,turn,IP,SRP,QhJd4sTh,dry,top_pair,oesd,TP+,15,39.94,CHECK
b7_turn_cbet/b7_08,turn,IP,SRP,QhJd4sTh,dry,king_high,oesd,エア,15,88.09,BET
b7_turn_cbet/b7_08,turn,IP,SRP,QhJd4sTh,dry,overpair,oesd,TP+,6,99.88,BET
b7_turn_cbet/b7_08,turn,IP,SRP,QhJd4sTh,dry,king_high,combo_draw,エア,5,81.87,BET
b7_turn_cbet/b7_08,turn,IP,SRP,QhJd4sTh,dry,low_pair,combo_draw,アンダーペア,2,90.81,BET
b7_turn_cbet/b7_08,turn,IP,SRP,QhJd4sTh,dry,ace_high,gutshot,エア,15,54.77,BET
b7_turn_cbet/b7_08,turn,IP,SRP,QhJd4sTh,dry,ace_high,oesd,エア,18,83.26,BET
b7_turn_cbet/b7_08,turn,IP,SRP,QhJd4sTh,dry,overpair,gutshot,TP+,6,94.81,BET
b7_turn_cbet/b7_08,turn,IP,SRP,QhJd4sTh,dry,ace_high,combo_draw,エア,7,76.03,BET
b7_turn_cbet/b7_08,turn,IP,SRP,QhJd4sTh,dry,straight,nut_flush_draw,2P+,1,97.82,BET
b7_turn_cbet/b7_09,turn,IP,SRP,Td7c6s2h,dry,set,no_draw,2P+,12,93.12,BET
b7_turn_cbet/b7_09,turn,IP,SRP,Td7c6s2h,dry,low_pair,no_draw,アンダーペア,21,0.19,CHECK
b7_turn_cbet/b7_09,turn,IP,SRP,Td7c6s2h,dry,no_made_hand,oesd,エア,4,53.07,BET
b7_turn_cbet/b7_09,turn,IP,SRP,Td7c6s2h,dry,third_pair,no_draw,アンダーペア,15,0.03,CHECK
b7_turn_cbet/b7_09,turn,IP,SRP,Td7c6s2h,dry,second_pair,no_draw,アンダーペア,12,0.03,CHECK
b7_turn_cbet/b7_09,turn,IP,SRP,Td7c6s2h,dry,two_pair,no_draw,2P+,4,89.9,BET
b7_turn_cbet/b7_09,turn,IP,SRP,Td7c6s2h,dry,third_pair,gutshot,アンダーペア,6,45.42,CHECK
b7_turn_cbet/b7_09,turn,IP,SRP,Td7c6s2h,dry,second_pair,gutshot,アンダーペア,6,10.34,CHECK
b7_turn_cbet/b7_09,turn,IP,SRP,Td7c6s2h,dry,underpair,gutshot,アンダーペア,12,54.0,BET
b7_turn_cbet/b7_09,turn,IP,SRP,Td7c6s2h,dry,straight,no_draw,2P+,4,93.95,BET
b7_turn_cbet/b7_09,turn,IP,SRP,Td7c6s2h,dry,top_pair,gutshot,TP+,15,99.87,BET
b7_turn_cbet/b7_09,turn,IP,SRP,Td7c6s2h,dry,no_made_hand,gutshot,エア,16,70.74,BET
b7_turn_cbet/b7_09,turn,IP,SRP,Td7c6s2h,dry,top_pair,no_draw,TP+,48,69.24,BET
b7_turn_cbet/b7_09,turn,IP,SRP,Td7c6s2h,dry,overpair,no_draw,TP+,24,92.06,BET
b7_turn_cbet/b7_09,turn,IP,SRP,Td7c6s2h,dry,no_made_hand,no_draw,エア,20,77.48,BET
b7_turn_cbet/b7_09,turn,IP,SRP,Td7c6s2h,dry,king_high,no_draw,エア,44,65.47,BET
b7_turn_cbet/b7_09,turn,IP,SRP,Td7c6s2h,dry,king_high,gutshot,エア,8,93.32,BET
b7_turn_cbet/b7_09,turn,IP,SRP,Td7c6s2h,dry,ace_high,no_draw,エア,60,12.69,CHECK
b7_turn_cbet/b7_09,turn,IP,SRP,Td7c6s2h,dry,ace_high,gutshot,エア,20,95.67,BET
b7_turn_cbet/b7_10,turn,IP,SRP,Td7c6sAh,dry,low_pair,no_draw,アンダーペア,36,42.23,CHECK
b7_turn_cbet/b7_10,turn,IP,SRP,Td7c6sAh,dry,no_made_hand,oesd,エア,4,24.49,CHECK
b7_turn_cbet/b7_10,turn,IP,SRP,Td7c6sAh,dry,set,no_draw,2P+,12,93.8,BET
b7_turn_cbet/b7_10,turn,IP,SRP,Td7c6sAh,dry,third_pair,no_draw,アンダーペア,9,11.25,CHECK
b7_turn_cbet/b7_10,turn,IP,SRP,Td7c6sAh,dry,two_pair,no_draw,2P+,17,89.59,BET
b7_turn_cbet/b7_10,turn,IP,SRP,Td7c6sAh,dry,low_pair,gutshot,アンダーペア,6,65.09,BET
b7_turn_cbet/b7_10,turn,IP,SRP,Td7c6sAh,dry,third_pair,gutshot,アンダーペア,18,8.24,CHECK
b7_turn_cbet/b7_10,turn,IP,SRP,Td7c6sAh,dry,straight,no_draw,2P+,4,100.0,BET
b7_turn_cbet/b7_10,turn,IP,SRP,Td7c6sAh,dry,second_pair,gutshot,アンダーペア,15,98.33,BET
b7_turn_cbet/b7_10,turn,IP,SRP,Td7c6sAh,dry,no_made_hand,gutshot,エア,32,74.26,BET
b7_turn_cbet/b7_10,turn,IP,SRP,Td7c6sAh,dry,second_pair,no_draw,アンダーペア,36,15.28,CHECK
b7_turn_cbet/b7_10,turn,IP,SRP,Td7c6sAh,dry,underpair,no_draw,アンダーペア,18,34.77,CHECK
b7_turn_cbet/b7_10,turn,IP,SRP,Td7c6sAh,dry,no_made_hand,no_draw,エア,4,83.53,BET
b7_turn_cbet/b7_10,turn,IP,SRP,Td7c6sAh,dry,king_high,no_draw,エア,12,60.74,BET
b7_turn_cbet/b7_10,turn,IP,SRP,Td7c6sAh,dry,king_high,gutshot,エア,40,84.99,BET
b7_turn_cbet/b7_10,turn,IP,SRP,Td7c6sAh,dry,top_pair,no_draw,TP+,48,59.98,BET
b7_turn_cbet/b7_10,turn,IP,SRP,Td7c6sAh,dry,top_pair,gutshot,TP+,15,99.89,BET
b7_turn_cbet/b7_11,turn,IP,SRP,9h8s7d4c,dry,low_pair,no_draw,アンダーペア,18,19.77,CHECK
b7_turn_cbet/b7_11,turn,IP,SRP,9h8s7d4c,dry,set,no_draw,2P+,12,82.94,BET
b7_turn_cbet/b7_11,turn,IP,SRP,9h8s7d4c,dry,low_pair,gutshot,アンダーペア,9,0.55,CHECK
b7_turn_cbet/b7_11,turn,IP,SRP,9h8s7d4c,dry,straight,no_draw,2P+,20,89.7,BET
b7_turn_cbet/b7_11,turn,IP,SRP,9h8s7d4c,dry,low_pair,oesd,アンダーペア,9,60.84,BET
b7_turn_cbet/b7_11,turn,IP,SRP,9h8s7d4c,dry,third_pair,gutshot,アンダーペア,3,42.42,CHECK
b7_turn_cbet/b7_11,turn,IP,SRP,9h8s7d4c,dry,third_pair,oesd,アンダーペア,6,50.65,BET
b7_turn_cbet/b7_11,turn,IP,SRP,9h8s7d4c,dry,second_pair,oesd,アンダーペア,6,9.17,CHECK
b7_turn_cbet/b7_11,turn,IP,SRP,9h8s7d4c,dry,two_pair,no_draw,2P+,6,55.1,BET
b7_turn_cbet/b7_11,turn,IP,SRP,9h8s7d4c,dry,top_pair,oesd,TP+,15,13.42,CHECK
b7_turn_cbet/b7_11,turn,IP,SRP,9h8s7d4c,dry,overpair,oesd,TP+,6,99.95,BET
b7_turn_cbet/b7_11,turn,IP,SRP,9h8s7d4c,dry,second_pair,gutshot,アンダーペア,3,94.49,BET
b7_turn_cbet/b7_11,turn,IP,SRP,9h8s7d4c,dry,top_pair,gutshot,TP+,3,97.3,BET
b7_turn_cbet/b7_11,turn,IP,SRP,9h8s7d4c,dry,overpair,gutshot,TP+,6,99.95,BET
b7_turn_cbet/b7_11,turn,IP,SRP,9h8s7d4c,dry,no_made_hand,gutshot,エア,20,86.22,BET
b7_turn_cbet/b7_11,turn,IP,SRP,9h8s7d4c,dry,no_made_hand,oesd,エア,20,73.11,BET
b7_turn_cbet/b7_11,turn,IP,SRP,9h8s7d4c,dry,third_pair,no_draw,アンダーペア,9,0.23,CHECK
b7_turn_cbet/b7_11,turn,IP,SRP,9h8s7d4c,dry,second_pair,no_draw,アンダーペア,9,0.05,CHECK
b7_turn_cbet/b7_11,turn,IP,SRP,9h8s7d4c,dry,top_pair,no_draw,TP+,18,31.78,CHECK
b7_turn_cbet/b7_11,turn,IP,SRP,9h8s7d4c,dry,overpair,no_draw,TP+,18,63.82,BET
b7_turn_cbet/b7_11,turn,IP,SRP,9h8s7d4c,dry,king_high,no_draw,エア,20,8.65,CHECK
b7_turn_cbet/b7_11,turn,IP,SRP,9h8s7d4c,dry,king_high,gutshot,エア,20,47.02,CHECK
b7_turn_cbet/b7_11,turn,IP,SRP,9h8s7d4c,dry,king_high,oesd,エア,20,79.43,BET
b7_turn_cbet/b7_11,turn,IP,SRP,9h8s7d4c,dry,ace_high,no_draw,エア,40,1.59,CHECK
b7_turn_cbet/b7_11,turn,IP,SRP,9h8s7d4c,dry,ace_high,gutshot,エア,20,53.2,BET
b7_turn_cbet/b7_11,turn,IP,SRP,9h8s7d4c,dry,ace_high,oesd,エア,20,39.65,CHECK
b7_turn_cbet/b7_12,turn,IP,SRP,9h8s7dAd,dry,low_pair,no_draw,アンダーペア,24,34.16,CHECK
b7_turn_cbet/b7_12,turn,IP,SRP,9h8s7dAd,dry,no_made_hand,gutshot,エア,21,63.02,BET
b7_turn_cbet/b7_12,turn,IP,SRP,9h8s7dAd,dry,no_made_hand,combo_draw,エア,6,98.27,BET
b7_turn_cbet/b7_12,turn,IP,SRP,9h8s7dAd,dry,low_pair,gutshot,アンダーペア,9,42.13,CHECK
b7_turn_cbet/b7_12,turn,IP,SRP,9h8s7dAd,dry,no_made_hand,oesd,エア,21,76.2,BET
b7_turn_cbet/b7_12,turn,IP,SRP,9h8s7dAd,dry,straight,no_draw,2P+,18,90.96,BET
b7_turn_cbet/b7_12,turn,IP,SRP,9h8s7dAd,dry,straight,flush_draw,2P+,2,99.91,BET
b7_turn_cbet/b7_12,turn,IP,SRP,9h8s7dAd,dry,low_pair,oesd,アンダーペア,12,19.26,CHECK
b7_turn_cbet/b7_12,turn,IP,SRP,9h8s7dAd,dry,set,no_draw,2P+,12,89.35,BET
b7_turn_cbet/b7_12,turn,IP,SRP,9h8s7dAd,dry,third_pair,oesd,アンダーペア,4,0.06,CHECK
b7_turn_cbet/b7_12,turn,IP,SRP,9h8s7dAd,dry,two_pair,no_draw,2P+,19,64.93,BET
b7_turn_cbet/b7_12,turn,IP,SRP,9h8s7dAd,dry,third_pair,combo_draw,アンダーペア,3,39.49,CHECK
b7_turn_cbet/b7_12,turn,IP,SRP,9h8s7dAd,dry,second_pair,oesd,アンダーペア,13,0.86,CHECK
b7_turn_cbet/b7_12,turn,IP,SRP,9h8s7dAd,dry,second_pair,combo_draw,アンダーペア,3,39.27,CHECK
b7_turn_cbet/b7_12,turn,IP,SRP,9h8s7dAd,dry,two_pair,flush_draw,2P+,1,99.79,BET
b7_turn_cbet/b7_12,turn,IP,SRP,9h8s7dAd,dry,underpair,oesd,アンダーペア,6,16.24,CHECK
b7_turn_cbet/b7_12,turn,IP,SRP,9h8s7dAd,dry,third_pair,gutshot,アンダーペア,2,0.09,CHECK
b7_turn_cbet/b7_12,turn,IP,SRP,9h8s7dAd,dry,second_pair,gutshot,アンダーペア,2,11.08,CHECK
b7_turn_cbet/b7_12,turn,IP,SRP,9h8s7dAd,dry,underpair,gutshot,アンダーペア,6,61.12,BET
b7_turn_cbet/b7_12,turn,IP,SRP,9h8s7dAd,dry,third_pair,no_draw,アンダーペア,4,0.01,CHECK
b7_turn_cbet/b7_12,turn,IP,SRP,9h8s7dAd,dry,second_pair,no_draw,アンダーペア,4,0.01,CHECK
b7_turn_cbet/b7_12,turn,IP,SRP,9h8s7dAd,dry,third_pair,flush_draw,アンダーペア,1,3.16,CHECK
b7_turn_cbet/b7_12,turn,IP,SRP,9h8s7dAd,dry,second_pair,flush_draw,アンダーペア,1,47.99,CHECK
b7_turn_cbet/b7_12,turn,IP,SRP,9h8s7dAd,dry,underpair,no_draw,アンダーペア,12,0.01,CHECK
b7_turn_cbet/b7_12,turn,IP,SRP,9h8s7dAd,dry,king_high,no_draw,エア,21,6.91,CHECK
b7_turn_cbet/b7_12,turn,IP,SRP,9h8s7dAd,dry,king_high,gutshot,エア,18,46.32,CHECK
b7_turn_cbet/b7_12,turn,IP,SRP,9h8s7dAd,dry,king_high,oesd,エア,18,76.91,BET
b7_turn_cbet/b7_12,turn,IP,SRP,9h8s7dAd,dry,king_high,nut_flush_draw,エア,3,91.92,BET
b7_turn_cbet/b7_12,turn,IP,SRP,9h8s7dAd,dry,king_high,combo_draw,エア,4,99.98,BET
b7_turn_cbet/b7_12,turn,IP,SRP,9h8s7dAd,dry,third_pair,nut_flush_draw,アンダーペア,1,0.54,CHECK
b7_turn_cbet/b7_12,turn,IP,SRP,9h8s7dAd,dry,second_pair,nut_flush_draw,アンダーペア,1,34.94,CHECK
b7_turn_cbet/b7_12,turn,IP,SRP,9h8s7dAd,dry,top_pair,no_draw,TP+,33,35.12,CHECK
b7_turn_cbet/b7_12,turn,IP,SRP,9h8s7dAd,dry,top_pair,gutshot,TP+,15,79.86,BET
b7_turn_cbet/b7_12,turn,IP,SRP,9h8s7dAd,dry,top_pair,oesd,TP+,15,83.9,BET
b7_turn_cbet/b7_13,turn,IP,SRP,AhKd4s8c,dry,low_pair,no_draw,アンダーペア,36,13.76,CHECK
b7_turn_cbet/b7_13,turn,IP,SRP,AhKd4s8c,dry,set,no_draw,2P+,12,100.0,BET
b7_turn_cbet/b7_13,turn,IP,SRP,AhKd4s8c,dry,no_made_hand,gutshot,エア,60,55.99,BET
b7_turn_cbet/b7_13,turn,IP,SRP,AhKd4s8c,dry,third_pair,no_draw,アンダーペア,42,16.41,CHECK
b7_turn_cbet/b7_13,turn,IP,SRP,AhKd4s8c,dry,no_made_hand,no_draw,エア,48,0.79,CHECK
b7_turn_cbet/b7_13,turn,IP,SRP,AhKd4s8c,dry,second_pair,no_draw,アンダーペア,51,5.0,CHECK
b7_turn_cbet/b7_13,turn,IP,SRP,AhKd4s8c,dry,two_pair,no_draw,2P+,17,91.01,BET
b7_turn_cbet/b7_13,turn,IP,SRP,AhKd4s8c,dry,top_pair,no_draw,TP+,63,19.01,CHECK
b7_turn_cbet/b7_14,turn,IP,SRP,AhKd4s2c,dry,set,no_draw,2P+,12,99.94,BET
b7_turn_cbet/b7_14,turn,IP,SRP,AhKd4s2c,dry,low_pair,gutshot,アンダーペア,6,89.52,BET
b7_turn_cbet/b7_14,turn,IP,SRP,AhKd4s2c,dry,third_pair,gutshot,アンダーペア,9,82.21,BET
b7_turn_cbet/b7_14,turn,IP,SRP,AhKd4s2c,dry,third_pair,no_draw,アンダーペア,45,3.6,CHECK
b7_turn_cbet/b7_14,turn,IP,SRP,AhKd4s2c,dry,no_made_hand,gutshot,エア,60,45.91,CHECK
b7_turn_cbet/b7_14,turn,IP,SRP,AhKd4s2c,dry,no_made_hand,no_draw,エア,72,0.82,CHECK
b7_turn_cbet/b7_14,turn,IP,SRP,AhKd4s2c,dry,second_pair,gutshot,アンダーペア,6,1.03,CHECK
b7_turn_cbet/b7_14,turn,IP,SRP,AhKd4s2c,dry,two_pair,no_draw,2P+,15,80.2,BET
b7_turn_cbet/b7_14,turn,IP,SRP,AhKd4s2c,dry,second_pair,no_draw,アンダーペア,48,0.77,CHECK
b7_turn_cbet/b7_14,turn,IP,SRP,AhKd4s2c,dry,top_pair,gutshot,TP+,6,99.39,BET
b7_turn_cbet/b7_14,turn,IP,SRP,AhKd4s2c,dry,top_pair,no_draw,TP+,57,33.95,CHECK
b7_turn_cbet/b7_15,turn,IP,SRP,JdTs9c2c,dry,set,no_draw,2P+,12,79.15,BET
b7_turn_cbet/b7_15,turn,IP,SRP,JdTs9c2c,dry,low_pair,no_draw,アンダーペア,27,28.68,CHECK
b7_turn_cbet/b7_15,turn,IP,SRP,JdTs9c2c,dry,no_made_hand,flush_draw,エア,3,88.48,BET
b7_turn_cbet/b7_15,turn,IP,SRP,JdTs9c2c,dry,no_made_hand,no_draw,エア,9,25.09,CHECK
b7_turn_cbet/b7_15,turn,IP,SRP,JdTs9c2c,dry,no_made_hand,combo_draw,エア,6,78.82,BET
b7_turn_cbet/b7_15,turn,IP,SRP,JdTs9c2c,dry,no_made_hand,gutshot,エア,6,15.47,CHECK
b7_turn_cbet/b7_15,turn,IP,SRP,JdTs9c2c,dry,low_pair,gutshot,アンダーペア,6,0.05,CHECK
b7_turn_cbet/b7_15,turn,IP,SRP,JdTs9c2c,dry,straight,flush_draw,2P+,3,97.15,BET
b7_turn_cbet/b7_15,turn,IP,SRP,JdTs9c2c,dry,no_made_hand,oesd,エア,12,86.19,BET
b7_turn_cbet/b7_15,turn,IP,SRP,JdTs9c2c,dry,straight,no_draw,2P+,21,80.76,BET
b7_turn_cbet/b7_15,turn,IP,SRP,JdTs9c2c,dry,low_pair,oesd,アンダーペア,6,21.28,CHECK
b7_turn_cbet/b7_15,turn,IP,SRP,JdTs9c2c,dry,third_pair,no_draw,アンダーペア,15,0.02,CHECK
b7_turn_cbet/b7_15,turn,IP,SRP,JdTs9c2c,dry,third_pair,gutshot,アンダーペア,6,0.03,CHECK
b7_turn_cbet/b7_15,turn,IP,SRP,JdTs9c2c,dry,third_pair,oesd,アンダーペア,6,0.04,CHECK
b7_turn_cbet/b7_15,turn,IP,SRP,JdTs9c2c,dry,second_pair,combo_draw,アンダーペア,4,10.95,CHECK
b7_turn_cbet/b7_15,turn,IP,SRP,JdTs9c2c,dry,two_pair,no_draw,2P+,19,28.86,CHECK
b7_turn_cbet/b7_15,turn,IP,SRP,JdTs9c2c,dry,second_pair,gutshot,アンダーペア,13,13.2,CHECK
b7_turn_cbet/b7_15,turn,IP,SRP,JdTs9c2c,dry,second_pair,oesd,アンダーペア,13,0.24,CHECK
b7_turn_cbet/b7_15,turn,IP,SRP,JdTs9c2c,dry,top_pair,combo_draw,TP+,3,63.87,BET
b7_turn_cbet/b7_15,turn,IP,SRP,JdTs9c2c,dry,two_pair,flush_draw,2P+,1,99.97,BET
b7_turn_cbet/b7_15,turn,IP,SRP,JdTs9c2c,dry,top_pair,oesd,TP+,13,34.68,CHECK
b7_turn_cbet/b7_15,turn,IP,SRP,JdTs9c2c,dry,overpair,oesd,TP+,6,99.89,BET
b7_turn_cbet/b7_15,turn,IP,SRP,JdTs9c2c,dry,king_high,combo_draw,エア,6,88.18,BET
b7_turn_cbet/b7_15,turn,IP,SRP,JdTs9c2c,dry,top_pair,gutshot,TP+,11,62.01,BET
b7_turn_cbet/b7_15,turn,IP,SRP,JdTs9c2c,dry,king_high,gutshot,エア,12,77.37,BET
b7_turn_cbet/b7_15,turn,IP,SRP,JdTs9c2c,dry,king_high,oesd,エア,6,46.62,CHECK
b7_turn_cbet/b7_15,turn,IP,SRP,JdTs9c2c,dry,overpair,gutshot,TP+,6,99.34,BET
b7_turn_cbet/b7_15,turn,IP,SRP,JdTs9c2c,dry,ace_high,nut_flush_draw,エア,4,71.29,BET
b7_turn_cbet/b7_15,turn,IP,SRP,JdTs9c2c,dry,ace_high,combo_draw,エア,4,74.46,BET
b7_turn_cbet/b7_15,turn,IP,SRP,JdTs9c2c,dry,second_pair,nut_flush_draw,アンダーペア,1,73.83,BET
b7_turn_cbet/b7_15,turn,IP,SRP,JdTs9c2c,dry,second_pair,no_draw,アンダーペア,11,0.1,CHECK
b7_turn_cbet/b7_15,turn,IP,SRP,JdTs9c2c,dry,top_pair,nut_flush_draw,TP+,1,94.71,BET
b7_turn_cbet/b7_15,turn,IP,SRP,JdTs9c2c,dry,top_pair,no_draw,TP+,11,37.84,CHECK
b7_turn_cbet/b7_15,turn,IP,SRP,JdTs9c2c,dry,ace_high,oesd,エア,18,84.19,BET
b7_turn_cbet/b7_15,turn,IP,SRP,JdTs9c2c,dry,ace_high,gutshot,エア,18,36.0,CHECK
b7_turn_cbet/b7_15,turn,IP,SRP,JdTs9c2c,dry,ace_high,no_draw,エア,12,1.35,CHECK
b7_turn_cbet/b7_15,turn,IP,SRP,JdTs9c2c,dry,overpair,no_draw,TP+,6,38.95,CHECK
b7_turn_cbet/b7_16,turn,IP,SRP,Ts8s5s4d,dry,low_pair,no_draw,アンダーペア,10,77.8,BET
b7_turn_cbet/b7_16,turn,IP,SRP,Ts8s5s4d,dry,low_pair,flush_draw,アンダーペア,6,27.84,CHECK
b7_turn_cbet/b7_16,turn,IP,SRP,Ts8s5s4d,dry,set,no_draw,2P+,10,74.95,BET
b7_turn_cbet/b7_16,turn,IP,SRP,Ts8s5s4d,dry,set,flush_draw,2P+,2,66.11,BET
b7_turn_cbet/b7_16,turn,IP,SRP,Ts8s5s4d,dry,two_pair,no_draw,2P+,5,83.64,BET
b7_turn_cbet/b7_16,turn,IP,SRP,Ts8s5s4d,dry,low_pair,gutshot,アンダーペア,2,99.39,BET
b7_turn_cbet/b7_16,turn,IP,SRP,Ts8s5s4d,dry,third_pair,gutshot,アンダーペア,12,22.43,CHECK
b7_turn_cbet/b7_16,turn,IP,SRP,Ts8s5s4d,dry,flush,no_draw,2P+,25,84.88,BET
b7_turn_cbet/b7_16,turn,IP,SRP,Ts8s5s4d,dry,third_pair,combo_draw,アンダーペア,6,97.28,BET
b7_turn_cbet/b7_16,turn,IP,SRP,Ts8s5s4d,dry,straight,no_draw,2P+,3,34.26,CHECK
b7_turn_cbet/b7_16,turn,IP,SRP,Ts8s5s4d,dry,second_pair,gutshot,アンダーペア,6,24.66,CHECK
b7_turn_cbet/b7_16,turn,IP,SRP,Ts8s5s4d,dry,no_made_hand,gutshot,エア,21,69.57,BET
b7_turn_cbet/b7_16,turn,IP,SRP,Ts8s5s4d,dry,no_made_hand,oesd,エア,6,29.02,CHECK
b7_turn_cbet/b7_16,turn,IP,SRP,Ts8s5s4d,dry,second_pair,no_draw,アンダーペア,15,0.88,CHECK
b7_turn_cbet/b7_16,turn,IP,SRP,Ts8s5s4d,dry,underpair,no_draw,アンダーペア,3,0.03,CHECK
b7_turn_cbet/b7_16,turn,IP,SRP,Ts8s5s4d,dry,underpair,flush_draw,アンダーペア,3,0.32,CHECK
b7_turn_cbet/b7_16,turn,IP,SRP,Ts8s5s4d,dry,top_pair,gutshot,TP+,3,1.61,CHECK
b7_turn_cbet/b7_16,turn,IP,SRP,Ts8s5s4d,dry,top_pair,no_draw,TP+,45,20.35,CHECK
b7_turn_cbet/b7_16,turn,IP,SRP,Ts8s5s4d,dry,top_pair,flush_draw,TP+,12,42.35,CHECK
b7_turn_cbet/b7_16,turn,IP,SRP,Ts8s5s4d,dry,overpair,no_draw,TP+,12,65.27,BET
b7_turn_cbet/b7_16,turn,IP,SRP,Ts8s5s4d,dry,overpair,flush_draw,TP+,9,86.28,BET
b7_turn_cbet/b7_16,turn,IP,SRP,Ts8s5s4d,dry,third_pair,no_draw,アンダーペア,9,3.78,CHECK
b7_turn_cbet/b7_16,turn,IP,SRP,Ts8s5s4d,dry,no_made_hand,combo_draw,エア,6,74.24,BET
b7_turn_cbet/b7_16,turn,IP,SRP,Ts8s5s4d,dry,king_high,no_draw,エア,24,35.59,CHECK
b7_turn_cbet/b7_16,turn,IP,SRP,Ts8s5s4d,dry,king_high,gutshot,エア,6,90.21,BET
b7_turn_cbet/b7_16,turn,IP,SRP,Ts8s5s4d,dry,king_high,flush_draw,エア,12,52.94,BET
b7_turn_cbet/b7_16,turn,IP,SRP,Ts8s5s4d,dry,ace_high,gutshot,エア,12,70.0,BET
b7_turn_cbet/b7_16,turn,IP,SRP,Ts8s5s4d,dry,ace_high,no_draw,エア,36,4.58,CHECK
b7_turn_cbet/b7_16,turn,IP,SRP,Ts8s5s4d,dry,ace_high,flush_draw,エア,12,50.85,BET
b7_turn_cbet/b7_16,turn,IP,SRP,Ts8s5s4d,dry,ace_high,nut_flush_draw,エア,12,92.53,BET
b7_turn_cbet/b7_16,turn,IP,SRP,Ts8s5s4d,dry,top_pair,nut_flush_draw,TP+,3,33.72,CHECK
b7_turn_cbet/b7_16,turn,IP,SRP,Ts8s5s4d,dry,overpair,nut_flush_draw,TP+,3,76.68,BET
b7_turn_cbet/b7_17,turn,IP,SRP,Ah4d2c9h,dry,set,no_draw,2P+,12,86.68,BET
b7_turn_cbet/b7_17,turn,IP,SRP,Ah4d2c9h,dry,low_pair,gutshot,アンダーペア,6,75.56,BET
b7_turn_cbet/b7_17,turn,IP,SRP,Ah4d2c9h,dry,third_pair,gutshot,アンダーペア,8,0.05,CHECK
b7_turn_cbet/b7_17,turn,IP,SRP,Ah4d2c9h,dry,third_pair,combo_draw,アンダーペア,1,82.94,BET
b7_turn_cbet/b7_17,turn,IP,SRP,Ah4d2c9h,dry,third_pair,no_draw,アンダーペア,22,0.0,CHECK
b7_turn_cbet/b7_17,turn,IP,SRP,Ah4d2c9h,dry,no_made_hand,gutshot,エア,9,99.01,BET
b7_turn_cbet/b7_17,turn,IP,SRP,Ah4d2c9h,dry,third_pair,flush_draw,アンダーペア,1,96.67,BET
b7_turn_cbet/b7_17,turn,IP,SRP,Ah4d2c9h,dry,no_made_hand,combo_draw,エア,3,78.21,BET
b7_turn_cbet/b7_17,turn,IP,SRP,Ah4d2c9h,dry,no_made_hand,no_draw,エア,72,12.51,CHECK
b7_turn_cbet/b7_17,turn,IP,SRP,Ah4d2c9h,dry,no_made_hand,flush_draw,エア,12,62.81,BET
b7_turn_cbet/b7_17,turn,IP,SRP,Ah4d2c9h,dry,second_pair,no_draw,アンダーペア,30,0.02,CHECK
b7_turn_cbet/b7_17,turn,IP,SRP,Ah4d2c9h,dry,underpair,no_draw,アンダーペア,24,0.01,CHECK
b7_turn_cbet/b7_17,turn,IP,SRP,Ah4d2c9h,dry,king_high,gutshot,エア,6,83.78,BET
b7_turn_cbet/b7_17,turn,IP,SRP,Ah4d2c9h,dry,king_high,no_draw,エア,54,2.03,CHECK
b7_turn_cbet/b7_17,turn,IP,SRP,Ah4d2c9h,dry,king_high,combo_draw,エア,2,99.94,BET
b7_turn_cbet/b7_17,turn,IP,SRP,Ah4d2c9h,dry,third_pair,nut_flush_draw,アンダーペア,1,0.03,CHECK
b7_turn_cbet/b7_17,turn,IP,SRP,Ah4d2c9h,dry,king_high,nut_flush_draw,エア,6,66.22,BET
b7_turn_cbet/b7_17,turn,IP,SRP,Ah4d2c9h,dry,top_pair,gutshot,TP+,6,49.31,CHECK
b7_turn_cbet/b7_17,turn,IP,SRP,Ah4d2c9h,dry,two_pair,no_draw,2P+,13,82.73,BET
b7_turn_cbet/b7_17,turn,IP,SRP,Ah4d2c9h,dry,top_pair,no_draw,TP+,57,10.71,CHECK
b7_turn_cbet/b7_18,turn,IP,SRP,Kh7c2c5c,dry,set,no_draw,2P+,10,73.97,BET
b7_turn_cbet/b7_18,turn,IP,SRP,Kh7c2c5c,dry,low_pair,flush_draw,アンダーペア,6,28.33,CHECK
b7_turn_cbet/b7_18,turn,IP,SRP,Kh7c2c5c,dry,low_pair,no_draw,アンダーペア,9,1.3,CHECK
b7_turn_cbet/b7_18,turn,IP,SRP,Kh7c2c5c,dry,third_pair,no_draw,アンダーペア,15,17.96,CHECK
b7_turn_cbet/b7_18,turn,IP,SRP,Kh7c2c5c,dry,flush,no_draw,2P+,31,71.86,BET
b7_turn_cbet/b7_18,turn,IP,SRP,Kh7c2c5c,dry,no_made_hand,oesd,エア,6,74.85,BET
b7_turn_cbet/b7_18,turn,IP,SRP,Kh7c2c5c,dry,third_pair,flush_draw,アンダーペア,3,62.46,BET
b7_turn_cbet/b7_18,turn,IP,SRP,Kh7c2c5c,dry,two_pair,no_draw,2P+,7,66.73,BET
b7_turn_cbet/b7_18,turn,IP,SRP,Kh7c2c5c,dry,second_pair,no_draw,アンダーペア,18,0.02,CHECK
b7_turn_cbet/b7_18,turn,IP,SRP,Kh7c2c5c,dry,underpair,flush_draw,アンダーペア,15,0.03,CHECK
b7_turn_cbet/b7_18,turn,IP,SRP,Kh7c2c5c,dry,underpair,no_draw,アンダーペア,15,0.02,CHECK
b7_turn_cbet/b7_18,turn,IP,SRP,Kh7c2c5c,dry,no_made_hand,gutshot,エア,6,23.14,CHECK
b7_turn_cbet/b7_18,turn,IP,SRP,Kh7c2c5c,dry,no_made_hand,flush_draw,エア,24,46.32,CHECK
b7_turn_cbet/b7_18,turn,IP,SRP,Kh7c2c5c,dry,no_made_hand,no_draw,エア,54,27.98,CHECK
b7_turn_cbet/b7_18,turn,IP,SRP,Kh7c2c5c,dry,top_pair,flush_draw,TP+,18,37.4,CHECK
b7_turn_cbet/b7_18,turn,IP,SRP,Kh7c2c5c,dry,top_pair,no_draw,TP+,34,28.61,CHECK
b7_turn_cbet/b7_18,turn,IP,SRP,Kh7c2c5c,dry,set,flush_draw,2P+,2,29.03,CHECK
b7_turn_cbet/b7_18,turn,IP,SRP,Kh7c2c5c,dry,ace_high,nut_flush_draw,エア,12,97.37,BET
b7_turn_cbet/b7_18,turn,IP,SRP,Kh7c2c5c,dry,top_pair,nut_flush_draw,TP+,2,0.44,CHECK
b7_turn_cbet/b7_18,turn,IP,SRP,Kh7c2c5c,dry,ace_high,gutshot,エア,6,56.14,BET
b7_turn_cbet/b7_18,turn,IP,SRP,Kh7c2c5c,dry,ace_high,no_draw,エア,42,16.06,CHECK
b7_turn_cbet/b7_18,turn,IP,SRP,Kh7c2c5c,dry,ace_high,flush_draw,エア,12,75.44,BET
b7_turn_cbet/b7_18,turn,IP,SRP,Kh7c2c5c,dry,overpair,nut_flush_draw,TP+,3,57.81,BET
b7_turn_cbet/b7_18,turn,IP,SRP,Kh7c2c5c,dry,overpair,no_draw,TP+,3,69.54,BET
b7_turn_cbet/b7_19,turn,IP,SRP,KsQd4hTh,dry,low_pair,no_draw,アンダーペア,42,22.21,CHECK
b7_turn_cbet/b7_19,turn,IP,SRP,KsQd4hTh,dry,set,no_draw,2P+,12,71.26,BET
b7_turn_cbet/b7_19,turn,IP,SRP,KsQd4hTh,dry,no_made_hand,no_draw,エア,15,3.13,CHECK
b7_turn_cbet/b7_19,turn,IP,SRP,KsQd4hTh,dry,no_made_hand,flush_draw,エア,5,97.1,BET
b7_turn_cbet/b7_19,turn,IP,SRP,KsQd4hTh,dry,no_made_hand,gutshot,エア,9,2.72,CHECK
b7_turn_cbet/b7_19,turn,IP,SRP,KsQd4hTh,dry,low_pair,gutshot,アンダーペア,9,2.43,CHECK
b7_turn_cbet/b7_19,turn,IP,SRP,KsQd4hTh,dry,no_made_hand,combo_draw,エア,4,44.92,CHECK
b7_turn_cbet/b7_19,turn,IP,SRP,KsQd4hTh,dry,third_pair,no_draw,アンダーペア,6,0.04,CHECK
b7_turn_cbet/b7_19,turn,IP,SRP,KsQd4hTh,dry,third_pair,gutshot,アンダーペア,24,3.7,CHECK
b7_turn_cbet/b7_19,turn,IP,SRP,KsQd4hTh,dry,no_made_hand,oesd,エア,3,99.89,BET
b7_turn_cbet/b7_19,turn,IP,SRP,KsQd4hTh,dry,straight,no_draw,2P+,18,77.35,BET
b7_turn_cbet/b7_19,turn,IP,SRP,KsQd4hTh,dry,third_pair,oesd,アンダーペア,18,35.49,CHECK
b7_turn_cbet/b7_19,turn,IP,SRP,KsQd4hTh,dry,straight,flush_draw,2P+,1,99.94,BET
b7_turn_cbet/b7_19,turn,IP,SRP,KsQd4hTh,dry,second_pair,no_draw,アンダーペア,8,0.03,CHECK
b7_turn_cbet/b7_19,turn,IP,SRP,KsQd4hTh,dry,second_pair,gutshot,アンダーペア,13,5.06,CHECK
b7_turn_cbet/b7_19,turn,IP,SRP,KsQd4hTh,dry,two_pair,no_draw,2P+,28,30.77,CHECK
b7_turn_cbet/b7_19,turn,IP,SRP,KsQd4hTh,dry,second_pair,oesd,アンダーペア,11,0.07,CHECK
b7_turn_cbet/b7_19,turn,IP,SRP,KsQd4hTh,dry,second_pair,flush_draw,アンダーペア,4,0.75,CHECK
b7_turn_cbet/b7_19,turn,IP,SRP,KsQd4hTh,dry,second_pair,combo_draw,アンダーペア,3,57.06,BET
b7_turn_cbet/b7_19,turn,IP,SRP,KsQd4hTh,dry,top_pair,no_draw,TP+,10,0.04,CHECK
b7_turn_cbet/b7_19,turn,IP,SRP,KsQd4hTh,dry,top_pair,gutshot,TP+,13,39.08,CHECK
b7_turn_cbet/b7_19,turn,IP,SRP,KsQd4hTh,dry,top_pair,oesd,TP+,11,65.57,BET
b7_turn_cbet/b7_19,turn,IP,SRP,KsQd4hTh,dry,top_pair,flush_draw,TP+,5,32.83,CHECK
b7_turn_cbet/b7_19,turn,IP,SRP,KsQd4hTh,dry,top_pair,combo_draw,TP+,3,54.49,BET
b7_turn_cbet/b7_19,turn,IP,SRP,KsQd4hTh,dry,two_pair,flush_draw,2P+,1,99.98,BET
b7_turn_cbet/b7_19,turn,IP,SRP,KsQd4hTh,dry,ace_high,gutshot,エア,33,71.2,BET
b7_turn_cbet/b7_19,turn,IP,SRP,KsQd4hTh,dry,overpair,gutshot,TP+,6,98.51,BET
b7_turn_cbet/b7_19,turn,IP,SRP,KsQd4hTh,dry,ace_high,combo_draw,エア,7,90.91,BET
b7_turn_cbet/b7_19,turn,IP,SRP,KsQd4hTh,dry,straight,nut_flush_draw,2P+,1,99.8,BET
b7_turn_cbet/b7_20,turn,IP,SRP,KsQd4h2h,dry,set,no_draw,2P+,12,92.63,BET
b7_turn_cbet/b7_20,turn,IP,SRP,KsQd4h2h,dry,low_pair,no_draw,アンダーペア,9,95.77,BET
b7_turn_cbet/b7_20,turn,IP,SRP,KsQd4h2h,dry,third_pair,no_draw,アンダーペア,51,0.04,CHECK
b7_turn_cbet/b7_20,turn,IP,SRP,KsQd4h2h,dry,no_made_hand,gutshot,エア,21,79.63,BET
b7_turn_cbet/b7_20,turn,IP,SRP,KsQd4h2h,dry,no_made_hand,combo_draw,エア,4,99.89,BET
b7_turn_cbet/b7_20,turn,IP,SRP,KsQd4h2h,dry,no_made_hand,no_draw,エア,30,0.56,CHECK
b7_turn_cbet/b7_20,turn,IP,SRP,KsQd4h2h,dry,no_made_hand,flush_draw,エア,10,45.11,CHECK
b7_turn_cbet/b7_20,turn,IP,SRP,KsQd4h2h,dry,no_made_hand,oesd,エア,15,64.75,BET
b7_turn_cbet/b7_20,turn,IP,SRP,KsQd4h2h,dry,second_pair,no_draw,アンダーペア,43,0.01,CHECK
b7_turn_cbet/b7_20,turn,IP,SRP,KsQd4h2h,dry,second_pair,flush_draw,アンダーペア,7,0.15,CHECK
b7_turn_cbet/b7_20,turn,IP,SRP,KsQd4h2h,dry,top_pair,no_draw,TP+,45,24.95,CHECK
b7_turn_cbet/b7_20,turn,IP,SRP,KsQd4h2h,dry,two_pair,no_draw,2P+,10,99.98,BET
b7_turn_cbet/b7_20,turn,IP,SRP,KsQd4h2h,dry,top_pair,flush_draw,TP+,8,45.13,CHECK
b7_turn_cbet/b7_20,turn,IP,SRP,KsQd4h2h,dry,two_pair,flush_draw,2P+,1,100.0,BET
b7_turn_cbet/b7_20,turn,IP,SRP,KsQd4h2h,dry,ace_high,gutshot,エア,36,71.04,BET
b7_turn_cbet/b7_20,turn,IP,SRP,KsQd4h2h,dry,ace_high,no_draw,エア,24,16.0,CHECK
b7_turn_cbet/b7_20,turn,IP,SRP,KsQd4h2h,dry,overpair,no_draw,TP+,6,99.86,BET
b7_turn_cbet/b7_20,turn,IP,SRP,KsQd4h2h,dry,ace_high,combo_draw,エア,4,99.99,BET
b7_turn_cbet/b7_20,turn,IP,SRP,KsQd4h2h,dry,ace_high,nut_flush_draw,エア,4,99.85,BET
b7_turn_cbet/b7_20,turn,IP,SRP,KsQd4h2h,dry,second_pair,nut_flush_draw,アンダーペア,1,0.17,CHECK
b7_turn_cbet/b7_20,turn,IP,SRP,KsQd4h2h,dry,top_pair,nut_flush_draw,TP+,1,99.91,BET
b7_kxx_grad/b7z_01,turn,IP,SRP,Ks7d2c3h,dry,set,no_draw,2P+,12,75.11,BET
b7_kxx_grad/b7z_01,turn,IP,SRP,Ks7d2c3h,dry,third_pair,no_draw,アンダーペア,21,0.07,CHECK
b7_kxx_grad/b7z_01,turn,IP,SRP,Ks7d2c3h,dry,no_made_hand,oesd,エア,4,99.62,BET
b7_kxx_grad/b7z_01,turn,IP,SRP,Ks7d2c3h,dry,no_made_hand,gutshot,エア,8,93.95,BET
b7_kxx_grad/b7z_01,turn,IP,SRP,Ks7d2c3h,dry,second_pair,no_draw,アンダーペア,21,0.01,CHECK
b7_kxx_grad/b7z_01,turn,IP,SRP,Ks7d2c3h,dry,no_made_hand,no_draw,エア,104,24.05,CHECK
b7_kxx_grad/b7z_01,turn,IP,SRP,Ks7d2c3h,dry,underpair,no_draw,アンダーペア,30,0.01,CHECK
b7_kxx_grad/b7z_01,turn,IP,SRP,Ks7d2c3h,dry,two_pair,no_draw,2P+,4,99.95,BET
b7_kxx_grad/b7z_01,turn,IP,SRP,Ks7d2c3h,dry,top_pair,no_draw,TP+,63,38.49,CHECK
b7_kxx_grad/b7z_01,turn,IP,SRP,Ks7d2c3h,dry,ace_high,gutshot,エア,8,99.59,BET
b7_kxx_grad/b7z_01,turn,IP,SRP,Ks7d2c3h,dry,ace_high,no_draw,エア,72,28.21,CHECK
b7_kxx_grad/b7z_01,turn,IP,SRP,Ks7d2c3h,dry,low_pair,no_draw,アンダーペア,3,0.02,CHECK
b7_kxx_grad/b7z_01,turn,IP,SRP,Ks7d2c3h,dry,overpair,no_draw,TP+,6,100.0,BET
b7_kxx_grad/b7z_02,turn,IP,SRP,Ks7d2c4h,dry,set,no_draw,2P+,12,78.3,BET
b7_kxx_grad/b7z_02,turn,IP,SRP,Ks7d2c4h,dry,low_pair,no_draw,アンダーペア,9,0.02,CHECK
b7_kxx_grad/b7z_02,turn,IP,SRP,Ks7d2c4h,dry,third_pair,no_draw,アンダーペア,21,8.06,CHECK
b7_kxx_grad/b7z_02,turn,IP,SRP,Ks7d2c4h,dry,no_made_hand,oesd,エア,4,74.86,BET
b7_kxx_grad/b7z_02,turn,IP,SRP,Ks7d2c4h,dry,second_pair,no_draw,アンダーペア,21,0.55,CHECK
b7_kxx_grad/b7z_02,turn,IP,SRP,Ks7d2c4h,dry,no_made_hand,gutshot,エア,4,93.18,BET
b7_kxx_grad/b7z_02,turn,IP,SRP,Ks7d2c4h,dry,underpair,no_draw,アンダーペア,30,0.06,CHECK
b7_kxx_grad/b7z_02,turn,IP,SRP,Ks7d2c4h,dry,no_made_hand,no_draw,エア,100,25.67,CHECK
b7_kxx_grad/b7z_02,turn,IP,SRP,Ks7d2c4h,dry,top_pair,no_draw,TP+,63,58.44,BET
b7_kxx_grad/b7z_02,turn,IP,SRP,Ks7d2c4h,dry,two_pair,no_draw,2P+,4,55.7,BET
b7_kxx_grad/b7z_02,turn,IP,SRP,Ks7d2c4h,dry,ace_high,gutshot,エア,8,98.85,BET
b7_kxx_grad/b7z_02,turn,IP,SRP,Ks7d2c4h,dry,ace_high,no_draw,エア,72,20.7,CHECK
b7_kxx_grad/b7z_02,turn,IP,SRP,Ks7d2c4h,dry,overpair,no_draw,TP+,6,99.99,BET
b7_kxx_grad/b7z_03,turn,IP,SRP,Ks7d2c5h,dry,set,no_draw,2P+,12,77.23,BET
b7_kxx_grad/b7z_03,turn,IP,SRP,Ks7d2c5h,dry,low_pair,no_draw,アンダーペア,15,0.03,CHECK
b7_kxx_grad/b7z_03,turn,IP,SRP,Ks7d2c5h,dry,third_pair,no_draw,アンダーペア,18,8.99,CHECK
b7_kxx_grad/b7z_03,turn,IP,SRP,Ks7d2c5h,dry,no_made_hand,oesd,エア,8,68.17,BET
b7_kxx_grad/b7z_03,turn,IP,SRP,Ks7d2c5h,dry,two_pair,no_draw,2P+,6,81.03,BET
b7_kxx_grad/b7z_03,turn,IP,SRP,Ks7d2c5h,dry,second_pair,no_draw,アンダーペア,18,0.03,CHECK
b7_kxx_grad/b7z_03,turn,IP,SRP,Ks7d2c5h,dry,underpair,no_draw,アンダーペア,30,0.03,CHECK
b7_kxx_grad/b7z_03,turn,IP,SRP,Ks7d2c5h,dry,no_made_hand,gutshot,エア,8,72.13,BET
b7_kxx_grad/b7z_03,turn,IP,SRP,Ks7d2c5h,dry,no_made_hand,no_draw,エア,88,19.79,CHECK
b7_kxx_grad/b7z_03,turn,IP,SRP,Ks7d2c5h,dry,top_pair,no_draw,TP+,63,49.54,CHECK
b7_kxx_grad/b7z_03,turn,IP,SRP,Ks7d2c5h,dry,ace_high,gutshot,エア,8,98.95,BET
b7_kxx_grad/b7z_03,turn,IP,SRP,Ks7d2c5h,dry,ace_high,no_draw,エア,72,21.49,CHECK
b7_kxx_grad/b7z_03,turn,IP,SRP,Ks7d2c5h,dry,overpair,no_draw,TP+,6,99.97,BET
b7_kxx_grad/b7z_04,turn,IP,SRP,Ks7d2c6h,dry,set,no_draw,2P+,12,80.36,BET
b7_kxx_grad/b7z_04,turn,IP,SRP,Ks7d2c6h,dry,low_pair,no_draw,アンダーペア,21,0.03,CHECK
b7_kxx_grad/b7z_04,turn,IP,SRP,Ks7d2c6h,dry,no_made_hand,oesd,エア,8,83.04,BET
b7_kxx_grad/b7z_04,turn,IP,SRP,Ks7d2c6h,dry,third_pair,no_draw,アンダーペア,18,2.23,CHECK
b7_kxx_grad/b7z_04,turn,IP,SRP,Ks7d2c6h,dry,second_pair,no_draw,アンダーペア,18,0.06,CHECK
b7_kxx_grad/b7z_04,turn,IP,SRP,Ks7d2c6h,dry,two_pair,no_draw,2P+,6,85.68,BET
b7_kxx_grad/b7z_04,turn,IP,SRP,Ks7d2c6h,dry,underpair,no_draw,アンダーペア,30,0.07,CHECK
b7_kxx_grad/b7z_04,turn,IP,SRP,Ks7d2c6h,dry,no_made_hand,gutshot,エア,20,78.89,BET
b7_kxx_grad/b7z_04,turn,IP,SRP,Ks7d2c6h,dry,no_made_hand,no_draw,エア,68,25.58,CHECK
b7_kxx_grad/b7z_04,turn,IP,SRP,Ks7d2c6h,dry,top_pair,no_draw,TP+,63,52.56,BET
b7_kxx_grad/b7z_04,turn,IP,SRP,Ks7d2c6h,dry,ace_high,no_draw,エア,80,24.38,CHECK
b7_kxx_grad/b7z_04,turn,IP,SRP,Ks7d2c6h,dry,overpair,no_draw,TP+,6,99.93,BET
b7_kxx_grad/b7z_05,turn,IP,SRP,Ks7d2c8h,dry,set,no_draw,2P+,12,84.05,BET
b7_kxx_grad/b7z_05,turn,IP,SRP,Ks7d2c8h,dry,low_pair,no_draw,アンダーペア,27,0.01,CHECK
b7_kxx_grad/b7z_05,turn,IP,SRP,Ks7d2c8h,dry,no_made_hand,gutshot,エア,28,62.8,BET
b7_kxx_grad/b7z_05,turn,IP,SRP,Ks7d2c8h,dry,no_made_hand,oesd,エア,24,85.85,BET
b7_kxx_grad/b7z_05,turn,IP,SRP,Ks7d2c8h,dry,third_pair,no_draw,アンダーペア,18,0.01,CHECK
b7_kxx_grad/b7z_05,turn,IP,SRP,Ks7d2c8h,dry,second_pair,no_draw,アンダーペア,18,12.69,CHECK
b7_kxx_grad/b7z_05,turn,IP,SRP,Ks7d2c8h,dry,two_pair,no_draw,2P+,6,93.12,BET
b7_kxx_grad/b7z_05,turn,IP,SRP,Ks7d2c8h,dry,underpair,no_draw,アンダーペア,24,0.03,CHECK
b7_kxx_grad/b7z_05,turn,IP,SRP,Ks7d2c8h,dry,no_made_hand,no_draw,エア,44,32.37,CHECK
b7_kxx_grad/b7z_05,turn,IP,SRP,Ks7d2c8h,dry,top_pair,no_draw,TP+,63,54.92,BET
b7_kxx_grad/b7z_05,turn,IP,SRP,Ks7d2c8h,dry,ace_high,no_draw,エア,80,27.88,CHECK
b7_kxx_grad/b7z_05,turn,IP,SRP,Ks7d2c8h,dry,overpair,no_draw,TP+,6,99.98,BET
b7_kxx_grad/b7z_06,turn,IP,SRP,Ks7d2c9h,dry,set,no_draw,2P+,12,92.59,BET
b7_kxx_grad/b7z_06,turn,IP,SRP,Ks7d2c9h,dry,low_pair,no_draw,アンダーペア,27,0.04,CHECK
b7_kxx_grad/b7z_06,turn,IP,SRP,Ks7d2c9h,dry,no_made_hand,no_draw,エア,20,1.15,CHECK
b7_kxx_grad/b7z_06,turn,IP,SRP,Ks7d2c9h,dry,no_made_hand,gutshot,エア,40,61.89,BET
b7_kxx_grad/b7z_06,turn,IP,SRP,Ks7d2c9h,dry,third_pair,no_draw,アンダーペア,24,0.01,CHECK
b7_kxx_grad/b7z_06,turn,IP,SRP,Ks7d2c9h,dry,no_made_hand,oesd,エア,24,66.49,BET
b7_kxx_grad/b7z_06,turn,IP,SRP,Ks7d2c9h,dry,second_pair,no_draw,アンダーペア,36,4.57,CHECK
b7_kxx_grad/b7z_06,turn,IP,SRP,Ks7d2c9h,dry,two_pair,no_draw,2P+,6,99.4,BET
b7_kxx_grad/b7z_06,turn,IP,SRP,Ks7d2c9h,dry,underpair,no_draw,アンダーペア,18,0.02,CHECK
b7_kxx_grad/b7z_06,turn,IP,SRP,Ks7d2c9h,dry,top_pair,no_draw,TP+,63,52.51,BET
b7_kxx_grad/b7z_06,turn,IP,SRP,Ks7d2c9h,dry,ace_high,no_draw,エア,68,29.55,CHECK
b7_kxx_grad/b7z_06,turn,IP,SRP,Ks7d2c9h,dry,overpair,no_draw,TP+,6,99.88,BET
b7_kxx_grad/b7z_07,turn,IP,SRP,Ks7d2cTh,dry,set,no_draw,2P+,12,90.72,BET
b7_kxx_grad/b7z_07,turn,IP,SRP,Ks7d2cTh,dry,low_pair,no_draw,アンダーペア,27,18.42,CHECK
b7_kxx_grad/b7z_07,turn,IP,SRP,Ks7d2cTh,dry,no_made_hand,no_draw,エア,24,5.81,CHECK
b7_kxx_grad/b7z_07,turn,IP,SRP,Ks7d2cTh,dry,third_pair,no_draw,アンダーペア,30,0.02,CHECK
b7_kxx_grad/b7z_07,turn,IP,SRP,Ks7d2cTh,dry,no_made_hand,gutshot,エア,16,26.68,CHECK
b7_kxx_grad/b7z_07,turn,IP,SRP,Ks7d2cTh,dry,no_made_hand,oesd,エア,24,76.2,BET
b7_kxx_grad/b7z_07,turn,IP,SRP,Ks7d2cTh,dry,two_pair,no_draw,2P+,13,95.77,BET
b7_kxx_grad/b7z_07,turn,IP,SRP,Ks7d2cTh,dry,second_pair,no_draw,アンダーペア,51,0.02,CHECK
b7_kxx_grad/b7z_07,turn,IP,SRP,Ks7d2cTh,dry,underpair,no_draw,アンダーペア,12,0.01,CHECK
b7_kxx_grad/b7z_07,turn,IP,SRP,Ks7d2cTh,dry,top_pair,no_draw,TP+,54,18.08,CHECK
b7_kxx_grad/b7z_07,turn,IP,SRP,Ks7d2cTh,dry,ace_high,no_draw,エア,36,33.76,CHECK
b7_kxx_grad/b7z_07,turn,IP,SRP,Ks7d2cTh,dry,ace_high,gutshot,エア,32,68.25,BET
b7_kxx_grad/b7z_07,turn,IP,SRP,Ks7d2cTh,dry,overpair,no_draw,TP+,6,99.85,BET
b7_kxx_grad/b7z_08,turn,IP,SRP,Ks7d2cJh,dry,set,no_draw,2P+,12,86.82,BET
b7_kxx_grad/b7z_08,turn,IP,SRP,Ks7d2cJh,dry,low_pair,no_draw,アンダーペア,27,16.16,CHECK
b7_kxx_grad/b7z_08,turn,IP,SRP,Ks7d2cJh,dry,no_made_hand,no_draw,エア,32,13.47,CHECK
b7_kxx_grad/b7z_08,turn,IP,SRP,Ks7d2cJh,dry,third_pair,no_draw,アンダーペア,39,0.02,CHECK
b7_kxx_grad/b7z_08,turn,IP,SRP,Ks7d2cJh,dry,no_made_hand,gutshot,エア,12,41.15,CHECK
b7_kxx_grad/b7z_08,turn,IP,SRP,Ks7d2cJh,dry,no_made_hand,oesd,エア,32,84.12,BET
b7_kxx_grad/b7z_08,turn,IP,SRP,Ks7d2cJh,dry,second_pair,no_draw,アンダーペア,42,0.02,CHECK
b7_kxx_grad/b7z_08,turn,IP,SRP,Ks7d2cJh,dry,underpair,no_draw,アンダーペア,6,0.01,CHECK
b7_kxx_grad/b7z_08,turn,IP,SRP,Ks7d2cJh,dry,top_pair,no_draw,TP+,54,32.48,CHECK
b7_kxx_grad/b7z_08,turn,IP,SRP,Ks7d2cJh,dry,two_pair,no_draw,2P+,11,98.19,BET
b7_kxx_grad/b7z_08,turn,IP,SRP,Ks7d2cJh,dry,ace_high,no_draw,エア,36,37.08,CHECK
b7_kxx_grad/b7z_08,turn,IP,SRP,Ks7d2cJh,dry,ace_high,gutshot,エア,32,76.93,BET
b7_kxx_grad/b7z_08,turn,IP,SRP,Ks7d2cJh,dry,overpair,no_draw,TP+,6,99.97,BET
b7_kxx_grad/b7z_09,turn,IP,SRP,Ks7d2cQh,dry,set,no_draw,2P+,12,89.32,BET
b7_kxx_grad/b7z_09,turn,IP,SRP,Ks7d2cQh,dry,low_pair,no_draw,アンダーペア,27,13.64,CHECK
b7_kxx_grad/b7z_09,turn,IP,SRP,Ks7d2cQh,dry,no_made_hand,no_draw,エア,32,14.66,CHECK
b7_kxx_grad/b7z_09,turn,IP,SRP,Ks7d2cQh,dry,third_pair,no_draw,アンダーペア,42,0.02,CHECK
b7_kxx_grad/b7z_09,turn,IP,SRP,Ks7d2cQh,dry,no_made_hand,gutshot,エア,20,61.66,BET
b7_kxx_grad/b7z_09,turn,IP,SRP,Ks7d2cQh,dry,no_made_hand,oesd,エア,16,66.68,BET
b7_kxx_grad/b7z_09,turn,IP,SRP,Ks7d2cQh,dry,second_pair,no_draw,アンダーペア,48,0.02,CHECK
b7_kxx_grad/b7z_09,turn,IP,SRP,Ks7d2cQh,dry,two_pair,no_draw,2P+,13,92.02,BET
b7_kxx_grad/b7z_09,turn,IP,SRP,Ks7d2cQh,dry,top_pair,no_draw,TP+,54,21.35,CHECK
b7_kxx_grad/b7z_09,turn,IP,SRP,Ks7d2cQh,dry,ace_high,no_draw,エア,36,21.2,CHECK
b7_kxx_grad/b7z_09,turn,IP,SRP,Ks7d2cQh,dry,ace_high,gutshot,エア,32,88.72,BET
b7_kxx_grad/b7z_09,turn,IP,SRP,Ks7d2cQh,dry,overpair,no_draw,TP+,6,99.84,BET
b7_kxx_grad/b7z_10,turn,IP,SRP,Ks7d2cAh,dry,set,no_draw,2P+,12,92.88,BET
b7_kxx_grad/b7z_10,turn,IP,SRP,Ks7d2cAh,dry,low_pair,no_draw,アンダーペア,24,59.52,BET
b7_kxx_grad/b7z_10,turn,IP,SRP,Ks7d2cAh,dry,no_made_hand,gutshot,エア,52,82.02,BET
b7_kxx_grad/b7z_10,turn,IP,SRP,Ks7d2cAh,dry,no_made_hand,no_draw,エア,64,29.03,CHECK
b7_kxx_grad/b7z_10,turn,IP,SRP,Ks7d2cAh,dry,third_pair,no_draw,アンダーペア,48,0.03,CHECK
b7_kxx_grad/b7z_10,turn,IP,SRP,Ks7d2cAh,dry,second_pair,no_draw,アンダーペア,54,26.45,CHECK
b7_kxx_grad/b7z_10,turn,IP,SRP,Ks7d2cAh,dry,two_pair,no_draw,2P+,15,90.53,BET
b7_kxx_grad/b7z_10,turn,IP,SRP,Ks7d2cAh,dry,top_pair,no_draw,TP+,63,79.44,BET
b8_turn_probe/b8_01,turn,OOP,SRP,Ks7d2cKh,dry,fullhouse,no_draw,2P+,13,41.34,CHECK
b8_turn_probe/b8_01,turn,OOP,SRP,Ks7d2cKh,dry,third_pair,no_draw,アンダーペア,63,0.0,CHECK
b8_turn_probe/b8_01,turn,OOP,SRP,Ks7d2cKh,dry,no_made_hand,no_draw,エア,384,2.36,CHECK
b8_turn_probe/b8_01,turn,OOP,SRP,Ks7d2cKh,dry,second_pair,no_draw,アンダーペア,104,0.0,CHECK
b8_turn_probe/b8_01,turn,OOP,SRP,Ks7d2cKh,dry,underpair,no_draw,アンダーペア,30,0.02,CHECK
b8_turn_probe/b8_01,turn,OOP,SRP,Ks7d2cKh,dry,trips,no_draw,2P+,78,1.2,CHECK
b8_turn_probe/b8_01,turn,OOP,SRP,Ks7d2cKh,dry,ace_high,no_draw,エア,144,0.76,CHECK
b8_turn_probe/b8_02,turn,OOP,SRP,Ks7d2c7c,dry,fullhouse,no_draw,2P+,11,45.1,CHECK
b8_turn_probe/b8_02,turn,OOP,SRP,Ks7d2c7c,dry,third_pair,no_draw,アンダーペア,63,0.01,CHECK
b8_turn_probe/b8_02,turn,OOP,SRP,Ks7d2c7c,dry,no_made_hand,flush_draw,エア,36,57.09,BET
b8_turn_probe/b8_02,turn,OOP,SRP,Ks7d2c7c,dry,no_made_hand,no_draw,エア,348,13.55,CHECK
b8_turn_probe/b8_02,turn,OOP,SRP,Ks7d2c7c,dry,trips,no_draw,2P+,68,66.8,BET
b8_turn_probe/b8_02,turn,OOP,SRP,Ks7d2c7c,dry,quads,no_draw,2P+,1,99.74,BET
b8_turn_probe/b8_02,turn,OOP,SRP,Ks7d2c7c,dry,underpair,no_draw,アンダーペア,30,0.01,CHECK
b8_turn_probe/b8_02,turn,OOP,SRP,Ks7d2c7c,dry,top_pair,flush_draw,TP+,9,3.81,CHECK
b8_turn_probe/b8_02,turn,OOP,SRP,Ks7d2c7c,dry,top_pair,no_draw,TP+,110,8.73,CHECK
b8_turn_probe/b8_02,turn,OOP,SRP,Ks7d2c7c,dry,ace_high,nut_flush_draw,エア,9,31.84,CHECK
b8_turn_probe/b8_02,turn,OOP,SRP,Ks7d2c7c,dry,ace_high,no_draw,エア,135,6.23,CHECK
b8_turn_probe/b8_03,turn,OOP,SRP,Ks7d2c2h,dry,quads,no_draw,2P+,1,1.13,CHECK
b8_turn_probe/b8_03,turn,OOP,SRP,Ks7d2c2h,dry,trips,no_draw,2P+,26,95.08,BET
b8_turn_probe/b8_03,turn,OOP,SRP,Ks7d2c2h,dry,third_pair,no_draw,アンダーペア,24,0.0,CHECK
b8_turn_probe/b8_03,turn,OOP,SRP,Ks7d2c2h,dry,no_made_hand,no_draw,エア,384,9.7,CHECK
b8_turn_probe/b8_03,turn,OOP,SRP,Ks7d2c2h,dry,second_pair,no_draw,アンダーペア,102,0.0,CHECK
b8_turn_probe/b8_03,turn,OOP,SRP,Ks7d2c2h,dry,fullhouse,no_draw,2P+,5,81.02,BET
b8_turn_probe/b8_03,turn,OOP,SRP,Ks7d2c2h,dry,underpair,no_draw,アンダーペア,30,0.01,CHECK
b8_turn_probe/b8_03,turn,OOP,SRP,Ks7d2c2h,dry,top_pair,no_draw,TP+,126,14.26,CHECK
b8_turn_probe/b8_03,turn,OOP,SRP,Ks7d2c2h,dry,ace_high,no_draw,エア,144,34.56,CHECK
b8_turn_probe/b8_04,turn,OOP,SRP,Ks7d2cAh,dry,set,no_draw,2P+,6,39.57,CHECK
b8_turn_probe/b8_04,turn,OOP,SRP,Ks7d2cAh,dry,low_pair,no_draw,アンダーペア,51,35.24,CHECK
b8_turn_probe/b8_04,turn,OOP,SRP,Ks7d2cAh,dry,no_made_hand,gutshot,エア,96,36.51,CHECK
b8_turn_probe/b8_04,turn,OOP,SRP,Ks7d2cAh,dry,no_made_hand,no_draw,エア,288,0.02,CHECK
b8_turn_probe/b8_04,turn,OOP,SRP,Ks7d2cAh,dry,third_pair,no_draw,アンダーペア,120,0.25,CHECK
b8_turn_probe/b8_04,turn,OOP,SRP,Ks7d2cAh,dry,two_pair,no_draw,2P+,38,62.09,BET
b8_turn_probe/b8_04,turn,OOP,SRP,Ks7d2cAh,dry,second_pair,no_draw,アンダーペア,108,2.13,CHECK
b8_turn_probe/b8_04,turn,OOP,SRP,Ks7d2cAh,dry,top_pair,no_draw,TP+,108,24.82,CHECK
b8_turn_probe/b8_05,turn,OOP,SRP,9h8s7d6c,wet,low_pair,no_draw,アンダーペア,72,0.19,CHECK
b8_turn_probe/b8_05,turn,OOP,SRP,9h8s7d6c,wet,no_made_hand,no_draw,エア,36,47.55,CHECK
b8_turn_probe/b8_05,turn,OOP,SRP,9h8s7d6c,wet,straight,no_draw,2P+,258,44.73,CHECK
b8_turn_probe/b8_05,turn,OOP,SRP,9h8s7d6c,wet,set,no_draw,2P+,12,52.83,BET
b8_turn_probe/b8_05,turn,OOP,SRP,9h8s7d6c,wet,third_pair,no_draw,アンダーペア,45,0.34,CHECK
b8_turn_probe/b8_05,turn,OOP,SRP,9h8s7d6c,wet,two_pair,no_draw,2P+,54,23.49,CHECK
b8_turn_probe/b8_05,turn,OOP,SRP,9h8s7d6c,wet,second_pair,no_draw,アンダーペア,45,6.71,CHECK
b8_turn_probe/b8_05,turn,OOP,SRP,9h8s7d6c,wet,top_pair,no_draw,TP+,45,36.86,CHECK
b8_turn_probe/b8_05,turn,OOP,SRP,9h8s7d6c,wet,no_made_hand,gutshot,エア,28,54.67,BET
b8_turn_probe/b8_05,turn,OOP,SRP,9h8s7d6c,wet,third_pair,gutshot,アンダーペア,12,0.06,CHECK
b8_turn_probe/b8_05,turn,OOP,SRP,9h8s7d6c,wet,second_pair,gutshot,アンダーペア,12,0.21,CHECK
b8_turn_probe/b8_05,turn,OOP,SRP,9h8s7d6c,wet,top_pair,gutshot,TP+,12,26.69,CHECK
b8_turn_probe/b8_05,turn,OOP,SRP,9h8s7d6c,wet,low_pair,gutshot,アンダーペア,3,0.04,CHECK
b8_turn_probe/b8_05,turn,OOP,SRP,9h8s7d6c,wet,overpair,gutshot,TP+,6,19.83,CHECK
b8_turn_probe/b8_05,turn,OOP,SRP,9h8s7d6c,wet,overpair,no_draw,TP+,6,86.97,BET
b8_turn_probe/b8_05,turn,OOP,SRP,9h8s7d6c,wet,king_high,no_draw,エア,52,18.51,CHECK
b8_turn_probe/b8_05,turn,OOP,SRP,9h8s7d6c,wet,king_high,gutshot,エア,16,92.03,BET
b8_turn_probe/b8_05,turn,OOP,SRP,9h8s7d6c,wet,ace_high,no_draw,エア,76,32.45,CHECK
b8_turn_probe/b8_05,turn,OOP,SRP,9h8s7d6c,wet,ace_high,gutshot,エア,16,35.83,CHECK
b8_turn_probe/b8_06,turn,OOP,SRP,9h8s7d9c,wet,low_pair,no_draw,アンダーペア,18,1.61,CHECK
b8_turn_probe/b8_06,turn,OOP,SRP,9h8s7d9c,wet,no_made_hand,no_draw,エア,36,0.17,CHECK
b8_turn_probe/b8_06,turn,OOP,SRP,9h8s7d9c,wet,no_made_hand,gutshot,エア,80,48.24,CHECK
b8_turn_probe/b8_06,turn,OOP,SRP,9h8s7d9c,wet,low_pair,gutshot,アンダーペア,6,0.0,CHECK
b8_turn_probe/b8_06,turn,OOP,SRP,9h8s7d9c,wet,no_made_hand,oesd,エア,80,86.26,BET
b8_turn_probe/b8_06,turn,OOP,SRP,9h8s7d9c,wet,straight,no_draw,2P+,36,79.21,BET
b8_turn_probe/b8_06,turn,OOP,SRP,9h8s7d9c,wet,low_pair,oesd,アンダーペア,6,0.2,CHECK
b8_turn_probe/b8_06,turn,OOP,SRP,9h8s7d9c,wet,third_pair,no_draw,アンダーペア,45,0.18,CHECK
b8_turn_probe/b8_06,turn,OOP,SRP,9h8s7d9c,wet,third_pair,gutshot,アンダーペア,24,0.75,CHECK
b8_turn_probe/b8_06,turn,OOP,SRP,9h8s7d9c,wet,third_pair,oesd,アンダーペア,24,22.58,CHECK
b8_turn_probe/b8_06,turn,OOP,SRP,9h8s7d9c,wet,fullhouse,no_draw,2P+,18,64.9,BET
b8_turn_probe/b8_06,turn,OOP,SRP,9h8s7d9c,wet,second_pair,no_draw,アンダーペア,54,52.82,BET
b8_turn_probe/b8_06,turn,OOP,SRP,9h8s7d9c,wet,second_pair,gutshot,アンダーペア,24,46.85,CHECK
b8_turn_probe/b8_06,turn,OOP,SRP,9h8s7d9c,wet,second_pair,oesd,アンダーペア,24,98.17,BET
b8_turn_probe/b8_06,turn,OOP,SRP,9h8s7d9c,wet,trips,no_draw,2P+,30,84.62,BET
b8_turn_probe/b8_06,turn,OOP,SRP,9h8s7d9c,wet,trips,gutshot,2P+,10,92.53,BET
b8_turn_probe/b8_06,turn,OOP,SRP,9h8s7d9c,wet,trips,oesd,2P+,16,86.88,BET
b8_turn_probe/b8_06,turn,OOP,SRP,9h8s7d9c,wet,quads,no_draw,2P+,1,95.16,BET
b8_turn_probe/b8_06,turn,OOP,SRP,9h8s7d9c,wet,overpair,oesd,TP+,6,95.05,BET
b8_turn_probe/b8_06,turn,OOP,SRP,9h8s7d9c,wet,overpair,gutshot,TP+,6,99.22,BET
b8_turn_probe/b8_06,turn,OOP,SRP,9h8s7d9c,wet,overpair,no_draw,TP+,6,86.93,BET
b8_turn_probe/b8_06,turn,OOP,SRP,9h8s7d9c,wet,king_high,no_draw,エア,52,25.87,CHECK
b8_turn_probe/b8_06,turn,OOP,SRP,9h8s7d9c,wet,king_high,gutshot,エア,32,79.18,BET
b8_turn_probe/b8_06,turn,OOP,SRP,9h8s7d9c,wet,king_high,oesd,エア,32,87.77,BET
b8_turn_probe/b8_06,turn,OOP,SRP,9h8s7d9c,wet,ace_high,no_draw,エア,76,28.72,CHECK
b8_turn_probe/b8_06,turn,OOP,SRP,9h8s7d9c,wet,ace_high,gutshot,エア,32,62.83,BET
b8_turn_probe/b8_06,turn,OOP,SRP,9h8s7d9c,wet,ace_high,oesd,エア,32,36.43,CHECK
b8_turn_probe/b8_07,turn,OOP,SRP,9h8s7dAd,dry,low_pair,no_draw,アンダーペア,51,0.01,CHECK
b8_turn_probe/b8_07,turn,OOP,SRP,9h8s7dAd,dry,no_made_hand,no_draw,エア,30,0.02,CHECK
b8_turn_probe/b8_07,turn,OOP,SRP,9h8s7dAd,dry,no_made_hand,flush_draw,エア,6,78.9,BET
b8_turn_probe/b8_07,turn,OOP,SRP,9h8s7dAd,dry,no_made_hand,gutshot,エア,72,8.01,CHECK
b8_turn_probe/b8_07,turn,OOP,SRP,9h8s7dAd,dry,no_made_hand,combo_draw,エア,19,77.71,BET
b8_turn_probe/b8_07,turn,OOP,SRP,9h8s7dAd,dry,low_pair,gutshot,アンダーペア,30,0.02,CHECK
b8_turn_probe/b8_07,turn,OOP,SRP,9h8s7dAd,dry,no_made_hand,oesd,エア,69,54.25,BET
b8_turn_probe/b8_07,turn,OOP,SRP,9h8s7dAd,dry,straight,no_draw,2P+,33,55.73,BET
b8_turn_probe/b8_07,turn,OOP,SRP,9h8s7dAd,dry,straight,flush_draw,2P+,3,46.38,CHECK
b8_turn_probe/b8_07,turn,OOP,SRP,9h8s7dAd,dry,low_pair,oesd,アンダーペア,30,0.65,CHECK
b8_turn_probe/b8_07,turn,OOP,SRP,9h8s7dAd,dry,set,no_draw,2P+,9,33.46,CHECK
b8_turn_probe/b8_07,turn,OOP,SRP,9h8s7dAd,dry,third_pair,no_draw,アンダーペア,28,0.01,CHECK
b8_turn_probe/b8_07,turn,OOP,SRP,9h8s7dAd,dry,third_pair,gutshot,アンダーペア,22,0.07,CHECK
b8_turn_probe/b8_07,turn,OOP,SRP,9h8s7dAd,dry,third_pair,oesd,アンダーペア,22,8.01,CHECK
b8_turn_probe/b8_07,turn,OOP,SRP,9h8s7dAd,dry,two_pair,no_draw,2P+,53,44.53,CHECK
b8_turn_probe/b8_07,turn,OOP,SRP,9h8s7dAd,dry,third_pair,flush_draw,アンダーペア,4,0.04,CHECK
b8_turn_probe/b8_07,turn,OOP,SRP,9h8s7dAd,dry,third_pair,combo_draw,アンダーペア,4,10.14,CHECK
b8_turn_probe/b8_07,turn,OOP,SRP,9h8s7dAd,dry,second_pair,no_draw,アンダーペア,28,0.01,CHECK
b8_turn_probe/b8_07,turn,OOP,SRP,9h8s7dAd,dry,second_pair,gutshot,アンダーペア,13,10.82,CHECK
b8_turn_probe/b8_07,turn,OOP,SRP,9h8s7dAd,dry,second_pair,oesd,アンダーペア,22,4.7,CHECK
b8_turn_probe/b8_07,turn,OOP,SRP,9h8s7dAd,dry,second_pair,flush_draw,アンダーペア,4,0.05,CHECK
b8_turn_probe/b8_07,turn,OOP,SRP,9h8s7dAd,dry,second_pair,combo_draw,アンダーペア,4,2.25,CHECK
b8_turn_probe/b8_07,turn,OOP,SRP,9h8s7dAd,dry,two_pair,flush_draw,2P+,1,99.67,BET
b8_turn_probe/b8_07,turn,OOP,SRP,9h8s7dAd,dry,underpair,oesd,アンダーペア,6,4.09,CHECK
b8_turn_probe/b8_07,turn,OOP,SRP,9h8s7dAd,dry,underpair,gutshot,アンダーペア,6,1.55,CHECK
b8_turn_probe/b8_07,turn,OOP,SRP,9h8s7dAd,dry,underpair,no_draw,アンダーペア,6,0.01,CHECK
b8_turn_probe/b8_07,turn,OOP,SRP,9h8s7dAd,dry,king_high,no_draw,エア,48,0.01,CHECK
b8_turn_probe/b8_07,turn,OOP,SRP,9h8s7dAd,dry,king_high,gutshot,エア,30,0.08,CHECK
b8_turn_probe/b8_07,turn,OOP,SRP,9h8s7dAd,dry,king_high,oesd,エア,30,22.91,CHECK
b8_turn_probe/b8_07,turn,OOP,SRP,9h8s7dAd,dry,king_high,nut_flush_draw,エア,4,79.06,BET
b8_turn_probe/b8_07,turn,OOP,SRP,9h8s7dAd,dry,king_high,combo_draw,エア,4,74.52,BET
b8_turn_probe/b8_07,turn,OOP,SRP,9h8s7dAd,dry,third_pair,nut_flush_draw,アンダーペア,1,0.08,CHECK
b8_turn_probe/b8_07,turn,OOP,SRP,9h8s7dAd,dry,second_pair,nut_flush_draw,アンダーペア,1,0.1,CHECK
b8_turn_probe/b8_07,turn,OOP,SRP,9h8s7dAd,dry,top_pair,no_draw,TP+,57,11.02,CHECK
b8_turn_probe/b8_07,turn,OOP,SRP,9h8s7dAd,dry,top_pair,gutshot,TP+,24,16.71,CHECK
b8_turn_probe/b8_07,turn,OOP,SRP,9h8s7dAd,dry,top_pair,oesd,TP+,24,0.1,CHECK
b8_turn_probe/b8_08,turn,OOP,SRP,9h8s7dTd,wet,low_pair,no_draw,アンダーペア,69,8.06,CHECK
b8_turn_probe/b8_08,turn,OOP,SRP,9h8s7dTd,wet,no_made_hand,no_draw,エア,54,48.62,CHECK
b8_turn_probe/b8_08,turn,OOP,SRP,9h8s7dTd,wet,no_made_hand,flush_draw,エア,6,99.25,BET
b8_turn_probe/b8_08,turn,OOP,SRP,9h8s7dTd,wet,straight,no_draw,2P+,236,66.77,BET
b8_turn_probe/b8_08,turn,OOP,SRP,9h8s7dTd,wet,straight,flush_draw,2P+,17,93.52,BET
b8_turn_probe/b8_08,turn,OOP,SRP,9h8s7dTd,wet,set,no_draw,2P+,12,92.38,BET
b8_turn_probe/b8_08,turn,OOP,SRP,9h8s7dTd,wet,third_pair,no_draw,アンダーペア,39,8.95,CHECK
b8_turn_probe/b8_08,turn,OOP,SRP,9h8s7dTd,wet,two_pair,no_draw,2P+,53,38.77,CHECK
b8_turn_probe/b8_08,turn,OOP,SRP,9h8s7dTd,wet,third_pair,flush_draw,アンダーペア,5,0.81,CHECK
b8_turn_probe/b8_08,turn,OOP,SRP,9h8s7dTd,wet,second_pair,no_draw,アンダーペア,30,62.66,BET
b8_turn_probe/b8_08,turn,OOP,SRP,9h8s7dTd,wet,second_pair,flush_draw,アンダーペア,5,17.47,CHECK
b8_turn_probe/b8_08,turn,OOP,SRP,9h8s7dTd,wet,two_pair,flush_draw,2P+,1,99.62,BET
b8_turn_probe/b8_08,turn,OOP,SRP,9h8s7dTd,wet,top_pair,no_draw,TP+,36,74.29,BET
b8_turn_probe/b8_08,turn,OOP,SRP,9h8s7dTd,wet,no_made_hand,gutshot,エア,24,98.81,BET
b8_turn_probe/b8_08,turn,OOP,SRP,9h8s7dTd,wet,low_pair,gutshot,アンダーペア,12,0.01,CHECK
b8_turn_probe/b8_08,turn,OOP,SRP,9h8s7dTd,wet,third_pair,gutshot,アンダーペア,11,0.1,CHECK
b8_turn_probe/b8_08,turn,OOP,SRP,9h8s7dTd,wet,second_pair,gutshot,アンダーペア,11,22.64,CHECK
b8_turn_probe/b8_08,turn,OOP,SRP,9h8s7dTd,wet,top_pair,gutshot,TP+,12,19.26,CHECK
b8_turn_probe/b8_08,turn,OOP,SRP,9h8s7dTd,wet,no_made_hand,combo_draw,エア,4,85.22,BET
b8_turn_probe/b8_08,turn,OOP,SRP,9h8s7dTd,wet,third_pair,combo_draw,アンダーペア,1,0.37,CHECK
b8_turn_probe/b8_08,turn,OOP,SRP,9h8s7dTd,wet,second_pair,combo_draw,アンダーペア,1,16.45,CHECK
b8_turn_probe/b8_08,turn,OOP,SRP,9h8s7dTd,wet,overpair,gutshot,TP+,6,94.86,BET
b8_turn_probe/b8_08,turn,OOP,SRP,9h8s7dTd,wet,king_high,no_draw,エア,48,69.6,BET
b8_turn_probe/b8_08,turn,OOP,SRP,9h8s7dTd,wet,king_high,gutshot,エア,15,69.66,BET
b8_turn_probe/b8_08,turn,OOP,SRP,9h8s7dTd,wet,king_high,flush_draw,エア,4,76.77,BET
b8_turn_probe/b8_08,turn,OOP,SRP,9h8s7dTd,wet,king_high,combo_draw,エア,1,0.08,CHECK
b8_turn_probe/b8_08,turn,OOP,SRP,9h8s7dTd,wet,ace_high,no_draw,エア,72,52.7,BET
b8_turn_probe/b8_08,turn,OOP,SRP,9h8s7dTd,wet,ace_high,gutshot,エア,15,91.24,BET
b8_turn_probe/b8_08,turn,OOP,SRP,9h8s7dTd,wet,ace_high,nut_flush_draw,エア,4,63.99,BET
b8_turn_probe/b8_08,turn,OOP,SRP,9h8s7dTd,wet,straight,nut_flush_draw,2P+,2,99.78,BET
b8_turn_probe/b8_08,turn,OOP,SRP,9h8s7dTd,wet,third_pair,nut_flush_draw,アンダーペア,1,0.12,CHECK
b8_turn_probe/b8_08,turn,OOP,SRP,9h8s7dTd,wet,second_pair,nut_flush_draw,アンダーペア,1,0.06,CHECK
b8_turn_probe/b8_08,turn,OOP,SRP,9h8s7dTd,wet,ace_high,combo_draw,エア,1,90.57,BET
b8_turn_probe/b8_09,turn,OOP,SRP,Td7c6sJh,dry,low_pair,no_draw,アンダーペア,90,0.02,CHECK
b8_turn_probe/b8_09,turn,OOP,SRP,Td7c6sJh,dry,no_made_hand,no_draw,エア,40,0.06,CHECK
b8_turn_probe/b8_09,turn,OOP,SRP,Td7c6sJh,dry,no_made_hand,gutshot,エア,72,4.0,CHECK
b8_turn_probe/b8_09,turn,OOP,SRP,Td7c6sJh,dry,no_made_hand,oesd,エア,52,64.7,BET
b8_turn_probe/b8_09,turn,OOP,SRP,Td7c6sJh,dry,set,no_draw,2P+,12,46.47,CHECK
b8_turn_probe/b8_09,turn,OOP,SRP,Td7c6sJh,dry,third_pair,no_draw,アンダーペア,57,0.0,CHECK
b8_turn_probe/b8_09,turn,OOP,SRP,Td7c6sJh,dry,two_pair,no_draw,2P+,40,55.64,BET
b8_turn_probe/b8_09,turn,OOP,SRP,Td7c6sJh,dry,low_pair,gutshot,アンダーペア,24,0.09,CHECK
b8_turn_probe/b8_09,turn,OOP,SRP,Td7c6sJh,dry,third_pair,gutshot,アンダーペア,36,0.19,CHECK
b8_turn_probe/b8_09,turn,OOP,SRP,Td7c6sJh,dry,straight,no_draw,2P+,16,52.62,BET
b8_turn_probe/b8_09,turn,OOP,SRP,Td7c6sJh,dry,second_pair,no_draw,アンダーペア,48,0.02,CHECK
b8_turn_probe/b8_09,turn,OOP,SRP,Td7c6sJh,dry,second_pair,gutshot,アンダーペア,24,34.92,CHECK
b8_turn_probe/b8_09,turn,OOP,SRP,Td7c6sJh,dry,top_pair,no_draw,TP+,48,0.15,CHECK
b8_turn_probe/b8_09,turn,OOP,SRP,Td7c6sJh,dry,top_pair,gutshot,TP+,24,4.82,CHECK
b8_turn_probe/b8_09,turn,OOP,SRP,Td7c6sJh,dry,overpair,no_draw,TP+,6,0.27,CHECK
b8_turn_probe/b8_09,turn,OOP,SRP,Td7c6sJh,dry,king_high,no_draw,エア,52,0.06,CHECK
b8_turn_probe/b8_09,turn,OOP,SRP,Td7c6sJh,dry,king_high,gutshot,エア,16,0.06,CHECK
b8_turn_probe/b8_09,turn,OOP,SRP,Td7c6sJh,dry,king_high,oesd,エア,32,76.58,BET
b8_turn_probe/b8_09,turn,OOP,SRP,Td7c6sJh,dry,ace_high,no_draw,エア,64,0.06,CHECK
b8_turn_probe/b8_09,turn,OOP,SRP,Td7c6sJh,dry,ace_high,gutshot,エア,60,20.17,CHECK
b8_turn_probe/b8_10,turn,OOP,SRP,Td7c6s8c,wet,low_pair,no_draw,アンダーペア,49,6.19,CHECK
b8_turn_probe/b8_10,turn,OOP,SRP,Td7c6s8c,wet,no_made_hand,flush_draw,エア,3,87.62,BET
b8_turn_probe/b8_10,turn,OOP,SRP,Td7c6s8c,wet,no_made_hand,no_draw,エア,9,0.17,CHECK
b8_turn_probe/b8_10,turn,OOP,SRP,Td7c6s8c,wet,no_made_hand,combo_draw,エア,11,65.54,BET
b8_turn_probe/b8_10,turn,OOP,SRP,Td7c6s8c,wet,no_made_hand,gutshot,エア,75,61.43,BET
b8_turn_probe/b8_10,turn,OOP,SRP,Td7c6s8c,wet,low_pair,gutshot,アンダーペア,36,2.64,CHECK
b8_turn_probe/b8_10,turn,OOP,SRP,Td7c6s8c,wet,straight,flush_draw,2P+,10,61.65,BET
b8_turn_probe/b8_10,turn,OOP,SRP,Td7c6s8c,wet,straight,no_draw,2P+,139,76.45,BET
b8_turn_probe/b8_10,turn,OOP,SRP,Td7c6s8c,wet,low_pair,flush_draw,アンダーペア,4,4.75,CHECK
b8_turn_probe/b8_10,turn,OOP,SRP,Td7c6s8c,wet,low_pair,combo_draw,アンダーペア,3,5.21,CHECK
b8_turn_probe/b8_10,turn,OOP,SRP,Td7c6s8c,wet,set,no_draw,2P+,12,58.4,BET
b8_turn_probe/b8_10,turn,OOP,SRP,Td7c6s8c,wet,third_pair,no_draw,アンダーペア,42,46.85,CHECK
b8_turn_probe/b8_10,turn,OOP,SRP,Td7c6s8c,wet,third_pair,gutshot,アンダーペア,27,51.41,BET
b8_turn_probe/b8_10,turn,OOP,SRP,Td7c6s8c,wet,two_pair,no_draw,2P+,46,76.16,BET
b8_turn_probe/b8_10,turn,OOP,SRP,Td7c6s8c,wet,second_pair,no_draw,アンダーペア,42,67.05,BET
b8_turn_probe/b8_10,turn,OOP,SRP,Td7c6s8c,wet,second_pair,gutshot,アンダーペア,27,72.3,BET
b8_turn_probe/b8_10,turn,OOP,SRP,Td7c6s8c,wet,top_pair,flush_draw,TP+,4,44.57,CHECK
b8_turn_probe/b8_10,turn,OOP,SRP,Td7c6s8c,wet,top_pair,combo_draw,TP+,3,90.49,BET
b8_turn_probe/b8_10,turn,OOP,SRP,Td7c6s8c,wet,two_pair,flush_draw,2P+,1,87.96,BET
b8_turn_probe/b8_10,turn,OOP,SRP,Td7c6s8c,wet,top_pair,no_draw,TP+,37,74.35,BET
b8_turn_probe/b8_10,turn,OOP,SRP,Td7c6s8c,wet,top_pair,gutshot,TP+,15,57.49,BET
b8_turn_probe/b8_10,turn,OOP,SRP,Td7c6s8c,wet,no_made_hand,oesd,エア,6,54.37,BET
b8_turn_probe/b8_10,turn,OOP,SRP,Td7c6s8c,wet,overpair,gutshot,TP+,6,77.62,BET
b8_turn_probe/b8_10,turn,OOP,SRP,Td7c6s8c,wet,overpair,no_draw,TP+,6,99.09,BET
b8_turn_probe/b8_10,turn,OOP,SRP,Td7c6s8c,wet,king_high,flush_draw,エア,3,95.34,BET
b8_turn_probe/b8_10,turn,OOP,SRP,Td7c6s8c,wet,king_high,no_draw,エア,33,5.04,CHECK
b8_turn_probe/b8_10,turn,OOP,SRP,Td7c6s8c,wet,king_high,combo_draw,エア,3,88.8,BET
b8_turn_probe/b8_10,turn,OOP,SRP,Td7c6s8c,wet,king_high,gutshot,エア,45,92.57,BET
b8_turn_probe/b8_10,turn,OOP,SRP,Td7c6s8c,wet,ace_high,nut_flush_draw,エア,3,92.03,BET
b8_turn_probe/b8_10,turn,OOP,SRP,Td7c6s8c,wet,ace_high,no_draw,エア,57,27.03,CHECK
b8_turn_probe/b8_10,turn,OOP,SRP,Td7c6s8c,wet,ace_high,combo_draw,エア,3,96.3,BET
b8_turn_probe/b8_10,turn,OOP,SRP,Td7c6s8c,wet,ace_high,gutshot,エア,45,92.91,BET
b8_turn_probe/b8_10,turn,OOP,SRP,Td7c6s8c,wet,low_pair,nut_flush_draw,アンダーペア,1,3.4,CHECK
b8_turn_probe/b8_10,turn,OOP,SRP,Td7c6s8c,wet,straight,nut_flush_draw,2P+,1,28.45,CHECK
b8_turn_probe/b8_10,turn,OOP,SRP,Td7c6s8c,wet,top_pair,nut_flush_draw,TP+,1,46.27,CHECK
b8_turn_probe/b8_11,turn,OOP,SRP,Td7c6s6h,wet,low_pair,no_draw,アンダーペア,24,0.01,CHECK
b8_turn_probe/b8_11,turn,OOP,SRP,Td7c6s6h,wet,no_made_hand,no_draw,エア,72,0.08,CHECK
b8_turn_probe/b8_11,turn,OOP,SRP,Td7c6s6h,wet,no_made_hand,gutshot,エア,120,60.67,BET
b8_turn_probe/b8_11,turn,OOP,SRP,Td7c6s6h,wet,no_made_hand,oesd,エア,36,66.92,BET
b8_turn_probe/b8_11,turn,OOP,SRP,Td7c6s6h,wet,trips,no_draw,2P+,46,63.33,BET
b8_turn_probe/b8_11,turn,OOP,SRP,Td7c6s6h,wet,quads,no_draw,2P+,1,71.22,BET
b8_turn_probe/b8_11,turn,OOP,SRP,Td7c6s6h,wet,second_pair,no_draw,アンダーペア,69,0.02,CHECK
b8_turn_probe/b8_11,turn,OOP,SRP,Td7c6s6h,wet,fullhouse,no_draw,2P+,13,39.44,CHECK
b8_turn_probe/b8_11,turn,OOP,SRP,Td7c6s6h,wet,trips,gutshot,2P+,16,99.09,BET
b8_turn_probe/b8_11,turn,OOP,SRP,Td7c6s6h,wet,second_pair,gutshot,アンダーペア,24,0.04,CHECK
b8_turn_probe/b8_11,turn,OOP,SRP,Td7c6s6h,wet,underpair,gutshot,アンダーペア,12,0.07,CHECK
b8_turn_probe/b8_11,turn,OOP,SRP,Td7c6s6h,wet,straight,no_draw,2P+,16,43.31,CHECK
b8_turn_probe/b8_11,turn,OOP,SRP,Td7c6s6h,wet,top_pair,no_draw,TP+,69,38.46,CHECK
b8_turn_probe/b8_11,turn,OOP,SRP,Td7c6s6h,wet,top_pair,gutshot,TP+,24,5.17,CHECK
b8_turn_probe/b8_11,turn,OOP,SRP,Td7c6s6h,wet,overpair,no_draw,TP+,12,94.67,BET
b8_turn_probe/b8_11,turn,OOP,SRP,Td7c6s6h,wet,king_high,no_draw,エア,84,2.43,CHECK
b8_turn_probe/b8_11,turn,OOP,SRP,Td7c6s6h,wet,king_high,gutshot,エア,32,81.98,BET
b8_turn_probe/b8_11,turn,OOP,SRP,Td7c6s6h,wet,ace_high,no_draw,エア,108,0.12,CHECK
b8_turn_probe/b8_11,turn,OOP,SRP,Td7c6s6h,wet,ace_high,gutshot,エア,32,8.01,CHECK
b8_turn_probe/b8_12,turn,OOP,SRP,QhJd4sQc,dry,low_pair,no_draw,アンダーペア,12,14.56,CHECK
b8_turn_probe/b8_12,turn,OOP,SRP,QhJd4sQc,dry,no_made_hand,no_draw,エア,220,0.04,CHECK
b8_turn_probe/b8_12,turn,OOP,SRP,QhJd4sQc,dry,third_pair,no_draw,アンダーペア,111,0.05,CHECK
b8_turn_probe/b8_12,turn,OOP,SRP,QhJd4sQc,dry,fullhouse,no_draw,2P+,13,22.37,CHECK
b8_turn_probe/b8_12,turn,OOP,SRP,QhJd4sQc,dry,no_made_hand,gutshot,エア,32,41.88,CHECK
b8_turn_probe/b8_12,turn,OOP,SRP,QhJd4sQc,dry,no_made_hand,oesd,エア,16,39.96,CHECK
b8_turn_probe/b8_12,turn,OOP,SRP,QhJd4sQc,dry,second_pair,no_draw,アンダーペア,86,1.91,CHECK
b8_turn_probe/b8_12,turn,OOP,SRP,QhJd4sQc,dry,trips,no_draw,2P+,68,45.08,CHECK
b8_turn_probe/b8_12,turn,OOP,SRP,QhJd4sQc,dry,quads,no_draw,2P+,1,47.96,CHECK
b8_turn_probe/b8_12,turn,OOP,SRP,QhJd4sQc,dry,king_high,no_draw,エア,84,6.62,CHECK
b8_turn_probe/b8_12,turn,OOP,SRP,QhJd4sQc,dry,king_high,gutshot,エア,16,47.67,CHECK
b8_turn_probe/b8_12,turn,OOP,SRP,QhJd4sQc,dry,king_high,oesd,エア,16,28.18,CHECK
b8_turn_probe/b8_12,turn,OOP,SRP,QhJd4sQc,dry,ace_high,no_draw,エア,112,6.49,CHECK
b8_turn_probe/b8_12,turn,OOP,SRP,QhJd4sQc,dry,ace_high,gutshot,エア,28,0.18,CHECK
b8_turn_probe/b8_13,turn,OOP,SRP,QhJd4s4c,dry,low_pair,no_draw,アンダーペア,12,19.81,CHECK
b8_turn_probe/b8_13,turn,OOP,SRP,QhJd4s4c,dry,no_made_hand,no_draw,エア,220,0.05,CHECK
b8_turn_probe/b8_13,turn,OOP,SRP,QhJd4s4c,dry,trips,no_draw,2P+,50,92.59,BET
b8_turn_probe/b8_13,turn,OOP,SRP,QhJd4s4c,dry,quads,no_draw,2P+,1,7.9,CHECK
b8_turn_probe/b8_13,turn,OOP,SRP,QhJd4s4c,dry,third_pair,no_draw,アンダーペア,36,0.0,CHECK
b8_turn_probe/b8_13,turn,OOP,SRP,QhJd4s4c,dry,no_made_hand,gutshot,エア,32,37.04,CHECK
b8_turn_probe/b8_13,turn,OOP,SRP,QhJd4s4c,dry,no_made_hand,oesd,エア,16,87.65,BET
b8_turn_probe/b8_13,turn,OOP,SRP,QhJd4s4c,dry,second_pair,no_draw,アンダーペア,84,1.94,CHECK
b8_turn_probe/b8_13,turn,OOP,SRP,QhJd4s4c,dry,fullhouse,no_draw,2P+,8,74.76,BET
b8_turn_probe/b8_13,turn,OOP,SRP,QhJd4s4c,dry,top_pair,no_draw,TP+,111,4.94,CHECK
b8_turn_probe/b8_13,turn,OOP,SRP,QhJd4s4c,dry,king_high,no_draw,エア,84,24.33,CHECK
b8_turn_probe/b8_13,turn,OOP,SRP,QhJd4s4c,dry,king_high,gutshot,エア,16,79.08,BET
b8_turn_probe/b8_13,turn,OOP,SRP,QhJd4s4c,dry,king_high,oesd,エア,16,62.19,BET
b8_turn_probe/b8_13,turn,OOP,SRP,QhJd4s4c,dry,ace_high,no_draw,エア,112,24.29,CHECK
b8_turn_probe/b8_13,turn,OOP,SRP,QhJd4s4c,dry,ace_high,gutshot,エア,28,2.96,CHECK
b8_turn_probe/b8_14,turn,OOP,SRP,QhJd4sAh,dry,low_pair,no_draw,アンダーペア,83,0.32,CHECK
b8_turn_probe/b8_14,turn,OOP,SRP,QhJd4sAh,dry,no_made_hand,gutshot,エア,63,1.89,CHECK
b8_turn_probe/b8_14,turn,OOP,SRP,QhJd4sAh,dry,no_made_hand,combo_draw,エア,11,33.01,CHECK
b8_turn_probe/b8_14,turn,OOP,SRP,QhJd4sAh,dry,set,no_draw,2P+,9,40.26,CHECK
b8_turn_probe/b8_14,turn,OOP,SRP,QhJd4sAh,dry,low_pair,flush_draw,アンダーペア,7,17.94,CHECK
b8_turn_probe/b8_14,turn,OOP,SRP,QhJd4sAh,dry,no_made_hand,no_draw,エア,147,0.04,CHECK
b8_turn_probe/b8_14,turn,OOP,SRP,QhJd4sAh,dry,no_made_hand,flush_draw,エア,17,36.13,CHECK
b8_turn_probe/b8_14,turn,OOP,SRP,QhJd4sAh,dry,low_pair,gutshot,アンダーペア,19,18.68,CHECK
b8_turn_probe/b8_14,turn,OOP,SRP,QhJd4sAh,dry,no_made_hand,oesd,エア,30,29.01,CHECK
b8_turn_probe/b8_14,turn,OOP,SRP,QhJd4sAh,dry,low_pair,combo_draw,アンダーペア,2,12.04,CHECK
b8_turn_probe/b8_14,turn,OOP,SRP,QhJd4sAh,dry,third_pair,no_draw,アンダーペア,41,0.0,CHECK
b8_turn_probe/b8_14,turn,OOP,SRP,QhJd4sAh,dry,two_pair,no_draw,2P+,39,22.07,CHECK
b8_turn_probe/b8_14,turn,OOP,SRP,QhJd4sAh,dry,third_pair,gutshot,アンダーペア,22,0.01,CHECK
b8_turn_probe/b8_14,turn,OOP,SRP,QhJd4sAh,dry,third_pair,flush_draw,アンダーペア,7,0.09,CHECK
b8_turn_probe/b8_14,turn,OOP,SRP,QhJd4sAh,dry,two_pair,flush_draw,2P+,1,67.64,BET
b8_turn_probe/b8_14,turn,OOP,SRP,QhJd4sAh,dry,third_pair,combo_draw,アンダーペア,2,0.23,CHECK
b8_turn_probe/b8_14,turn,OOP,SRP,QhJd4sAh,dry,second_pair,no_draw,アンダーペア,66,0.01,CHECK
b8_turn_probe/b8_14,turn,OOP,SRP,QhJd4sAh,dry,second_pair,gutshot,アンダーペア,24,0.02,CHECK
b8_turn_probe/b8_14,turn,OOP,SRP,QhJd4sAh,dry,king_high,gutshot,エア,93,3.3,CHECK
b8_turn_probe/b8_14,turn,OOP,SRP,QhJd4sAh,dry,straight,no_draw,2P+,15,25.49,CHECK
b8_turn_probe/b8_14,turn,OOP,SRP,QhJd4sAh,dry,king_high,combo_draw,エア,7,23.83,CHECK
b8_turn_probe/b8_14,turn,OOP,SRP,QhJd4sAh,dry,straight,nut_flush_draw,2P+,1,21.97,CHECK
b8_turn_probe/b8_14,turn,OOP,SRP,QhJd4sAh,dry,top_pair,no_draw,TP+,84,0.34,CHECK
b8_turn_probe/b8_14,turn,OOP,SRP,QhJd4sAh,dry,top_pair,gutshot,TP+,21,35.11,CHECK
b8_turn_probe/b8_15,turn,OOP,SRP,QhJd4sTh,dry,low_pair,no_draw,アンダーペア,67,0.01,CHECK
b8_turn_probe/b8_15,turn,OOP,SRP,QhJd4sTh,dry,no_made_hand,no_draw,エア,78,0.01,CHECK
b8_turn_probe/b8_15,turn,OOP,SRP,QhJd4sTh,dry,no_made_hand,flush_draw,エア,10,0.01,CHECK
b8_turn_probe/b8_15,turn,OOP,SRP,QhJd4sTh,dry,set,no_draw,2P+,12,0.24,CHECK
b8_turn_probe/b8_15,turn,OOP,SRP,QhJd4sTh,dry,low_pair,flush_draw,アンダーペア,5,0.01,CHECK
b8_turn_probe/b8_15,turn,OOP,SRP,QhJd4sTh,dry,no_made_hand,gutshot,エア,51,0.01,CHECK
b8_turn_probe/b8_15,turn,OOP,SRP,QhJd4sTh,dry,low_pair,gutshot,アンダーペア,19,0.0,CHECK
b8_turn_probe/b8_15,turn,OOP,SRP,QhJd4sTh,dry,no_made_hand,combo_draw,エア,10,0.01,CHECK
b8_turn_probe/b8_15,turn,OOP,SRP,QhJd4sTh,dry,low_pair,combo_draw,アンダーペア,4,0.13,CHECK
b8_turn_probe/b8_15,turn,OOP,SRP,QhJd4sTh,dry,no_made_hand,oesd,エア,39,0.04,CHECK
b8_turn_probe/b8_15,turn,OOP,SRP,QhJd4sTh,dry,low_pair,oesd,アンダーペア,19,0.0,CHECK
b8_turn_probe/b8_15,turn,OOP,SRP,QhJd4sTh,dry,straight,no_draw,2P+,42,0.37,CHECK
b8_turn_probe/b8_15,turn,OOP,SRP,QhJd4sTh,dry,straight,flush_draw,2P+,2,0.3,CHECK
b8_turn_probe/b8_15,turn,OOP,SRP,QhJd4sTh,dry,third_pair,no_draw,アンダーペア,24,0.0,CHECK
b8_turn_probe/b8_15,turn,OOP,SRP,QhJd4sTh,dry,two_pair,no_draw,2P+,32,0.05,CHECK
b8_turn_probe/b8_15,turn,OOP,SRP,QhJd4sTh,dry,third_pair,gutshot,アンダーペア,24,0.0,CHECK
b8_turn_probe/b8_15,turn,OOP,SRP,QhJd4sTh,dry,third_pair,oesd,アンダーペア,24,0.01,CHECK
b8_turn_probe/b8_15,turn,OOP,SRP,QhJd4sTh,dry,second_pair,no_draw,アンダーペア,19,0.0,CHECK
b8_turn_probe/b8_15,turn,OOP,SRP,QhJd4sTh,dry,second_pair,gutshot,アンダーペア,22,0.01,CHECK
b8_turn_probe/b8_15,turn,OOP,SRP,QhJd4sTh,dry,second_pair,oesd,アンダーペア,22,0.01,CHECK
b8_turn_probe/b8_15,turn,OOP,SRP,QhJd4sTh,dry,second_pair,flush_draw,アンダーペア,5,0.06,CHECK
b8_turn_probe/b8_15,turn,OOP,SRP,QhJd4sTh,dry,two_pair,flush_draw,2P+,1,0.26,CHECK
b8_turn_probe/b8_15,turn,OOP,SRP,QhJd4sTh,dry,second_pair,combo_draw,アンダーペア,4,0.2,CHECK
b8_turn_probe/b8_15,turn,OOP,SRP,QhJd4sTh,dry,top_pair,no_draw,TP+,42,0.01,CHECK
b8_turn_probe/b8_15,turn,OOP,SRP,QhJd4sTh,dry,top_pair,gutshot,TP+,24,0.01,CHECK
b8_turn_probe/b8_15,turn,OOP,SRP,QhJd4sTh,dry,top_pair,oesd,TP+,24,0.02,CHECK
b8_turn_probe/b8_15,turn,OOP,SRP,QhJd4sTh,dry,king_high,oesd,エア,78,0.17,CHECK
b8_turn_probe/b8_15,turn,OOP,SRP,QhJd4sTh,dry,king_high,combo_draw,エア,6,0.45,CHECK
b8_turn_probe/b8_15,turn,OOP,SRP,QhJd4sTh,dry,ace_high,gutshot,エア,75,0.04,CHECK
b8_turn_probe/b8_15,turn,OOP,SRP,QhJd4sTh,dry,ace_high,oesd,エア,30,0.06,CHECK
b8_turn_probe/b8_15,turn,OOP,SRP,QhJd4sTh,dry,ace_high,combo_draw,エア,7,0.4,CHECK
b8_turn_probe/b8_16,turn,OOP,SRP,AhKd4s8c,dry,low_pair,no_draw,アンダーペア,84,12.85,CHECK
b8_turn_probe/b8_16,turn,OOP,SRP,AhKd4s8c,dry,no_made_hand,gutshot,エア,120,32.16,CHECK
b8_turn_probe/b8_16,turn,OOP,SRP,AhKd4s8c,dry,set,no_draw,2P+,6,45.22,CHECK
b8_turn_probe/b8_16,turn,OOP,SRP,AhKd4s8c,dry,no_made_hand,no_draw,エア,228,0.03,CHECK
b8_turn_probe/b8_16,turn,OOP,SRP,AhKd4s8c,dry,third_pair,no_draw,アンダーペア,114,12.94,CHECK
b8_turn_probe/b8_16,turn,OOP,SRP,AhKd4s8c,dry,two_pair,no_draw,2P+,45,61.26,BET
b8_turn_probe/b8_16,turn,OOP,SRP,AhKd4s8c,dry,second_pair,no_draw,アンダーペア,99,0.04,CHECK
b8_turn_probe/b8_16,turn,OOP,SRP,AhKd4s8c,dry,top_pair,no_draw,TP+,108,27.86,CHECK
b8_turn_probe/b8_17,turn,OOP,SRP,AhKd4sAc,dry,low_pair,no_draw,アンダーペア,12,50.64,BET
b8_turn_probe/b8_17,turn,OOP,SRP,AhKd4sAc,dry,no_made_hand,gutshot,エア,72,59.73,BET
b8_turn_probe/b8_17,turn,OOP,SRP,AhKd4sAc,dry,third_pair,no_draw,アンダーペア,105,6.87,CHECK
b8_turn_probe/b8_17,turn,OOP,SRP,AhKd4sAc,dry,fullhouse,no_draw,2P+,14,46.47,CHECK
b8_turn_probe/b8_17,turn,OOP,SRP,AhKd4sAc,dry,no_made_hand,no_draw,エア,396,2.75,CHECK
b8_turn_probe/b8_17,turn,OOP,SRP,AhKd4sAc,dry,second_pair,no_draw,アンダーペア,120,4.14,CHECK
b8_turn_probe/b8_17,turn,OOP,SRP,AhKd4sAc,dry,trips,no_draw,2P+,80,53.92,BET
b8_turn_probe/b8_18,turn,OOP,SRP,AhKd4sKc,dry,low_pair,no_draw,アンダーペア,12,0.09,CHECK
b8_turn_probe/b8_18,turn,OOP,SRP,AhKd4sKc,dry,no_made_hand,gutshot,エア,72,0.25,CHECK
b8_turn_probe/b8_18,turn,OOP,SRP,AhKd4sKc,dry,third_pair,no_draw,アンダーペア,105,0.02,CHECK
b8_turn_probe/b8_18,turn,OOP,SRP,AhKd4sKc,dry,fullhouse,no_draw,2P+,14,0.38,CHECK
b8_turn_probe/b8_18,turn,OOP,SRP,AhKd4sKc,dry,no_made_hand,no_draw,エア,396,0.02,CHECK
b8_turn_probe/b8_18,turn,OOP,SRP,AhKd4sKc,dry,trips,no_draw,2P+,74,0.31,CHECK
b8_turn_probe/b8_18,turn,OOP,SRP,AhKd4sKc,dry,top_pair,no_draw,TP+,129,0.03,CHECK
b8_turn_probe/b8_19,turn,OOP,SRP,AhKd4s2c,dry,set,no_draw,2P+,6,97.86,BET
b8_turn_probe/b8_19,turn,OOP,SRP,AhKd4s2c,dry,low_pair,gutshot,アンダーペア,12,71.71,BET
b8_turn_probe/b8_19,turn,OOP,SRP,AhKd4s2c,dry,third_pair,gutshot,アンダーペア,30,84.51,BET
b8_turn_probe/b8_19,turn,OOP,SRP,AhKd4s2c,dry,two_pair,no_draw,2P+,38,82.65,BET
b8_turn_probe/b8_19,turn,OOP,SRP,AhKd4s2c,dry,straight,no_draw,2P+,16,47.16,CHECK
b8_turn_probe/b8_19,turn,OOP,SRP,AhKd4s2c,dry,no_made_hand,gutshot,エア,152,51.23,BET
b8_turn_probe/b8_19,turn,OOP,SRP,AhKd4s2c,dry,third_pair,no_draw,アンダーペア,72,18.73,CHECK
b8_turn_probe/b8_19,turn,OOP,SRP,AhKd4s2c,dry,low_pair,no_draw,アンダーペア,21,64.19,BET
b8_turn_probe/b8_19,turn,OOP,SRP,AhKd4s2c,dry,no_made_hand,no_draw,エア,264,0.04,CHECK
b8_turn_probe/b8_19,turn,OOP,SRP,AhKd4s2c,dry,second_pair,gutshot,アンダーペア,24,0.08,CHECK
b8_turn_probe/b8_19,turn,OOP,SRP,AhKd4s2c,dry,second_pair,no_draw,アンダーペア,84,2.02,CHECK
b8_turn_probe/b8_19,turn,OOP,SRP,AhKd4s2c,dry,top_pair,gutshot,TP+,24,58.39,BET
b8_turn_probe/b8_19,turn,OOP,SRP,AhKd4s2c,dry,top_pair,no_draw,TP+,84,74.05,BET
b8_turn_probe/b8_20,turn,OOP,SRP,JdTs9c2c,dry,set,no_draw,2P+,12,50.43,BET
b8_turn_probe/b8_20,turn,OOP,SRP,JdTs9c2c,dry,low_pair,no_draw,アンダーペア,48,16.96,CHECK
b8_turn_probe/b8_20,turn,OOP,SRP,JdTs9c2c,dry,no_made_hand,flush_draw,エア,6,62.4,BET
b8_turn_probe/b8_20,turn,OOP,SRP,JdTs9c2c,dry,no_made_hand,no_draw,エア,78,0.01,CHECK
b8_turn_probe/b8_20,turn,OOP,SRP,JdTs9c2c,dry,no_made_hand,combo_draw,エア,13,77.92,BET
b8_turn_probe/b8_20,turn,OOP,SRP,JdTs9c2c,dry,no_made_hand,gutshot,エア,36,0.01,CHECK
b8_turn_probe/b8_20,turn,OOP,SRP,JdTs9c2c,dry,low_pair,gutshot,アンダーペア,12,48.99,CHECK
b8_turn_probe/b8_20,turn,OOP,SRP,JdTs9c2c,dry,no_made_hand,oesd,エア,87,36.75,CHECK
b8_turn_probe/b8_20,turn,OOP,SRP,JdTs9c2c,dry,straight,flush_draw,2P+,3,64.75,BET
b8_turn_probe/b8_20,turn,OOP,SRP,JdTs9c2c,dry,straight,no_draw,2P+,45,65.39,BET
b8_turn_probe/b8_20,turn,OOP,SRP,JdTs9c2c,dry,low_pair,oesd,アンダーペア,12,37.19,CHECK
b8_turn_probe/b8_20,turn,OOP,SRP,JdTs9c2c,dry,two_pair,no_draw,2P+,33,71.19,BET
b8_turn_probe/b8_20,turn,OOP,SRP,JdTs9c2c,dry,third_pair,no_draw,アンダーペア,33,0.0,CHECK
b8_turn_probe/b8_20,turn,OOP,SRP,JdTs9c2c,dry,third_pair,gutshot,アンダーペア,24,0.0,CHECK
b8_turn_probe/b8_20,turn,OOP,SRP,JdTs9c2c,dry,third_pair,oesd,アンダーペア,24,0.02,CHECK
b8_turn_probe/b8_20,turn,OOP,SRP,JdTs9c2c,dry,second_pair,flush_draw,アンダーペア,4,0.06,CHECK
b8_turn_probe/b8_20,turn,OOP,SRP,JdTs9c2c,dry,second_pair,combo_draw,アンダーペア,4,26.04,CHECK
b8_turn_probe/b8_20,turn,OOP,SRP,JdTs9c2c,dry,second_pair,gutshot,アンダーペア,22,11.19,CHECK
b8_turn_probe/b8_20,turn,OOP,SRP,JdTs9c2c,dry,second_pair,oesd,アンダーペア,22,0.05,CHECK
b8_turn_probe/b8_20,turn,OOP,SRP,JdTs9c2c,dry,second_pair,no_draw,アンダーペア,19,0.04,CHECK
b8_turn_probe/b8_20,turn,OOP,SRP,JdTs9c2c,dry,top_pair,flush_draw,TP+,4,21.53,CHECK
b8_turn_probe/b8_20,turn,OOP,SRP,JdTs9c2c,dry,top_pair,combo_draw,TP+,4,99.45,BET
b8_turn_probe/b8_20,turn,OOP,SRP,JdTs9c2c,dry,top_pair,gutshot,TP+,22,49.81,CHECK
b8_turn_probe/b8_20,turn,OOP,SRP,JdTs9c2c,dry,top_pair,oesd,TP+,22,40.9,CHECK
b8_turn_probe/b8_20,turn,OOP,SRP,JdTs9c2c,dry,two_pair,flush_draw,2P+,1,99.91,BET
b8_turn_probe/b8_20,turn,OOP,SRP,JdTs9c2c,dry,top_pair,no_draw,TP+,19,11.64,CHECK
b8_turn_probe/b8_20,turn,OOP,SRP,JdTs9c2c,dry,overpair,oesd,TP+,6,99.88,BET
b8_turn_probe/b8_20,turn,OOP,SRP,JdTs9c2c,dry,king_high,combo_draw,エア,6,50.9,BET
b8_turn_probe/b8_20,turn,OOP,SRP,JdTs9c2c,dry,king_high,gutshot,エア,60,0.06,CHECK
b8_turn_probe/b8_20,turn,OOP,SRP,JdTs9c2c,dry,king_high,oesd,エア,30,67.43,BET
b8_turn_probe/b8_20,turn,OOP,SRP,JdTs9c2c,dry,ace_high,nut_flush_draw,エア,4,80.04,BET
b8_turn_probe/b8_20,turn,OOP,SRP,JdTs9c2c,dry,ace_high,no_draw,エア,60,0.01,CHECK
b8_turn_probe/b8_20,turn,OOP,SRP,JdTs9c2c,dry,ace_high,combo_draw,エア,3,28.97,CHECK
b8_turn_probe/b8_20,turn,OOP,SRP,JdTs9c2c,dry,ace_high,gutshot,エア,27,19.58,CHECK
b8_turn_probe/b8_20,turn,OOP,SRP,JdTs9c2c,dry,ace_high,oesd,エア,30,66.6,BET
b8_turn_probe/b8_20,turn,OOP,SRP,JdTs9c2c,dry,second_pair,nut_flush_draw,アンダーペア,1,45.32,CHECK
b8_turn_probe/b8_20,turn,OOP,SRP,JdTs9c2c,dry,top_pair,nut_flush_draw,TP+,1,99.89,BET
b8_turn_probe/b8_21,turn,OOP,SRP,JdTs9c8c,wet,low_pair,no_draw,アンダーペア,75,11.9,CHECK
b8_turn_probe/b8_21,turn,OOP,SRP,JdTs9c8c,wet,no_made_hand,flush_draw,エア,10,87.27,BET
b8_turn_probe/b8_21,turn,OOP,SRP,JdTs9c8c,wet,no_made_hand,no_draw,エア,90,6.02,CHECK
b8_turn_probe/b8_21,turn,OOP,SRP,JdTs9c8c,wet,straight,flush_draw,2P+,17,55.18,BET
b8_turn_probe/b8_21,turn,OOP,SRP,JdTs9c8c,wet,straight,no_draw,2P+,257,48.46,CHECK
b8_turn_probe/b8_21,turn,OOP,SRP,JdTs9c8c,wet,set,no_draw,2P+,12,43.56,CHECK
b8_turn_probe/b8_21,turn,OOP,SRP,JdTs9c8c,wet,third_pair,no_draw,アンダーペア,36,0.11,CHECK
b8_turn_probe/b8_21,turn,OOP,SRP,JdTs9c8c,wet,two_pair,no_draw,2P+,53,28.51,CHECK
b8_turn_probe/b8_21,turn,OOP,SRP,JdTs9c8c,wet,second_pair,flush_draw,アンダーペア,5,0.41,CHECK
b8_turn_probe/b8_21,turn,OOP,SRP,JdTs9c8c,wet,second_pair,no_draw,アンダーペア,21,0.63,CHECK
b8_turn_probe/b8_21,turn,OOP,SRP,JdTs9c8c,wet,top_pair,flush_draw,TP+,5,0.59,CHECK
b8_turn_probe/b8_21,turn,OOP,SRP,JdTs9c8c,wet,two_pair,flush_draw,2P+,1,89.15,BET
b8_turn_probe/b8_21,turn,OOP,SRP,JdTs9c8c,wet,top_pair,no_draw,TP+,21,7.94,CHECK
b8_turn_probe/b8_21,turn,OOP,SRP,JdTs9c8c,wet,king_high,combo_draw,エア,5,25.73,CHECK
b8_turn_probe/b8_21,turn,OOP,SRP,JdTs9c8c,wet,king_high,gutshot,エア,63,84.68,BET
b8_turn_probe/b8_21,turn,OOP,SRP,JdTs9c8c,wet,low_pair,gutshot,アンダーペア,12,0.1,CHECK
b8_turn_probe/b8_21,turn,OOP,SRP,JdTs9c8c,wet,third_pair,gutshot,アンダーペア,12,0.06,CHECK
b8_turn_probe/b8_21,turn,OOP,SRP,JdTs9c8c,wet,second_pair,combo_draw,アンダーペア,1,0.44,CHECK
b8_turn_probe/b8_21,turn,OOP,SRP,JdTs9c8c,wet,second_pair,gutshot,アンダーペア,11,0.11,CHECK
b8_turn_probe/b8_21,turn,OOP,SRP,JdTs9c8c,wet,top_pair,combo_draw,TP+,1,0.74,CHECK
b8_turn_probe/b8_21,turn,OOP,SRP,JdTs9c8c,wet,top_pair,gutshot,TP+,11,0.32,CHECK
b8_turn_probe/b8_21,turn,OOP,SRP,JdTs9c8c,wet,ace_high,nut_flush_draw,エア,5,18.17,CHECK
b8_turn_probe/b8_21,turn,OOP,SRP,JdTs9c8c,wet,ace_high,no_draw,エア,75,8.07,CHECK
b8_turn_probe/b8_21,turn,OOP,SRP,JdTs9c8c,wet,straight,nut_flush_draw,2P+,2,70.44,BET
b8_turn_probe/b8_21,turn,OOP,SRP,JdTs9c8c,wet,second_pair,nut_flush_draw,アンダーペア,1,0.11,CHECK
b8_turn_probe/b8_21,turn,OOP,SRP,JdTs9c8c,wet,top_pair,nut_flush_draw,TP+,1,0.35,CHECK
b8_turn_probe/b8_21,turn,OOP,SRP,JdTs9c8c,wet,ace_high,gutshot,エア,12,98.91,BET
b8_turn_probe/b8_22,turn,OOP,SRP,JdTs9cAh,dry,low_pair,no_draw,アンダーペア,54,0.02,CHECK
b8_turn_probe/b8_22,turn,OOP,SRP,JdTs9cAh,dry,no_made_hand,no_draw,エア,100,0.03,CHECK
b8_turn_probe/b8_22,turn,OOP,SRP,JdTs9cAh,dry,no_made_hand,gutshot,エア,44,0.04,CHECK
b8_turn_probe/b8_22,turn,OOP,SRP,JdTs9cAh,dry,low_pair,gutshot,アンダーペア,30,0.03,CHECK
b8_turn_probe/b8_22,turn,OOP,SRP,JdTs9cAh,dry,no_made_hand,oesd,エア,104,35.78,CHECK
b8_turn_probe/b8_22,turn,OOP,SRP,JdTs9cAh,dry,straight,no_draw,2P+,48,52.2,BET
b8_turn_probe/b8_22,turn,OOP,SRP,JdTs9cAh,dry,low_pair,oesd,アンダーペア,30,0.03,CHECK
b8_turn_probe/b8_22,turn,OOP,SRP,JdTs9cAh,dry,set,no_draw,2P+,9,8.62,CHECK
b8_turn_probe/b8_22,turn,OOP,SRP,JdTs9cAh,dry,third_pair,no_draw,アンダーペア,15,0.0,CHECK
b8_turn_probe/b8_22,turn,OOP,SRP,JdTs9cAh,dry,third_pair,gutshot,アンダーペア,24,0.01,CHECK
b8_turn_probe/b8_22,turn,OOP,SRP,JdTs9cAh,dry,third_pair,oesd,アンダーペア,24,0.02,CHECK
b8_turn_probe/b8_22,turn,OOP,SRP,JdTs9cAh,dry,two_pair,no_draw,2P+,54,5.61,CHECK
b8_turn_probe/b8_22,turn,OOP,SRP,JdTs9cAh,dry,second_pair,no_draw,アンダーペア,15,0.0,CHECK
b8_turn_probe/b8_22,turn,OOP,SRP,JdTs9cAh,dry,second_pair,gutshot,アンダーペア,24,0.02,CHECK
b8_turn_probe/b8_22,turn,OOP,SRP,JdTs9cAh,dry,second_pair,oesd,アンダーペア,24,0.02,CHECK
b8_turn_probe/b8_22,turn,OOP,SRP,JdTs9cAh,dry,underpair,oesd,アンダーペア,6,0.03,CHECK
b8_turn_probe/b8_22,turn,OOP,SRP,JdTs9cAh,dry,king_high,gutshot,エア,68,0.08,CHECK
b8_turn_probe/b8_22,turn,OOP,SRP,JdTs9cAh,dry,king_high,oesd,エア,32,47.68,CHECK
b8_turn_probe/b8_22,turn,OOP,SRP,JdTs9cAh,dry,top_pair,no_draw,TP+,60,0.04,CHECK
b8_turn_probe/b8_22,turn,OOP,SRP,JdTs9cAh,dry,top_pair,gutshot,TP+,21,30.69,CHECK
b8_turn_probe/b8_22,turn,OOP,SRP,JdTs9cAh,dry,top_pair,oesd,TP+,24,0.08,CHECK
b8_turn_probe/b8_23,turn,OOP,SRP,Ah4d2c3h,wet,set,no_draw,2P+,9,89.29,BET
b8_turn_probe/b8_23,turn,OOP,SRP,Ah4d2c3h,wet,two_pair,no_draw,2P+,39,46.55,CHECK
b8_turn_probe/b8_23,turn,OOP,SRP,Ah4d2c3h,wet,two_pair,flush_draw,2P+,1,74.72,BET
b8_turn_probe/b8_23,turn,OOP,SRP,Ah4d2c3h,wet,straight,no_draw,2P+,127,73.7,BET
b8_turn_probe/b8_23,turn,OOP,SRP,Ah4d2c3h,wet,straight,flush_draw,2P+,9,88.22,BET
b8_turn_probe/b8_23,turn,OOP,SRP,Ah4d2c3h,wet,third_pair,gutshot,アンダーペア,3,0.02,CHECK
b8_turn_probe/b8_23,turn,OOP,SRP,Ah4d2c3h,wet,second_pair,gutshot,アンダーペア,11,0.02,CHECK
b8_turn_probe/b8_23,turn,OOP,SRP,Ah4d2c3h,wet,low_pair,gutshot,アンダーペア,2,0.01,CHECK
b8_turn_probe/b8_23,turn,OOP,SRP,Ah4d2c3h,wet,underpair,gutshot,アンダーペア,6,0.02,CHECK
b8_turn_probe/b8_23,turn,OOP,SRP,Ah4d2c3h,wet,low_pair,combo_draw,アンダーペア,1,0.17,CHECK
b8_turn_probe/b8_23,turn,OOP,SRP,Ah4d2c3h,wet,second_pair,combo_draw,アンダーペア,1,0.27,CHECK
b8_turn_probe/b8_23,turn,OOP,SRP,Ah4d2c3h,wet,third_pair,no_draw,アンダーペア,30,0.03,CHECK
b8_turn_probe/b8_23,turn,OOP,SRP,Ah4d2c3h,wet,second_pair,no_draw,アンダーペア,23,0.03,CHECK
b8_turn_probe/b8_23,turn,OOP,SRP,Ah4d2c3h,wet,no_made_hand,gutshot,エア,66,97.92,BET
b8_turn_probe/b8_23,turn,OOP,SRP,Ah4d2c3h,wet,low_pair,no_draw,アンダーペア,14,0.03,CHECK
b8_turn_probe/b8_23,turn,OOP,SRP,Ah4d2c3h,wet,underpair,no_draw,アンダーペア,36,0.02,CHECK
b8_turn_probe/b8_23,turn,OOP,SRP,Ah4d2c3h,wet,low_pair,flush_draw,アンダーペア,6,0.08,CHECK
b8_turn_probe/b8_23,turn,OOP,SRP,Ah4d2c3h,wet,second_pair,flush_draw,アンダーペア,6,3.23,CHECK
b8_turn_probe/b8_23,turn,OOP,SRP,Ah4d2c3h,wet,no_made_hand,combo_draw,エア,6,22.62,CHECK
b8_turn_probe/b8_23,turn,OOP,SRP,Ah4d2c3h,wet,no_made_hand,no_draw,エア,225,23.14,CHECK
b8_turn_probe/b8_23,turn,OOP,SRP,Ah4d2c3h,wet,no_made_hand,flush_draw,エア,15,84.67,BET
b8_turn_probe/b8_23,turn,OOP,SRP,Ah4d2c3h,wet,king_high,gutshot,エア,15,21.62,CHECK
b8_turn_probe/b8_23,turn,OOP,SRP,Ah4d2c3h,wet,king_high,no_draw,エア,90,11.56,CHECK
b8_turn_probe/b8_23,turn,OOP,SRP,Ah4d2c3h,wet,low_pair,nut_flush_draw,アンダーペア,1,0.29,CHECK
b8_turn_probe/b8_23,turn,OOP,SRP,Ah4d2c3h,wet,second_pair,nut_flush_draw,アンダーペア,1,1.14,CHECK
b8_turn_probe/b8_23,turn,OOP,SRP,Ah4d2c3h,wet,straight,nut_flush_draw,2P+,1,99.56,BET
b8_turn_probe/b8_23,turn,OOP,SRP,Ah4d2c3h,wet,king_high,combo_draw,エア,1,77.47,BET
b8_turn_probe/b8_23,turn,OOP,SRP,Ah4d2c3h,wet,king_high,nut_flush_draw,エア,6,48.79,CHECK
b8_turn_probe/b8_23,turn,OOP,SRP,Ah4d2c3h,wet,top_pair,gutshot,TP+,12,0.07,CHECK
b8_turn_probe/b8_23,turn,OOP,SRP,Ah4d2c3h,wet,top_pair,no_draw,TP+,81,4.15,CHECK
b8_turn_probe/b8_24,turn,OOP,SRP,Ah4d2cKh,dry,set,no_draw,2P+,6,85.81,BET
b8_turn_probe/b8_24,turn,OOP,SRP,Ah4d2cKh,dry,low_pair,gutshot,アンダーペア,10,57.3,BET
b8_turn_probe/b8_24,turn,OOP,SRP,Ah4d2cKh,dry,low_pair,combo_draw,アンダーペア,2,14.01,CHECK
b8_turn_probe/b8_24,turn,OOP,SRP,Ah4d2cKh,dry,third_pair,gutshot,アンダーペア,28,77.57,BET
b8_turn_probe/b8_24,turn,OOP,SRP,Ah4d2cKh,dry,two_pair,flush_draw,2P+,1,99.82,BET
b8_turn_probe/b8_24,turn,OOP,SRP,Ah4d2cKh,dry,third_pair,combo_draw,アンダーペア,2,25.17,CHECK
b8_turn_probe/b8_24,turn,OOP,SRP,Ah4d2cKh,dry,two_pair,no_draw,2P+,36,63.92,BET
b8_turn_probe/b8_24,turn,OOP,SRP,Ah4d2cKh,dry,straight,no_draw,2P+,15,44.95,CHECK
b8_turn_probe/b8_24,turn,OOP,SRP,Ah4d2cKh,dry,straight,flush_draw,2P+,1,13.4,CHECK
b8_turn_probe/b8_24,turn,OOP,SRP,Ah4d2cKh,dry,no_made_hand,gutshot,エア,135,15.56,CHECK
b8_turn_probe/b8_24,turn,OOP,SRP,Ah4d2cKh,dry,third_pair,no_draw,アンダーペア,65,2.64,CHECK
b8_turn_probe/b8_24,turn,OOP,SRP,Ah4d2cKh,dry,low_pair,no_draw,アンダーペア,14,0.07,CHECK
b8_turn_probe/b8_24,turn,OOP,SRP,Ah4d2cKh,dry,low_pair,flush_draw,アンダーペア,6,5.26,CHECK
b8_turn_probe/b8_24,turn,OOP,SRP,Ah4d2cKh,dry,no_made_hand,combo_draw,エア,17,55.95,BET
b8_turn_probe/b8_24,turn,OOP,SRP,Ah4d2cKh,dry,third_pair,flush_draw,アンダーペア,6,11.55,CHECK
b8_turn_probe/b8_24,turn,OOP,SRP,Ah4d2cKh,dry,no_made_hand,no_draw,エア,246,0.02,CHECK
b8_turn_probe/b8_24,turn,OOP,SRP,Ah4d2cKh,dry,no_made_hand,flush_draw,エア,14,98.61,BET
b8_turn_probe/b8_24,turn,OOP,SRP,Ah4d2cKh,dry,low_pair,nut_flush_draw,アンダーペア,1,1.39,CHECK
b8_turn_probe/b8_24,turn,OOP,SRP,Ah4d2cKh,dry,third_pair,nut_flush_draw,アンダーペア,1,30.51,CHECK
b8_turn_probe/b8_24,turn,OOP,SRP,Ah4d2cKh,dry,no_made_hand,nut_flush_draw,エア,4,38.96,CHECK
b8_turn_probe/b8_24,turn,OOP,SRP,Ah4d2cKh,dry,second_pair,gutshot,アンダーペア,24,0.04,CHECK
b8_turn_probe/b8_24,turn,OOP,SRP,Ah4d2cKh,dry,second_pair,no_draw,アンダーペア,84,0.03,CHECK
b8_turn_probe/b8_24,turn,OOP,SRP,Ah4d2cKh,dry,top_pair,gutshot,TP+,24,4.28,CHECK
b8_turn_probe/b8_24,turn,OOP,SRP,Ah4d2cKh,dry,top_pair,no_draw,TP+,84,24.62,CHECK
b8_turn_probe/b8_25,turn,OOP,SRP,Ks7d2c5h,dry,set,no_draw,2P+,9,72.86,BET
b8_turn_probe/b8_25,turn,OOP,SRP,Ks7d2c5h,dry,low_pair,no_draw,アンダーペア,48,0.01,CHECK
b8_turn_probe/b8_25,turn,OOP,SRP,Ks7d2c5h,dry,no_made_hand,oesd,エア,48,56.64,BET
b8_turn_probe/b8_25,turn,OOP,SRP,Ks7d2c5h,dry,third_pair,no_draw,アンダーペア,87,1.19,CHECK
b8_turn_probe/b8_25,turn,OOP,SRP,Ks7d2c5h,dry,two_pair,no_draw,2P+,33,53.07,BET
b8_turn_probe/b8_25,turn,OOP,SRP,Ks7d2c5h,dry,no_made_hand,gutshot,エア,40,6.29,CHECK
b8_turn_probe/b8_25,turn,OOP,SRP,Ks7d2c5h,dry,second_pair,no_draw,アンダーペア,90,0.01,CHECK
b8_turn_probe/b8_25,turn,OOP,SRP,Ks7d2c5h,dry,no_made_hand,no_draw,エア,204,0.0,CHECK
b8_turn_probe/b8_25,turn,OOP,SRP,Ks7d2c5h,dry,underpair,no_draw,アンダーペア,30,0.01,CHECK
b8_turn_probe/b8_25,turn,OOP,SRP,Ks7d2c5h,dry,top_pair,no_draw,TP+,105,1.33,CHECK
b8_turn_probe/b8_25,turn,OOP,SRP,Ks7d2c5h,dry,ace_high,gutshot,エア,32,68.31,BET
b8_turn_probe/b8_25,turn,OOP,SRP,Ks7d2c5h,dry,ace_high,no_draw,エア,96,0.04,CHECK
b4_xxxx_river/b4_01,river,OOP,SRP,Ks7d2c5h3d,dry,set,no_draw,2P+,15,20.44,CHECK
b4_xxxx_river/b4_01,river,OOP,SRP,Ks7d2c5h3d,dry,two_pair,no_draw,2P+,49,42.18,CHECK
b4_xxxx_river/b4_01,river,OOP,SRP,Ks7d2c5h3d,dry,low_pair,no_draw,アンダーペア,72,0.94,CHECK
b4_xxxx_river/b4_01,river,OOP,SRP,Ks7d2c5h3d,dry,third_pair,no_draw,アンダーペア,66,0.03,CHECK
b4_xxxx_river/b4_01,river,OOP,SRP,Ks7d2c5h3d,dry,straight,no_draw,2P+,32,19.58,CHECK
b4_xxxx_river/b4_01,river,OOP,SRP,Ks7d2c5h3d,dry,second_pair,no_draw,アンダーペア,78,0.37,CHECK
b4_xxxx_river/b4_01,river,OOP,SRP,Ks7d2c5h3d,dry,no_made_hand,no_draw,エア,224,31.39,CHECK
b4_xxxx_river/b4_01,river,OOP,SRP,Ks7d2c5h3d,dry,underpair,no_draw,アンダーペア,30,6.39,CHECK
b4_xxxx_river/b4_01,river,OOP,SRP,Ks7d2c5h3d,dry,top_pair,no_draw,TP+,84,79.92,BET
b4_xxxx_river/b4_01,river,OOP,SRP,Ks7d2c5h3d,dry,ace_high,no_draw,エア,96,1.57,CHECK
b4_xxxx_river/b4_02,river,OOP,SRP,9h8s7d4c2d,dry,set,no_draw,2P+,15,56.67,BET
b4_xxxx_river/b4_02,river,OOP,SRP,9h8s7d4c2d,dry,low_pair,no_draw,アンダーペア,102,0.07,CHECK
b4_xxxx_river/b4_02,river,OOP,SRP,9h8s7d4c2d,dry,two_pair,no_draw,2P+,42,99.77,BET
b4_xxxx_river/b4_02,river,OOP,SRP,9h8s7d4c2d,dry,no_made_hand,no_draw,エア,108,64.56,BET
b4_xxxx_river/b4_02,river,OOP,SRP,9h8s7d4c2d,dry,straight,no_draw,2P+,36,73.56,BET
b4_xxxx_river/b4_02,river,OOP,SRP,9h8s7d4c2d,dry,third_pair,no_draw,アンダーペア,78,0.06,CHECK
b4_xxxx_river/b4_02,river,OOP,SRP,9h8s7d4c2d,dry,second_pair,no_draw,アンダーペア,78,93.01,BET
b4_xxxx_river/b4_02,river,OOP,SRP,9h8s7d4c2d,dry,top_pair,no_draw,TP+,69,99.9,BET
b4_xxxx_river/b4_02,river,OOP,SRP,9h8s7d4c2d,dry,overpair,no_draw,TP+,24,99.96,BET
b4_xxxx_river/b4_02,river,OOP,SRP,9h8s7d4c2d,dry,king_high,no_draw,エア,84,76.02,BET
b4_xxxx_river/b4_02,river,OOP,SRP,9h8s7d4c2d,dry,ace_high,no_draw,エア,108,7.35,CHECK
b4_xxxx_river/b4_03,river,OOP,SRP,AhKd4s8c2h,dry,set,no_draw,2P+,12,39.06,CHECK
b4_xxxx_river/b4_03,river,OOP,SRP,AhKd4s8c2h,dry,low_pair,no_draw,アンダーペア,90,11.88,CHECK
b4_xxxx_river/b4_03,river,OOP,SRP,AhKd4s8c2h,dry,two_pair,no_draw,2P+,53,93.51,BET
b4_xxxx_river/b4_03,river,OOP,SRP,AhKd4s8c2h,dry,straight,no_draw,2P+,16,89.24,BET
b4_xxxx_river/b4_03,river,OOP,SRP,AhKd4s8c2h,dry,no_made_hand,no_draw,エア,276,23.21,CHECK
b4_xxxx_river/b4_03,river,OOP,SRP,AhKd4s8c2h,dry,third_pair,no_draw,アンダーペア,102,0.01,CHECK
b4_xxxx_river/b4_03,river,OOP,SRP,AhKd4s8c2h,dry,second_pair,no_draw,アンダーペア,87,2.84,CHECK
b4_xxxx_river/b4_03,river,OOP,SRP,AhKd4s8c2h,dry,top_pair,no_draw,TP+,96,99.52,BET
b4_xxxx_river/b4_04,river,OOP,SRP,9h8s7d4c2d,dry,set,no_draw,2P+,15,36.05,CHECK
b4_xxxx_river/b4_04,river,OOP,SRP,9h8s7d4c2d,dry,low_pair,no_draw,アンダーペア,120,0.01,CHECK
b4_xxxx_river/b4_04,river,OOP,SRP,9h8s7d4c2d,dry,two_pair,no_draw,2P+,42,96.21,BET
b4_xxxx_river/b4_04,river,OOP,SRP,9h8s7d4c2d,dry,no_made_hand,no_draw,エア,108,65.72,BET
b4_xxxx_river/b4_04,river,OOP,SRP,9h8s7d4c2d,dry,straight,no_draw,2P+,36,73.7,BET
b4_xxxx_river/b4_04,river,OOP,SRP,9h8s7d4c2d,dry,third_pair,no_draw,アンダーペア,87,0.05,CHECK
b4_xxxx_river/b4_04,river,OOP,SRP,9h8s7d4c2d,dry,second_pair,no_draw,アンダーペア,87,78.99,BET
b4_xxxx_river/b4_04,river,OOP,SRP,9h8s7d4c2d,dry,top_pair,no_draw,TP+,78,99.11,BET
b4_xxxx_river/b4_04,river,OOP,SRP,9h8s7d4c2d,dry,overpair,no_draw,TP+,18,99.96,BET
b4_xxxx_river/b4_04,river,OOP,SRP,9h8s7d4c2d,dry,king_high,no_draw,エア,96,46.79,CHECK
b4_xxxx_river/b4_04,river,OOP,SRP,9h8s7d4c2d,dry,ace_high,no_draw,エア,108,3.26,CHECK
b4_xxxx_river/b4_05,river,OOP,SRP,AhKd4s8c2h,dry,set,no_draw,2P+,9,27.27,CHECK
b4_xxxx_river/b4_05,river,OOP,SRP,AhKd4s8c2h,dry,low_pair,no_draw,アンダーペア,99,9.55,CHECK
b4_xxxx_river/b4_05,river,OOP,SRP,AhKd4s8c2h,dry,two_pair,no_draw,2P+,60,45.02,CHECK
b4_xxxx_river/b4_05,river,OOP,SRP,AhKd4s8c2h,dry,straight,no_draw,2P+,16,97.03,BET
b4_xxxx_river/b4_05,river,OOP,SRP,AhKd4s8c2h,dry,no_made_hand,no_draw,エア,300,15.45,CHECK
b4_xxxx_river/b4_05,river,OOP,SRP,AhKd4s8c2h,dry,third_pair,no_draw,アンダーペア,111,0.01,CHECK
b4_xxxx_river/b4_05,river,OOP,SRP,AhKd4s8c2h,dry,second_pair,no_draw,アンダーペア,96,3.41,CHECK
b4_xxxx_river/b4_05,river,OOP,SRP,AhKd4s8c2h,dry,top_pair,no_draw,TP+,96,90.04,BET
b4_xxxx_river/b4_06,river,OOP,SRP,Ks7d2c5h3d,dry,set,no_draw,2P+,12,91.58,BET
b4_xxxx_river/b4_06,river,OOP,SRP,Ks7d2c5h3d,dry,two_pair,no_draw,2P+,56,98.47,BET
b4_xxxx_river/b4_06,river,OOP,SRP,Ks7d2c5h3d,dry,low_pair,no_draw,アンダーペア,81,99.89,BET
b4_xxxx_river/b4_06,river,OOP,SRP,Ks7d2c5h3d,dry,third_pair,no_draw,アンダーペア,66,98.37,BET
b4_xxxx_river/b4_06,river,OOP,SRP,Ks7d2c5h3d,dry,straight,no_draw,2P+,32,38.19,CHECK
b4_xxxx_river/b4_06,river,OOP,SRP,Ks7d2c5h3d,dry,second_pair,no_draw,アンダーペア,87,86.45,BET
b4_xxxx_river/b4_06,river,OOP,SRP,Ks7d2c5h3d,dry,no_made_hand,no_draw,エア,236,44.19,CHECK
b4_xxxx_river/b4_06,river,OOP,SRP,Ks7d2c5h3d,dry,underpair,no_draw,アンダーペア,30,99.9,BET
b4_xxxx_river/b4_06,river,OOP,SRP,Ks7d2c5h3d,dry,top_pair,no_draw,TP+,93,91.61,BET
b4_xxxx_river/b4_06,river,OOP,SRP,Ks7d2c5h3d,dry,ace_high,no_draw,エア,96,34.47,CHECK
b4_xxxx_river/b4_07,river,OOP,SRP,9h8s7d4c2d,dry,set,no_draw,2P+,15,36.39,CHECK
b4_xxxx_river/b4_07,river,OOP,SRP,9h8s7d4c2d,dry,low_pair,no_draw,アンダーペア,129,0.01,CHECK
b4_xxxx_river/b4_07,river,OOP,SRP,9h8s7d4c2d,dry,two_pair,no_draw,2P+,42,76.01,BET
b4_xxxx_river/b4_07,river,OOP,SRP,9h8s7d4c2d,dry,no_made_hand,no_draw,エア,108,60.4,BET
b4_xxxx_river/b4_07,river,OOP,SRP,9h8s7d4c2d,dry,straight,no_draw,2P+,36,67.23,BET
b4_xxxx_river/b4_07,river,OOP,SRP,9h8s7d4c2d,dry,third_pair,no_draw,アンダーペア,87,0.02,CHECK
b4_xxxx_river/b4_07,river,OOP,SRP,9h8s7d4c2d,dry,second_pair,no_draw,アンダーペア,78,65.24,BET
b4_xxxx_river/b4_07,river,OOP,SRP,9h8s7d4c2d,dry,top_pair,no_draw,TP+,69,96.97,BET
b4_xxxx_river/b4_07,river,OOP,SRP,9h8s7d4c2d,dry,overpair,no_draw,TP+,18,99.75,BET
b4_xxxx_river/b4_07,river,OOP,SRP,9h8s7d4c2d,dry,king_high,no_draw,エア,96,48.45,CHECK
b4_xxxx_river/b4_07,river,OOP,SRP,9h8s7d4c2d,dry,ace_high,no_draw,エア,108,1.29,CHECK
b4_xxxx_river/b4_08,river,OOP,SRP,Th9s8c4dAh,dry,low_pair,no_draw,アンダーペア,168,3.11,CHECK
b4_xxxx_river/b4_08,river,OOP,SRP,Th9s8c4dAh,dry,no_made_hand,no_draw,エア,144,28.37,CHECK
b4_xxxx_river/b4_08,river,OOP,SRP,Th9s8c4dAh,dry,set,no_draw,2P+,12,4.01,CHECK
b4_xxxx_river/b4_08,river,OOP,SRP,Th9s8c4dAh,dry,straight,no_draw,2P+,48,45.08,CHECK
b4_xxxx_river/b4_08,river,OOP,SRP,Th9s8c4dAh,dry,two_pair,no_draw,2P+,69,83.22,BET
b4_xxxx_river/b4_08,river,OOP,SRP,Th9s8c4dAh,dry,third_pair,no_draw,アンダーペア,60,47.52,CHECK
b4_xxxx_river/b4_08,river,OOP,SRP,Th9s8c4dAh,dry,second_pair,no_draw,アンダーペア,60,67.82,BET
b4_xxxx_river/b4_08,river,OOP,SRP,Th9s8c4dAh,dry,underpair,no_draw,アンダーペア,12,83.07,BET
b4_xxxx_river/b4_08,river,OOP,SRP,Th9s8c4dAh,dry,king_high,no_draw,エア,100,38.91,CHECK
b4_xxxx_river/b4_08,river,OOP,SRP,Th9s8c4dAh,dry,top_pair,no_draw,TP+,93,96.03,BET
b4_xxxx_river/b4_09,river,OOP,SRP,9h8s7d4c2d,dry,set,no_draw,2P+,15,2.52,CHECK
b4_xxxx_river/b4_09,river,OOP,SRP,9h8s7d4c2d,dry,low_pair,no_draw,アンダーペア,138,12.1,CHECK
b4_xxxx_river/b4_09,river,OOP,SRP,9h8s7d4c2d,dry,two_pair,no_draw,2P+,42,86.13,BET
b4_xxxx_river/b4_09,river,OOP,SRP,9h8s7d4c2d,dry,no_made_hand,no_draw,エア,144,74.21,BET
b4_xxxx_river/b4_09,river,OOP,SRP,9h8s7d4c2d,dry,straight,no_draw,2P+,48,3.93,CHECK
b4_xxxx_river/b4_09,river,OOP,SRP,9h8s7d4c2d,dry,third_pair,no_draw,アンダーペア,87,99.97,BET
b4_xxxx_river/b4_09,river,OOP,SRP,9h8s7d4c2d,dry,second_pair,no_draw,アンダーペア,78,93.87,BET
b4_xxxx_river/b4_09,river,OOP,SRP,9h8s7d4c2d,dry,top_pair,no_draw,TP+,78,75.83,BET
b4_xxxx_river/b4_09,river,OOP,SRP,9h8s7d4c2d,dry,overpair,no_draw,TP+,6,99.36,BET
b4_xxxx_river/b4_09,river,OOP,SRP,9h8s7d4c2d,dry,king_high,no_draw,エア,96,45.04,CHECK
b4_xxxx_river/b4_09,river,OOP,SRP,9h8s7d4c2d,dry,ace_high,no_draw,エア,92,1.62,CHECK
b4_xxxx_river/b4_10,river,OOP,SRP,AhKd4s8c2h,dry,set,no_draw,2P+,9,22.38,CHECK
b4_xxxx_river/b4_10,river,OOP,SRP,AhKd4s8c2h,dry,low_pair,no_draw,アンダーペア,108,0.01,CHECK
b4_xxxx_river/b4_10,river,OOP,SRP,AhKd4s8c2h,dry,two_pair,no_draw,2P+,60,21.17,CHECK
b4_xxxx_river/b4_10,river,OOP,SRP,AhKd4s8c2h,dry,straight,no_draw,2P+,16,91.36,BET
b4_xxxx_river/b4_10,river,OOP,SRP,AhKd4s8c2h,dry,no_made_hand,no_draw,エア,348,22.27,CHECK
b4_xxxx_river/b4_10,river,OOP,SRP,AhKd4s8c2h,dry,third_pair,no_draw,アンダーペア,90,0.0,CHECK
b4_xxxx_river/b4_10,river,OOP,SRP,AhKd4s8c2h,dry,second_pair,no_draw,アンダーペア,96,49.35,CHECK
b4_xxxx_river/b4_10,river,OOP,SRP,AhKd4s8c2h,dry,top_pair,no_draw,TP+,93,89.02,BET
b4_xxxx_river/b4_11,river,OOP,SRP,Th9s8c4dAh,dry,low_pair,no_draw,アンダーペア,168,0.01,CHECK
b4_xxxx_river/b4_11,river,OOP,SRP,Th9s8c4dAh,dry,no_made_hand,no_draw,エア,180,43.1,CHECK
b4_xxxx_river/b4_11,river,OOP,SRP,Th9s8c4dAh,dry,set,no_draw,2P+,12,0.17,CHECK
b4_xxxx_river/b4_11,river,OOP,SRP,Th9s8c4dAh,dry,straight,no_draw,2P+,48,35.48,CHECK
b4_xxxx_river/b4_11,river,OOP,SRP,Th9s8c4dAh,dry,two_pair,no_draw,2P+,69,55.6,BET
b4_xxxx_river/b4_11,river,OOP,SRP,Th9s8c4dAh,dry,third_pair,no_draw,アンダーペア,69,0.82,CHECK
b4_xxxx_river/b4_11,river,OOP,SRP,Th9s8c4dAh,dry,second_pair,no_draw,アンダーペア,69,97.54,BET
b4_xxxx_river/b4_11,river,OOP,SRP,Th9s8c4dAh,dry,king_high,no_draw,エア,112,5.44,CHECK
b4_xxxx_river/b4_11,river,OOP,SRP,Th9s8c4dAh,dry,top_pair,no_draw,TP+,81,99.92,BET
b4_xxxx_river/b4_12,river,OOP,SRP,QhJd4s7c2h,dry,set,no_draw,2P+,9,57.6,BET
b4_xxxx_river/b4_12,river,OOP,SRP,QhJd4s7c2h,dry,low_pair,no_draw,アンダーペア,129,0.03,CHECK
b4_xxxx_river/b4_12,river,OOP,SRP,QhJd4s7c2h,dry,two_pair,no_draw,2P+,49,28.93,CHECK
b4_xxxx_river/b4_12,river,OOP,SRP,QhJd4s7c2h,dry,no_made_hand,no_draw,エア,156,42.32,CHECK
b4_xxxx_river/b4_12,river,OOP,SRP,QhJd4s7c2h,dry,third_pair,no_draw,アンダーペア,105,16.83,CHECK
b4_xxxx_river/b4_12,river,OOP,SRP,QhJd4s7c2h,dry,second_pair,no_draw,アンダーペア,87,85.72,BET
b4_xxxx_river/b4_12,river,OOP,SRP,QhJd4s7c2h,dry,top_pair,no_draw,TP+,93,45.83,CHECK
b4_xxxx_river/b4_12,river,OOP,SRP,QhJd4s7c2h,dry,king_high,no_draw,エア,96,10.82,CHECK
b4_xxxx_river/b4_12,river,OOP,SRP,QhJd4s7c2h,dry,ace_high,no_draw,エア,96,0.02,CHECK
b5_river_giveup/b5_01,river,OOP,SRP,Ks7d2c5h3d,dry,set,no_draw,2P+,12,34.27,CHECK
b5_river_giveup/b5_01,river,OOP,SRP,Ks7d2c5h3d,dry,two_pair,no_draw,2P+,56,56.3,BET
b5_river_giveup/b5_01,river,OOP,SRP,Ks7d2c5h3d,dry,low_pair,no_draw,アンダーペア,81,0.01,CHECK
b5_river_giveup/b5_01,river,OOP,SRP,Ks7d2c5h3d,dry,third_pair,no_draw,アンダーペア,75,0.03,CHECK
b5_river_giveup/b5_01,river,OOP,SRP,Ks7d2c5h3d,dry,straight,no_draw,2P+,32,33.9,CHECK
b5_river_giveup/b5_01,river,OOP,SRP,Ks7d2c5h3d,dry,second_pair,no_draw,アンダーペア,87,0.71,CHECK
b5_river_giveup/b5_01,river,OOP,SRP,Ks7d2c5h3d,dry,no_made_hand,no_draw,エア,236,99.96,BET
b5_river_giveup/b5_01,river,OOP,SRP,Ks7d2c5h3d,dry,underpair,no_draw,アンダーペア,30,13.96,CHECK
b5_river_giveup/b5_01,river,OOP,SRP,Ks7d2c5h3d,dry,top_pair,no_draw,TP+,93,76.78,BET
b5_river_giveup/b5_01,river,OOP,SRP,Ks7d2c5h3d,dry,ace_high,no_draw,エア,96,45.21,CHECK
b5_river_giveup/b5_02,river,OOP,SRP,Ks7d2c5hKd,dry,fullhouse,no_draw,2P+,22,55.55,BET
b5_river_giveup/b5_02,river,OOP,SRP,Ks7d2c5hKd,dry,low_pair,no_draw,アンダーペア,48,2.79,CHECK
b5_river_giveup/b5_02,river,OOP,SRP,Ks7d2c5hKd,dry,no_made_hand,no_draw,エア,292,98.51,BET
b5_river_giveup/b5_02,river,OOP,SRP,Ks7d2c5hKd,dry,third_pair,no_draw,アンダーペア,89,26.21,CHECK
b5_river_giveup/b5_02,river,OOP,SRP,Ks7d2c5hKd,dry,second_pair,no_draw,アンダーペア,101,99.21,BET
b5_river_giveup/b5_02,river,OOP,SRP,Ks7d2c5hKd,dry,underpair,no_draw,アンダーペア,30,95.37,BET
b5_river_giveup/b5_02,river,OOP,SRP,Ks7d2c5hKd,dry,trips,no_draw,2P+,70,65.85,BET
b5_river_giveup/b5_02,river,OOP,SRP,Ks7d2c5hKd,dry,ace_high,no_draw,エア,128,1.5,CHECK
b5_river_giveup/b5_03,river,OOP,SRP,Ks7d2c5hAd,dry,set,no_draw,2P+,9,71.21,BET
b5_river_giveup/b5_03,river,OOP,SRP,Ks7d2c5hAd,dry,low_pair,no_draw,アンダーペア,111,2.98,CHECK
b5_river_giveup/b5_03,river,OOP,SRP,Ks7d2c5hAd,dry,straight,no_draw,2P+,16,53.24,BET
b5_river_giveup/b5_03,river,OOP,SRP,Ks7d2c5hAd,dry,two_pair,no_draw,2P+,67,27.83,CHECK
b5_river_giveup/b5_03,river,OOP,SRP,Ks7d2c5hAd,dry,no_made_hand,no_draw,エア,276,93.78,BET
b5_river_giveup/b5_03,river,OOP,SRP,Ks7d2c5hAd,dry,third_pair,no_draw,アンダーペア,108,1.12,CHECK
b5_river_giveup/b5_03,river,OOP,SRP,Ks7d2c5hAd,dry,second_pair,no_draw,アンダーペア,96,70.65,BET
b5_river_giveup/b5_03,river,OOP,SRP,Ks7d2c5hAd,dry,top_pair,no_draw,TP+,96,99.31,BET
b5_river_giveup/b5_05,river,OOP,SRP,Ks7d2c5hQd,dry,set,no_draw,2P+,12,67.82,BET
b5_river_giveup/b5_05,river,OOP,SRP,Ks7d2c5hQd,dry,low_pair,no_draw,アンダーペア,120,0.02,CHECK
b5_river_giveup/b5_05,river,OOP,SRP,Ks7d2c5hQd,dry,no_made_hand,no_draw,エア,204,99.92,BET
b5_river_giveup/b5_05,river,OOP,SRP,Ks7d2c5hQd,dry,two_pair,no_draw,2P+,62,45.01,CHECK
b5_river_giveup/b5_05,river,OOP,SRP,Ks7d2c5hQd,dry,third_pair,no_draw,アンダーペア,102,0.01,CHECK
b5_river_giveup/b5_05,river,OOP,SRP,Ks7d2c5hQd,dry,second_pair,no_draw,アンダーペア,78,3.37,CHECK
b5_river_giveup/b5_05,river,OOP,SRP,Ks7d2c5hQd,dry,top_pair,no_draw,TP+,93,74.41,BET
b5_river_giveup/b5_05,river,OOP,SRP,Ks7d2c5hQd,dry,ace_high,no_draw,エア,112,74.3,BET
b5_river_giveup/b5_06,river,OOP,SRP,9h8s7d4c2d,dry,set,no_draw,2P+,15,92.96,BET
b5_river_giveup/b5_06,river,OOP,SRP,9h8s7d4c2d,dry,low_pair,no_draw,アンダーペア,120,48.26,CHECK
b5_river_giveup/b5_06,river,OOP,SRP,9h8s7d4c2d,dry,two_pair,no_draw,2P+,42,99.82,BET
b5_river_giveup/b5_06,river,OOP,SRP,9h8s7d4c2d,dry,no_made_hand,no_draw,エア,108,99.96,BET
b5_river_giveup/b5_06,river,OOP,SRP,9h8s7d4c2d,dry,straight,no_draw,2P+,36,58.26,BET
b5_river_giveup/b5_06,river,OOP,SRP,9h8s7d4c2d,dry,third_pair,no_draw,アンダーペア,87,97.86,BET
b5_river_giveup/b5_06,river,OOP,SRP,9h8s7d4c2d,dry,second_pair,no_draw,アンダーペア,87,99.98,BET
b5_river_giveup/b5_06,river,OOP,SRP,9h8s7d4c2d,dry,top_pair,no_draw,TP+,78,94.01,BET
b5_river_giveup/b5_06,river,OOP,SRP,9h8s7d4c2d,dry,overpair,no_draw,TP+,18,97.56,BET
b5_river_giveup/b5_06,river,OOP,SRP,9h8s7d4c2d,dry,king_high,no_draw,エア,96,66.78,BET
b5_river_giveup/b5_06,river,OOP,SRP,9h8s7d4c2d,dry,ace_high,no_draw,エア,108,0.02,CHECK
b5_river_giveup/b5_07,river,OOP,SRP,9h8s7d4cTd,dry,low_pair,no_draw,アンダーペア,126,71.54,BET
b5_river_giveup/b5_07,river,OOP,SRP,9h8s7d4cTd,dry,no_made_hand,no_draw,エア,48,99.99,BET
b5_river_giveup/b5_07,river,OOP,SRP,9h8s7d4cTd,dry,set,no_draw,2P+,15,99.81,BET
b5_river_giveup/b5_07,river,OOP,SRP,9h8s7d4cTd,dry,straight,no_draw,2P+,250,77.59,BET
b5_river_giveup/b5_07,river,OOP,SRP,9h8s7d4cTd,dry,two_pair,no_draw,2P+,62,99.79,BET
b5_river_giveup/b5_07,river,OOP,SRP,9h8s7d4cTd,dry,third_pair,no_draw,アンダーペア,54,0.14,CHECK
b5_river_giveup/b5_07,river,OOP,SRP,9h8s7d4cTd,dry,second_pair,no_draw,アンダーペア,45,0.28,CHECK
b5_river_giveup/b5_07,river,OOP,SRP,9h8s7d4cTd,dry,top_pair,no_draw,TP+,45,15.61,CHECK
b5_river_giveup/b5_07,river,OOP,SRP,9h8s7d4cTd,dry,overpair,no_draw,TP+,6,62.61,BET
b5_river_giveup/b5_07,river,OOP,SRP,9h8s7d4cTd,dry,king_high,no_draw,エア,52,99.99,BET
b5_river_giveup/b5_07,river,OOP,SRP,9h8s7d4cTd,dry,ace_high,no_draw,エア,76,99.99,BET
b5_river_giveup/b5_08,river,OOP,SRP,9h8s7d4cAd,dry,low_pair,no_draw,アンダーペア,162,0.0,CHECK
b5_river_giveup/b5_08,river,OOP,SRP,9h8s7d4cAd,dry,no_made_hand,no_draw,エア,132,57.38,BET
b5_river_giveup/b5_08,river,OOP,SRP,9h8s7d4cAd,dry,set,no_draw,2P+,12,56.86,BET
b5_river_giveup/b5_08,river,OOP,SRP,9h8s7d4cAd,dry,straight,no_draw,2P+,36,61.1,BET
b5_river_giveup/b5_08,river,OOP,SRP,9h8s7d4cAd,dry,two_pair,no_draw,2P+,69,99.62,BET
b5_river_giveup/b5_08,river,OOP,SRP,9h8s7d4cAd,dry,third_pair,no_draw,アンダーペア,78,0.0,CHECK
b5_river_giveup/b5_08,river,OOP,SRP,9h8s7d4cAd,dry,second_pair,no_draw,アンダーペア,69,0.0,CHECK
b5_river_giveup/b5_08,river,OOP,SRP,9h8s7d4cAd,dry,underpair,no_draw,アンダーペア,18,0.0,CHECK
b5_river_giveup/b5_08,river,OOP,SRP,9h8s7d4cAd,dry,king_high,no_draw,エア,100,14.08,CHECK
b5_river_giveup/b5_08,river,OOP,SRP,9h8s7d4cAd,dry,top_pair,no_draw,TP+,93,7.78,CHECK
b5_river_giveup/b5_09,river,OOP,SRP,9h8s7d4c9d,dry,low_pair,no_draw,アンダーペア,96,0.02,CHECK
b5_river_giveup/b5_09,river,OOP,SRP,9h8s7d4c9d,dry,no_made_hand,no_draw,エア,132,99.91,BET
b5_river_giveup/b5_09,river,OOP,SRP,9h8s7d4c9d,dry,fullhouse,no_draw,2P+,22,62.4,BET
b5_river_giveup/b5_09,river,OOP,SRP,9h8s7d4c9d,dry,straight,no_draw,2P+,36,49.92,CHECK
b5_river_giveup/b5_09,river,OOP,SRP,9h8s7d4c9d,dry,third_pair,no_draw,アンダーペア,92,0.04,CHECK
b5_river_giveup/b5_09,river,OOP,SRP,9h8s7d4c9d,dry,second_pair,no_draw,アンダーペア,101,93.05,BET
b5_river_giveup/b5_09,river,OOP,SRP,9h8s7d4c9d,dry,trips,no_draw,2P+,54,98.89,BET
b5_river_giveup/b5_09,river,OOP,SRP,9h8s7d4c9d,dry,quads,no_draw,2P+,1,99.61,BET
b5_river_giveup/b5_09,river,OOP,SRP,9h8s7d4c9d,dry,overpair,no_draw,TP+,18,99.97,BET
b5_river_giveup/b5_09,river,OOP,SRP,9h8s7d4c9d,dry,king_high,no_draw,エア,100,70.05,BET
b5_river_giveup/b5_09,river,OOP,SRP,9h8s7d4c9d,dry,ace_high,no_draw,エア,124,2.04,CHECK
b5_river_giveup/b5_10,river,OOP,SRP,9h8s7d4c4h,dry,low_pair,no_draw,アンダーペア,24,95.33,BET
b5_river_giveup/b5_10,river,OOP,SRP,9h8s7d4c4h,dry,no_made_hand,no_draw,エア,132,93.46,BET
b5_river_giveup/b5_10,river,OOP,SRP,9h8s7d4c4h,dry,trips,no_draw,2P+,48,92.97,BET
b5_river_giveup/b5_10,river,OOP,SRP,9h8s7d4c4h,dry,quads,no_draw,2P+,1,7.42,CHECK
b5_river_giveup/b5_10,river,OOP,SRP,9h8s7d4c4h,dry,straight,no_draw,2P+,36,98.59,BET
b5_river_giveup/b5_10,river,OOP,SRP,9h8s7d4c4h,dry,third_pair,no_draw,アンダーペア,90,99.87,BET
b5_river_giveup/b5_10,river,OOP,SRP,9h8s7d4c4h,dry,fullhouse,no_draw,2P+,13,95.64,BET
b5_river_giveup/b5_10,river,OOP,SRP,9h8s7d4c4h,dry,second_pair,no_draw,アンダーペア,99,99.98,BET
b5_river_giveup/b5_10,river,OOP,SRP,9h8s7d4c4h,dry,top_pair,no_draw,TP+,99,85.95,BET
b5_river_giveup/b5_10,river,OOP,SRP,9h8s7d4c4h,dry,overpair,no_draw,TP+,18,40.3,CHECK
b5_river_giveup/b5_10,river,OOP,SRP,9h8s7d4c4h,dry,king_high,no_draw,エア,100,58.3,BET
b5_river_giveup/b5_10,river,OOP,SRP,9h8s7d4c4h,dry,ace_high,no_draw,エア,124,1.12,CHECK
b5_river_giveup/b5_11,river,OOP,SRP,QhJd4s7c2h,dry,set,no_draw,2P+,15,86.01,BET
b5_river_giveup/b5_11,river,OOP,SRP,QhJd4s7c2h,dry,low_pair,no_draw,アンダーペア,120,0.01,CHECK
b5_river_giveup/b5_11,river,OOP,SRP,QhJd4s7c2h,dry,two_pair,no_draw,2P+,42,59.35,BET
b5_river_giveup/b5_11,river,OOP,SRP,QhJd4s7c2h,dry,no_made_hand,no_draw,エア,156,94.24,BET
b5_river_giveup/b5_11,river,OOP,SRP,QhJd4s7c2h,dry,third_pair,no_draw,アンダーペア,105,9.15,CHECK
b5_river_giveup/b5_11,river,OOP,SRP,QhJd4s7c2h,dry,second_pair,no_draw,アンダーペア,69,0.01,CHECK
b5_river_giveup/b5_11,river,OOP,SRP,QhJd4s7c2h,dry,top_pair,no_draw,TP+,87,99.64,BET
b5_river_giveup/b5_11,river,OOP,SRP,QhJd4s7c2h,dry,king_high,no_draw,エア,96,98.3,BET
b5_river_giveup/b5_11,river,OOP,SRP,QhJd4s7c2h,dry,ace_high,no_draw,エア,108,38.62,CHECK
b5_river_giveup/b5_12,river,OOP,SRP,QhJd4s7cTd,dry,low_pair,no_draw,アンダーペア,183,6.5,CHECK
b5_river_giveup/b5_12,river,OOP,SRP,QhJd4s7cTd,dry,no_made_hand,no_draw,エア,116,99.97,BET
b5_river_giveup/b5_12,river,OOP,SRP,QhJd4s7cTd,dry,set,no_draw,2P+,15,22.18,CHECK
b5_river_giveup/b5_12,river,OOP,SRP,QhJd4s7cTd,dry,two_pair,no_draw,2P+,62,55.11,BET
b5_river_giveup/b5_12,river,OOP,SRP,QhJd4s7cTd,dry,straight,no_draw,2P+,44,46.75,CHECK
b5_river_giveup/b5_12,river,OOP,SRP,QhJd4s7cTd,dry,third_pair,no_draw,アンダーペア,60,0.01,CHECK
b5_river_giveup/b5_12,river,OOP,SRP,QhJd4s7cTd,dry,second_pair,no_draw,アンダーペア,60,25.99,CHECK
b5_river_giveup/b5_12,river,OOP,SRP,QhJd4s7cTd,dry,top_pair,no_draw,TP+,78,97.83,BET
b5_river_giveup/b5_12,river,OOP,SRP,QhJd4s7cTd,dry,king_high,no_draw,エア,68,99.98,BET
b5_river_giveup/b5_12,river,OOP,SRP,QhJd4s7cTd,dry,ace_high,no_draw,エア,96,99.95,BET
b5_river_giveup/b5_13,river,OOP,SRP,QhJd4s7cAh,dry,low_pair,no_draw,アンダーペア,180,44.89,CHECK
b5_river_giveup/b5_13,river,OOP,SRP,QhJd4s7cAh,dry,no_made_hand,no_draw,エア,180,90.11,BET
b5_river_giveup/b5_13,river,OOP,SRP,QhJd4s7cAh,dry,set,no_draw,2P+,12,0.16,CHECK
b5_river_giveup/b5_13,river,OOP,SRP,QhJd4s7cAh,dry,two_pair,no_draw,2P+,69,83.67,BET
b5_river_giveup/b5_13,river,OOP,SRP,QhJd4s7cAh,dry,third_pair,no_draw,アンダーペア,60,2.25,CHECK
b5_river_giveup/b5_13,river,OOP,SRP,QhJd4s7cAh,dry,second_pair,no_draw,アンダーペア,78,86.24,BET
b5_river_giveup/b5_13,river,OOP,SRP,QhJd4s7cAh,dry,king_high,no_draw,エア,84,78.96,BET
b5_river_giveup/b5_13,river,OOP,SRP,QhJd4s7cAh,dry,straight,no_draw,2P+,16,0.15,CHECK
b5_river_giveup/b5_13,river,OOP,SRP,QhJd4s7cAh,dry,top_pair,no_draw,TP+,93,99.96,BET
b5_river_giveup/b5_14,river,OOP,SRP,QhJd4s7cQd,dry,low_pair,no_draw,アンダーペア,96,0.0,CHECK
b5_river_giveup/b5_14,river,OOP,SRP,QhJd4s7cQd,dry,no_made_hand,no_draw,エア,180,84.25,BET
b5_river_giveup/b5_14,river,OOP,SRP,QhJd4s7cQd,dry,fullhouse,no_draw,2P+,22,77.82,BET
b5_river_giveup/b5_14,river,OOP,SRP,QhJd4s7cQd,dry,third_pair,no_draw,アンダーペア,110,0.75,CHECK
b5_river_giveup/b5_14,river,OOP,SRP,QhJd4s7cQd,dry,second_pair,no_draw,アンダーペア,83,19.96,CHECK
b5_river_giveup/b5_14,river,OOP,SRP,QhJd4s7cQd,dry,trips,no_draw,2P+,60,72.27,BET
b5_river_giveup/b5_14,river,OOP,SRP,QhJd4s7cQd,dry,quads,no_draw,2P+,1,99.09,BET
b5_river_giveup/b5_14,river,OOP,SRP,QhJd4s7cQd,dry,king_high,no_draw,エア,100,92.21,BET
b5_river_giveup/b5_14,river,OOP,SRP,QhJd4s7cQd,dry,ace_high,no_draw,エア,124,12.73,CHECK
b5_river_giveup/b5_15,river,OOP,SRP,QhJd4s7c7d,dry,low_pair,no_draw,アンダーペア,96,2.47,CHECK
b5_river_giveup/b5_15,river,OOP,SRP,QhJd4s7c7d,dry,no_made_hand,no_draw,エア,180,93.72,BET
b5_river_giveup/b5_15,river,OOP,SRP,QhJd4s7c7d,dry,fullhouse,no_draw,2P+,22,99.22,BET
b5_river_giveup/b5_15,river,OOP,SRP,QhJd4s7c7d,dry,trips,no_draw,2P+,60,8.92,CHECK
b5_river_giveup/b5_15,river,OOP,SRP,QhJd4s7c7d,dry,quads,no_draw,2P+,1,0.57,CHECK
b5_river_giveup/b5_15,river,OOP,SRP,QhJd4s7c7d,dry,third_pair,no_draw,アンダーペア,18,2.73,CHECK
b5_river_giveup/b5_15,river,OOP,SRP,QhJd4s7c7d,dry,second_pair,no_draw,アンダーペア,74,96.8,BET
b5_river_giveup/b5_15,river,OOP,SRP,QhJd4s7c7d,dry,top_pair,no_draw,TP+,101,53.06,BET
b5_river_giveup/b5_15,river,OOP,SRP,QhJd4s7c7d,dry,king_high,no_draw,エア,100,75.63,BET
b5_river_giveup/b5_15,river,OOP,SRP,QhJd4s7c7d,dry,ace_high,no_draw,エア,124,1.73,CHECK
R3_flop_dry_high_A94_ip_post_check,flop,IP,SRP,As9c4d,dry,low_pair,no_draw,アンダーペア,12,67.35,BET
R3_flop_dry_high_A94_ip_post_check,flop,IP,SRP,As9c4d,dry,set,no_draw,2P+,9,99.98,BET
R3_flop_dry_high_A94_ip_post_check,flop,IP,SRP,As9c4d,dry,third_pair,twocards_bdfd,アンダーペア,10,98.91,BET
R3_flop_dry_high_A94_ip_post_check,flop,IP,SRP,As9c4d,dry,third_pair,no_draw,アンダーペア,29,42.27,CHECK
R3_flop_dry_high_A94_ip_post_check,flop,IP,SRP,As9c4d,dry,no_made_hand,twocards_bdfd,エア,63,72.25,BET
R3_flop_dry_high_A94_ip_post_check,flop,IP,SRP,As9c4d,dry,no_made_hand,no_draw,エア,81,85.75,BET
R3_flop_dry_high_A94_ip_post_check,flop,IP,SRP,As9c4d,dry,second_pair,twocards_bdfd,アンダーペア,14,99.05,BET
R3_flop_dry_high_A94_ip_post_check,flop,IP,SRP,As9c4d,dry,second_pair,no_draw,アンダーペア,52,59.2,BET
R3_flop_dry_high_A94_ip_post_check,flop,IP,SRP,As9c4d,dry,underpair,no_draw,アンダーペア,24,50.02,BET
R3_flop_dry_high_A94_ip_post_check,flop,IP,SRP,As9c4d,dry,king_high,twocards_bdfd,エア,27,54.47,BET
R3_flop_dry_high_A94_ip_post_check,flop,IP,SRP,As9c4d,dry,king_high,no_draw,エア,57,62.07,BET
R3_flop_dry_high_A94_ip_post_check,flop,IP,SRP,As9c4d,dry,top_pair,twocards_bdfd,TP+,20,81.17,BET
R3_flop_dry_high_A94_ip_post_check,flop,IP,SRP,As9c4d,dry,two_pair,twocards_bdfd,2P+,2,70.42,BET
R3_flop_dry_high_A94_ip_post_check,flop,IP,SRP,As9c4d,dry,two_pair,no_draw,2P+,16,80.81,BET
R3_flop_dry_high_A94_ip_post_check,flop,IP,SRP,As9c4d,dry,top_pair,no_draw,TP+,82,66.59,BET
R3_flop_dry_high_A94_open,flop,OOP,SRP,As9c4d,dry,low_pair,no_draw,アンダーペア,12,0.04,CHECK
R3_flop_dry_high_A94_open,flop,OOP,SRP,As9c4d,dry,no_made_hand,gutshot,エア,12,0.21,CHECK
R3_flop_dry_high_A94_open,flop,OOP,SRP,As9c4d,dry,third_pair,twocards_bdfd,アンダーペア,20,0.09,CHECK
R3_flop_dry_high_A94_open,flop,OOP,SRP,As9c4d,dry,third_pair,no_draw,アンダーペア,43,0.04,CHECK
R3_flop_dry_high_A94_open,flop,OOP,SRP,As9c4d,dry,set,no_draw,2P+,6,0.32,CHECK
R3_flop_dry_high_A94_open,flop,OOP,SRP,As9c4d,dry,no_made_hand,twocards_bdfd,エア,90,0.05,CHECK
R3_flop_dry_high_A94_open,flop,OOP,SRP,As9c4d,dry,no_made_hand,no_draw,エア,138,0.02,CHECK
R3_flop_dry_high_A94_open,flop,OOP,SRP,As9c4d,dry,second_pair,twocards_bdfd,アンダーペア,18,0.02,CHECK
R3_flop_dry_high_A94_open,flop,OOP,SRP,As9c4d,dry,second_pair,no_draw,アンダーペア,63,0.02,CHECK
R3_flop_dry_high_A94_open,flop,OOP,SRP,As9c4d,dry,two_pair,no_draw,2P+,17,0.17,CHECK
R3_flop_dry_high_A94_open,flop,OOP,SRP,As9c4d,dry,two_pair,twocards_bdfd,2P+,3,0.17,CHECK
R3_flop_dry_high_A94_open,flop,OOP,SRP,As9c4d,dry,underpair,no_draw,アンダーペア,6,0.02,CHECK
R3_flop_dry_high_A94_open,flop,OOP,SRP,As9c4d,dry,king_high,twocards_bdfd,エア,27,0.02,CHECK
R3_flop_dry_high_A94_open,flop,OOP,SRP,As9c4d,dry,king_high,no_draw,エア,93,0.02,CHECK
R3_flop_dry_high_A94_open,flop,OOP,SRP,As9c4d,dry,top_pair,twocards_bdfd,TP+,16,0.04,CHECK
R3_flop_dry_high_A94_open,flop,OOP,SRP,As9c4d,dry,top_pair,no_draw,TP+,89,0.03,CHECK
R3_flop_dry_high_J84_ip_post_check,flop,IP,SRP,Jh8s4d,dry,low_pair,no_draw,アンダーペア,12,0.74,CHECK
R3_flop_dry_high_J84_ip_post_check,flop,IP,SRP,Jh8s4d,dry,set,no_draw,2P+,9,99.99,BET
R3_flop_dry_high_J84_ip_post_check,flop,IP,SRP,Jh8s4d,dry,third_pair,no_draw,アンダーペア,32,8.09,CHECK
R3_flop_dry_high_J84_ip_post_check,flop,IP,SRP,Jh8s4d,dry,third_pair,twocards_bdfd,アンダーペア,10,43.43,CHECK
R3_flop_dry_high_J84_ip_post_check,flop,IP,SRP,Jh8s4d,dry,no_made_hand,gutshot,エア,52,61.23,BET
R3_flop_dry_high_J84_ip_post_check,flop,IP,SRP,Jh8s4d,dry,second_pair,no_draw,アンダーペア,44,10.49,CHECK
R3_flop_dry_high_J84_ip_post_check,flop,IP,SRP,Jh8s4d,dry,second_pair,twocards_bdfd,アンダーペア,16,46.46,CHECK
R3_flop_dry_high_J84_ip_post_check,flop,IP,SRP,Jh8s4d,dry,no_made_hand,no_draw,エア,6,37.24,CHECK
R3_flop_dry_high_J84_ip_post_check,flop,IP,SRP,Jh8s4d,dry,no_made_hand,twocards_bdfd,エア,18,73.05,BET
R3_flop_dry_high_J84_ip_post_check,flop,IP,SRP,Jh8s4d,dry,underpair,no_draw,アンダーペア,12,0.03,CHECK
R3_flop_dry_high_J84_ip_post_check,flop,IP,SRP,Jh8s4d,dry,no_made_hand,oesd,エア,16,65.47,BET
R3_flop_dry_high_J84_ip_post_check,flop,IP,SRP,Jh8s4d,dry,two_pair,no_draw,2P+,9,100.0,BET
R3_flop_dry_high_J84_ip_post_check,flop,IP,SRP,Jh8s4d,dry,top_pair,no_draw,TP+,53,49.11,CHECK
R3_flop_dry_high_J84_ip_post_check,flop,IP,SRP,Jh8s4d,dry,top_pair,twocards_bdfd,TP+,16,64.87,BET
R3_flop_dry_high_J84_ip_post_check,flop,IP,SRP,Jh8s4d,dry,two_pair,twocards_bdfd,2P+,2,99.99,BET
R3_flop_dry_high_J84_ip_post_check,flop,IP,SRP,Jh8s4d,dry,overpair,no_draw,TP+,18,99.92,BET
R3_flop_dry_high_J84_ip_post_check,flop,IP,SRP,Jh8s4d,dry,king_high,no_draw,エア,44,71.18,BET
R3_flop_dry_high_J84_ip_post_check,flop,IP,SRP,Jh8s4d,dry,king_high,twocards_bdfd,エア,24,58.39,BET
R3_flop_dry_high_J84_ip_post_check,flop,IP,SRP,Jh8s4d,dry,ace_high,no_draw,エア,93,43.22,CHECK
R3_flop_dry_high_J84_ip_post_check,flop,IP,SRP,Jh8s4d,dry,ace_high,twocards_bdfd,エア,27,24.43,CHECK
R3_flop_dry_high_J84_open,flop,OOP,SRP,Jh8s4d,dry,low_pair,no_draw,アンダーペア,12,0.02,CHECK
R3_flop_dry_high_J84_open,flop,OOP,SRP,Jh8s4d,dry,no_made_hand,no_draw,エア,18,0.02,CHECK
R3_flop_dry_high_J84_open,flop,OOP,SRP,Jh8s4d,dry,no_made_hand,twocards_bdfd,エア,54,0.02,CHECK
R3_flop_dry_high_J84_open,flop,OOP,SRP,Jh8s4d,dry,third_pair,no_draw,アンダーペア,46,0.09,CHECK
R3_flop_dry_high_J84_open,flop,OOP,SRP,Jh8s4d,dry,third_pair,twocards_bdfd,アンダーペア,20,0.12,CHECK
R3_flop_dry_high_J84_open,flop,OOP,SRP,Jh8s4d,dry,set,no_draw,2P+,6,0.24,CHECK
R3_flop_dry_high_J84_open,flop,OOP,SRP,Jh8s4d,dry,no_made_hand,gutshot,エア,88,0.17,CHECK
R3_flop_dry_high_J84_open,flop,OOP,SRP,Jh8s4d,dry,two_pair,no_draw,2P+,10,0.23,CHECK
R3_flop_dry_high_J84_open,flop,OOP,SRP,Jh8s4d,dry,second_pair,no_draw,アンダーペア,62,0.17,CHECK
R3_flop_dry_high_J84_open,flop,OOP,SRP,Jh8s4d,dry,second_pair,twocards_bdfd,アンダーペア,16,0.1,CHECK
R3_flop_dry_high_J84_open,flop,OOP,SRP,Jh8s4d,dry,two_pair,twocards_bdfd,2P+,3,0.26,CHECK
R3_flop_dry_high_J84_open,flop,OOP,SRP,Jh8s4d,dry,underpair,no_draw,アンダーペア,12,0.22,CHECK
R3_flop_dry_high_J84_open,flop,OOP,SRP,Jh8s4d,dry,no_made_hand,oesd,エア,16,0.19,CHECK
R3_flop_dry_high_J84_open,flop,OOP,SRP,Jh8s4d,dry,top_pair,no_draw,TP+,55,0.16,CHECK
R3_flop_dry_high_J84_open,flop,OOP,SRP,Jh8s4d,dry,top_pair,twocards_bdfd,TP+,20,0.18,CHECK
R3_flop_dry_high_J84_open,flop,OOP,SRP,Jh8s4d,dry,king_high,no_draw,エア,80,0.04,CHECK
R3_flop_dry_high_J84_open,flop,OOP,SRP,Jh8s4d,dry,king_high,twocards_bdfd,エア,24,0.19,CHECK
R3_flop_dry_high_J84_open,flop,OOP,SRP,Jh8s4d,dry,ace_high,no_draw,エア,103,0.02,CHECK
R3_flop_dry_high_J84_open,flop,OOP,SRP,Jh8s4d,dry,ace_high,twocards_bdfd,エア,21,0.14,CHECK
R3_flop_dry_high_K72_ip_post_check,flop,IP,SRP,Ks7d2c,dry,set,no_draw,2P+,9,98.9,BET
R3_flop_dry_high_K72_ip_post_check,flop,IP,SRP,Ks7d2c,dry,third_pair,no_draw,アンダーペア,25,82.36,BET
R3_flop_dry_high_K72_ip_post_check,flop,IP,SRP,Ks7d2c,dry,no_made_hand,twocards_bdfd,エア,72,86.27,BET
R3_flop_dry_high_K72_ip_post_check,flop,IP,SRP,Ks7d2c,dry,no_made_hand,no_draw,エア,132,84.8,BET
R3_flop_dry_high_K72_ip_post_check,flop,IP,SRP,Ks7d2c,dry,second_pair,twocards_bdfd,アンダーペア,16,84.67,BET
R3_flop_dry_high_K72_ip_post_check,flop,IP,SRP,Ks7d2c,dry,second_pair,no_draw,アンダーペア,17,91.27,BET
R3_flop_dry_high_K72_ip_post_check,flop,IP,SRP,Ks7d2c,dry,underpair,no_draw,アンダーペア,30,81.6,BET
R3_flop_dry_high_K72_ip_post_check,flop,IP,SRP,Ks7d2c,dry,top_pair,twocards_bdfd,TP+,20,87.29,BET
R3_flop_dry_high_K72_ip_post_check,flop,IP,SRP,Ks7d2c,dry,two_pair,twocards_bdfd,2P+,2,92.94,BET
R3_flop_dry_high_K72_ip_post_check,flop,IP,SRP,Ks7d2c,dry,top_pair,no_draw,TP+,64,88.56,BET
R3_flop_dry_high_K72_ip_post_check,flop,IP,SRP,Ks7d2c,dry,two_pair,no_draw,2P+,2,98.94,BET
R3_flop_dry_high_K72_ip_post_check,flop,IP,SRP,Ks7d2c,dry,ace_high,twocards_bdfd,エア,27,80.81,BET
R3_flop_dry_high_K72_ip_post_check,flop,IP,SRP,Ks7d2c,dry,ace_high,no_draw,エア,105,77.49,BET
R3_flop_dry_high_K72_ip_post_check,flop,IP,SRP,Ks7d2c,dry,third_pair,twocards_bdfd,アンダーペア,2,99.98,BET
R3_flop_dry_high_K72_ip_post_check,flop,IP,SRP,Ks7d2c,dry,overpair,no_draw,TP+,6,92.01,BET
R3_flop_dry_high_K72_open,flop,OOP,SRP,Ks7d2c,dry,set,no_draw,2P+,6,0.35,CHECK
R3_flop_dry_high_K72_open,flop,OOP,SRP,Ks7d2c,dry,third_pair,twocards_bdfd,アンダーペア,16,0.24,CHECK
R3_flop_dry_high_K72_open,flop,OOP,SRP,Ks7d2c,dry,third_pair,no_draw,アンダーペア,41,0.18,CHECK
R3_flop_dry_high_K72_open,flop,OOP,SRP,Ks7d2c,dry,no_made_hand,twocards_bdfd,エア,105,0.18,CHECK
R3_flop_dry_high_K72_open,flop,OOP,SRP,Ks7d2c,dry,no_made_hand,no_draw,エア,179,0.08,CHECK
R3_flop_dry_high_K72_open,flop,OOP,SRP,Ks7d2c,dry,second_pair,twocards_bdfd,アンダーペア,20,0.19,CHECK
R3_flop_dry_high_K72_open,flop,OOP,SRP,Ks7d2c,dry,second_pair,no_draw,アンダーペア,46,0.21,CHECK
R3_flop_dry_high_K72_open,flop,OOP,SRP,Ks7d2c,dry,underpair,no_draw,アンダーペア,18,0.11,CHECK
R3_flop_dry_high_K72_open,flop,OOP,SRP,Ks7d2c,dry,top_pair,twocards_bdfd,TP+,18,0.23,CHECK
R3_flop_dry_high_K72_open,flop,OOP,SRP,Ks7d2c,dry,top_pair,no_draw,TP+,72,0.21,CHECK
R3_flop_dry_high_K72_open,flop,OOP,SRP,Ks7d2c,dry,two_pair,twocards_bdfd,2P+,2,0.32,CHECK
R3_flop_dry_high_K72_open,flop,OOP,SRP,Ks7d2c,dry,two_pair,no_draw,2P+,9,0.31,CHECK
R3_flop_dry_high_K72_open,flop,OOP,SRP,Ks7d2c,dry,ace_high,twocards_bdfd,エア,24,0.19,CHECK
R3_flop_dry_high_K72_open,flop,OOP,SRP,Ks7d2c,dry,ace_high,no_draw,エア,116,0.12,CHECK
R3_flop_dry_high_Q73_ip_post_check,flop,IP,SRP,Qh7s3c,dry,low_pair,no_draw,アンダーペア,6,77.56,BET
R3_flop_dry_high_Q73_ip_post_check,flop,IP,SRP,Qh7s3c,dry,set,no_draw,2P+,9,99.98,BET
R3_flop_dry_high_Q73_ip_post_check,flop,IP,SRP,Qh7s3c,dry,third_pair,no_draw,アンダーペア,20,73.79,BET
R3_flop_dry_high_Q73_ip_post_check,flop,IP,SRP,Qh7s3c,dry,no_made_hand,gutshot,エア,12,96.4,BET
R3_flop_dry_high_Q73_ip_post_check,flop,IP,SRP,Qh7s3c,dry,second_pair,twocards_bdfd,アンダーペア,16,92.53,BET
R3_flop_dry_high_Q73_ip_post_check,flop,IP,SRP,Qh7s3c,dry,second_pair,no_draw,アンダーペア,17,79.31,BET
R3_flop_dry_high_Q73_ip_post_check,flop,IP,SRP,Qh7s3c,dry,no_made_hand,twocards_bdfd,エア,39,78.49,BET
R3_flop_dry_high_Q73_ip_post_check,flop,IP,SRP,Qh7s3c,dry,no_made_hand,no_draw,エア,85,79.08,BET
R3_flop_dry_high_Q73_ip_post_check,flop,IP,SRP,Qh7s3c,dry,underpair,no_draw,アンダーペア,24,77.32,BET
R3_flop_dry_high_Q73_ip_post_check,flop,IP,SRP,Qh7s3c,dry,top_pair,twocards_bdfd,TP+,18,92.93,BET
R3_flop_dry_high_Q73_ip_post_check,flop,IP,SRP,Qh7s3c,dry,two_pair,twocards_bdfd,2P+,2,99.71,BET
R3_flop_dry_high_Q73_ip_post_check,flop,IP,SRP,Qh7s3c,dry,top_pair,no_draw,TP+,54,84.05,BET
R3_flop_dry_high_Q73_ip_post_check,flop,IP,SRP,Qh7s3c,dry,two_pair,no_draw,2P+,2,99.86,BET
R3_flop_dry_high_Q73_ip_post_check,flop,IP,SRP,Qh7s3c,dry,king_high,twocards_bdfd,エア,24,88.37,BET
R3_flop_dry_high_Q73_ip_post_check,flop,IP,SRP,Qh7s3c,dry,king_high,no_draw,エア,56,81.31,BET
R3_flop_dry_high_Q73_ip_post_check,flop,IP,SRP,Qh7s3c,dry,overpair,no_draw,TP+,12,92.59,BET
R3_flop_dry_high_Q73_ip_post_check,flop,IP,SRP,Qh7s3c,dry,third_pair,twocards_bdfd,アンダーペア,4,98.9,BET
R3_flop_dry_high_Q73_ip_post_check,flop,IP,SRP,Qh7s3c,dry,ace_high,twocards_bdfd,エア,27,66.42,BET
R3_flop_dry_high_Q73_ip_post_check,flop,IP,SRP,Qh7s3c,dry,ace_high,no_draw,エア,105,83.06,BET
R3_flop_dry_high_Q73_open,flop,OOP,SRP,Qh7s3c,dry,low_pair,no_draw,アンダーペア,6,0.01,CHECK
R3_flop_dry_high_Q73_open,flop,OOP,SRP,Qh7s3c,dry,third_pair,no_draw,アンダーペア,36,0.01,CHECK
R3_flop_dry_high_Q73_open,flop,OOP,SRP,Qh7s3c,dry,third_pair,twocards_bdfd,アンダーペア,18,0.02,CHECK
R3_flop_dry_high_Q73_open,flop,OOP,SRP,Qh7s3c,dry,set,no_draw,2P+,6,0.32,CHECK
R3_flop_dry_high_Q73_open,flop,OOP,SRP,Qh7s3c,dry,no_made_hand,twocards_bdfd,エア,69,0.06,CHECK
R3_flop_dry_high_Q73_open,flop,OOP,SRP,Qh7s3c,dry,no_made_hand,no_draw,エア,95,0.02,CHECK
R3_flop_dry_high_Q73_open,flop,OOP,SRP,Qh7s3c,dry,no_made_hand,gutshot,エア,36,0.15,CHECK
R3_flop_dry_high_Q73_open,flop,OOP,SRP,Qh7s3c,dry,second_pair,twocards_bdfd,アンダーペア,18,0.02,CHECK
R3_flop_dry_high_Q73_open,flop,OOP,SRP,Qh7s3c,dry,second_pair,no_draw,アンダーペア,54,0.02,CHECK
R3_flop_dry_high_Q73_open,flop,OOP,SRP,Qh7s3c,dry,two_pair,no_draw,2P+,3,0.24,CHECK
R3_flop_dry_high_Q73_open,flop,OOP,SRP,Qh7s3c,dry,two_pair,twocards_bdfd,2P+,3,0.24,CHECK
R3_flop_dry_high_Q73_open,flop,OOP,SRP,Qh7s3c,dry,underpair,no_draw,アンダーペア,18,0.02,CHECK
R3_flop_dry_high_Q73_open,flop,OOP,SRP,Qh7s3c,dry,top_pair,twocards_bdfd,TP+,18,0.05,CHECK
R3_flop_dry_high_Q73_open,flop,OOP,SRP,Qh7s3c,dry,top_pair,no_draw,TP+,63,0.07,CHECK
R3_flop_dry_high_Q73_open,flop,OOP,SRP,Qh7s3c,dry,king_high,twocards_bdfd,エア,24,0.15,CHECK
R3_flop_dry_high_Q73_open,flop,OOP,SRP,Qh7s3c,dry,king_high,no_draw,エア,80,0.03,CHECK
R3_flop_dry_high_Q73_open,flop,OOP,SRP,Qh7s3c,dry,ace_high,twocards_bdfd,エア,24,0.01,CHECK
R3_flop_dry_high_Q73_open,flop,OOP,SRP,Qh7s3c,dry,ace_high,no_draw,エア,104,0.03,CHECK
R3_flop_dynamic_2tone_875_ip_post_check,flop,IP,SRP,8h7h5d,wet,low_pair,no_draw,アンダーペア,6,2.04,CHECK
R3_flop_dynamic_2tone_875_ip_post_check,flop,IP,SRP,8h7h5d,wet,low_pair,onecard_bdfd,アンダーペア,6,3.97,CHECK
R3_flop_dynamic_2tone_875_ip_post_check,flop,IP,SRP,8h7h5d,wet,low_pair,gutshot,アンダーペア,6,0.05,CHECK
R3_flop_dynamic_2tone_875_ip_post_check,flop,IP,SRP,8h7h5d,wet,third_pair,gutshot,アンダーペア,2,0.03,CHECK
R3_flop_dynamic_2tone_875_ip_post_check,flop,IP,SRP,8h7h5d,wet,third_pair,combo_draw,アンダーペア,2,29.34,CHECK
R3_flop_dynamic_2tone_875_ip_post_check,flop,IP,SRP,8h7h5d,wet,set,onecard_bdfd,2P+,2,98.24,BET
R3_flop_dynamic_2tone_875_ip_post_check,flop,IP,SRP,8h7h5d,wet,set,no_draw,2P+,7,71.01,BET
R3_flop_dynamic_2tone_875_ip_post_check,flop,IP,SRP,8h7h5d,wet,straight,no_draw,2P+,4,100.0,BET
R3_flop_dynamic_2tone_875_ip_post_check,flop,IP,SRP,8h7h5d,wet,third_pair,oesd,アンダーペア,8,17.32,CHECK
R3_flop_dynamic_2tone_875_ip_post_check,flop,IP,SRP,8h7h5d,wet,straight,twocards_bdfd,2P+,2,100.0,BET
R3_flop_dynamic_2tone_875_ip_post_check,flop,IP,SRP,8h7h5d,wet,straight,flush_draw,2P+,2,100.0,BET
R3_flop_dynamic_2tone_875_ip_post_check,flop,IP,SRP,8h7h5d,wet,two_pair,no_draw,2P+,6,28.96,CHECK
R3_flop_dynamic_2tone_875_ip_post_check,flop,IP,SRP,8h7h5d,wet,second_pair,oesd,アンダーペア,3,34.36,CHECK
R3_flop_dynamic_2tone_875_ip_post_check,flop,IP,SRP,8h7h5d,wet,top_pair,oesd,TP+,3,19.19,CHECK
R3_flop_dynamic_2tone_875_ip_post_check,flop,IP,SRP,8h7h5d,wet,two_pair,twocards_bdfd,2P+,1,99.92,BET
R3_flop_dynamic_2tone_875_ip_post_check,flop,IP,SRP,8h7h5d,wet,second_pair,gutshot,アンダーペア,3,2.7,CHECK
R3_flop_dynamic_2tone_875_ip_post_check,flop,IP,SRP,8h7h5d,wet,top_pair,gutshot,TP+,12,16.38,CHECK
R3_flop_dynamic_2tone_875_ip_post_check,flop,IP,SRP,8h7h5d,wet,overpair,gutshot,TP+,6,73.64,BET
R3_flop_dynamic_2tone_875_ip_post_check,flop,IP,SRP,8h7h5d,wet,no_made_hand,oesd,エア,39,35.76,CHECK
R3_flop_dynamic_2tone_875_ip_post_check,flop,IP,SRP,8h7h5d,wet,second_pair,no_draw,アンダーペア,16,0.21,CHECK
R3_flop_dynamic_2tone_875_ip_post_check,flop,IP,SRP,8h7h5d,wet,top_pair,no_draw,TP+,34,5.43,CHECK
R3_flop_dynamic_2tone_875_ip_post_check,flop,IP,SRP,8h7h5d,wet,second_pair,twocards_bdfd,アンダーペア,5,26.76,CHECK
R3_flop_dynamic_2tone_875_ip_post_check,flop,IP,SRP,8h7h5d,wet,top_pair,twocards_bdfd,TP+,5,69.38,BET
R3_flop_dynamic_2tone_875_ip_post_check,flop,IP,SRP,8h7h5d,wet,overpair,no_draw,TP+,15,8.85,CHECK
R3_flop_dynamic_2tone_875_ip_post_check,flop,IP,SRP,8h7h5d,wet,no_made_hand,combo_draw,エア,9,49.84,CHECK
R3_flop_dynamic_2tone_875_ip_post_check,flop,IP,SRP,8h7h5d,wet,top_pair,onecard_bdfd,TP+,12,29.93,CHECK
R3_flop_dynamic_2tone_875_ip_post_check,flop,IP,SRP,8h7h5d,wet,overpair,onecard_bdfd,TP+,15,30.09,CHECK
R3_flop_dynamic_2tone_875_ip_post_check,flop,IP,SRP,8h7h5d,wet,no_made_hand,gutshot,エア,36,29.93,CHECK
R3_flop_dynamic_2tone_875_ip_post_check,flop,IP,SRP,8h7h5d,wet,third_pair,no_draw,アンダーペア,12,0.05,CHECK
R3_flop_dynamic_2tone_875_ip_post_check,flop,IP,SRP,8h7h5d,wet,third_pair,flush_draw,アンダーペア,3,82.55,BET
R3_flop_dynamic_2tone_875_ip_post_check,flop,IP,SRP,8h7h5d,wet,no_made_hand,no_draw,エア,18,59.86,BET
R3_flop_dynamic_2tone_875_ip_post_check,flop,IP,SRP,8h7h5d,wet,no_made_hand,onecard_bdfd,エア,12,62.51,BET
R3_flop_dynamic_2tone_875_ip_post_check,flop,IP,SRP,8h7h5d,wet,no_made_hand,twocards_bdfd,エア,3,32.22,CHECK
R3_flop_dynamic_2tone_875_ip_post_check,flop,IP,SRP,8h7h5d,wet,no_made_hand,flush_draw,エア,3,47.41,CHECK
R3_flop_dynamic_2tone_875_ip_post_check,flop,IP,SRP,8h7h5d,wet,king_high,no_draw,エア,28,35.45,CHECK
R3_flop_dynamic_2tone_875_ip_post_check,flop,IP,SRP,8h7h5d,wet,king_high,gutshot,エア,18,26.0,CHECK
R3_flop_dynamic_2tone_875_ip_post_check,flop,IP,SRP,8h7h5d,wet,king_high,oesd,エア,3,27.95,CHECK
R3_flop_dynamic_2tone_875_ip_post_check,flop,IP,SRP,8h7h5d,wet,king_high,onecard_bdfd,エア,18,55.91,BET
R3_flop_dynamic_2tone_875_ip_post_check,flop,IP,SRP,8h7h5d,wet,king_high,twocards_bdfd,エア,5,30.04,CHECK
R3_flop_dynamic_2tone_875_ip_post_check,flop,IP,SRP,8h7h5d,wet,king_high,flush_draw,エア,5,41.78,CHECK
R3_flop_dynamic_2tone_875_ip_post_check,flop,IP,SRP,8h7h5d,wet,king_high,combo_draw,エア,3,69.06,BET
R3_flop_dynamic_2tone_875_ip_post_check,flop,IP,SRP,8h7h5d,wet,ace_high,no_draw,エア,36,12.47,CHECK
R3_flop_dynamic_2tone_875_ip_post_check,flop,IP,SRP,8h7h5d,wet,ace_high,gutshot,エア,30,14.86,CHECK
R3_flop_dynamic_2tone_875_ip_post_check,flop,IP,SRP,8h7h5d,wet,third_pair,onecard_bdfd,アンダーペア,5,8.26,CHECK
R3_flop_dynamic_2tone_875_ip_post_check,flop,IP,SRP,8h7h5d,wet,ace_high,oesd,エア,15,42.42,CHECK
R3_flop_dynamic_2tone_875_ip_post_check,flop,IP,SRP,8h7h5d,wet,ace_high,onecard_bdfd,エア,24,7.64,CHECK
R3_flop_dynamic_2tone_875_ip_post_check,flop,IP,SRP,8h7h5d,wet,ace_high,twocards_bdfd,エア,6,1.71,CHECK
R3_flop_dynamic_2tone_875_ip_post_check,flop,IP,SRP,8h7h5d,wet,ace_high,nut_flush_draw,エア,6,39.57,CHECK
R3_flop_dynamic_2tone_875_ip_post_check,flop,IP,SRP,8h7h5d,wet,ace_high,combo_draw,エア,3,86.82,BET
R3_flop_dynamic_2tone_875_ip_post_check,flop,IP,SRP,8h7h5d,wet,third_pair,nut_flush_draw,アンダーペア,1,73.13,BET
R3_flop_dynamic_2tone_875_ip_post_check,flop,IP,SRP,8h7h5d,wet,second_pair,onecard_bdfd,アンダーペア,3,39.29,CHECK
R3_flop_dynamic_2tone_875_open,flop,OOP,SRP,8h7h5d,wet,low_pair,no_draw,アンダーペア,6,0.01,CHECK
R3_flop_dynamic_2tone_875_open,flop,OOP,SRP,8h7h5d,wet,low_pair,onecard_bdfd,アンダーペア,6,0.03,CHECK
R3_flop_dynamic_2tone_875_open,flop,OOP,SRP,8h7h5d,wet,no_made_hand,no_draw,エア,30,0.0,CHECK
R3_flop_dynamic_2tone_875_open,flop,OOP,SRP,8h7h5d,wet,no_made_hand,twocards_bdfd,エア,9,0.02,CHECK
R3_flop_dynamic_2tone_875_open,flop,OOP,SRP,8h7h5d,wet,no_made_hand,flush_draw,エア,9,0.17,CHECK
R3_flop_dynamic_2tone_875_open,flop,OOP,SRP,8h7h5d,wet,no_made_hand,gutshot,エア,51,0.06,CHECK
R3_flop_dynamic_2tone_875_open,flop,OOP,SRP,8h7h5d,wet,low_pair,gutshot,アンダーペア,6,0.03,CHECK
R3_flop_dynamic_2tone_875_open,flop,OOP,SRP,8h7h5d,wet,no_made_hand,combo_draw,エア,16,0.16,CHECK
R3_flop_dynamic_2tone_875_open,flop,OOP,SRP,8h7h5d,wet,third_pair,no_draw,アンダーペア,22,0.03,CHECK
R3_flop_dynamic_2tone_875_open,flop,OOP,SRP,8h7h5d,wet,third_pair,gutshot,アンダーペア,13,0.04,CHECK
R3_flop_dynamic_2tone_875_open,flop,OOP,SRP,8h7h5d,wet,third_pair,flush_draw,アンダーペア,6,0.07,CHECK
R3_flop_dynamic_2tone_875_open,flop,OOP,SRP,8h7h5d,wet,third_pair,combo_draw,アンダーペア,3,0.17,CHECK
R3_flop_dynamic_2tone_875_open,flop,OOP,SRP,8h7h5d,wet,set,onecard_bdfd,2P+,2,0.11,CHECK
R3_flop_dynamic_2tone_875_open,flop,OOP,SRP,8h7h5d,wet,set,no_draw,2P+,7,0.14,CHECK
R3_flop_dynamic_2tone_875_open,flop,OOP,SRP,8h7h5d,wet,no_made_hand,oesd,エア,45,0.14,CHECK
R3_flop_dynamic_2tone_875_open,flop,OOP,SRP,8h7h5d,wet,straight,no_draw,2P+,4,0.37,CHECK
R3_flop_dynamic_2tone_875_open,flop,OOP,SRP,8h7h5d,wet,third_pair,oesd,アンダーペア,17,0.05,CHECK
R3_flop_dynamic_2tone_875_open,flop,OOP,SRP,8h7h5d,wet,straight,twocards_bdfd,2P+,2,0.37,CHECK
R3_flop_dynamic_2tone_875_open,flop,OOP,SRP,8h7h5d,wet,straight,flush_draw,2P+,2,0.21,CHECK
R3_flop_dynamic_2tone_875_open,flop,OOP,SRP,8h7h5d,wet,second_pair,no_draw,アンダーペア,24,0.03,CHECK
R3_flop_dynamic_2tone_875_open,flop,OOP,SRP,8h7h5d,wet,second_pair,gutshot,アンダーペア,15,0.03,CHECK
R3_flop_dynamic_2tone_875_open,flop,OOP,SRP,8h7h5d,wet,two_pair,no_draw,2P+,12,0.1,CHECK
R3_flop_dynamic_2tone_875_open,flop,OOP,SRP,8h7h5d,wet,second_pair,oesd,アンダーペア,12,0.06,CHECK
R3_flop_dynamic_2tone_875_open,flop,OOP,SRP,8h7h5d,wet,second_pair,twocards_bdfd,アンダーペア,6,0.02,CHECK
R3_flop_dynamic_2tone_875_open,flop,OOP,SRP,8h7h5d,wet,top_pair,gutshot,TP+,15,0.05,CHECK
R3_flop_dynamic_2tone_875_open,flop,OOP,SRP,8h7h5d,wet,top_pair,oesd,TP+,3,0.07,CHECK
R3_flop_dynamic_2tone_875_open,flop,OOP,SRP,8h7h5d,wet,two_pair,twocards_bdfd,2P+,1,0.15,CHECK
R3_flop_dynamic_2tone_875_open,flop,OOP,SRP,8h7h5d,wet,overpair,gutshot,TP+,6,0.1,CHECK
R3_flop_dynamic_2tone_875_open,flop,OOP,SRP,8h7h5d,wet,top_pair,no_draw,TP+,40,0.02,CHECK
R3_flop_dynamic_2tone_875_open,flop,OOP,SRP,8h7h5d,wet,top_pair,twocards_bdfd,TP+,5,0.04,CHECK
R3_flop_dynamic_2tone_875_open,flop,OOP,SRP,8h7h5d,wet,overpair,no_draw,TP+,3,0.08,CHECK
R3_flop_dynamic_2tone_875_open,flop,OOP,SRP,8h7h5d,wet,top_pair,onecard_bdfd,TP+,15,0.04,CHECK
R3_flop_dynamic_2tone_875_open,flop,OOP,SRP,8h7h5d,wet,overpair,onecard_bdfd,TP+,3,0.08,CHECK
R3_flop_dynamic_2tone_875_open,flop,OOP,SRP,8h7h5d,wet,no_made_hand,onecard_bdfd,エア,12,0.06,CHECK
R3_flop_dynamic_2tone_875_open,flop,OOP,SRP,8h7h5d,wet,king_high,no_draw,エア,28,0.0,CHECK
R3_flop_dynamic_2tone_875_open,flop,OOP,SRP,8h7h5d,wet,king_high,gutshot,エア,18,0.09,CHECK
R3_flop_dynamic_2tone_875_open,flop,OOP,SRP,8h7h5d,wet,third_pair,onecard_bdfd,アンダーペア,10,0.03,CHECK
R3_flop_dynamic_2tone_875_open,flop,OOP,SRP,8h7h5d,wet,king_high,oesd,エア,15,0.25,CHECK
R3_flop_dynamic_2tone_875_open,flop,OOP,SRP,8h7h5d,wet,king_high,onecard_bdfd,エア,18,0.08,CHECK
R3_flop_dynamic_2tone_875_open,flop,OOP,SRP,8h7h5d,wet,king_high,twocards_bdfd,エア,5,0.02,CHECK
R3_flop_dynamic_2tone_875_open,flop,OOP,SRP,8h7h5d,wet,king_high,flush_draw,エア,5,0.16,CHECK
R3_flop_dynamic_2tone_875_open,flop,OOP,SRP,8h7h5d,wet,king_high,combo_draw,エア,3,0.29,CHECK
R3_flop_dynamic_2tone_875_open,flop,OOP,SRP,8h7h5d,wet,second_pair,onecard_bdfd,アンダーペア,6,0.02,CHECK
R3_flop_dynamic_2tone_875_open,flop,OOP,SRP,8h7h5d,wet,ace_high,no_draw,エア,38,0.0,CHECK
R3_flop_dynamic_2tone_875_open,flop,OOP,SRP,8h7h5d,wet,ace_high,onecard_bdfd,エア,30,0.14,CHECK
R3_flop_dynamic_2tone_875_open,flop,OOP,SRP,8h7h5d,wet,ace_high,gutshot,エア,30,0.08,CHECK
R3_flop_dynamic_2tone_875_open,flop,OOP,SRP,8h7h5d,wet,ace_high,oesd,エア,15,0.09,CHECK
R3_flop_dynamic_2tone_875_open,flop,OOP,SRP,8h7h5d,wet,ace_high,twocards_bdfd,エア,4,0.03,CHECK
R3_flop_dynamic_2tone_875_open,flop,OOP,SRP,8h7h5d,wet,ace_high,nut_flush_draw,エア,4,0.11,CHECK
R3_flop_dynamic_2tone_875_open,flop,OOP,SRP,8h7h5d,wet,ace_high,combo_draw,エア,3,0.31,CHECK
R3_flop_dynamic_2tone_875_open,flop,OOP,SRP,8h7h5d,wet,third_pair,nut_flush_draw,アンダーペア,1,0.06,CHECK
R3_flop_dynamic_2tone_J95_ip_post_check,flop,IP,SRP,Jc9c5d,dry,low_pair,onecard_bdfd,アンダーペア,9,64.19,BET
R3_flop_dynamic_2tone_J95_ip_post_check,flop,IP,SRP,Jc9c5d,dry,low_pair,no_draw,アンダーペア,9,0.67,CHECK
R3_flop_dynamic_2tone_J95_ip_post_check,flop,IP,SRP,Jc9c5d,dry,third_pair,flush_draw,アンダーペア,6,93.35,BET
R3_flop_dynamic_2tone_J95_ip_post_check,flop,IP,SRP,Jc9c5d,dry,third_pair,no_draw,アンダーペア,27,6.95,CHECK
R3_flop_dynamic_2tone_J95_ip_post_check,flop,IP,SRP,Jc9c5d,dry,set,onecard_bdfd,2P+,2,99.99,BET
R3_flop_dynamic_2tone_J95_ip_post_check,flop,IP,SRP,Jc9c5d,dry,set,no_draw,2P+,7,90.6,BET
R3_flop_dynamic_2tone_J95_ip_post_check,flop,IP,SRP,Jc9c5d,dry,no_made_hand,flush_draw,エア,6,13.89,CHECK
R3_flop_dynamic_2tone_J95_ip_post_check,flop,IP,SRP,Jc9c5d,dry,no_made_hand,twocards_bdfd,エア,6,76.44,BET
R3_flop_dynamic_2tone_J95_ip_post_check,flop,IP,SRP,Jc9c5d,dry,third_pair,onecard_bdfd,アンダーペア,14,12.7,CHECK
R3_flop_dynamic_2tone_J95_ip_post_check,flop,IP,SRP,Jc9c5d,dry,no_made_hand,no_draw,エア,12,49.66,CHECK
R3_flop_dynamic_2tone_J95_ip_post_check,flop,IP,SRP,Jc9c5d,dry,no_made_hand,combo_draw,エア,7,84.75,BET
R3_flop_dynamic_2tone_J95_ip_post_check,flop,IP,SRP,Jc9c5d,dry,no_made_hand,gutshot,エア,12,17.96,CHECK
R3_flop_dynamic_2tone_J95_ip_post_check,flop,IP,SRP,Jc9c5d,dry,no_made_hand,oesd,エア,33,69.41,BET
R3_flop_dynamic_2tone_J95_ip_post_check,flop,IP,SRP,Jc9c5d,dry,second_pair,twocards_bdfd,アンダーペア,7,57.87,BET
R3_flop_dynamic_2tone_J95_ip_post_check,flop,IP,SRP,Jc9c5d,dry,second_pair,onecard_bdfd,アンダーペア,15,35.29,CHECK
R3_flop_dynamic_2tone_J95_ip_post_check,flop,IP,SRP,Jc9c5d,dry,second_pair,no_draw,アンダーペア,44,4.15,CHECK
R3_flop_dynamic_2tone_J95_ip_post_check,flop,IP,SRP,Jc9c5d,dry,underpair,onecard_bdfd,アンダーペア,3,0.47,CHECK
R3_flop_dynamic_2tone_J95_ip_post_check,flop,IP,SRP,Jc9c5d,dry,underpair,no_draw,アンダーペア,3,0.01,CHECK
R3_flop_dynamic_2tone_J95_ip_post_check,flop,IP,SRP,Jc9c5d,dry,top_pair,twocards_bdfd,TP+,8,54.18,BET
R3_flop_dynamic_2tone_J95_ip_post_check,flop,IP,SRP,Jc9c5d,dry,top_pair,onecard_bdfd,TP+,15,19.9,CHECK
R3_flop_dynamic_2tone_J95_ip_post_check,flop,IP,SRP,Jc9c5d,dry,top_pair,no_draw,TP+,46,41.01,CHECK
R3_flop_dynamic_2tone_J95_ip_post_check,flop,IP,SRP,Jc9c5d,dry,two_pair,twocards_bdfd,2P+,1,99.98,BET
R3_flop_dynamic_2tone_J95_ip_post_check,flop,IP,SRP,Jc9c5d,dry,two_pair,no_draw,2P+,10,81.58,BET
R3_flop_dynamic_2tone_J95_ip_post_check,flop,IP,SRP,Jc9c5d,dry,overpair,onecard_bdfd,TP+,9,98.54,BET
R3_flop_dynamic_2tone_J95_ip_post_check,flop,IP,SRP,Jc9c5d,dry,overpair,no_draw,TP+,9,90.03,BET
R3_flop_dynamic_2tone_J95_ip_post_check,flop,IP,SRP,Jc9c5d,dry,king_high,flush_draw,エア,6,71.07,BET
R3_flop_dynamic_2tone_J95_ip_post_check,flop,IP,SRP,Jc9c5d,dry,king_high,onecard_bdfd,エア,6,96.35,BET
R3_flop_dynamic_2tone_J95_ip_post_check,flop,IP,SRP,Jc9c5d,dry,king_high,combo_draw,エア,2,88.68,BET
R3_flop_dynamic_2tone_J95_ip_post_check,flop,IP,SRP,Jc9c5d,dry,king_high,gutshot,エア,30,58.54,BET
R3_flop_dynamic_2tone_J95_ip_post_check,flop,IP,SRP,Jc9c5d,dry,king_high,twocards_bdfd,エア,6,87.21,BET
R3_flop_dynamic_2tone_J95_ip_post_check,flop,IP,SRP,Jc9c5d,dry,king_high,no_draw,エア,18,36.84,CHECK
R3_flop_dynamic_2tone_J95_ip_post_check,flop,IP,SRP,Jc9c5d,dry,ace_high,nut_flush_draw,エア,9,71.45,BET
R3_flop_dynamic_2tone_J95_ip_post_check,flop,IP,SRP,Jc9c5d,dry,ace_high,onecard_bdfd,エア,42,64.46,BET
R3_flop_dynamic_2tone_J95_ip_post_check,flop,IP,SRP,Jc9c5d,dry,third_pair,nut_flush_draw,アンダーペア,1,99.77,BET
R3_flop_dynamic_2tone_J95_ip_post_check,flop,IP,SRP,Jc9c5d,dry,ace_high,twocards_bdfd,エア,9,23.87,CHECK
R3_flop_dynamic_2tone_J95_ip_post_check,flop,IP,SRP,Jc9c5d,dry,ace_high,no_draw,エア,60,36.59,CHECK
R3_flop_dynamic_2tone_J95_open,flop,OOP,SRP,Jc9c5d,dry,low_pair,onecard_bdfd,アンダーペア,9,0.01,CHECK
R3_flop_dynamic_2tone_J95_open,flop,OOP,SRP,Jc9c5d,dry,low_pair,no_draw,アンダーペア,9,0.01,CHECK
R3_flop_dynamic_2tone_J95_open,flop,OOP,SRP,Jc9c5d,dry,no_made_hand,flush_draw,エア,18,0.04,CHECK
R3_flop_dynamic_2tone_J95_open,flop,OOP,SRP,Jc9c5d,dry,no_made_hand,twocards_bdfd,エア,18,0.01,CHECK
R3_flop_dynamic_2tone_J95_open,flop,OOP,SRP,Jc9c5d,dry,no_made_hand,no_draw,エア,36,0.01,CHECK
R3_flop_dynamic_2tone_J95_open,flop,OOP,SRP,Jc9c5d,dry,third_pair,flush_draw,アンダーペア,9,0.04,CHECK
R3_flop_dynamic_2tone_J95_open,flop,OOP,SRP,Jc9c5d,dry,third_pair,onecard_bdfd,アンダーペア,29,0.01,CHECK
R3_flop_dynamic_2tone_J95_open,flop,OOP,SRP,Jc9c5d,dry,third_pair,no_draw,アンダーペア,45,0.01,CHECK
R3_flop_dynamic_2tone_J95_open,flop,OOP,SRP,Jc9c5d,dry,set,onecard_bdfd,2P+,2,0.15,CHECK
R3_flop_dynamic_2tone_J95_open,flop,OOP,SRP,Jc9c5d,dry,set,no_draw,2P+,4,0.09,CHECK
R3_flop_dynamic_2tone_J95_open,flop,OOP,SRP,Jc9c5d,dry,no_made_hand,combo_draw,エア,7,0.05,CHECK
R3_flop_dynamic_2tone_J95_open,flop,OOP,SRP,Jc9c5d,dry,no_made_hand,gutshot,エア,36,0.01,CHECK
R3_flop_dynamic_2tone_J95_open,flop,OOP,SRP,Jc9c5d,dry,no_made_hand,oesd,エア,45,0.06,CHECK
R3_flop_dynamic_2tone_J95_open,flop,OOP,SRP,Jc9c5d,dry,second_pair,twocards_bdfd,アンダーペア,9,0.02,CHECK
R3_flop_dynamic_2tone_J95_open,flop,OOP,SRP,Jc9c5d,dry,second_pair,onecard_bdfd,アンダーペア,18,0.02,CHECK
R3_flop_dynamic_2tone_J95_open,flop,OOP,SRP,Jc9c5d,dry,second_pair,no_draw,アンダーペア,54,0.01,CHECK
R3_flop_dynamic_2tone_J95_open,flop,OOP,SRP,Jc9c5d,dry,two_pair,no_draw,2P+,12,0.07,CHECK
R3_flop_dynamic_2tone_J95_open,flop,OOP,SRP,Jc9c5d,dry,underpair,onecard_bdfd,アンダーペア,3,0.02,CHECK
R3_flop_dynamic_2tone_J95_open,flop,OOP,SRP,Jc9c5d,dry,underpair,no_draw,アンダーペア,3,0.01,CHECK
R3_flop_dynamic_2tone_J95_open,flop,OOP,SRP,Jc9c5d,dry,top_pair,twocards_bdfd,TP+,10,0.03,CHECK
R3_flop_dynamic_2tone_J95_open,flop,OOP,SRP,Jc9c5d,dry,top_pair,onecard_bdfd,TP+,15,0.04,CHECK
R3_flop_dynamic_2tone_J95_open,flop,OOP,SRP,Jc9c5d,dry,top_pair,no_draw,TP+,50,0.03,CHECK
R3_flop_dynamic_2tone_J95_open,flop,OOP,SRP,Jc9c5d,dry,two_pair,twocards_bdfd,2P+,1,0.08,CHECK
R3_flop_dynamic_2tone_J95_open,flop,OOP,SRP,Jc9c5d,dry,king_high,flush_draw,エア,6,0.07,CHECK
R3_flop_dynamic_2tone_J95_open,flop,OOP,SRP,Jc9c5d,dry,king_high,onecard_bdfd,エア,18,0.01,CHECK
R3_flop_dynamic_2tone_J95_open,flop,OOP,SRP,Jc9c5d,dry,king_high,combo_draw,エア,2,0.04,CHECK
R3_flop_dynamic_2tone_J95_open,flop,OOP,SRP,Jc9c5d,dry,king_high,gutshot,エア,30,0.04,CHECK
R3_flop_dynamic_2tone_J95_open,flop,OOP,SRP,Jc9c5d,dry,king_high,twocards_bdfd,エア,6,0.01,CHECK
R3_flop_dynamic_2tone_J95_open,flop,OOP,SRP,Jc9c5d,dry,king_high,no_draw,エア,30,0.01,CHECK
R3_flop_dynamic_2tone_J95_open,flop,OOP,SRP,Jc9c5d,dry,ace_high,nut_flush_draw,エア,7,0.08,CHECK
R3_flop_dynamic_2tone_J95_open,flop,OOP,SRP,Jc9c5d,dry,ace_high,onecard_bdfd,エア,48,0.01,CHECK
R3_flop_dynamic_2tone_J95_open,flop,OOP,SRP,Jc9c5d,dry,third_pair,nut_flush_draw,アンダーペア,1,0.04,CHECK
R3_flop_dynamic_2tone_J95_open,flop,OOP,SRP,Jc9c5d,dry,ace_high,twocards_bdfd,エア,7,0.01,CHECK
R3_flop_dynamic_2tone_J95_open,flop,OOP,SRP,Jc9c5d,dry,ace_high,no_draw,エア,62,0.01,CHECK
R3_flop_dynamic_2tone_T83_ip_post_check,flop,IP,SRP,Th8h3c,dry,low_pair,no_draw,アンダーペア,3,0.44,CHECK
R3_flop_dynamic_2tone_T83_ip_post_check,flop,IP,SRP,Th8h3c,dry,low_pair,onecard_bdfd,アンダーペア,3,49.87,CHECK
R3_flop_dynamic_2tone_T83_ip_post_check,flop,IP,SRP,Th8h3c,dry,set,onecard_bdfd,2P+,2,99.99,BET
R3_flop_dynamic_2tone_T83_ip_post_check,flop,IP,SRP,Th8h3c,dry,set,no_draw,2P+,7,93.24,BET
R3_flop_dynamic_2tone_T83_ip_post_check,flop,IP,SRP,Th8h3c,dry,third_pair,no_draw,アンダーペア,18,0.1,CHECK
R3_flop_dynamic_2tone_T83_ip_post_check,flop,IP,SRP,Th8h3c,dry,third_pair,onecard_bdfd,アンダーペア,12,0.05,CHECK
R3_flop_dynamic_2tone_T83_ip_post_check,flop,IP,SRP,Th8h3c,dry,no_made_hand,twocards_bdfd,エア,11,82.13,BET
R3_flop_dynamic_2tone_T83_ip_post_check,flop,IP,SRP,Th8h3c,dry,no_made_hand,no_draw,エア,22,46.37,CHECK
R3_flop_dynamic_2tone_T83_ip_post_check,flop,IP,SRP,Th8h3c,dry,no_made_hand,flush_draw,エア,11,24.96,CHECK
R3_flop_dynamic_2tone_T83_ip_post_check,flop,IP,SRP,Th8h3c,dry,no_made_hand,gutshot,エア,39,45.16,CHECK
R3_flop_dynamic_2tone_T83_ip_post_check,flop,IP,SRP,Th8h3c,dry,no_made_hand,combo_draw,エア,7,90.4,BET
R3_flop_dynamic_2tone_T83_ip_post_check,flop,IP,SRP,Th8h3c,dry,second_pair,twocards_bdfd,アンダーペア,8,17.42,CHECK
R3_flop_dynamic_2tone_T83_ip_post_check,flop,IP,SRP,Th8h3c,dry,second_pair,no_draw,アンダーペア,40,0.64,CHECK
R3_flop_dynamic_2tone_T83_ip_post_check,flop,IP,SRP,Th8h3c,dry,no_made_hand,oesd,エア,18,66.72,BET
R3_flop_dynamic_2tone_T83_ip_post_check,flop,IP,SRP,Th8h3c,dry,underpair,no_draw,アンダーペア,3,0.03,CHECK
R3_flop_dynamic_2tone_T83_ip_post_check,flop,IP,SRP,Th8h3c,dry,second_pair,onecard_bdfd,アンダーペア,12,39.73,CHECK
R3_flop_dynamic_2tone_T83_ip_post_check,flop,IP,SRP,Th8h3c,dry,underpair,onecard_bdfd,アンダーペア,3,0.44,CHECK
R3_flop_dynamic_2tone_T83_ip_post_check,flop,IP,SRP,Th8h3c,dry,top_pair,twocards_bdfd,TP+,7,61.62,BET
R3_flop_dynamic_2tone_T83_ip_post_check,flop,IP,SRP,Th8h3c,dry,two_pair,twocards_bdfd,2P+,1,99.99,BET
R3_flop_dynamic_2tone_T83_ip_post_check,flop,IP,SRP,Th8h3c,dry,two_pair,no_draw,2P+,8,99.99,BET
R3_flop_dynamic_2tone_T83_ip_post_check,flop,IP,SRP,Th8h3c,dry,top_pair,no_draw,TP+,44,37.16,CHECK
R3_flop_dynamic_2tone_T83_ip_post_check,flop,IP,SRP,Th8h3c,dry,top_pair,onecard_bdfd,TP+,15,22.14,CHECK
R3_flop_dynamic_2tone_T83_ip_post_check,flop,IP,SRP,Th8h3c,dry,overpair,no_draw,TP+,12,83.71,BET
R3_flop_dynamic_2tone_T83_ip_post_check,flop,IP,SRP,Th8h3c,dry,overpair,onecard_bdfd,TP+,12,84.16,BET
R3_flop_dynamic_2tone_T83_ip_post_check,flop,IP,SRP,Th8h3c,dry,third_pair,flush_draw,アンダーペア,2,98.13,BET
R3_flop_dynamic_2tone_T83_ip_post_check,flop,IP,SRP,Th8h3c,dry,king_high,twocards_bdfd,エア,8,52.03,BET
R3_flop_dynamic_2tone_T83_ip_post_check,flop,IP,SRP,Th8h3c,dry,king_high,no_draw,エア,34,45.07,CHECK
R3_flop_dynamic_2tone_T83_ip_post_check,flop,IP,SRP,Th8h3c,dry,king_high,onecard_bdfd,エア,18,94.33,BET
R3_flop_dynamic_2tone_T83_ip_post_check,flop,IP,SRP,Th8h3c,dry,king_high,flush_draw,エア,8,73.7,BET
R3_flop_dynamic_2tone_T83_ip_post_check,flop,IP,SRP,Th8h3c,dry,ace_high,twocards_bdfd,エア,9,18.05,CHECK
R3_flop_dynamic_2tone_T83_ip_post_check,flop,IP,SRP,Th8h3c,dry,ace_high,no_draw,エア,66,21.33,CHECK
R3_flop_dynamic_2tone_T83_ip_post_check,flop,IP,SRP,Th8h3c,dry,ace_high,onecard_bdfd,エア,48,54.57,BET
R3_flop_dynamic_2tone_T83_ip_post_check,flop,IP,SRP,Th8h3c,dry,ace_high,nut_flush_draw,エア,9,69.19,BET
R3_flop_dynamic_2tone_T83_ip_post_check,flop,IP,SRP,Th8h3c,dry,third_pair,nut_flush_draw,アンダーペア,1,76.27,BET
R3_flop_dynamic_2tone_T83_open,flop,OOP,SRP,Th8h3c,dry,low_pair,no_draw,アンダーペア,3,0.01,CHECK
R3_flop_dynamic_2tone_T83_open,flop,OOP,SRP,Th8h3c,dry,low_pair,onecard_bdfd,アンダーペア,3,0.01,CHECK
R3_flop_dynamic_2tone_T83_open,flop,OOP,SRP,Th8h3c,dry,third_pair,no_draw,アンダーペア,36,0.01,CHECK
R3_flop_dynamic_2tone_T83_open,flop,OOP,SRP,Th8h3c,dry,third_pair,flush_draw,アンダーペア,9,0.04,CHECK
R3_flop_dynamic_2tone_T83_open,flop,OOP,SRP,Th8h3c,dry,set,onecard_bdfd,2P+,2,0.15,CHECK
R3_flop_dynamic_2tone_T83_open,flop,OOP,SRP,Th8h3c,dry,set,no_draw,2P+,7,0.06,CHECK
R3_flop_dynamic_2tone_T83_open,flop,OOP,SRP,Th8h3c,dry,no_made_hand,twocards_bdfd,エア,19,0.01,CHECK
R3_flop_dynamic_2tone_T83_open,flop,OOP,SRP,Th8h3c,dry,no_made_hand,no_draw,エア,50,0.01,CHECK
R3_flop_dynamic_2tone_T83_open,flop,OOP,SRP,Th8h3c,dry,no_made_hand,flush_draw,エア,19,0.03,CHECK
R3_flop_dynamic_2tone_T83_open,flop,OOP,SRP,Th8h3c,dry,third_pair,onecard_bdfd,アンダーペア,17,0.01,CHECK
R3_flop_dynamic_2tone_T83_open,flop,OOP,SRP,Th8h3c,dry,no_made_hand,onecard_bdfd,エア,12,0.01,CHECK
R3_flop_dynamic_2tone_T83_open,flop,OOP,SRP,Th8h3c,dry,no_made_hand,gutshot,エア,51,0.02,CHECK
R3_flop_dynamic_2tone_T83_open,flop,OOP,SRP,Th8h3c,dry,no_made_hand,combo_draw,エア,7,0.05,CHECK
R3_flop_dynamic_2tone_T83_open,flop,OOP,SRP,Th8h3c,dry,second_pair,twocards_bdfd,アンダーペア,9,0.02,CHECK
R3_flop_dynamic_2tone_T83_open,flop,OOP,SRP,Th8h3c,dry,second_pair,no_draw,アンダーペア,54,0.01,CHECK
R3_flop_dynamic_2tone_T83_open,flop,OOP,SRP,Th8h3c,dry,second_pair,onecard_bdfd,アンダーペア,18,0.02,CHECK
R3_flop_dynamic_2tone_T83_open,flop,OOP,SRP,Th8h3c,dry,no_made_hand,oesd,エア,30,0.05,CHECK
R3_flop_dynamic_2tone_T83_open,flop,OOP,SRP,Th8h3c,dry,underpair,no_draw,アンダーペア,3,0.01,CHECK
R3_flop_dynamic_2tone_T83_open,flop,OOP,SRP,Th8h3c,dry,underpair,onecard_bdfd,アンダーペア,3,0.02,CHECK
R3_flop_dynamic_2tone_T83_open,flop,OOP,SRP,Th8h3c,dry,top_pair,twocards_bdfd,TP+,10,0.03,CHECK
R3_flop_dynamic_2tone_T83_open,flop,OOP,SRP,Th8h3c,dry,two_pair,twocards_bdfd,2P+,1,0.04,CHECK
R3_flop_dynamic_2tone_T83_open,flop,OOP,SRP,Th8h3c,dry,two_pair,no_draw,2P+,10,0.04,CHECK
R3_flop_dynamic_2tone_T83_open,flop,OOP,SRP,Th8h3c,dry,top_pair,no_draw,TP+,50,0.03,CHECK
R3_flop_dynamic_2tone_T83_open,flop,OOP,SRP,Th8h3c,dry,top_pair,onecard_bdfd,TP+,15,0.03,CHECK
R3_flop_dynamic_2tone_T83_open,flop,OOP,SRP,Th8h3c,dry,king_high,twocards_bdfd,エア,8,0.01,CHECK
R3_flop_dynamic_2tone_T83_open,flop,OOP,SRP,Th8h3c,dry,king_high,no_draw,エア,52,0.01,CHECK
R3_flop_dynamic_2tone_T83_open,flop,OOP,SRP,Th8h3c,dry,king_high,onecard_bdfd,エア,36,0.02,CHECK
R3_flop_dynamic_2tone_T83_open,flop,OOP,SRP,Th8h3c,dry,king_high,flush_draw,エア,8,0.06,CHECK
R3_flop_dynamic_2tone_T83_open,flop,OOP,SRP,Th8h3c,dry,ace_high,twocards_bdfd,エア,7,0.01,CHECK
R3_flop_dynamic_2tone_T83_open,flop,OOP,SRP,Th8h3c,dry,ace_high,no_draw,エア,62,0.01,CHECK
R3_flop_dynamic_2tone_T83_open,flop,OOP,SRP,Th8h3c,dry,ace_high,onecard_bdfd,エア,48,0.01,CHECK
R3_flop_dynamic_2tone_T83_open,flop,OOP,SRP,Th8h3c,dry,ace_high,nut_flush_draw,エア,7,0.06,CHECK
R3_flop_dynamic_2tone_T83_open,flop,OOP,SRP,Th8h3c,dry,third_pair,nut_flush_draw,アンダーペア,1,0.04,CHECK
R3_flop_dynamic_2tone_T97_ip_post_check,flop,IP,SRP,Ts9s7c,wet,low_pair,no_draw,アンダーペア,12,3.58,CHECK
R3_flop_dynamic_2tone_T97_ip_post_check,flop,IP,SRP,Ts9s7c,wet,low_pair,onecard_bdfd,アンダーペア,12,41.29,CHECK
R3_flop_dynamic_2tone_T97_ip_post_check,flop,IP,SRP,Ts9s7c,wet,no_made_hand,twocards_bdfd,エア,4,64.14,BET
R3_flop_dynamic_2tone_T97_ip_post_check,flop,IP,SRP,Ts9s7c,wet,no_made_hand,no_draw,エア,8,42.89,CHECK
R3_flop_dynamic_2tone_T97_ip_post_check,flop,IP,SRP,Ts9s7c,wet,no_made_hand,flush_draw,エア,4,39.7,CHECK
R3_flop_dynamic_2tone_T97_ip_post_check,flop,IP,SRP,Ts9s7c,wet,no_made_hand,gutshot,エア,18,62.62,BET
R3_flop_dynamic_2tone_T97_ip_post_check,flop,IP,SRP,Ts9s7c,wet,low_pair,gutshot,アンダーペア,6,0.03,CHECK
R3_flop_dynamic_2tone_T97_ip_post_check,flop,IP,SRP,Ts9s7c,wet,no_made_hand,combo_draw,エア,9,65.91,BET
R3_flop_dynamic_2tone_T97_ip_post_check,flop,IP,SRP,Ts9s7c,wet,third_pair,no_draw,アンダーペア,12,25.74,CHECK
R3_flop_dynamic_2tone_T97_ip_post_check,flop,IP,SRP,Ts9s7c,wet,third_pair,gutshot,アンダーペア,4,10.19,CHECK
R3_flop_dynamic_2tone_T97_ip_post_check,flop,IP,SRP,Ts9s7c,wet,set,no_draw,2P+,7,83.24,BET
R3_flop_dynamic_2tone_T97_ip_post_check,flop,IP,SRP,Ts9s7c,wet,third_pair,flush_draw,アンダーペア,3,40.31,CHECK
R3_flop_dynamic_2tone_T97_ip_post_check,flop,IP,SRP,Ts9s7c,wet,third_pair,combo_draw,アンダーペア,3,88.24,BET
R3_flop_dynamic_2tone_T97_ip_post_check,flop,IP,SRP,Ts9s7c,wet,set,onecard_bdfd,2P+,2,84.36,BET
R3_flop_dynamic_2tone_T97_ip_post_check,flop,IP,SRP,Ts9s7c,wet,no_made_hand,oesd,エア,21,60.46,BET
R3_flop_dynamic_2tone_T97_ip_post_check,flop,IP,SRP,Ts9s7c,wet,straight,twocards_bdfd,2P+,2,89.27,BET
R3_flop_dynamic_2tone_T97_ip_post_check,flop,IP,SRP,Ts9s7c,wet,straight,no_draw,2P+,10,95.3,BET
R3_flop_dynamic_2tone_T97_ip_post_check,flop,IP,SRP,Ts9s7c,wet,third_pair,oesd,アンダーペア,8,31.52,CHECK
R3_flop_dynamic_2tone_T97_ip_post_check,flop,IP,SRP,Ts9s7c,wet,straight,flush_draw,2P+,2,98.11,BET
R3_flop_dynamic_2tone_T97_ip_post_check,flop,IP,SRP,Ts9s7c,wet,second_pair,gutshot,アンダーペア,15,25.89,CHECK
R3_flop_dynamic_2tone_T97_ip_post_check,flop,IP,SRP,Ts9s7c,wet,second_pair,oesd,アンダーペア,12,43.34,CHECK
R3_flop_dynamic_2tone_T97_ip_post_check,flop,IP,SRP,Ts9s7c,wet,two_pair,no_draw,2P+,12,57.61,BET
R3_flop_dynamic_2tone_T97_ip_post_check,flop,IP,SRP,Ts9s7c,wet,top_pair,gutshot,TP+,15,34.91,CHECK
R3_flop_dynamic_2tone_T97_ip_post_check,flop,IP,SRP,Ts9s7c,wet,top_pair,oesd,TP+,12,81.74,BET
R3_flop_dynamic_2tone_T97_ip_post_check,flop,IP,SRP,Ts9s7c,wet,two_pair,twocards_bdfd,2P+,1,98.48,BET
R3_flop_dynamic_2tone_T97_ip_post_check,flop,IP,SRP,Ts9s7c,wet,straight,onecard_bdfd,2P+,6,99.99,BET
R3_flop_dynamic_2tone_T97_ip_post_check,flop,IP,SRP,Ts9s7c,wet,overpair,gutshot,TP+,6,84.04,BET
R3_flop_dynamic_2tone_T97_ip_post_check,flop,IP,SRP,Ts9s7c,wet,second_pair,twocards_bdfd,アンダーペア,3,43.72,CHECK
R3_flop_dynamic_2tone_T97_ip_post_check,flop,IP,SRP,Ts9s7c,wet,second_pair,no_draw,アンダーペア,24,54.49,BET
R3_flop_dynamic_2tone_T97_ip_post_check,flop,IP,SRP,Ts9s7c,wet,top_pair,twocards_bdfd,TP+,3,66.09,BET
R3_flop_dynamic_2tone_T97_ip_post_check,flop,IP,SRP,Ts9s7c,wet,top_pair,no_draw,TP+,24,63.85,BET
R3_flop_dynamic_2tone_T97_ip_post_check,flop,IP,SRP,Ts9s7c,wet,overpair,no_draw,TP+,9,21.09,CHECK
R3_flop_dynamic_2tone_T97_ip_post_check,flop,IP,SRP,Ts9s7c,wet,second_pair,onecard_bdfd,アンダーペア,9,33.38,CHECK
R3_flop_dynamic_2tone_T97_ip_post_check,flop,IP,SRP,Ts9s7c,wet,top_pair,onecard_bdfd,TP+,9,26.27,CHECK
R3_flop_dynamic_2tone_T97_ip_post_check,flop,IP,SRP,Ts9s7c,wet,overpair,onecard_bdfd,TP+,9,80.76,BET
R3_flop_dynamic_2tone_T97_ip_post_check,flop,IP,SRP,Ts9s7c,wet,king_high,twocards_bdfd,エア,4,67.48,BET
R3_flop_dynamic_2tone_T97_ip_post_check,flop,IP,SRP,Ts9s7c,wet,king_high,gutshot,エア,18,58.41,BET
R3_flop_dynamic_2tone_T97_ip_post_check,flop,IP,SRP,Ts9s7c,wet,king_high,oesd,エア,30,52.61,BET
R3_flop_dynamic_2tone_T97_ip_post_check,flop,IP,SRP,Ts9s7c,wet,king_high,no_draw,エア,8,41.16,CHECK
R3_flop_dynamic_2tone_T97_ip_post_check,flop,IP,SRP,Ts9s7c,wet,king_high,flush_draw,エア,4,68.9,BET
R3_flop_dynamic_2tone_T97_ip_post_check,flop,IP,SRP,Ts9s7c,wet,king_high,combo_draw,エア,4,82.67,BET
R3_flop_dynamic_2tone_T97_ip_post_check,flop,IP,SRP,Ts9s7c,wet,ace_high,twocards_bdfd,エア,6,34.8,CHECK
R3_flop_dynamic_2tone_T97_ip_post_check,flop,IP,SRP,Ts9s7c,wet,ace_high,no_draw,エア,36,33.57,CHECK
R3_flop_dynamic_2tone_T97_ip_post_check,flop,IP,SRP,Ts9s7c,wet,ace_high,onecard_bdfd,エア,24,71.02,BET
R3_flop_dynamic_2tone_T97_ip_post_check,flop,IP,SRP,Ts9s7c,wet,ace_high,gutshot,エア,30,48.93,CHECK
R3_flop_dynamic_2tone_T97_ip_post_check,flop,IP,SRP,Ts9s7c,wet,third_pair,onecard_bdfd,アンダーペア,5,1.77,CHECK
R3_flop_dynamic_2tone_T97_ip_post_check,flop,IP,SRP,Ts9s7c,wet,ace_high,oesd,エア,15,56.19,BET
R3_flop_dynamic_2tone_T97_ip_post_check,flop,IP,SRP,Ts9s7c,wet,ace_high,nut_flush_draw,エア,6,53.24,BET
R3_flop_dynamic_2tone_T97_ip_post_check,flop,IP,SRP,Ts9s7c,wet,ace_high,combo_draw,エア,3,83.8,BET
R3_flop_dynamic_2tone_T97_ip_post_check,flop,IP,SRP,Ts9s7c,wet,third_pair,nut_flush_draw,アンダーペア,1,87.54,BET
R3_flop_dynamic_2tone_T97_open,flop,OOP,SRP,Ts9s7c,wet,low_pair,no_draw,アンダーペア,12,0.03,CHECK
R3_flop_dynamic_2tone_T97_open,flop,OOP,SRP,Ts9s7c,wet,low_pair,onecard_bdfd,アンダーペア,12,0.25,CHECK
R3_flop_dynamic_2tone_T97_open,flop,OOP,SRP,Ts9s7c,wet,no_made_hand,twocards_bdfd,エア,10,0.04,CHECK
R3_flop_dynamic_2tone_T97_open,flop,OOP,SRP,Ts9s7c,wet,no_made_hand,no_draw,エア,26,0.01,CHECK
R3_flop_dynamic_2tone_T97_open,flop,OOP,SRP,Ts9s7c,wet,no_made_hand,flush_draw,エア,10,2.48,CHECK
R3_flop_dynamic_2tone_T97_open,flop,OOP,SRP,Ts9s7c,wet,no_made_hand,onecard_bdfd,エア,6,0.01,CHECK
R3_flop_dynamic_2tone_T97_open,flop,OOP,SRP,Ts9s7c,wet,no_made_hand,gutshot,エア,42,1.35,CHECK
R3_flop_dynamic_2tone_T97_open,flop,OOP,SRP,Ts9s7c,wet,low_pair,gutshot,アンダーペア,6,0.01,CHECK
R3_flop_dynamic_2tone_T97_open,flop,OOP,SRP,Ts9s7c,wet,no_made_hand,combo_draw,エア,14,1.57,CHECK
R3_flop_dynamic_2tone_T97_open,flop,OOP,SRP,Ts9s7c,wet,third_pair,no_draw,アンダーペア,20,0.72,CHECK
R3_flop_dynamic_2tone_T97_open,flop,OOP,SRP,Ts9s7c,wet,third_pair,gutshot,アンダーペア,13,0.02,CHECK
R3_flop_dynamic_2tone_T97_open,flop,OOP,SRP,Ts9s7c,wet,set,no_draw,2P+,7,5.26,CHECK
R3_flop_dynamic_2tone_T97_open,flop,OOP,SRP,Ts9s7c,wet,third_pair,flush_draw,アンダーペア,5,0.66,CHECK
R3_flop_dynamic_2tone_T97_open,flop,OOP,SRP,Ts9s7c,wet,third_pair,combo_draw,アンダーペア,3,0.9,CHECK
R3_flop_dynamic_2tone_T97_open,flop,OOP,SRP,Ts9s7c,wet,set,onecard_bdfd,2P+,2,5.47,CHECK
R3_flop_dynamic_2tone_T97_open,flop,OOP,SRP,Ts9s7c,wet,no_made_hand,oesd,エア,36,4.01,CHECK
R3_flop_dynamic_2tone_T97_open,flop,OOP,SRP,Ts9s7c,wet,straight,twocards_bdfd,2P+,2,9.57,CHECK
R3_flop_dynamic_2tone_T97_open,flop,OOP,SRP,Ts9s7c,wet,third_pair,oesd,アンダーペア,17,0.83,CHECK
R3_flop_dynamic_2tone_T97_open,flop,OOP,SRP,Ts9s7c,wet,straight,no_draw,2P+,10,3.65,CHECK
R3_flop_dynamic_2tone_T97_open,flop,OOP,SRP,Ts9s7c,wet,straight,flush_draw,2P+,2,15.26,CHECK
R3_flop_dynamic_2tone_T97_open,flop,OOP,SRP,Ts9s7c,wet,second_pair,twocards_bdfd,アンダーペア,6,0.03,CHECK
R3_flop_dynamic_2tone_T97_open,flop,OOP,SRP,Ts9s7c,wet,second_pair,gutshot,アンダーペア,15,1.49,CHECK
R3_flop_dynamic_2tone_T97_open,flop,OOP,SRP,Ts9s7c,wet,two_pair,no_draw,2P+,16,2.9,CHECK
R3_flop_dynamic_2tone_T97_open,flop,OOP,SRP,Ts9s7c,wet,two_pair,onecard_bdfd,2P+,3,1.52,CHECK
R3_flop_dynamic_2tone_T97_open,flop,OOP,SRP,Ts9s7c,wet,second_pair,oesd,アンダーペア,12,0.45,CHECK
R3_flop_dynamic_2tone_T97_open,flop,OOP,SRP,Ts9s7c,wet,second_pair,no_draw,アンダーペア,30,0.54,CHECK
R3_flop_dynamic_2tone_T97_open,flop,OOP,SRP,Ts9s7c,wet,top_pair,twocards_bdfd,TP+,7,0.45,CHECK
R3_flop_dynamic_2tone_T97_open,flop,OOP,SRP,Ts9s7c,wet,top_pair,gutshot,TP+,15,0.33,CHECK
R3_flop_dynamic_2tone_T97_open,flop,OOP,SRP,Ts9s7c,wet,top_pair,oesd,TP+,12,2.12,CHECK
R3_flop_dynamic_2tone_T97_open,flop,OOP,SRP,Ts9s7c,wet,two_pair,twocards_bdfd,2P+,1,6.84,CHECK
R3_flop_dynamic_2tone_T97_open,flop,OOP,SRP,Ts9s7c,wet,top_pair,no_draw,TP+,32,0.1,CHECK
R3_flop_dynamic_2tone_T97_open,flop,OOP,SRP,Ts9s7c,wet,straight,onecard_bdfd,2P+,6,4.85,CHECK
R3_flop_dynamic_2tone_T97_open,flop,OOP,SRP,Ts9s7c,wet,second_pair,onecard_bdfd,アンダーペア,9,0.44,CHECK
R3_flop_dynamic_2tone_T97_open,flop,OOP,SRP,Ts9s7c,wet,top_pair,onecard_bdfd,TP+,9,0.05,CHECK
R3_flop_dynamic_2tone_T97_open,flop,OOP,SRP,Ts9s7c,wet,king_high,twocards_bdfd,エア,4,0.05,CHECK
R3_flop_dynamic_2tone_T97_open,flop,OOP,SRP,Ts9s7c,wet,king_high,no_draw,エア,14,0.0,CHECK
R3_flop_dynamic_2tone_T97_open,flop,OOP,SRP,Ts9s7c,wet,king_high,onecard_bdfd,エア,6,0.19,CHECK
R3_flop_dynamic_2tone_T97_open,flop,OOP,SRP,Ts9s7c,wet,king_high,gutshot,エア,30,3.12,CHECK
R3_flop_dynamic_2tone_T97_open,flop,OOP,SRP,Ts9s7c,wet,third_pair,onecard_bdfd,アンダーペア,10,0.22,CHECK
R3_flop_dynamic_2tone_T97_open,flop,OOP,SRP,Ts9s7c,wet,king_high,oesd,エア,30,2.41,CHECK
R3_flop_dynamic_2tone_T97_open,flop,OOP,SRP,Ts9s7c,wet,king_high,flush_draw,エア,4,6.62,CHECK
R3_flop_dynamic_2tone_T97_open,flop,OOP,SRP,Ts9s7c,wet,king_high,combo_draw,エア,4,1.15,CHECK
R3_flop_dynamic_2tone_T97_open,flop,OOP,SRP,Ts9s7c,wet,ace_high,twocards_bdfd,エア,4,0.03,CHECK
R3_flop_dynamic_2tone_T97_open,flop,OOP,SRP,Ts9s7c,wet,ace_high,no_draw,エア,38,0.01,CHECK
R3_flop_dynamic_2tone_T97_open,flop,OOP,SRP,Ts9s7c,wet,ace_high,onecard_bdfd,エア,30,4.07,CHECK
R3_flop_dynamic_2tone_T97_open,flop,OOP,SRP,Ts9s7c,wet,ace_high,gutshot,エア,30,0.86,CHECK
R3_flop_dynamic_2tone_T97_open,flop,OOP,SRP,Ts9s7c,wet,ace_high,oesd,エア,15,2.94,CHECK
R3_flop_dynamic_2tone_T97_open,flop,OOP,SRP,Ts9s7c,wet,ace_high,nut_flush_draw,エア,4,6.52,CHECK
R3_flop_dynamic_2tone_T97_open,flop,OOP,SRP,Ts9s7c,wet,ace_high,combo_draw,エア,3,10.27,CHECK
R3_flop_dynamic_2tone_T97_open,flop,OOP,SRP,Ts9s7c,wet,third_pair,nut_flush_draw,アンダーペア,1,4.61,CHECK
R3_flop_dynamic_654_ip_post_check,flop,IP,SRP,6s5d4h,wet,low_pair,gutshot,アンダーペア,6,36.99,CHECK
R3_flop_dynamic_654_ip_post_check,flop,IP,SRP,6s5d4h,wet,low_pair,oesd,アンダーペア,6,55.78,BET
R3_flop_dynamic_654_ip_post_check,flop,IP,SRP,6s5d4h,wet,set,no_draw,2P+,9,73.52,BET
R3_flop_dynamic_654_ip_post_check,flop,IP,SRP,6s5d4h,wet,two_pair,no_draw,2P+,3,81.11,BET
R3_flop_dynamic_654_ip_post_check,flop,IP,SRP,6s5d4h,wet,two_pair,twocards_bdfd,2P+,3,83.67,BET
R3_flop_dynamic_654_ip_post_check,flop,IP,SRP,6s5d4h,wet,second_pair,oesd,アンダーペア,3,48.66,CHECK
R3_flop_dynamic_654_ip_post_check,flop,IP,SRP,6s5d4h,wet,top_pair,oesd,TP+,3,65.36,BET
R3_flop_dynamic_654_ip_post_check,flop,IP,SRP,6s5d4h,wet,overpair,oesd,TP+,6,99.02,BET
R3_flop_dynamic_654_ip_post_check,flop,IP,SRP,6s5d4h,wet,second_pair,gutshot,アンダーペア,3,75.71,BET
R3_flop_dynamic_654_ip_post_check,flop,IP,SRP,6s5d4h,wet,top_pair,gutshot,TP+,3,58.88,BET
R3_flop_dynamic_654_ip_post_check,flop,IP,SRP,6s5d4h,wet,straight,no_draw,2P+,1,99.96,BET
R3_flop_dynamic_654_ip_post_check,flop,IP,SRP,6s5d4h,wet,straight,twocards_bdfd,2P+,3,99.96,BET
R3_flop_dynamic_654_ip_post_check,flop,IP,SRP,6s5d4h,wet,overpair,gutshot,TP+,6,99.43,BET
R3_flop_dynamic_654_ip_post_check,flop,IP,SRP,6s5d4h,wet,top_pair,no_draw,TP+,15,65.79,BET
R3_flop_dynamic_654_ip_post_check,flop,IP,SRP,6s5d4h,wet,no_made_hand,oesd,エア,20,73.48,BET
R3_flop_dynamic_654_ip_post_check,flop,IP,SRP,6s5d4h,wet,no_made_hand,gutshot,エア,52,36.77,CHECK
R3_flop_dynamic_654_ip_post_check,flop,IP,SRP,6s5d4h,wet,top_pair,twocards_bdfd,TP+,12,59.81,BET
R3_flop_dynamic_654_ip_post_check,flop,IP,SRP,6s5d4h,wet,overpair,no_draw,TP+,36,39.23,CHECK
R3_flop_dynamic_654_ip_post_check,flop,IP,SRP,6s5d4h,wet,no_made_hand,no_draw,エア,78,57.72,BET
R3_flop_dynamic_654_ip_post_check,flop,IP,SRP,6s5d4h,wet,no_made_hand,twocards_bdfd,エア,18,35.8,CHECK
R3_flop_dynamic_654_ip_post_check,flop,IP,SRP,6s5d4h,wet,third_pair,no_draw,アンダーペア,13,30.81,CHECK
R3_flop_dynamic_654_ip_post_check,flop,IP,SRP,6s5d4h,wet,second_pair,no_draw,アンダーペア,13,51.55,BET
R3_flop_dynamic_654_ip_post_check,flop,IP,SRP,6s5d4h,wet,third_pair,twocards_bdfd,アンダーペア,8,71.97,BET
R3_flop_dynamic_654_ip_post_check,flop,IP,SRP,6s5d4h,wet,second_pair,twocards_bdfd,アンダーペア,8,69.06,BET
R3_flop_dynamic_654_ip_post_check,flop,IP,SRP,6s5d4h,wet,king_high,gutshot,エア,20,47.07,CHECK
R3_flop_dynamic_654_ip_post_check,flop,IP,SRP,6s5d4h,wet,king_high,oesd,エア,8,45.31,CHECK
R3_flop_dynamic_654_ip_post_check,flop,IP,SRP,6s5d4h,wet,king_high,no_draw,エア,52,28.03,CHECK
R3_flop_dynamic_654_ip_post_check,flop,IP,SRP,6s5d4h,wet,king_high,twocards_bdfd,エア,12,17.43,CHECK
R3_flop_dynamic_654_ip_post_check,flop,IP,SRP,6s5d4h,wet,ace_high,gutshot,エア,20,38.95,CHECK
R3_flop_dynamic_654_ip_post_check,flop,IP,SRP,6s5d4h,wet,ace_high,oesd,エア,20,26.42,CHECK
R3_flop_dynamic_654_ip_post_check,flop,IP,SRP,6s5d4h,wet,ace_high,no_draw,エア,65,21.02,CHECK
R3_flop_dynamic_654_ip_post_check,flop,IP,SRP,6s5d4h,wet,ace_high,twocards_bdfd,エア,15,55.87,BET
R3_flop_dynamic_654_open,flop,OOP,SRP,6s5d4h,wet,low_pair,gutshot,アンダーペア,6,97.26,BET
R3_flop_dynamic_654_open,flop,OOP,SRP,6s5d4h,wet,straight,no_draw,2P+,15,80.56,BET
R3_flop_dynamic_654_open,flop,OOP,SRP,6s5d4h,wet,straight,twocards_bdfd,2P+,9,84.38,BET
R3_flop_dynamic_654_open,flop,OOP,SRP,6s5d4h,wet,low_pair,oesd,アンダーペア,6,87.21,BET
R3_flop_dynamic_654_open,flop,OOP,SRP,6s5d4h,wet,third_pair,gutshot,アンダーペア,6,83.63,BET
R3_flop_dynamic_654_open,flop,OOP,SRP,6s5d4h,wet,third_pair,oesd,アンダーペア,6,90.54,BET
R3_flop_dynamic_654_open,flop,OOP,SRP,6s5d4h,wet,set,no_draw,2P+,9,77.56,BET
R3_flop_dynamic_654_open,flop,OOP,SRP,6s5d4h,wet,second_pair,gutshot,アンダーペア,6,85.46,BET
R3_flop_dynamic_654_open,flop,OOP,SRP,6s5d4h,wet,second_pair,oesd,アンダーペア,6,87.97,BET
R3_flop_dynamic_654_open,flop,OOP,SRP,6s5d4h,wet,two_pair,no_draw,2P+,17,82.34,BET
R3_flop_dynamic_654_open,flop,OOP,SRP,6s5d4h,wet,two_pair,twocards_bdfd,2P+,3,74.15,BET
R3_flop_dynamic_654_open,flop,OOP,SRP,6s5d4h,wet,top_pair,gutshot,TP+,6,79.67,BET
R3_flop_dynamic_654_open,flop,OOP,SRP,6s5d4h,wet,top_pair,oesd,TP+,15,90.79,BET
R3_flop_dynamic_654_open,flop,OOP,SRP,6s5d4h,wet,overpair,oesd,TP+,6,79.37,BET
R3_flop_dynamic_654_open,flop,OOP,SRP,6s5d4h,wet,overpair,gutshot,TP+,6,81.7,BET
R3_flop_dynamic_654_open,flop,OOP,SRP,6s5d4h,wet,no_made_hand,oesd,エア,44,80.3,BET
R3_flop_dynamic_654_open,flop,OOP,SRP,6s5d4h,wet,third_pair,no_draw,アンダーペア,15,91.29,BET
R3_flop_dynamic_654_open,flop,OOP,SRP,6s5d4h,wet,second_pair,no_draw,アンダーペア,24,88.37,BET
R3_flop_dynamic_654_open,flop,OOP,SRP,6s5d4h,wet,top_pair,no_draw,TP+,24,86.03,BET
R3_flop_dynamic_654_open,flop,OOP,SRP,6s5d4h,wet,no_made_hand,gutshot,エア,76,83.79,BET
R3_flop_dynamic_654_open,flop,OOP,SRP,6s5d4h,wet,third_pair,twocards_bdfd,アンダーペア,12,72.49,BET
R3_flop_dynamic_654_open,flop,OOP,SRP,6s5d4h,wet,top_pair,twocards_bdfd,TP+,12,86.11,BET
R3_flop_dynamic_654_open,flop,OOP,SRP,6s5d4h,wet,overpair,no_draw,TP+,12,64.76,BET
R3_flop_dynamic_654_open,flop,OOP,SRP,6s5d4h,wet,second_pair,twocards_bdfd,アンダーペア,12,78.32,BET
R3_flop_dynamic_654_open,flop,OOP,SRP,6s5d4h,wet,no_made_hand,no_draw,エア,78,32.77,CHECK
R3_flop_dynamic_654_open,flop,OOP,SRP,6s5d4h,wet,no_made_hand,twocards_bdfd,エア,18,97.76,BET
R3_flop_dynamic_654_open,flop,OOP,SRP,6s5d4h,wet,king_high,gutshot,エア,20,85.04,BET
R3_flop_dynamic_654_open,flop,OOP,SRP,6s5d4h,wet,king_high,oesd,エア,20,74.75,BET
R3_flop_dynamic_654_open,flop,OOP,SRP,6s5d4h,wet,king_high,no_draw,エア,52,48.82,CHECK
R3_flop_dynamic_654_open,flop,OOP,SRP,6s5d4h,wet,king_high,twocards_bdfd,エア,12,70.26,BET
R3_flop_dynamic_654_open,flop,OOP,SRP,6s5d4h,wet,ace_high,gutshot,エア,32,75.48,BET
R3_flop_dynamic_654_open,flop,OOP,SRP,6s5d4h,wet,ace_high,oesd,エア,32,70.65,BET
R3_flop_dynamic_654_open,flop,OOP,SRP,6s5d4h,wet,ace_high,no_draw,エア,51,72.34,BET
R3_flop_dynamic_654_open,flop,OOP,SRP,6s5d4h,wet,ace_high,twocards_bdfd,エア,9,75.89,BET
R3_flop_dynamic_987_ip_post_check,flop,IP,SRP,9s8c7d,wet,low_pair,no_draw,アンダーペア,18,16.23,CHECK
R3_flop_dynamic_987_ip_post_check,flop,IP,SRP,9s8c7d,wet,no_made_hand,gutshot,エア,28,56.38,BET
R3_flop_dynamic_987_ip_post_check,flop,IP,SRP,9s8c7d,wet,low_pair,gutshot,アンダーペア,6,0.76,CHECK
R3_flop_dynamic_987_ip_post_check,flop,IP,SRP,9s8c7d,wet,no_made_hand,oesd,エア,32,65.57,BET
R3_flop_dynamic_987_ip_post_check,flop,IP,SRP,9s8c7d,wet,straight,twocards_bdfd,2P+,9,66.05,BET
R3_flop_dynamic_987_ip_post_check,flop,IP,SRP,9s8c7d,wet,low_pair,oesd,アンダーペア,6,7.7,CHECK
R3_flop_dynamic_987_ip_post_check,flop,IP,SRP,9s8c7d,wet,straight,no_draw,2P+,15,79.96,BET
R3_flop_dynamic_987_ip_post_check,flop,IP,SRP,9s8c7d,wet,third_pair,gutshot,アンダーペア,6,22.16,CHECK
R3_flop_dynamic_987_ip_post_check,flop,IP,SRP,9s8c7d,wet,third_pair,oesd,アンダーペア,6,42.12,CHECK
R3_flop_dynamic_987_ip_post_check,flop,IP,SRP,9s8c7d,wet,set,no_draw,2P+,9,84.04,BET
R3_flop_dynamic_987_ip_post_check,flop,IP,SRP,9s8c7d,wet,second_pair,gutshot,アンダーペア,15,27.36,CHECK
R3_flop_dynamic_987_ip_post_check,flop,IP,SRP,9s8c7d,wet,second_pair,oesd,アンダーペア,15,28.09,CHECK
R3_flop_dynamic_987_ip_post_check,flop,IP,SRP,9s8c7d,wet,two_pair,no_draw,2P+,10,36.18,CHECK
R3_flop_dynamic_987_ip_post_check,flop,IP,SRP,9s8c7d,wet,two_pair,twocards_bdfd,2P+,3,86.74,BET
R3_flop_dynamic_987_ip_post_check,flop,IP,SRP,9s8c7d,wet,top_pair,oesd,TP+,15,53.57,BET
R3_flop_dynamic_987_ip_post_check,flop,IP,SRP,9s8c7d,wet,overpair,oesd,TP+,6,76.14,BET
R3_flop_dynamic_987_ip_post_check,flop,IP,SRP,9s8c7d,wet,top_pair,gutshot,TP+,12,40.66,CHECK
R3_flop_dynamic_987_ip_post_check,flop,IP,SRP,9s8c7d,wet,overpair,gutshot,TP+,6,82.48,BET
R3_flop_dynamic_987_ip_post_check,flop,IP,SRP,9s8c7d,wet,no_made_hand,twocards_bdfd,エア,6,67.97,BET
R3_flop_dynamic_987_ip_post_check,flop,IP,SRP,9s8c7d,wet,third_pair,twocards_bdfd,アンダーペア,6,6.88,CHECK
R3_flop_dynamic_987_ip_post_check,flop,IP,SRP,9s8c7d,wet,top_pair,twocards_bdfd,TP+,6,58.59,BET
R3_flop_dynamic_987_ip_post_check,flop,IP,SRP,9s8c7d,wet,top_pair,no_draw,TP+,30,63.47,BET
R3_flop_dynamic_987_ip_post_check,flop,IP,SRP,9s8c7d,wet,second_pair,twocards_bdfd,アンダーペア,6,12.48,CHECK
R3_flop_dynamic_987_ip_post_check,flop,IP,SRP,9s8c7d,wet,overpair,no_draw,TP+,18,42.31,CHECK
R3_flop_dynamic_987_ip_post_check,flop,IP,SRP,9s8c7d,wet,no_made_hand,no_draw,エア,2,7.54,CHECK
R3_flop_dynamic_987_ip_post_check,flop,IP,SRP,9s8c7d,wet,third_pair,no_draw,アンダーペア,12,35.38,CHECK
R3_flop_dynamic_987_ip_post_check,flop,IP,SRP,9s8c7d,wet,second_pair,no_draw,アンダーペア,21,49.06,CHECK
R3_flop_dynamic_987_ip_post_check,flop,IP,SRP,9s8c7d,wet,king_high,twocards_bdfd,エア,12,51.14,BET
R3_flop_dynamic_987_ip_post_check,flop,IP,SRP,9s8c7d,wet,king_high,gutshot,エア,20,70.51,BET
R3_flop_dynamic_987_ip_post_check,flop,IP,SRP,9s8c7d,wet,king_high,oesd,エア,20,56.34,BET
R3_flop_dynamic_987_ip_post_check,flop,IP,SRP,9s8c7d,wet,king_high,no_draw,エア,16,49.71,CHECK
R3_flop_dynamic_987_ip_post_check,flop,IP,SRP,9s8c7d,wet,ace_high,twocards_bdfd,エア,15,37.56,CHECK
R3_flop_dynamic_987_ip_post_check,flop,IP,SRP,9s8c7d,wet,ace_high,no_draw,エア,41,32.47,CHECK
R3_flop_dynamic_987_ip_post_check,flop,IP,SRP,9s8c7d,wet,ace_high,gutshot,エア,32,52.95,BET
R3_flop_dynamic_987_ip_post_check,flop,IP,SRP,9s8c7d,wet,ace_high,oesd,エア,32,55.7,BET
R3_flop_dynamic_987_open,flop,OOP,SRP,9s8c7d,wet,low_pair,no_draw,アンダーペア,18,0.07,CHECK
R3_flop_dynamic_987_open,flop,OOP,SRP,9s8c7d,wet,no_made_hand,twocards_bdfd,エア,18,0.16,CHECK
R3_flop_dynamic_987_open,flop,OOP,SRP,9s8c7d,wet,no_made_hand,no_draw,エア,6,0.06,CHECK
R3_flop_dynamic_987_open,flop,OOP,SRP,9s8c7d,wet,no_made_hand,gutshot,エア,56,3.36,CHECK
R3_flop_dynamic_987_open,flop,OOP,SRP,9s8c7d,wet,low_pair,gutshot,アンダーペア,6,0.05,CHECK
R3_flop_dynamic_987_open,flop,OOP,SRP,9s8c7d,wet,no_made_hand,oesd,エア,56,3.64,CHECK
R3_flop_dynamic_987_open,flop,OOP,SRP,9s8c7d,wet,straight,twocards_bdfd,2P+,9,6.14,CHECK
R3_flop_dynamic_987_open,flop,OOP,SRP,9s8c7d,wet,straight,no_draw,2P+,27,3.7,CHECK
R3_flop_dynamic_987_open,flop,OOP,SRP,9s8c7d,wet,low_pair,oesd,アンダーペア,6,0.02,CHECK
R3_flop_dynamic_987_open,flop,OOP,SRP,9s8c7d,wet,third_pair,twocards_bdfd,アンダーペア,10,0.43,CHECK
R3_flop_dynamic_987_open,flop,OOP,SRP,9s8c7d,wet,third_pair,gutshot,アンダーペア,6,0.05,CHECK
R3_flop_dynamic_987_open,flop,OOP,SRP,9s8c7d,wet,third_pair,oesd,アンダーペア,15,0.05,CHECK
R3_flop_dynamic_987_open,flop,OOP,SRP,9s8c7d,wet,third_pair,no_draw,アンダーペア,23,0.25,CHECK
R3_flop_dynamic_987_open,flop,OOP,SRP,9s8c7d,wet,set,no_draw,2P+,9,3.98,CHECK
R3_flop_dynamic_987_open,flop,OOP,SRP,9s8c7d,wet,second_pair,twocards_bdfd,アンダーペア,8,0.13,CHECK
R3_flop_dynamic_987_open,flop,OOP,SRP,9s8c7d,wet,second_pair,gutshot,アンダーペア,15,0.09,CHECK
R3_flop_dynamic_987_open,flop,OOP,SRP,9s8c7d,wet,second_pair,oesd,アンダーペア,15,0.05,CHECK
R3_flop_dynamic_987_open,flop,OOP,SRP,9s8c7d,wet,two_pair,no_draw,2P+,24,0.32,CHECK
R3_flop_dynamic_987_open,flop,OOP,SRP,9s8c7d,wet,second_pair,no_draw,アンダーペア,31,0.39,CHECK
R3_flop_dynamic_987_open,flop,OOP,SRP,9s8c7d,wet,two_pair,twocards_bdfd,2P+,3,10.13,CHECK
R3_flop_dynamic_987_open,flop,OOP,SRP,9s8c7d,wet,top_pair,twocards_bdfd,TP+,10,0.53,CHECK
R3_flop_dynamic_987_open,flop,OOP,SRP,9s8c7d,wet,top_pair,gutshot,TP+,15,2.03,CHECK
R3_flop_dynamic_987_open,flop,OOP,SRP,9s8c7d,wet,top_pair,oesd,TP+,15,0.11,CHECK
R3_flop_dynamic_987_open,flop,OOP,SRP,9s8c7d,wet,top_pair,no_draw,TP+,32,0.3,CHECK
R3_flop_dynamic_987_open,flop,OOP,SRP,9s8c7d,wet,overpair,oesd,TP+,6,0.27,CHECK
R3_flop_dynamic_987_open,flop,OOP,SRP,9s8c7d,wet,king_high,twocards_bdfd,エア,12,2.34,CHECK
R3_flop_dynamic_987_open,flop,OOP,SRP,9s8c7d,wet,king_high,gutshot,エア,32,1.96,CHECK
R3_flop_dynamic_987_open,flop,OOP,SRP,9s8c7d,wet,king_high,oesd,エア,32,2.36,CHECK
R3_flop_dynamic_987_open,flop,OOP,SRP,9s8c7d,wet,king_high,no_draw,エア,16,0.08,CHECK
R3_flop_dynamic_987_open,flop,OOP,SRP,9s8c7d,wet,ace_high,twocards_bdfd,エア,9,0.11,CHECK
R3_flop_dynamic_987_open,flop,OOP,SRP,9s8c7d,wet,ace_high,no_draw,エア,51,0.04,CHECK
R3_flop_dynamic_987_open,flop,OOP,SRP,9s8c7d,wet,ace_high,gutshot,エア,32,0.62,CHECK
R3_flop_dynamic_987_open,flop,OOP,SRP,9s8c7d,wet,ace_high,oesd,エア,32,0.97,CHECK
R3_flop_dynamic_J97_ip_post_check,flop,IP,SRP,Jh9c7s,wet,low_pair,no_draw,アンダーペア,30,25.26,CHECK
R3_flop_dynamic_J97_ip_post_check,flop,IP,SRP,Jh9c7s,wet,no_made_hand,twocards_bdfd,エア,18,77.32,BET
R3_flop_dynamic_J97_ip_post_check,flop,IP,SRP,Jh9c7s,wet,no_made_hand,no_draw,エア,6,62.57,BET
R3_flop_dynamic_J97_ip_post_check,flop,IP,SRP,Jh9c7s,wet,no_made_hand,gutshot,エア,12,69.76,BET
R3_flop_dynamic_J97_ip_post_check,flop,IP,SRP,Jh9c7s,wet,third_pair,twocards_bdfd,アンダーペア,10,29.1,CHECK
R3_flop_dynamic_J97_ip_post_check,flop,IP,SRP,Jh9c7s,wet,third_pair,no_draw,アンダーペア,14,44.77,CHECK
R3_flop_dynamic_J97_ip_post_check,flop,IP,SRP,Jh9c7s,wet,set,no_draw,2P+,9,92.81,BET
R3_flop_dynamic_J97_ip_post_check,flop,IP,SRP,Jh9c7s,wet,no_made_hand,oesd,エア,24,78.3,BET
R3_flop_dynamic_J97_ip_post_check,flop,IP,SRP,Jh9c7s,wet,third_pair,gutshot,アンダーペア,12,37.05,CHECK
R3_flop_dynamic_J97_ip_post_check,flop,IP,SRP,Jh9c7s,wet,second_pair,no_draw,アンダーペア,31,49.54,CHECK
R3_flop_dynamic_J97_ip_post_check,flop,IP,SRP,Jh9c7s,wet,two_pair,no_draw,2P+,10,67.5,BET
R3_flop_dynamic_J97_ip_post_check,flop,IP,SRP,Jh9c7s,wet,second_pair,gutshot,アンダーペア,24,47.41,CHECK
R3_flop_dynamic_J97_ip_post_check,flop,IP,SRP,Jh9c7s,wet,second_pair,twocards_bdfd,アンダーペア,8,59.9,BET
R3_flop_dynamic_J97_ip_post_check,flop,IP,SRP,Jh9c7s,wet,two_pair,twocards_bdfd,2P+,3,93.55,BET
R3_flop_dynamic_J97_ip_post_check,flop,IP,SRP,Jh9c7s,wet,straight,twocards_bdfd,2P+,3,82.64,BET
R3_flop_dynamic_J97_ip_post_check,flop,IP,SRP,Jh9c7s,wet,straight,no_draw,2P+,13,89.8,BET
R3_flop_dynamic_J97_ip_post_check,flop,IP,SRP,Jh9c7s,wet,underpair,gutshot,アンダーペア,6,75.09,BET
R3_flop_dynamic_J97_ip_post_check,flop,IP,SRP,Jh9c7s,wet,top_pair,twocards_bdfd,TP+,12,80.19,BET
R3_flop_dynamic_J97_ip_post_check,flop,IP,SRP,Jh9c7s,wet,top_pair,gutshot,TP+,24,81.87,BET
R3_flop_dynamic_J97_ip_post_check,flop,IP,SRP,Jh9c7s,wet,top_pair,no_draw,TP+,33,58.22,BET
R3_flop_dynamic_J97_ip_post_check,flop,IP,SRP,Jh9c7s,wet,overpair,no_draw,TP+,18,72.06,BET
R3_flop_dynamic_J97_ip_post_check,flop,IP,SRP,Jh9c7s,wet,king_high,twocards_bdfd,エア,15,74.06,BET
R3_flop_dynamic_J97_ip_post_check,flop,IP,SRP,Jh9c7s,wet,king_high,gutshot,エア,32,66.86,BET
R3_flop_dynamic_J97_ip_post_check,flop,IP,SRP,Jh9c7s,wet,king_high,oesd,エア,16,76.26,BET
R3_flop_dynamic_J97_ip_post_check,flop,IP,SRP,Jh9c7s,wet,king_high,no_draw,エア,5,59.38,BET
R3_flop_dynamic_J97_ip_post_check,flop,IP,SRP,Jh9c7s,wet,ace_high,twocards_bdfd,エア,21,25.93,CHECK
R3_flop_dynamic_J97_ip_post_check,flop,IP,SRP,Jh9c7s,wet,ace_high,no_draw,エア,67,66.62,BET
R3_flop_dynamic_J97_ip_post_check,flop,IP,SRP,Jh9c7s,wet,ace_high,gutshot,エア,32,61.84,BET
R3_flop_dynamic_J97_open,flop,OOP,SRP,Jh9c7s,wet,low_pair,no_draw,アンダーペア,30,0.16,CHECK
R3_flop_dynamic_J97_open,flop,OOP,SRP,Jh9c7s,wet,no_made_hand,twocards_bdfd,エア,42,0.07,CHECK
R3_flop_dynamic_J97_open,flop,OOP,SRP,Jh9c7s,wet,no_made_hand,no_draw,エア,26,0.02,CHECK
R3_flop_dynamic_J97_open,flop,OOP,SRP,Jh9c7s,wet,no_made_hand,gutshot,エア,56,0.75,CHECK
R3_flop_dynamic_J97_open,flop,OOP,SRP,Jh9c7s,wet,third_pair,twocards_bdfd,アンダーペア,14,0.28,CHECK
R3_flop_dynamic_J97_open,flop,OOP,SRP,Jh9c7s,wet,third_pair,no_draw,アンダーペア,34,0.26,CHECK
R3_flop_dynamic_J97_open,flop,OOP,SRP,Jh9c7s,wet,set,no_draw,2P+,6,0.91,CHECK
R3_flop_dynamic_J97_open,flop,OOP,SRP,Jh9c7s,wet,no_made_hand,oesd,エア,24,0.93,CHECK
R3_flop_dynamic_J97_open,flop,OOP,SRP,Jh9c7s,wet,third_pair,gutshot,アンダーペア,21,0.42,CHECK
R3_flop_dynamic_J97_open,flop,OOP,SRP,Jh9c7s,wet,second_pair,no_draw,アンダーペア,34,0.39,CHECK
R3_flop_dynamic_J97_open,flop,OOP,SRP,Jh9c7s,wet,two_pair,no_draw,2P+,17,0.84,CHECK
R3_flop_dynamic_J97_open,flop,OOP,SRP,Jh9c7s,wet,second_pair,gutshot,アンダーペア,24,0.41,CHECK
R3_flop_dynamic_J97_open,flop,OOP,SRP,Jh9c7s,wet,second_pair,twocards_bdfd,アンダーペア,14,0.34,CHECK
R3_flop_dynamic_J97_open,flop,OOP,SRP,Jh9c7s,wet,two_pair,twocards_bdfd,2P+,3,0.73,CHECK
R3_flop_dynamic_J97_open,flop,OOP,SRP,Jh9c7s,wet,straight,twocards_bdfd,2P+,3,1.03,CHECK
R3_flop_dynamic_J97_open,flop,OOP,SRP,Jh9c7s,wet,straight,no_draw,2P+,13,0.92,CHECK
R3_flop_dynamic_J97_open,flop,OOP,SRP,Jh9c7s,wet,underpair,gutshot,アンダーペア,6,1.89,CHECK
R3_flop_dynamic_J97_open,flop,OOP,SRP,Jh9c7s,wet,top_pair,twocards_bdfd,TP+,16,0.94,CHECK
R3_flop_dynamic_J97_open,flop,OOP,SRP,Jh9c7s,wet,top_pair,gutshot,TP+,24,0.68,CHECK
R3_flop_dynamic_J97_open,flop,OOP,SRP,Jh9c7s,wet,top_pair,no_draw,TP+,35,0.59,CHECK
R3_flop_dynamic_J97_open,flop,OOP,SRP,Jh9c7s,wet,king_high,twocards_bdfd,エア,15,0.1,CHECK
R3_flop_dynamic_J97_open,flop,OOP,SRP,Jh9c7s,wet,king_high,no_draw,エア,29,0.02,CHECK
R3_flop_dynamic_J97_open,flop,OOP,SRP,Jh9c7s,wet,king_high,gutshot,エア,32,0.92,CHECK
R3_flop_dynamic_J97_open,flop,OOP,SRP,Jh9c7s,wet,king_high,oesd,エア,16,0.68,CHECK
R3_flop_dynamic_J97_open,flop,OOP,SRP,Jh9c7s,wet,ace_high,twocards_bdfd,エア,15,0.34,CHECK
R3_flop_dynamic_J97_open,flop,OOP,SRP,Jh9c7s,wet,ace_high,no_draw,エア,77,0.11,CHECK
R3_flop_dynamic_J97_open,flop,OOP,SRP,Jh9c7s,wet,ace_high,gutshot,エア,32,0.52,CHECK
R3_flop_dynamic_T98_ip_post_check,flop,IP,SRP,Ts9d8c,wet,low_pair,no_draw,アンダーペア,24,25.37,CHECK
R3_flop_dynamic_T98_ip_post_check,flop,IP,SRP,Ts9d8c,wet,no_made_hand,twocards_bdfd,エア,3,67.63,BET
R3_flop_dynamic_T98_ip_post_check,flop,IP,SRP,Ts9d8c,wet,no_made_hand,no_draw,エア,1,44.7,CHECK
R3_flop_dynamic_T98_ip_post_check,flop,IP,SRP,Ts9d8c,wet,no_made_hand,gutshot,エア,20,45.32,CHECK
R3_flop_dynamic_T98_ip_post_check,flop,IP,SRP,Ts9d8c,wet,low_pair,gutshot,アンダーペア,6,0.13,CHECK
R3_flop_dynamic_T98_ip_post_check,flop,IP,SRP,Ts9d8c,wet,no_made_hand,oesd,エア,24,82.71,BET
R3_flop_dynamic_T98_ip_post_check,flop,IP,SRP,Ts9d8c,wet,straight,twocards_bdfd,2P+,9,80.74,BET
R3_flop_dynamic_T98_ip_post_check,flop,IP,SRP,Ts9d8c,wet,low_pair,oesd,アンダーペア,6,29.78,CHECK
R3_flop_dynamic_T98_ip_post_check,flop,IP,SRP,Ts9d8c,wet,straight,no_draw,2P+,15,83.67,BET
R3_flop_dynamic_T98_ip_post_check,flop,IP,SRP,Ts9d8c,wet,third_pair,twocards_bdfd,アンダーペア,6,59.63,BET
R3_flop_dynamic_T98_ip_post_check,flop,IP,SRP,Ts9d8c,wet,third_pair,gutshot,アンダーペア,6,53.43,BET
R3_flop_dynamic_T98_ip_post_check,flop,IP,SRP,Ts9d8c,wet,third_pair,oesd,アンダーペア,15,21.21,CHECK
R3_flop_dynamic_T98_ip_post_check,flop,IP,SRP,Ts9d8c,wet,third_pair,no_draw,アンダーペア,21,23.6,CHECK
R3_flop_dynamic_T98_ip_post_check,flop,IP,SRP,Ts9d8c,wet,set,no_draw,2P+,9,79.22,BET
R3_flop_dynamic_T98_ip_post_check,flop,IP,SRP,Ts9d8c,wet,second_pair,gutshot,アンダーペア,15,58.19,BET
R3_flop_dynamic_T98_ip_post_check,flop,IP,SRP,Ts9d8c,wet,second_pair,oesd,アンダーペア,15,50.03,BET
R3_flop_dynamic_T98_ip_post_check,flop,IP,SRP,Ts9d8c,wet,two_pair,no_draw,2P+,24,72.11,BET
R3_flop_dynamic_T98_ip_post_check,flop,IP,SRP,Ts9d8c,wet,two_pair,twocards_bdfd,2P+,3,67.15,BET
R3_flop_dynamic_T98_ip_post_check,flop,IP,SRP,Ts9d8c,wet,top_pair,gutshot,TP+,15,67.42,BET
R3_flop_dynamic_T98_ip_post_check,flop,IP,SRP,Ts9d8c,wet,top_pair,oesd,TP+,15,67.38,BET
R3_flop_dynamic_T98_ip_post_check,flop,IP,SRP,Ts9d8c,wet,overpair,oesd,TP+,6,80.91,BET
R3_flop_dynamic_T98_ip_post_check,flop,IP,SRP,Ts9d8c,wet,overpair,gutshot,TP+,6,87.83,BET
R3_flop_dynamic_T98_ip_post_check,flop,IP,SRP,Ts9d8c,wet,king_high,twocards_bdfd,エア,12,70.0,BET
R3_flop_dynamic_T98_ip_post_check,flop,IP,SRP,Ts9d8c,wet,king_high,gutshot,エア,20,64.88,BET
R3_flop_dynamic_T98_ip_post_check,flop,IP,SRP,Ts9d8c,wet,king_high,oesd,エア,20,81.74,BET
R3_flop_dynamic_T98_ip_post_check,flop,IP,SRP,Ts9d8c,wet,second_pair,twocards_bdfd,アンダーペア,4,84.9,BET
R3_flop_dynamic_T98_ip_post_check,flop,IP,SRP,Ts9d8c,wet,second_pair,no_draw,アンダーペア,20,46.19,CHECK
R3_flop_dynamic_T98_ip_post_check,flop,IP,SRP,Ts9d8c,wet,top_pair,twocards_bdfd,TP+,4,91.18,BET
R3_flop_dynamic_T98_ip_post_check,flop,IP,SRP,Ts9d8c,wet,top_pair,no_draw,TP+,20,60.17,BET
R3_flop_dynamic_T98_ip_post_check,flop,IP,SRP,Ts9d8c,wet,overpair,no_draw,TP+,12,71.44,BET
R3_flop_dynamic_T98_ip_post_check,flop,IP,SRP,Ts9d8c,wet,king_high,no_draw,エア,4,63.63,BET
R3_flop_dynamic_T98_ip_post_check,flop,IP,SRP,Ts9d8c,wet,ace_high,twocards_bdfd,エア,15,35.69,CHECK
R3_flop_dynamic_T98_ip_post_check,flop,IP,SRP,Ts9d8c,wet,ace_high,no_draw,エア,41,56.96,BET
R3_flop_dynamic_T98_ip_post_check,flop,IP,SRP,Ts9d8c,wet,ace_high,gutshot,エア,32,58.4,BET
R3_flop_dynamic_T98_ip_post_check,flop,IP,SRP,Ts9d8c,wet,ace_high,oesd,エア,32,65.5,BET
R3_flop_dynamic_T98_open,flop,OOP,SRP,Ts9d8c,wet,low_pair,no_draw,アンダーペア,24,0.02,CHECK
R3_flop_dynamic_T98_open,flop,OOP,SRP,Ts9d8c,wet,no_made_hand,twocards_bdfd,エア,18,0.02,CHECK
R3_flop_dynamic_T98_open,flop,OOP,SRP,Ts9d8c,wet,no_made_hand,no_draw,エア,18,0.02,CHECK
R3_flop_dynamic_T98_open,flop,OOP,SRP,Ts9d8c,wet,no_made_hand,gutshot,エア,44,0.07,CHECK
R3_flop_dynamic_T98_open,flop,OOP,SRP,Ts9d8c,wet,low_pair,gutshot,アンダーペア,6,0.02,CHECK
R3_flop_dynamic_T98_open,flop,OOP,SRP,Ts9d8c,wet,no_made_hand,oesd,エア,40,0.11,CHECK
R3_flop_dynamic_T98_open,flop,OOP,SRP,Ts9d8c,wet,straight,twocards_bdfd,2P+,9,0.17,CHECK
R3_flop_dynamic_T98_open,flop,OOP,SRP,Ts9d8c,wet,straight,no_draw,2P+,27,0.14,CHECK
R3_flop_dynamic_T98_open,flop,OOP,SRP,Ts9d8c,wet,low_pair,oesd,アンダーペア,6,0.02,CHECK
R3_flop_dynamic_T98_open,flop,OOP,SRP,Ts9d8c,wet,third_pair,twocards_bdfd,アンダーペア,8,0.02,CHECK
R3_flop_dynamic_T98_open,flop,OOP,SRP,Ts9d8c,wet,third_pair,gutshot,アンダーペア,15,0.02,CHECK
R3_flop_dynamic_T98_open,flop,OOP,SRP,Ts9d8c,wet,third_pair,oesd,アンダーペア,24,0.03,CHECK
R3_flop_dynamic_T98_open,flop,OOP,SRP,Ts9d8c,wet,third_pair,no_draw,アンダーペア,22,0.02,CHECK
R3_flop_dynamic_T98_open,flop,OOP,SRP,Ts9d8c,wet,set,no_draw,2P+,9,0.22,CHECK
R3_flop_dynamic_T98_open,flop,OOP,SRP,Ts9d8c,wet,second_pair,twocards_bdfd,アンダーペア,10,0.02,CHECK
R3_flop_dynamic_T98_open,flop,OOP,SRP,Ts9d8c,wet,second_pair,gutshot,アンダーペア,15,0.02,CHECK
R3_flop_dynamic_T98_open,flop,OOP,SRP,Ts9d8c,wet,second_pair,oesd,アンダーペア,24,0.02,CHECK
R3_flop_dynamic_T98_open,flop,OOP,SRP,Ts9d8c,wet,two_pair,no_draw,2P+,24,0.05,CHECK
R3_flop_dynamic_T98_open,flop,OOP,SRP,Ts9d8c,wet,second_pair,no_draw,アンダーペア,23,0.02,CHECK
R3_flop_dynamic_T98_open,flop,OOP,SRP,Ts9d8c,wet,two_pair,twocards_bdfd,2P+,3,0.18,CHECK
R3_flop_dynamic_T98_open,flop,OOP,SRP,Ts9d8c,wet,top_pair,twocards_bdfd,TP+,12,0.01,CHECK
R3_flop_dynamic_T98_open,flop,OOP,SRP,Ts9d8c,wet,top_pair,gutshot,TP+,15,0.02,CHECK
R3_flop_dynamic_T98_open,flop,OOP,SRP,Ts9d8c,wet,top_pair,oesd,TP+,15,0.05,CHECK
R3_flop_dynamic_T98_open,flop,OOP,SRP,Ts9d8c,wet,top_pair,no_draw,TP+,24,0.01,CHECK
R3_flop_dynamic_T98_open,flop,OOP,SRP,Ts9d8c,wet,king_high,twocards_bdfd,エア,12,0.02,CHECK
R3_flop_dynamic_T98_open,flop,OOP,SRP,Ts9d8c,wet,king_high,no_draw,エア,16,0.02,CHECK
R3_flop_dynamic_T98_open,flop,OOP,SRP,Ts9d8c,wet,king_high,gutshot,エア,32,0.07,CHECK
R3_flop_dynamic_T98_open,flop,OOP,SRP,Ts9d8c,wet,king_high,oesd,エア,32,0.11,CHECK
R3_flop_dynamic_T98_open,flop,OOP,SRP,Ts9d8c,wet,ace_high,twocards_bdfd,エア,12,0.02,CHECK
R3_flop_dynamic_T98_open,flop,OOP,SRP,Ts9d8c,wet,ace_high,no_draw,エア,52,0.02,CHECK
R3_flop_dynamic_T98_open,flop,OOP,SRP,Ts9d8c,wet,ace_high,gutshot,エア,28,0.02,CHECK
R3_flop_dynamic_T98_open,flop,OOP,SRP,Ts9d8c,wet,ace_high,oesd,エア,32,0.03,CHECK
R3_flop_low_dry_752_ip_post_check,flop,IP,SRP,7s5d2c,dry,set,no_draw,2P+,9,94.91,BET
R3_flop_low_dry_752_ip_post_check,flop,IP,SRP,7s5d2c,dry,third_pair,no_draw,アンダーペア,14,6.8,CHECK
R3_flop_low_dry_752_ip_post_check,flop,IP,SRP,7s5d2c,dry,second_pair,twocards_bdfd,アンダーペア,14,51.3,BET
R3_flop_low_dry_752_ip_post_check,flop,IP,SRP,7s5d2c,dry,second_pair,no_draw,アンダーペア,16,26.35,CHECK
R3_flop_low_dry_752_ip_post_check,flop,IP,SRP,7s5d2c,dry,no_made_hand,oesd,エア,8,75.05,BET
R3_flop_low_dry_752_ip_post_check,flop,IP,SRP,7s5d2c,dry,underpair,no_draw,アンダーペア,6,11.5,CHECK
R3_flop_low_dry_752_ip_post_check,flop,IP,SRP,7s5d2c,dry,two_pair,twocards_bdfd,2P+,1,100.0,BET
R3_flop_low_dry_752_ip_post_check,flop,IP,SRP,7s5d2c,dry,top_pair,twocards_bdfd,TP+,16,61.84,BET
R3_flop_low_dry_752_ip_post_check,flop,IP,SRP,7s5d2c,dry,two_pair,no_draw,2P+,1,99.99,BET
R3_flop_low_dry_752_ip_post_check,flop,IP,SRP,7s5d2c,dry,top_pair,no_draw,TP+,17,60.54,BET
R3_flop_low_dry_752_ip_post_check,flop,IP,SRP,7s5d2c,dry,overpair,no_draw,TP+,42,79.89,BET
R3_flop_low_dry_752_ip_post_check,flop,IP,SRP,7s5d2c,dry,no_made_hand,gutshot,エア,20,47.97,CHECK
R3_flop_low_dry_752_ip_post_check,flop,IP,SRP,7s5d2c,dry,no_made_hand,twocards_bdfd,エア,45,73.56,BET
R3_flop_low_dry_752_ip_post_check,flop,IP,SRP,7s5d2c,dry,no_made_hand,no_draw,エア,111,54.98,BET
R3_flop_low_dry_752_ip_post_check,flop,IP,SRP,7s5d2c,dry,king_high,twocards_bdfd,エア,24,35.38,CHECK
R3_flop_low_dry_752_ip_post_check,flop,IP,SRP,7s5d2c,dry,king_high,no_draw,エア,68,39.31,CHECK
R3_flop_low_dry_752_ip_post_check,flop,IP,SRP,7s5d2c,dry,third_pair,twocards_bdfd,アンダーペア,4,60.72,BET
R3_flop_low_dry_752_ip_post_check,flop,IP,SRP,7s5d2c,dry,ace_high,gutshot,エア,20,58.95,BET
R3_flop_low_dry_752_ip_post_check,flop,IP,SRP,7s5d2c,dry,ace_high,twocards_bdfd,エア,21,2.07,CHECK
R3_flop_low_dry_752_ip_post_check,flop,IP,SRP,7s5d2c,dry,ace_high,no_draw,エア,91,25.06,CHECK
R3_flop_low_dry_752_open,flop,OOP,SRP,7s5d2c,dry,set,no_draw,2P+,9,0.08,CHECK
R3_flop_low_dry_752_open,flop,OOP,SRP,7s5d2c,dry,third_pair,twocards_bdfd,アンダーペア,16,0.04,CHECK
R3_flop_low_dry_752_open,flop,OOP,SRP,7s5d2c,dry,third_pair,no_draw,アンダーペア,29,0.01,CHECK
R3_flop_low_dry_752_open,flop,OOP,SRP,7s5d2c,dry,no_made_hand,oesd,エア,12,0.05,CHECK
R3_flop_low_dry_752_open,flop,OOP,SRP,7s5d2c,dry,second_pair,twocards_bdfd,アンダーペア,20,0.05,CHECK
R3_flop_low_dry_752_open,flop,OOP,SRP,7s5d2c,dry,second_pair,no_draw,アンダーペア,46,0.01,CHECK
R3_flop_low_dry_752_open,flop,OOP,SRP,7s5d2c,dry,two_pair,no_draw,2P+,2,0.04,CHECK
R3_flop_low_dry_752_open,flop,OOP,SRP,7s5d2c,dry,two_pair,twocards_bdfd,2P+,2,0.09,CHECK
R3_flop_low_dry_752_open,flop,OOP,SRP,7s5d2c,dry,no_made_hand,gutshot,エア,28,0.07,CHECK
R3_flop_low_dry_752_open,flop,OOP,SRP,7s5d2c,dry,underpair,no_draw,アンダーペア,6,0.01,CHECK
R3_flop_low_dry_752_open,flop,OOP,SRP,7s5d2c,dry,top_pair,twocards_bdfd,TP+,20,0.07,CHECK
R3_flop_low_dry_752_open,flop,OOP,SRP,7s5d2c,dry,top_pair,no_draw,TP+,55,0.05,CHECK
R3_flop_low_dry_752_open,flop,OOP,SRP,7s5d2c,dry,overpair,no_draw,TP+,18,0.08,CHECK
R3_flop_low_dry_752_open,flop,OOP,SRP,7s5d2c,dry,no_made_hand,twocards_bdfd,エア,60,0.02,CHECK
R3_flop_low_dry_752_open,flop,OOP,SRP,7s5d2c,dry,no_made_hand,no_draw,エア,128,0.02,CHECK
R3_flop_low_dry_752_open,flop,OOP,SRP,7s5d2c,dry,king_high,twocards_bdfd,エア,24,0.02,CHECK
R3_flop_low_dry_752_open,flop,OOP,SRP,7s5d2c,dry,king_high,no_draw,エア,80,0.01,CHECK
R3_flop_low_dry_752_open,flop,OOP,SRP,7s5d2c,dry,ace_high,gutshot,エア,32,0.07,CHECK
R3_flop_low_dry_752_open,flop,OOP,SRP,7s5d2c,dry,ace_high,twocards_bdfd,エア,15,0.01,CHECK
R3_flop_low_dry_752_open,flop,OOP,SRP,7s5d2c,dry,ace_high,no_draw,エア,77,0.01,CHECK
R3_flop_low_dry_853_ip_post_check,flop,IP,SRP,8s5d3h,dry,low_pair,no_draw,アンダーペア,6,0.03,CHECK
R3_flop_low_dry_853_ip_post_check,flop,IP,SRP,8s5d3h,dry,set,no_draw,2P+,9,97.89,BET
R3_flop_low_dry_853_ip_post_check,flop,IP,SRP,8s5d3h,dry,third_pair,no_draw,アンダーペア,9,2.99,CHECK
R3_flop_low_dry_853_ip_post_check,flop,IP,SRP,8s5d3h,dry,second_pair,no_draw,アンダーペア,16,25.16,CHECK
R3_flop_low_dry_853_ip_post_check,flop,IP,SRP,8s5d3h,dry,second_pair,twocards_bdfd,アンダーペア,14,46.32,CHECK
R3_flop_low_dry_853_ip_post_check,flop,IP,SRP,8s5d3h,dry,no_made_hand,oesd,エア,8,78.8,BET
R3_flop_low_dry_853_ip_post_check,flop,IP,SRP,8s5d3h,dry,underpair,no_draw,アンダーペア,12,4.97,CHECK
R3_flop_low_dry_853_ip_post_check,flop,IP,SRP,8s5d3h,dry,two_pair,no_draw,2P+,1,99.99,BET
R3_flop_low_dry_853_ip_post_check,flop,IP,SRP,8s5d3h,dry,top_pair,no_draw,TP+,53,28.23,CHECK
R3_flop_low_dry_853_ip_post_check,flop,IP,SRP,8s5d3h,dry,top_pair,twocards_bdfd,TP+,16,61.53,BET
R3_flop_low_dry_853_ip_post_check,flop,IP,SRP,8s5d3h,dry,two_pair,twocards_bdfd,2P+,1,100.0,BET
R3_flop_low_dry_853_ip_post_check,flop,IP,SRP,8s5d3h,dry,no_made_hand,gutshot,エア,8,63.76,BET
R3_flop_low_dry_853_ip_post_check,flop,IP,SRP,8s5d3h,dry,overpair,no_draw,TP+,36,72.77,BET
R3_flop_low_dry_853_ip_post_check,flop,IP,SRP,8s5d3h,dry,no_made_hand,no_draw,エア,86,49.95,CHECK
R3_flop_low_dry_853_ip_post_check,flop,IP,SRP,8s5d3h,dry,no_made_hand,twocards_bdfd,エア,42,67.16,BET
R3_flop_low_dry_853_ip_post_check,flop,IP,SRP,8s5d3h,dry,third_pair,twocards_bdfd,アンダーペア,6,45.01,CHECK
R3_flop_low_dry_853_ip_post_check,flop,IP,SRP,8s5d3h,dry,king_high,no_draw,エア,56,33.6,CHECK
R3_flop_low_dry_853_ip_post_check,flop,IP,SRP,8s5d3h,dry,king_high,twocards_bdfd,エア,24,33.55,CHECK
R3_flop_low_dry_853_ip_post_check,flop,IP,SRP,8s5d3h,dry,ace_high,gutshot,エア,20,51.53,BET
R3_flop_low_dry_853_ip_post_check,flop,IP,SRP,8s5d3h,dry,ace_high,no_draw,エア,91,21.24,CHECK
R3_flop_low_dry_853_ip_post_check,flop,IP,SRP,8s5d3h,dry,ace_high,twocards_bdfd,エア,21,1.01,CHECK
R3_flop_low_dry_853_open,flop,OOP,SRP,8s5d3h,dry,low_pair,no_draw,アンダーペア,6,0.0,CHECK
R3_flop_low_dry_853_open,flop,OOP,SRP,8s5d3h,dry,third_pair,no_draw,アンダーペア,25,0.01,CHECK
R3_flop_low_dry_853_open,flop,OOP,SRP,8s5d3h,dry,third_pair,twocards_bdfd,アンダーペア,20,0.03,CHECK
R3_flop_low_dry_853_open,flop,OOP,SRP,8s5d3h,dry,set,no_draw,2P+,9,0.19,CHECK
R3_flop_low_dry_853_open,flop,OOP,SRP,8s5d3h,dry,no_made_hand,oesd,エア,24,0.08,CHECK
R3_flop_low_dry_853_open,flop,OOP,SRP,8s5d3h,dry,second_pair,no_draw,アンダーペア,46,0.02,CHECK
R3_flop_low_dry_853_open,flop,OOP,SRP,8s5d3h,dry,two_pair,no_draw,2P+,2,0.18,CHECK
R3_flop_low_dry_853_open,flop,OOP,SRP,8s5d3h,dry,second_pair,twocards_bdfd,アンダーペア,20,0.03,CHECK
R3_flop_low_dry_853_open,flop,OOP,SRP,8s5d3h,dry,two_pair,twocards_bdfd,2P+,2,0.27,CHECK
R3_flop_low_dry_853_open,flop,OOP,SRP,8s5d3h,dry,no_made_hand,gutshot,エア,28,0.17,CHECK
R3_flop_low_dry_853_open,flop,OOP,SRP,8s5d3h,dry,underpair,no_draw,アンダーペア,12,0.01,CHECK
R3_flop_low_dry_853_open,flop,OOP,SRP,8s5d3h,dry,top_pair,no_draw,TP+,72,0.05,CHECK
R3_flop_low_dry_853_open,flop,OOP,SRP,8s5d3h,dry,top_pair,twocards_bdfd,TP+,18,0.08,CHECK
R3_flop_low_dry_853_open,flop,OOP,SRP,8s5d3h,dry,no_made_hand,no_draw,エア,91,0.04,CHECK
R3_flop_low_dry_853_open,flop,OOP,SRP,8s5d3h,dry,no_made_hand,twocards_bdfd,エア,57,0.04,CHECK
R3_flop_low_dry_853_open,flop,OOP,SRP,8s5d3h,dry,overpair,no_draw,TP+,12,0.15,CHECK
R3_flop_low_dry_853_open,flop,OOP,SRP,8s5d3h,dry,king_high,no_draw,エア,80,0.04,CHECK
R3_flop_low_dry_853_open,flop,OOP,SRP,8s5d3h,dry,king_high,twocards_bdfd,エア,24,0.04,CHECK
R3_flop_low_dry_853_open,flop,OOP,SRP,8s5d3h,dry,ace_high,gutshot,エア,32,0.1,CHECK
R3_flop_low_dry_853_open,flop,OOP,SRP,8s5d3h,dry,ace_high,no_draw,エア,77,0.02,CHECK
R3_flop_low_dry_853_open,flop,OOP,SRP,8s5d3h,dry,ace_high,twocards_bdfd,エア,15,0.01,CHECK
R3_flop_low_dry_863_ip_post_check,flop,IP,SRP,8d6c3s,dry,low_pair,no_draw,アンダーペア,6,0.02,CHECK
R3_flop_low_dry_863_ip_post_check,flop,IP,SRP,8d6c3s,dry,set,no_draw,2P+,9,97.34,BET
R3_flop_low_dry_863_ip_post_check,flop,IP,SRP,8d6c3s,dry,third_pair,no_draw,アンダーペア,15,3.08,CHECK
R3_flop_low_dry_863_ip_post_check,flop,IP,SRP,8d6c3s,dry,no_made_hand,oesd,エア,12,64.79,BET
R3_flop_low_dry_863_ip_post_check,flop,IP,SRP,8d6c3s,dry,second_pair,twocards_bdfd,アンダーペア,18,26.76,CHECK
R3_flop_low_dry_863_ip_post_check,flop,IP,SRP,8d6c3s,dry,second_pair,no_draw,アンダーペア,18,21.56,CHECK
R3_flop_low_dry_863_ip_post_check,flop,IP,SRP,8d6c3s,dry,underpair,no_draw,アンダーペア,6,0.03,CHECK
R3_flop_low_dry_863_ip_post_check,flop,IP,SRP,8d6c3s,dry,top_pair,twocards_bdfd,TP+,16,54.17,BET
R3_flop_low_dry_863_ip_post_check,flop,IP,SRP,8d6c3s,dry,top_pair,no_draw,TP+,53,25.93,CHECK
R3_flop_low_dry_863_ip_post_check,flop,IP,SRP,8d6c3s,dry,two_pair,no_draw,2P+,1,97.81,BET
R3_flop_low_dry_863_ip_post_check,flop,IP,SRP,8d6c3s,dry,two_pair,twocards_bdfd,2P+,1,99.99,BET
R3_flop_low_dry_863_ip_post_check,flop,IP,SRP,8d6c3s,dry,overpair,no_draw,TP+,36,73.28,BET
R3_flop_low_dry_863_ip_post_check,flop,IP,SRP,8d6c3s,dry,no_made_hand,gutshot,エア,20,59.76,BET
R3_flop_low_dry_863_ip_post_check,flop,IP,SRP,8d6c3s,dry,no_made_hand,twocards_bdfd,エア,33,73.61,BET
R3_flop_low_dry_863_ip_post_check,flop,IP,SRP,8d6c3s,dry,no_made_hand,no_draw,エア,71,52.44,BET
R3_flop_low_dry_863_ip_post_check,flop,IP,SRP,8d6c3s,dry,third_pair,twocards_bdfd,アンダーペア,6,44.76,CHECK
R3_flop_low_dry_863_ip_post_check,flop,IP,SRP,8d6c3s,dry,king_high,twocards_bdfd,エア,24,48.75,CHECK
R3_flop_low_dry_863_ip_post_check,flop,IP,SRP,8d6c3s,dry,king_high,no_draw,エア,56,40.77,CHECK
R3_flop_low_dry_863_ip_post_check,flop,IP,SRP,8d6c3s,dry,ace_high,twocards_bdfd,エア,27,7.17,CHECK
R3_flop_low_dry_863_ip_post_check,flop,IP,SRP,8d6c3s,dry,ace_high,no_draw,エア,105,18.65,CHECK
R3_flop_low_dry_863_open,flop,OOP,SRP,8d6c3s,dry,low_pair,no_draw,アンダーペア,6,0.0,CHECK
R3_flop_low_dry_863_open,flop,OOP,SRP,8d6c3s,dry,third_pair,twocards_bdfd,アンダーペア,20,0.02,CHECK
R3_flop_low_dry_863_open,flop,OOP,SRP,8d6c3s,dry,set,no_draw,2P+,9,0.22,CHECK
R3_flop_low_dry_863_open,flop,OOP,SRP,8d6c3s,dry,third_pair,no_draw,アンダーペア,31,0.01,CHECK
R3_flop_low_dry_863_open,flop,OOP,SRP,8d6c3s,dry,no_made_hand,gutshot,エア,36,0.11,CHECK
R3_flop_low_dry_863_open,flop,OOP,SRP,8d6c3s,dry,no_made_hand,oesd,エア,36,0.07,CHECK
R3_flop_low_dry_863_open,flop,OOP,SRP,8d6c3s,dry,second_pair,twocards_bdfd,アンダーペア,20,0.03,CHECK
R3_flop_low_dry_863_open,flop,OOP,SRP,8d6c3s,dry,two_pair,twocards_bdfd,2P+,2,0.21,CHECK
R3_flop_low_dry_863_open,flop,OOP,SRP,8d6c3s,dry,second_pair,no_draw,アンダーペア,46,0.01,CHECK
R3_flop_low_dry_863_open,flop,OOP,SRP,8d6c3s,dry,two_pair,no_draw,2P+,2,0.23,CHECK
R3_flop_low_dry_863_open,flop,OOP,SRP,8d6c3s,dry,underpair,no_draw,アンダーペア,6,0.01,CHECK
R3_flop_low_dry_863_open,flop,OOP,SRP,8d6c3s,dry,top_pair,twocards_bdfd,TP+,18,0.07,CHECK
R3_flop_low_dry_863_open,flop,OOP,SRP,8d6c3s,dry,top_pair,no_draw,TP+,72,0.05,CHECK
R3_flop_low_dry_863_open,flop,OOP,SRP,8d6c3s,dry,no_made_hand,twocards_bdfd,エア,51,0.05,CHECK
R3_flop_low_dry_863_open,flop,OOP,SRP,8d6c3s,dry,overpair,no_draw,TP+,12,0.19,CHECK
R3_flop_low_dry_863_open,flop,OOP,SRP,8d6c3s,dry,no_made_hand,no_draw,エア,77,0.06,CHECK
R3_flop_low_dry_863_open,flop,OOP,SRP,8d6c3s,dry,king_high,twocards_bdfd,エア,24,0.04,CHECK
R3_flop_low_dry_863_open,flop,OOP,SRP,8d6c3s,dry,king_high,no_draw,エア,80,0.06,CHECK
R3_flop_low_dry_863_open,flop,OOP,SRP,8d6c3s,dry,ace_high,twocards_bdfd,エア,21,0.02,CHECK
R3_flop_low_dry_863_open,flop,OOP,SRP,8d6c3s,dry,ace_high,no_draw,エア,103,0.02,CHECK
R3_flop_low_dry_964_ip_post_check,flop,IP,SRP,9c6d4s,dry,low_pair,no_draw,アンダーペア,12,0.05,CHECK
R3_flop_low_dry_964_ip_post_check,flop,IP,SRP,9c6d4s,dry,set,no_draw,2P+,9,94.58,BET
R3_flop_low_dry_964_ip_post_check,flop,IP,SRP,9c6d4s,dry,third_pair,twocards_bdfd,アンダーペア,10,70.24,BET
R3_flop_low_dry_964_ip_post_check,flop,IP,SRP,9c6d4s,dry,third_pair,no_draw,アンダーペア,20,14.87,CHECK
R3_flop_low_dry_964_ip_post_check,flop,IP,SRP,9c6d4s,dry,two_pair,twocards_bdfd,2P+,2,99.99,BET
R3_flop_low_dry_964_ip_post_check,flop,IP,SRP,9c6d4s,dry,second_pair,twocards_bdfd,アンダーペア,16,30.19,CHECK
R3_flop_low_dry_964_ip_post_check,flop,IP,SRP,9c6d4s,dry,two_pair,no_draw,2P+,2,99.95,BET
R3_flop_low_dry_964_ip_post_check,flop,IP,SRP,9c6d4s,dry,second_pair,no_draw,アンダーペア,17,33.6,CHECK
R3_flop_low_dry_964_ip_post_check,flop,IP,SRP,9c6d4s,dry,no_made_hand,oesd,エア,8,68.04,BET
R3_flop_low_dry_964_ip_post_check,flop,IP,SRP,9c6d4s,dry,underpair,no_draw,アンダーペア,12,2.0,CHECK
R3_flop_low_dry_964_ip_post_check,flop,IP,SRP,9c6d4s,dry,no_made_hand,gutshot,エア,24,61.6,BET
R3_flop_low_dry_964_ip_post_check,flop,IP,SRP,9c6d4s,dry,top_pair,twocards_bdfd,TP+,14,97.54,BET
R3_flop_low_dry_964_ip_post_check,flop,IP,SRP,9c6d4s,dry,top_pair,no_draw,TP+,61,43.14,CHECK
R3_flop_low_dry_964_ip_post_check,flop,IP,SRP,9c6d4s,dry,overpair,no_draw,TP+,30,80.23,BET
R3_flop_low_dry_964_ip_post_check,flop,IP,SRP,9c6d4s,dry,no_made_hand,twocards_bdfd,エア,30,76.49,BET
R3_flop_low_dry_964_ip_post_check,flop,IP,SRP,9c6d4s,dry,no_made_hand,no_draw,エア,58,63.35,BET
R3_flop_low_dry_964_ip_post_check,flop,IP,SRP,9c6d4s,dry,king_high,twocards_bdfd,エア,24,51.11,BET
R3_flop_low_dry_964_ip_post_check,flop,IP,SRP,9c6d4s,dry,king_high,no_draw,エア,56,58.31,BET
R3_flop_low_dry_964_ip_post_check,flop,IP,SRP,9c6d4s,dry,ace_high,twocards_bdfd,エア,27,14.02,CHECK
R3_flop_low_dry_964_ip_post_check,flop,IP,SRP,9c6d4s,dry,ace_high,no_draw,エア,93,28.99,CHECK
R3_flop_low_dry_964_open,flop,OOP,SRP,9c6d4s,dry,low_pair,no_draw,アンダーペア,12,0.0,CHECK
R3_flop_low_dry_964_open,flop,OOP,SRP,9c6d4s,dry,no_made_hand,gutshot,エア,36,0.13,CHECK
R3_flop_low_dry_964_open,flop,OOP,SRP,9c6d4s,dry,third_pair,twocards_bdfd,アンダーペア,20,0.01,CHECK
R3_flop_low_dry_964_open,flop,OOP,SRP,9c6d4s,dry,set,no_draw,2P+,9,0.17,CHECK
R3_flop_low_dry_964_open,flop,OOP,SRP,9c6d4s,dry,third_pair,no_draw,アンダーペア,34,0.01,CHECK
R3_flop_low_dry_964_open,flop,OOP,SRP,9c6d4s,dry,no_made_hand,oesd,エア,24,0.1,CHECK
R3_flop_low_dry_964_open,flop,OOP,SRP,9c6d4s,dry,second_pair,twocards_bdfd,アンダーペア,20,0.02,CHECK
R3_flop_low_dry_964_open,flop,OOP,SRP,9c6d4s,dry,two_pair,twocards_bdfd,2P+,3,0.19,CHECK
R3_flop_low_dry_964_open,flop,OOP,SRP,9c6d4s,dry,second_pair,no_draw,アンダーペア,46,0.01,CHECK
R3_flop_low_dry_964_open,flop,OOP,SRP,9c6d4s,dry,two_pair,no_draw,2P+,3,0.19,CHECK
R3_flop_low_dry_964_open,flop,OOP,SRP,9c6d4s,dry,underpair,no_draw,アンダーペア,12,0.01,CHECK
R3_flop_low_dry_964_open,flop,OOP,SRP,9c6d4s,dry,top_pair,twocards_bdfd,TP+,18,0.05,CHECK
R3_flop_low_dry_964_open,flop,OOP,SRP,9c6d4s,dry,top_pair,no_draw,TP+,72,0.04,CHECK
R3_flop_low_dry_964_open,flop,OOP,SRP,9c6d4s,dry,no_made_hand,twocards_bdfd,エア,48,0.08,CHECK
R3_flop_low_dry_964_open,flop,OOP,SRP,9c6d4s,dry,overpair,no_draw,TP+,6,0.19,CHECK
R3_flop_low_dry_964_open,flop,OOP,SRP,9c6d4s,dry,no_made_hand,no_draw,エア,76,0.03,CHECK
R3_flop_low_dry_964_open,flop,OOP,SRP,9c6d4s,dry,king_high,twocards_bdfd,エア,24,0.07,CHECK
R3_flop_low_dry_964_open,flop,OOP,SRP,9c6d4s,dry,king_high,no_draw,エア,80,0.02,CHECK
R3_flop_low_dry_964_open,flop,OOP,SRP,9c6d4s,dry,ace_high,twocards_bdfd,エア,21,0.05,CHECK
R3_flop_low_dry_964_open,flop,OOP,SRP,9c6d4s,dry,ace_high,no_draw,エア,103,0.02,CHECK
R3_flop_monotone_A72d_ip_post_check,flop,IP,SRP,Ad7d2d,wet,set,no_draw,2P+,9,65.35,BET
R3_flop_monotone_A72d_ip_post_check,flop,IP,SRP,Ad7d2d,wet,third_pair,flush_draw,アンダーペア,12,22.48,CHECK
R3_flop_monotone_A72d_ip_post_check,flop,IP,SRP,Ad7d2d,wet,third_pair,no_draw,アンダーペア,15,24.77,CHECK
R3_flop_monotone_A72d_ip_post_check,flop,IP,SRP,Ad7d2d,wet,no_made_hand,gutshot,エア,3,40.8,CHECK
R3_flop_monotone_A72d_ip_post_check,flop,IP,SRP,Ad7d2d,wet,flush,no_draw,2P+,33,58.07,BET
R3_flop_monotone_A72d_ip_post_check,flop,IP,SRP,Ad7d2d,wet,no_made_hand,no_draw,エア,123,57.72,BET
R3_flop_monotone_A72d_ip_post_check,flop,IP,SRP,Ad7d2d,wet,second_pair,no_draw,アンダーペア,24,32.4,CHECK
R3_flop_monotone_A72d_ip_post_check,flop,IP,SRP,Ad7d2d,wet,underpair,flush_draw,アンダーペア,15,47.86,CHECK
R3_flop_monotone_A72d_ip_post_check,flop,IP,SRP,Ad7d2d,wet,underpair,no_draw,アンダーペア,18,6.56,CHECK
R3_flop_monotone_A72d_ip_post_check,flop,IP,SRP,Ad7d2d,wet,no_made_hand,flush_draw,エア,54,45.77,CHECK
R3_flop_monotone_A72d_ip_post_check,flop,IP,SRP,Ad7d2d,wet,king_high,no_draw,エア,57,17.43,CHECK
R3_flop_monotone_A72d_ip_post_check,flop,IP,SRP,Ad7d2d,wet,king_high,flush_draw,エア,15,32.97,CHECK
R3_flop_monotone_A72d_ip_post_check,flop,IP,SRP,Ad7d2d,wet,king_high,nut_flush_draw,エア,15,75.42,BET
R3_flop_monotone_A72d_ip_post_check,flop,IP,SRP,Ad7d2d,wet,underpair,nut_flush_draw,アンダーペア,3,74.96,BET
R3_flop_monotone_A72d_ip_post_check,flop,IP,SRP,Ad7d2d,wet,two_pair,no_draw,2P+,12,64.74,BET
R3_flop_monotone_A72d_ip_post_check,flop,IP,SRP,Ad7d2d,wet,top_pair,no_draw,TP+,84,43.42,CHECK
R3_flop_monotone_A72d_ip_post_check,flop,IP,SRP,Ad7d2d,wet,top_pair,flush_draw,TP+,24,46.42,CHECK
R3_flop_monotone_A72d_ip_post_check,flop,IP,SRP,Ad7d2d,wet,top_pair,nut_flush_draw,TP+,3,10.3,CHECK
R3_flop_monotone_A72d_open,flop,OOP,SRP,Ad7d2d,wet,set,no_draw,2P+,6,0.58,CHECK
R3_flop_monotone_A72d_open,flop,OOP,SRP,Ad7d2d,wet,third_pair,no_draw,アンダーペア,36,0.26,CHECK
R3_flop_monotone_A72d_open,flop,OOP,SRP,Ad7d2d,wet,third_pair,flush_draw,アンダーペア,12,0.02,CHECK
R3_flop_monotone_A72d_open,flop,OOP,SRP,Ad7d2d,wet,no_made_hand,gutshot,エア,15,1.09,CHECK
R3_flop_monotone_A72d_open,flop,OOP,SRP,Ad7d2d,wet,flush,no_draw,2P+,44,0.31,CHECK
R3_flop_monotone_A72d_open,flop,OOP,SRP,Ad7d2d,wet,no_made_hand,combo_draw,エア,6,0.04,CHECK
R3_flop_monotone_A72d_open,flop,OOP,SRP,Ad7d2d,wet,no_made_hand,no_draw,エア,162,0.04,CHECK
R3_flop_monotone_A72d_open,flop,OOP,SRP,Ad7d2d,wet,no_made_hand,flush_draw,エア,66,0.1,CHECK
R3_flop_monotone_A72d_open,flop,OOP,SRP,Ad7d2d,wet,second_pair,no_draw,アンダーペア,54,0.04,CHECK
R3_flop_monotone_A72d_open,flop,OOP,SRP,Ad7d2d,wet,second_pair,flush_draw,アンダーペア,9,0.02,CHECK
R3_flop_monotone_A72d_open,flop,OOP,SRP,Ad7d2d,wet,underpair,flush_draw,アンダーペア,9,0.01,CHECK
R3_flop_monotone_A72d_open,flop,OOP,SRP,Ad7d2d,wet,underpair,no_draw,アンダーペア,9,0.01,CHECK
R3_flop_monotone_A72d_open,flop,OOP,SRP,Ad7d2d,wet,king_high,no_draw,エア,69,0.02,CHECK
R3_flop_monotone_A72d_open,flop,OOP,SRP,Ad7d2d,wet,king_high,flush_draw,エア,21,0.02,CHECK
R3_flop_monotone_A72d_open,flop,OOP,SRP,Ad7d2d,wet,king_high,nut_flush_draw,エア,21,0.63,CHECK
R3_flop_monotone_A72d_open,flop,OOP,SRP,Ad7d2d,wet,second_pair,nut_flush_draw,アンダーペア,3,0.18,CHECK
R3_flop_monotone_A72d_open,flop,OOP,SRP,Ad7d2d,wet,two_pair,no_draw,2P+,18,0.08,CHECK
R3_flop_monotone_A72d_open,flop,OOP,SRP,Ad7d2d,wet,top_pair,no_draw,TP+,78,0.01,CHECK
R3_flop_monotone_A72d_open,flop,OOP,SRP,Ad7d2d,wet,top_pair,flush_draw,TP+,27,0.03,CHECK
R3_flop_monotone_J73s_ip_post_check,flop,IP,SRP,Js7s3s,wet,low_pair,no_draw,アンダーペア,3,11.25,CHECK
R3_flop_monotone_J73s_ip_post_check,flop,IP,SRP,Js7s3s,wet,low_pair,flush_draw,アンダーペア,3,59.61,BET
R3_flop_monotone_J73s_ip_post_check,flop,IP,SRP,Js7s3s,wet,set,no_draw,2P+,9,81.3,BET
R3_flop_monotone_J73s_ip_post_check,flop,IP,SRP,Js7s3s,wet,third_pair,no_draw,アンダーペア,18,35.05,CHECK
R3_flop_monotone_J73s_ip_post_check,flop,IP,SRP,Js7s3s,wet,third_pair,flush_draw,アンダーペア,9,41.1,CHECK
R3_flop_monotone_J73s_ip_post_check,flop,IP,SRP,Js7s3s,wet,no_made_hand,gutshot,エア,36,52.27,BET
R3_flop_monotone_J73s_ip_post_check,flop,IP,SRP,Js7s3s,wet,flush,no_draw,2P+,33,71.23,BET
R3_flop_monotone_J73s_ip_post_check,flop,IP,SRP,Js7s3s,wet,second_pair,no_draw,アンダーペア,30,52.94,BET
R3_flop_monotone_J73s_ip_post_check,flop,IP,SRP,Js7s3s,wet,no_made_hand,no_draw,エア,42,69.22,BET
R3_flop_monotone_J73s_ip_post_check,flop,IP,SRP,Js7s3s,wet,underpair,no_draw,アンダーペア,9,17.41,CHECK
R3_flop_monotone_J73s_ip_post_check,flop,IP,SRP,Js7s3s,wet,underpair,flush_draw,アンダーペア,9,57.15,BET
R3_flop_monotone_J73s_ip_post_check,flop,IP,SRP,Js7s3s,wet,no_made_hand,combo_draw,エア,18,52.93,BET
R3_flop_monotone_J73s_ip_post_check,flop,IP,SRP,Js7s3s,wet,top_pair,no_draw,TP+,63,61.19,BET
R3_flop_monotone_J73s_ip_post_check,flop,IP,SRP,Js7s3s,wet,two_pair,no_draw,2P+,3,61.98,BET
R3_flop_monotone_J73s_ip_post_check,flop,IP,SRP,Js7s3s,wet,top_pair,flush_draw,TP+,15,57.3,BET
R3_flop_monotone_J73s_ip_post_check,flop,IP,SRP,Js7s3s,wet,no_made_hand,flush_draw,エア,12,71.64,BET
R3_flop_monotone_J73s_ip_post_check,flop,IP,SRP,Js7s3s,wet,overpair,no_draw,TP+,9,51.93,BET
R3_flop_monotone_J73s_ip_post_check,flop,IP,SRP,Js7s3s,wet,overpair,flush_draw,TP+,6,78.99,BET
R3_flop_monotone_J73s_ip_post_check,flop,IP,SRP,Js7s3s,wet,king_high,no_draw,エア,48,65.48,BET
R3_flop_monotone_J73s_ip_post_check,flop,IP,SRP,Js7s3s,wet,king_high,flush_draw,エア,24,63.44,BET
R3_flop_monotone_J73s_ip_post_check,flop,IP,SRP,Js7s3s,wet,ace_high,no_draw,エア,75,43.83,CHECK
R3_flop_monotone_J73s_ip_post_check,flop,IP,SRP,Js7s3s,wet,ace_high,flush_draw,エア,24,35.78,CHECK
R3_flop_monotone_J73s_ip_post_check,flop,IP,SRP,Js7s3s,wet,ace_high,nut_flush_draw,エア,24,73.73,BET
R3_flop_monotone_J73s_ip_post_check,flop,IP,SRP,Js7s3s,wet,second_pair,nut_flush_draw,アンダーペア,3,52.04,BET
R3_flop_monotone_J73s_ip_post_check,flop,IP,SRP,Js7s3s,wet,top_pair,nut_flush_draw,TP+,3,82.75,BET
R3_flop_monotone_J73s_ip_post_check,flop,IP,SRP,Js7s3s,wet,overpair,nut_flush_draw,TP+,3,92.15,BET
R3_flop_monotone_J73s_open,flop,OOP,SRP,Js7s3s,wet,low_pair,no_draw,アンダーペア,3,0.04,CHECK
R3_flop_monotone_J73s_open,flop,OOP,SRP,Js7s3s,wet,low_pair,flush_draw,アンダーペア,3,0.01,CHECK
R3_flop_monotone_J73s_open,flop,OOP,SRP,Js7s3s,wet,third_pair,no_draw,アンダーペア,42,0.03,CHECK
R3_flop_monotone_J73s_open,flop,OOP,SRP,Js7s3s,wet,set,no_draw,2P+,6,0.15,CHECK
R3_flop_monotone_J73s_open,flop,OOP,SRP,Js7s3s,wet,no_made_hand,no_draw,エア,78,0.04,CHECK
R3_flop_monotone_J73s_open,flop,OOP,SRP,Js7s3s,wet,flush,no_draw,2P+,41,0.11,CHECK
R3_flop_monotone_J73s_open,flop,OOP,SRP,Js7s3s,wet,third_pair,flush_draw,アンダーペア,9,0.01,CHECK
R3_flop_monotone_J73s_open,flop,OOP,SRP,Js7s3s,wet,no_made_hand,gutshot,エア,48,0.1,CHECK
R3_flop_monotone_J73s_open,flop,OOP,SRP,Js7s3s,wet,no_made_hand,combo_draw,エア,30,0.03,CHECK
R3_flop_monotone_J73s_open,flop,OOP,SRP,Js7s3s,wet,two_pair,no_draw,2P+,9,0.08,CHECK
R3_flop_monotone_J73s_open,flop,OOP,SRP,Js7s3s,wet,second_pair,no_draw,アンダーペア,57,0.02,CHECK
R3_flop_monotone_J73s_open,flop,OOP,SRP,Js7s3s,wet,second_pair,flush_draw,アンダーペア,12,0.03,CHECK
R3_flop_monotone_J73s_open,flop,OOP,SRP,Js7s3s,wet,underpair,no_draw,アンダーペア,9,0.0,CHECK
R3_flop_monotone_J73s_open,flop,OOP,SRP,Js7s3s,wet,underpair,flush_draw,アンダーペア,9,0.01,CHECK
R3_flop_monotone_J73s_open,flop,OOP,SRP,Js7s3s,wet,top_pair,no_draw,TP+,66,0.01,CHECK
R3_flop_monotone_J73s_open,flop,OOP,SRP,Js7s3s,wet,top_pair,flush_draw,TP+,15,0.03,CHECK
R3_flop_monotone_J73s_open,flop,OOP,SRP,Js7s3s,wet,no_made_hand,flush_draw,エア,18,0.04,CHECK
R3_flop_monotone_J73s_open,flop,OOP,SRP,Js7s3s,wet,king_high,no_draw,エア,60,0.03,CHECK
R3_flop_monotone_J73s_open,flop,OOP,SRP,Js7s3s,wet,king_high,flush_draw,エア,36,0.05,CHECK
R3_flop_monotone_J73s_open,flop,OOP,SRP,Js7s3s,wet,ace_high,no_draw,エア,69,0.02,CHECK
R3_flop_monotone_J73s_open,flop,OOP,SRP,Js7s3s,wet,ace_high,flush_draw,エア,24,0.01,CHECK
R3_flop_monotone_J73s_open,flop,OOP,SRP,Js7s3s,wet,ace_high,nut_flush_draw,エア,24,0.18,CHECK
R3_flop_monotone_J73s_open,flop,OOP,SRP,Js7s3s,wet,third_pair,nut_flush_draw,アンダーペア,3,0.1,CHECK
R3_flop_monotone_J73s_open,flop,OOP,SRP,Js7s3s,wet,second_pair,nut_flush_draw,アンダーペア,3,0.1,CHECK
R3_flop_monotone_J73s_open,flop,OOP,SRP,Js7s3s,wet,top_pair,nut_flush_draw,TP+,3,0.09,CHECK
R3_flop_monotone_Q85h_ip_post_check,flop,IP,SRP,Qh8h5h,wet,low_pair,no_draw,アンダーペア,9,8.08,CHECK
R3_flop_monotone_Q85h_ip_post_check,flop,IP,SRP,Qh8h5h,wet,low_pair,flush_draw,アンダーペア,9,33.23,CHECK
R3_flop_monotone_Q85h_ip_post_check,flop,IP,SRP,Qh8h5h,wet,third_pair,no_draw,アンダーペア,30,26.46,CHECK
R3_flop_monotone_Q85h_ip_post_check,flop,IP,SRP,Qh8h5h,wet,set,no_draw,2P+,9,84.64,BET
R3_flop_monotone_Q85h_ip_post_check,flop,IP,SRP,Qh8h5h,wet,no_made_hand,gutshot,エア,36,45.05,CHECK
R3_flop_monotone_Q85h_ip_post_check,flop,IP,SRP,Qh8h5h,wet,flush,no_draw,2P+,29,61.18,BET
R3_flop_monotone_Q85h_ip_post_check,flop,IP,SRP,Qh8h5h,wet,third_pair,flush_draw,アンダーペア,6,14.33,CHECK
R3_flop_monotone_Q85h_ip_post_check,flop,IP,SRP,Qh8h5h,wet,no_made_hand,oesd,エア,3,32.83,CHECK
R3_flop_monotone_Q85h_ip_post_check,flop,IP,SRP,Qh8h5h,wet,two_pair,no_draw,2P+,9,54.61,BET
R3_flop_monotone_Q85h_ip_post_check,flop,IP,SRP,Qh8h5h,wet,second_pair,no_draw,アンダーペア,51,30.35,CHECK
R3_flop_monotone_Q85h_ip_post_check,flop,IP,SRP,Qh8h5h,wet,underpair,no_draw,アンダーペア,9,3.82,CHECK
R3_flop_monotone_Q85h_ip_post_check,flop,IP,SRP,Qh8h5h,wet,second_pair,flush_draw,アンダーペア,12,13.1,CHECK
R3_flop_monotone_Q85h_ip_post_check,flop,IP,SRP,Qh8h5h,wet,underpair,flush_draw,アンダーペア,9,51.26,BET
R3_flop_monotone_Q85h_ip_post_check,flop,IP,SRP,Qh8h5h,wet,no_made_hand,no_draw,エア,15,68.42,BET
R3_flop_monotone_Q85h_ip_post_check,flop,IP,SRP,Qh8h5h,wet,no_made_hand,combo_draw,エア,18,51.08,BET
R3_flop_monotone_Q85h_ip_post_check,flop,IP,SRP,Qh8h5h,wet,top_pair,no_draw,TP+,57,48.74,CHECK
R3_flop_monotone_Q85h_ip_post_check,flop,IP,SRP,Qh8h5h,wet,top_pair,flush_draw,TP+,12,51.88,BET
R3_flop_monotone_Q85h_ip_post_check,flop,IP,SRP,Qh8h5h,wet,king_high,no_draw,エア,42,57.68,BET
R3_flop_monotone_Q85h_ip_post_check,flop,IP,SRP,Qh8h5h,wet,king_high,flush_draw,エア,18,57.04,BET
R3_flop_monotone_Q85h_ip_post_check,flop,IP,SRP,Qh8h5h,wet,overpair,no_draw,TP+,6,39.06,CHECK
R3_flop_monotone_Q85h_ip_post_check,flop,IP,SRP,Qh8h5h,wet,overpair,flush_draw,TP+,3,65.06,BET
R3_flop_monotone_Q85h_ip_post_check,flop,IP,SRP,Qh8h5h,wet,ace_high,no_draw,エア,69,38.17,CHECK
R3_flop_monotone_Q85h_ip_post_check,flop,IP,SRP,Qh8h5h,wet,ace_high,flush_draw,エア,21,33.83,CHECK
R3_flop_monotone_Q85h_ip_post_check,flop,IP,SRP,Qh8h5h,wet,ace_high,nut_flush_draw,エア,21,70.69,BET
R3_flop_monotone_Q85h_ip_post_check,flop,IP,SRP,Qh8h5h,wet,third_pair,nut_flush_draw,アンダーペア,3,45.17,CHECK
R3_flop_monotone_Q85h_ip_post_check,flop,IP,SRP,Qh8h5h,wet,second_pair,nut_flush_draw,アンダーペア,3,24.08,CHECK
R3_flop_monotone_Q85h_ip_post_check,flop,IP,SRP,Qh8h5h,wet,top_pair,nut_flush_draw,TP+,3,77.67,BET
R3_flop_monotone_Q85h_ip_post_check,flop,IP,SRP,Qh8h5h,wet,overpair,nut_flush_draw,TP+,3,98.03,BET
R3_flop_monotone_Q85h_open,flop,OOP,SRP,Qh8h5h,wet,low_pair,no_draw,アンダーペア,9,0.16,CHECK
R3_flop_monotone_Q85h_open,flop,OOP,SRP,Qh8h5h,wet,low_pair,flush_draw,アンダーペア,9,0.01,CHECK
R3_flop_monotone_Q85h_open,flop,OOP,SRP,Qh8h5h,wet,no_made_hand,no_draw,エア,54,0.07,CHECK
R3_flop_monotone_Q85h_open,flop,OOP,SRP,Qh8h5h,wet,flush,no_draw,2P+,42,0.24,CHECK
R3_flop_monotone_Q85h_open,flop,OOP,SRP,Qh8h5h,wet,third_pair,no_draw,アンダーペア,60,0.17,CHECK
R3_flop_monotone_Q85h_open,flop,OOP,SRP,Qh8h5h,wet,third_pair,flush_draw,アンダーペア,15,0.02,CHECK
R3_flop_monotone_Q85h_open,flop,OOP,SRP,Qh8h5h,wet,set,no_draw,2P+,6,0.35,CHECK
R3_flop_monotone_Q85h_open,flop,OOP,SRP,Qh8h5h,wet,no_made_hand,gutshot,エア,45,0.19,CHECK
R3_flop_monotone_Q85h_open,flop,OOP,SRP,Qh8h5h,wet,no_made_hand,oesd,エア,9,0.36,CHECK
R3_flop_monotone_Q85h_open,flop,OOP,SRP,Qh8h5h,wet,no_made_hand,combo_draw,エア,30,0.02,CHECK
R3_flop_monotone_Q85h_open,flop,OOP,SRP,Qh8h5h,wet,second_pair,no_draw,アンダーペア,60,0.03,CHECK
R3_flop_monotone_Q85h_open,flop,OOP,SRP,Qh8h5h,wet,two_pair,no_draw,2P+,15,0.12,CHECK
R3_flop_monotone_Q85h_open,flop,OOP,SRP,Qh8h5h,wet,second_pair,flush_draw,アンダーペア,15,0.03,CHECK
R3_flop_monotone_Q85h_open,flop,OOP,SRP,Qh8h5h,wet,underpair,no_draw,アンダーペア,6,0.0,CHECK
R3_flop_monotone_Q85h_open,flop,OOP,SRP,Qh8h5h,wet,underpair,flush_draw,アンダーペア,6,0.01,CHECK
R3_flop_monotone_Q85h_open,flop,OOP,SRP,Qh8h5h,wet,top_pair,no_draw,TP+,57,0.01,CHECK
R3_flop_monotone_Q85h_open,flop,OOP,SRP,Qh8h5h,wet,top_pair,flush_draw,TP+,12,0.05,CHECK
R3_flop_monotone_Q85h_open,flop,OOP,SRP,Qh8h5h,wet,king_high,no_draw,エア,54,0.06,CHECK
R3_flop_monotone_Q85h_open,flop,OOP,SRP,Qh8h5h,wet,king_high,flush_draw,エア,30,0.1,CHECK
R3_flop_monotone_Q85h_open,flop,OOP,SRP,Qh8h5h,wet,ace_high,no_draw,エア,72,0.04,CHECK
R3_flop_monotone_Q85h_open,flop,OOP,SRP,Qh8h5h,wet,ace_high,flush_draw,エア,24,0.01,CHECK
R3_flop_monotone_Q85h_open,flop,OOP,SRP,Qh8h5h,wet,ace_high,nut_flush_draw,エア,24,0.61,CHECK
R3_flop_monotone_Q85h_open,flop,OOP,SRP,Qh8h5h,wet,third_pair,nut_flush_draw,アンダーペア,3,0.19,CHECK
R3_flop_monotone_Q85h_open,flop,OOP,SRP,Qh8h5h,wet,second_pair,nut_flush_draw,アンダーペア,3,0.18,CHECK
R3_flop_monotone_Q85h_open,flop,OOP,SRP,Qh8h5h,wet,top_pair,nut_flush_draw,TP+,3,0.19,CHECK
R3_flop_monotone_T84s_ip_post_check,flop,IP,SRP,Ts8s4s,wet,low_pair,no_draw,アンダーペア,6,19.85,CHECK
R3_flop_monotone_T84s_ip_post_check,flop,IP,SRP,Ts8s4s,wet,low_pair,flush_draw,アンダーペア,6,59.02,BET
R3_flop_monotone_T84s_ip_post_check,flop,IP,SRP,Ts8s4s,wet,set,no_draw,2P+,9,84.9,BET
R3_flop_monotone_T84s_ip_post_check,flop,IP,SRP,Ts8s4s,wet,third_pair,no_draw,アンダーペア,33,43.17,CHECK
R3_flop_monotone_T84s_ip_post_check,flop,IP,SRP,Ts8s4s,wet,third_pair,flush_draw,アンダーペア,9,29.19,CHECK
R3_flop_monotone_T84s_ip_post_check,flop,IP,SRP,Ts8s4s,wet,no_made_hand,gutshot,エア,30,58.37,BET
R3_flop_monotone_T84s_ip_post_check,flop,IP,SRP,Ts8s4s,wet,flush,no_draw,2P+,32,73.88,BET
R3_flop_monotone_T84s_ip_post_check,flop,IP,SRP,Ts8s4s,wet,no_made_hand,oesd,エア,15,53.28,BET
R3_flop_monotone_T84s_ip_post_check,flop,IP,SRP,Ts8s4s,wet,second_pair,no_draw,アンダーペア,48,41.2,CHECK
R3_flop_monotone_T84s_ip_post_check,flop,IP,SRP,Ts8s4s,wet,underpair,no_draw,アンダーペア,3,2.85,CHECK
R3_flop_monotone_T84s_ip_post_check,flop,IP,SRP,Ts8s4s,wet,second_pair,flush_draw,アンダーペア,9,24.49,CHECK
R3_flop_monotone_T84s_ip_post_check,flop,IP,SRP,Ts8s4s,wet,underpair,flush_draw,アンダーペア,3,85.99,BET
R3_flop_monotone_T84s_ip_post_check,flop,IP,SRP,Ts8s4s,wet,top_pair,no_draw,TP+,51,63.6,BET
R3_flop_monotone_T84s_ip_post_check,flop,IP,SRP,Ts8s4s,wet,two_pair,no_draw,2P+,9,70.01,BET
R3_flop_monotone_T84s_ip_post_check,flop,IP,SRP,Ts8s4s,wet,top_pair,flush_draw,TP+,12,42.68,CHECK
R3_flop_monotone_T84s_ip_post_check,flop,IP,SRP,Ts8s4s,wet,no_made_hand,no_draw,エア,18,73.22,BET
R3_flop_monotone_T84s_ip_post_check,flop,IP,SRP,Ts8s4s,wet,no_made_hand,combo_draw,エア,18,71.29,BET
R3_flop_monotone_T84s_ip_post_check,flop,IP,SRP,Ts8s4s,wet,overpair,no_draw,TP+,12,44.82,CHECK
R3_flop_monotone_T84s_ip_post_check,flop,IP,SRP,Ts8s4s,wet,overpair,flush_draw,TP+,9,87.15,BET
R3_flop_monotone_T84s_ip_post_check,flop,IP,SRP,Ts8s4s,wet,king_high,no_draw,エア,42,66.48,BET
R3_flop_monotone_T84s_ip_post_check,flop,IP,SRP,Ts8s4s,wet,king_high,flush_draw,エア,18,68.76,BET
R3_flop_monotone_T84s_ip_post_check,flop,IP,SRP,Ts8s4s,wet,ace_high,no_draw,エア,69,49.17,CHECK
R3_flop_monotone_T84s_ip_post_check,flop,IP,SRP,Ts8s4s,wet,ace_high,flush_draw,エア,21,40.69,CHECK
R3_flop_monotone_T84s_ip_post_check,flop,IP,SRP,Ts8s4s,wet,third_pair,nut_flush_draw,アンダーペア,3,40.03,CHECK
R3_flop_monotone_T84s_ip_post_check,flop,IP,SRP,Ts8s4s,wet,ace_high,nut_flush_draw,エア,21,82.31,BET
R3_flop_monotone_T84s_ip_post_check,flop,IP,SRP,Ts8s4s,wet,second_pair,nut_flush_draw,アンダーペア,3,48.84,CHECK
R3_flop_monotone_T84s_ip_post_check,flop,IP,SRP,Ts8s4s,wet,top_pair,nut_flush_draw,TP+,3,80.01,BET
R3_flop_monotone_T84s_ip_post_check,flop,IP,SRP,Ts8s4s,wet,overpair,nut_flush_draw,TP+,3,97.03,BET
R3_flop_monotone_T84s_open,flop,OOP,SRP,Ts8s4s,wet,low_pair,no_draw,アンダーペア,6,0.12,CHECK
R3_flop_monotone_T84s_open,flop,OOP,SRP,Ts8s4s,wet,low_pair,flush_draw,アンダーペア,6,0.04,CHECK
R3_flop_monotone_T84s_open,flop,OOP,SRP,Ts8s4s,wet,no_made_hand,no_draw,エア,51,0.05,CHECK
R3_flop_monotone_T84s_open,flop,OOP,SRP,Ts8s4s,wet,flush,no_draw,2P+,41,0.85,CHECK
R3_flop_monotone_T84s_open,flop,OOP,SRP,Ts8s4s,wet,third_pair,no_draw,アンダーペア,51,0.6,CHECK
R3_flop_monotone_T84s_open,flop,OOP,SRP,Ts8s4s,wet,set,no_draw,2P+,9,1.27,CHECK
R3_flop_monotone_T84s_open,flop,OOP,SRP,Ts8s4s,wet,third_pair,flush_draw,アンダーペア,12,0.06,CHECK
R3_flop_monotone_T84s_open,flop,OOP,SRP,Ts8s4s,wet,no_made_hand,gutshot,エア,36,1.51,CHECK
R3_flop_monotone_T84s_open,flop,OOP,SRP,Ts8s4s,wet,no_made_hand,combo_draw,エア,36,0.63,CHECK
R3_flop_monotone_T84s_open,flop,OOP,SRP,Ts8s4s,wet,no_made_hand,oesd,エア,27,1.04,CHECK
R3_flop_monotone_T84s_open,flop,OOP,SRP,Ts8s4s,wet,two_pair,no_draw,2P+,15,0.81,CHECK
R3_flop_monotone_T84s_open,flop,OOP,SRP,Ts8s4s,wet,second_pair,no_draw,アンダーペア,60,0.27,CHECK
R3_flop_monotone_T84s_open,flop,OOP,SRP,Ts8s4s,wet,second_pair,flush_draw,アンダーペア,15,0.16,CHECK
R3_flop_monotone_T84s_open,flop,OOP,SRP,Ts8s4s,wet,underpair,no_draw,アンダーペア,3,0.09,CHECK
R3_flop_monotone_T84s_open,flop,OOP,SRP,Ts8s4s,wet,underpair,flush_draw,アンダーペア,3,0.65,CHECK
R3_flop_monotone_T84s_open,flop,OOP,SRP,Ts8s4s,wet,top_pair,no_draw,TP+,60,0.4,CHECK
R3_flop_monotone_T84s_open,flop,OOP,SRP,Ts8s4s,wet,top_pair,flush_draw,TP+,12,0.15,CHECK
R3_flop_monotone_T84s_open,flop,OOP,SRP,Ts8s4s,wet,king_high,no_draw,エア,60,0.1,CHECK
R3_flop_monotone_T84s_open,flop,OOP,SRP,Ts8s4s,wet,king_high,flush_draw,エア,36,1.04,CHECK
R3_flop_monotone_T84s_open,flop,OOP,SRP,Ts8s4s,wet,ace_high,no_draw,エア,69,0.06,CHECK
R3_flop_monotone_T84s_open,flop,OOP,SRP,Ts8s4s,wet,ace_high,flush_draw,エア,24,0.44,CHECK
R3_flop_monotone_T84s_open,flop,OOP,SRP,Ts8s4s,wet,ace_high,nut_flush_draw,エア,24,1.42,CHECK
R3_flop_monotone_T84s_open,flop,OOP,SRP,Ts8s4s,wet,third_pair,nut_flush_draw,アンダーペア,3,0.24,CHECK
R3_flop_monotone_T84s_open,flop,OOP,SRP,Ts8s4s,wet,second_pair,nut_flush_draw,アンダーペア,3,0.25,CHECK
R3_flop_monotone_T84s_open,flop,OOP,SRP,Ts8s4s,wet,top_pair,nut_flush_draw,TP+,3,0.72,CHECK
R3_flop_paired_773_ip_post_check,flop,IP,SRP,7h7s3c,paired,third_pair,no_draw,アンダーペア,6,69.57,BET
R3_flop_paired_773_ip_post_check,flop,IP,SRP,7h7s3c,paired,fullhouse,no_draw,2P+,3,77.12,BET
R3_flop_paired_773_ip_post_check,flop,IP,SRP,7h7s3c,paired,underpair,no_draw,アンダーペア,18,78.15,BET
R3_flop_paired_773_ip_post_check,flop,IP,SRP,7h7s3c,paired,no_made_hand,gutshot,エア,12,64.68,BET
R3_flop_paired_773_ip_post_check,flop,IP,SRP,7h7s3c,paired,trips,twocards_bdfd,2P+,9,70.61,BET
R3_flop_paired_773_ip_post_check,flop,IP,SRP,7h7s3c,paired,trips,no_draw,2P+,15,83.55,BET
R3_flop_paired_773_ip_post_check,flop,IP,SRP,7h7s3c,paired,quads,no_draw,2P+,1,61.92,BET
R3_flop_paired_773_ip_post_check,flop,IP,SRP,7h7s3c,paired,no_made_hand,twocards_bdfd,エア,60,58.47,BET
R3_flop_paired_773_ip_post_check,flop,IP,SRP,7h7s3c,paired,no_made_hand,no_draw,エア,128,63.44,BET
R3_flop_paired_773_ip_post_check,flop,IP,SRP,7h7s3c,paired,overpair,no_draw,TP+,42,60.87,BET
R3_flop_paired_773_ip_post_check,flop,IP,SRP,7h7s3c,paired,second_pair,no_draw,アンダーペア,3,66.1,BET
R3_flop_paired_773_ip_post_check,flop,IP,SRP,7h7s3c,paired,second_pair,twocards_bdfd,アンダーペア,6,72.74,BET
R3_flop_paired_773_ip_post_check,flop,IP,SRP,7h7s3c,paired,king_high,twocards_bdfd,エア,27,42.36,CHECK
R3_flop_paired_773_ip_post_check,flop,IP,SRP,7h7s3c,paired,king_high,no_draw,エア,69,35.7,CHECK
R3_flop_paired_773_ip_post_check,flop,IP,SRP,7h7s3c,paired,ace_high,twocards_bdfd,エア,30,55.52,BET
R3_flop_paired_773_ip_post_check,flop,IP,SRP,7h7s3c,paired,ace_high,no_draw,エア,118,44.87,CHECK
R3_flop_paired_773_open,flop,OOP,SRP,7h7s3c,paired,third_pair,no_draw,アンダーペア,6,26.41,CHECK
R3_flop_paired_773_open,flop,OOP,SRP,7h7s3c,paired,second_pair,no_draw,アンダーペア,19,25.0,CHECK
R3_flop_paired_773_open,flop,OOP,SRP,7h7s3c,paired,second_pair,twocards_bdfd,アンダーペア,20,27.81,CHECK
R3_flop_paired_773_open,flop,OOP,SRP,7h7s3c,paired,fullhouse,no_draw,2P+,4,27.26,CHECK
R3_flop_paired_773_open,flop,OOP,SRP,7h7s3c,paired,no_made_hand,twocards_bdfd,エア,93,17.03,CHECK
R3_flop_paired_773_open,flop,OOP,SRP,7h7s3c,paired,no_made_hand,no_draw,エア,151,4.75,CHECK
R3_flop_paired_773_open,flop,OOP,SRP,7h7s3c,paired,underpair,no_draw,アンダーペア,18,19.51,CHECK
R3_flop_paired_773_open,flop,OOP,SRP,7h7s3c,paired,no_made_hand,gutshot,エア,36,20.57,CHECK
R3_flop_paired_773_open,flop,OOP,SRP,7h7s3c,paired,trips,twocards_bdfd,2P+,10,17.9,CHECK
R3_flop_paired_773_open,flop,OOP,SRP,7h7s3c,paired,trips,no_draw,2P+,40,21.54,CHECK
R3_flop_paired_773_open,flop,OOP,SRP,7h7s3c,paired,quads,no_draw,2P+,1,17.97,CHECK
R3_flop_paired_773_open,flop,OOP,SRP,7h7s3c,paired,overpair,no_draw,TP+,18,16.59,CHECK
R3_flop_paired_773_open,flop,OOP,SRP,7h7s3c,paired,king_high,twocards_bdfd,エア,27,16.99,CHECK
R3_flop_paired_773_open,flop,OOP,SRP,7h7s3c,paired,king_high,no_draw,エア,93,6.02,CHECK
R3_flop_paired_773_open,flop,OOP,SRP,7h7s3c,paired,ace_high,twocards_bdfd,エア,24,12.24,CHECK
R3_flop_paired_773_open,flop,OOP,SRP,7h7s3c,paired,ace_high,no_draw,エア,116,17.37,CHECK
R3_flop_paired_994_ip_post_check,flop,IP,SRP,9c9s4d,paired,third_pair,no_draw,アンダーペア,12,75.83,BET
R3_flop_paired_994_ip_post_check,flop,IP,SRP,9c9s4d,paired,fullhouse,no_draw,2P+,3,99.12,BET
R3_flop_paired_994_ip_post_check,flop,IP,SRP,9c9s4d,paired,second_pair,twocards_bdfd,アンダーペア,12,70.76,BET
R3_flop_paired_994_ip_post_check,flop,IP,SRP,9c9s4d,paired,underpair,no_draw,アンダーペア,24,86.04,BET
R3_flop_paired_994_ip_post_check,flop,IP,SRP,9c9s4d,paired,second_pair,no_draw,アンダーペア,15,75.72,BET
R3_flop_paired_994_ip_post_check,flop,IP,SRP,9c9s4d,paired,no_made_hand,twocards_bdfd,エア,63,82.99,BET
R3_flop_paired_994_ip_post_check,flop,IP,SRP,9c9s4d,paired,no_made_hand,no_draw,エア,81,85.62,BET
R3_flop_paired_994_ip_post_check,flop,IP,SRP,9c9s4d,paired,trips,twocards_bdfd,2P+,8,86.98,BET
R3_flop_paired_994_ip_post_check,flop,IP,SRP,9c9s4d,paired,trips,no_draw,2P+,44,88.93,BET
R3_flop_paired_994_ip_post_check,flop,IP,SRP,9c9s4d,paired,quads,no_draw,2P+,1,48.29,CHECK
R3_flop_paired_994_ip_post_check,flop,IP,SRP,9c9s4d,paired,overpair,no_draw,TP+,30,72.84,BET
R3_flop_paired_994_ip_post_check,flop,IP,SRP,9c9s4d,paired,king_high,twocards_bdfd,エア,27,73.06,BET
R3_flop_paired_994_ip_post_check,flop,IP,SRP,9c9s4d,paired,king_high,no_draw,エア,57,77.05,BET
R3_flop_paired_994_ip_post_check,flop,IP,SRP,9c9s4d,paired,ace_high,twocards_bdfd,エア,30,62.49,BET
R3_flop_paired_994_ip_post_check,flop,IP,SRP,9c9s4d,paired,ace_high,no_draw,エア,106,67.28,BET
R3_flop_paired_994_open,flop,OOP,SRP,9c9s4d,paired,third_pair,no_draw,アンダーペア,12,0.54,CHECK
R3_flop_paired_994_open,flop,OOP,SRP,9c9s4d,paired,no_made_hand,twocards_bdfd,エア,99,0.36,CHECK
R3_flop_paired_994_open,flop,OOP,SRP,9c9s4d,paired,no_made_hand,no_draw,エア,141,0.19,CHECK
R3_flop_paired_994_open,flop,OOP,SRP,9c9s4d,paired,second_pair,twocards_bdfd,アンダーペア,22,0.57,CHECK
R3_flop_paired_994_open,flop,OOP,SRP,9c9s4d,paired,second_pair,no_draw,アンダーペア,29,0.63,CHECK
R3_flop_paired_994_open,flop,OOP,SRP,9c9s4d,paired,fullhouse,no_draw,2P+,4,0.61,CHECK
R3_flop_paired_994_open,flop,OOP,SRP,9c9s4d,paired,underpair,no_draw,アンダーペア,24,0.43,CHECK
R3_flop_paired_994_open,flop,OOP,SRP,9c9s4d,paired,trips,twocards_bdfd,2P+,10,0.54,CHECK
R3_flop_paired_994_open,flop,OOP,SRP,9c9s4d,paired,trips,no_draw,2P+,52,0.6,CHECK
R3_flop_paired_994_open,flop,OOP,SRP,9c9s4d,paired,quads,no_draw,2P+,1,0.54,CHECK
R3_flop_paired_994_open,flop,OOP,SRP,9c9s4d,paired,overpair,no_draw,TP+,6,0.51,CHECK
R3_flop_paired_994_open,flop,OOP,SRP,9c9s4d,paired,king_high,twocards_bdfd,エア,27,0.42,CHECK
R3_flop_paired_994_open,flop,OOP,SRP,9c9s4d,paired,king_high,no_draw,エア,93,0.19,CHECK
R3_flop_paired_994_open,flop,OOP,SRP,9c9s4d,paired,ace_high,twocards_bdfd,エア,24,0.48,CHECK
R3_flop_paired_994_open,flop,OOP,SRP,9c9s4d,paired,ace_high,no_draw,エア,116,0.35,CHECK
R3_flop_paired_KK2_ip_post_check,flop,IP,SRP,KsKd2c,paired,fullhouse,no_draw,2P+,4,98.32,BET
R3_flop_paired_KK2_ip_post_check,flop,IP,SRP,KsKd2c,paired,underpair,no_draw,アンダーペア,60,92.09,BET
R3_flop_paired_KK2_ip_post_check,flop,IP,SRP,KsKd2c,paired,no_made_hand,twocards_bdfd,エア,93,90.39,BET
R3_flop_paired_KK2_ip_post_check,flop,IP,SRP,KsKd2c,paired,no_made_hand,no_draw,エア,139,94.1,BET
R3_flop_paired_KK2_ip_post_check,flop,IP,SRP,KsKd2c,paired,trips,twocards_bdfd,2P+,11,90.07,BET
R3_flop_paired_KK2_ip_post_check,flop,IP,SRP,KsKd2c,paired,trips,no_draw,2P+,47,96.19,BET
R3_flop_paired_KK2_ip_post_check,flop,IP,SRP,KsKd2c,paired,quads,no_draw,2P+,1,89.6,BET
R3_flop_paired_KK2_ip_post_check,flop,IP,SRP,KsKd2c,paired,ace_high,twocards_bdfd,エア,30,86.45,BET
R3_flop_paired_KK2_ip_post_check,flop,IP,SRP,KsKd2c,paired,ace_high,no_draw,エア,118,85.83,BET
R3_flop_paired_KK2_ip_post_check,flop,IP,SRP,KsKd2c,paired,second_pair,twocards_bdfd,アンダーペア,2,99.87,BET
R3_flop_paired_KK2_ip_post_check,flop,IP,SRP,KsKd2c,paired,overpair,no_draw,TP+,6,79.58,BET
R3_flop_paired_KK2_ip_post_check,flop,IP,SRP,KsKd2c,paired,second_pair,no_draw,アンダーペア,1,99.74,BET
R3_flop_paired_KK2_open,flop,OOP,SRP,KsKd2c,paired,fullhouse,no_draw,2P+,4,0.29,CHECK
R3_flop_paired_KK2_open,flop,OOP,SRP,KsKd2c,paired,second_pair,twocards_bdfd,アンダーペア,16,0.01,CHECK
R3_flop_paired_KK2_open,flop,OOP,SRP,KsKd2c,paired,underpair,no_draw,アンダーペア,48,0.02,CHECK
R3_flop_paired_KK2_open,flop,OOP,SRP,KsKd2c,paired,second_pair,no_draw,アンダーペア,17,0.01,CHECK
R3_flop_paired_KK2_open,flop,OOP,SRP,KsKd2c,paired,no_made_hand,twocards_bdfd,エア,132,0.1,CHECK
R3_flop_paired_KK2_open,flop,OOP,SRP,KsKd2c,paired,no_made_hand,no_draw,エア,224,0.06,CHECK
R3_flop_paired_KK2_open,flop,OOP,SRP,KsKd2c,paired,trips,twocards_bdfd,2P+,10,0.15,CHECK
R3_flop_paired_KK2_open,flop,OOP,SRP,KsKd2c,paired,trips,no_draw,2P+,58,0.15,CHECK
R3_flop_paired_KK2_open,flop,OOP,SRP,KsKd2c,paired,ace_high,twocards_bdfd,エア,27,0.03,CHECK
R3_flop_paired_KK2_open,flop,OOP,SRP,KsKd2c,paired,ace_high,no_draw,エア,129,0.02,CHECK
R3_flop_paired_TT5_ip_post_check,flop,IP,SRP,TsTd5c,paired,third_pair,no_draw,アンダーペア,18,88.89,BET
R3_flop_paired_TT5_ip_post_check,flop,IP,SRP,TsTd5c,paired,second_pair,twocards_bdfd,アンダーペア,16,83.65,BET
R3_flop_paired_TT5_ip_post_check,flop,IP,SRP,TsTd5c,paired,second_pair,no_draw,アンダーペア,17,88.94,BET
R3_flop_paired_TT5_ip_post_check,flop,IP,SRP,TsTd5c,paired,fullhouse,no_draw,2P+,3,95.9,BET
R3_flop_paired_TT5_ip_post_check,flop,IP,SRP,TsTd5c,paired,no_made_hand,twocards_bdfd,エア,57,91.43,BET
R3_flop_paired_TT5_ip_post_check,flop,IP,SRP,TsTd5c,paired,underpair,no_draw,アンダーペア,24,94.36,BET
R3_flop_paired_TT5_ip_post_check,flop,IP,SRP,TsTd5c,paired,no_made_hand,no_draw,エア,79,92.22,BET
R3_flop_paired_TT5_ip_post_check,flop,IP,SRP,TsTd5c,paired,trips,twocards_bdfd,2P+,8,94.68,BET
R3_flop_paired_TT5_ip_post_check,flop,IP,SRP,TsTd5c,paired,trips,no_draw,2P+,44,94.52,BET
R3_flop_paired_TT5_ip_post_check,flop,IP,SRP,TsTd5c,paired,quads,no_draw,2P+,1,79.37,BET
R3_flop_paired_TT5_ip_post_check,flop,IP,SRP,TsTd5c,paired,overpair,no_draw,TP+,24,87.16,BET
R3_flop_paired_TT5_ip_post_check,flop,IP,SRP,TsTd5c,paired,king_high,twocards_bdfd,エア,27,87.82,BET
R3_flop_paired_TT5_ip_post_check,flop,IP,SRP,TsTd5c,paired,king_high,no_draw,エア,57,89.73,BET
R3_flop_paired_TT5_ip_post_check,flop,IP,SRP,TsTd5c,paired,ace_high,twocards_bdfd,エア,30,82.28,BET
R3_flop_paired_TT5_ip_post_check,flop,IP,SRP,TsTd5c,paired,ace_high,no_draw,エア,106,84.44,BET
R3_flop_paired_TT5_open,flop,OOP,SRP,TsTd5c,paired,third_pair,no_draw,アンダーペア,18,0.07,CHECK
R3_flop_paired_TT5_open,flop,OOP,SRP,TsTd5c,paired,no_made_hand,twocards_bdfd,エア,96,0.17,CHECK
R3_flop_paired_TT5_open,flop,OOP,SRP,TsTd5c,paired,no_made_hand,no_draw,エア,140,0.11,CHECK
R3_flop_paired_TT5_open,flop,OOP,SRP,TsTd5c,paired,second_pair,twocards_bdfd,アンダーペア,22,0.02,CHECK
R3_flop_paired_TT5_open,flop,OOP,SRP,TsTd5c,paired,second_pair,no_draw,アンダーペア,47,0.02,CHECK
R3_flop_paired_TT5_open,flop,OOP,SRP,TsTd5c,paired,fullhouse,no_draw,2P+,4,0.36,CHECK
R3_flop_paired_TT5_open,flop,OOP,SRP,TsTd5c,paired,underpair,no_draw,アンダーペア,24,0.01,CHECK
R3_flop_paired_TT5_open,flop,OOP,SRP,TsTd5c,paired,trips,twocards_bdfd,2P+,11,0.27,CHECK
R3_flop_paired_TT5_open,flop,OOP,SRP,TsTd5c,paired,trips,no_draw,2P+,47,0.27,CHECK
R3_flop_paired_TT5_open,flop,OOP,SRP,TsTd5c,paired,quads,no_draw,2P+,1,0.2,CHECK
R3_flop_paired_TT5_open,flop,OOP,SRP,TsTd5c,paired,king_high,twocards_bdfd,エア,27,0.19,CHECK
R3_flop_paired_TT5_open,flop,OOP,SRP,TsTd5c,paired,king_high,no_draw,エア,81,0.12,CHECK
R3_flop_paired_TT5_open,flop,OOP,SRP,TsTd5c,paired,ace_high,twocards_bdfd,エア,24,0.1,CHECK
R3_flop_paired_TT5_open,flop,OOP,SRP,TsTd5c,paired,ace_high,no_draw,エア,116,0.06,CHECK
3BP_BTN_BB_4s4d2c,flop,IP,3BP,4s4d2c,paired,fullhouse,no_draw,2P+,9,0.59,CHECK
3BP_BTN_BB_4s4d2c,flop,IP,3BP,4s4d2c,paired,second_pair,no_draw,アンダーペア,110,45.77,CHECK
3BP_BTN_BB_4s4d2c,flop,IP,3BP,4s4d2c,paired,second_pair,twocards_bdfd,アンダーペア,22,68.75,BET
3BP_BTN_BB_4s4d2c,flop,IP,3BP,4s4d2c,paired,underpair,no_draw,アンダーペア,6,99.95,BET
3BP_BTN_BB_4s4d2c,flop,IP,3BP,4s4d2c,paired,trips,twocards_bdfd,2P+,11,64.93,BET
3BP_BTN_BB_4s4d2c,flop,IP,3BP,4s4d2c,paired,trips,no_draw,2P+,77,70.99,BET
3BP_BTN_BB_4s4d2c,flop,IP,3BP,4s4d2c,paired,quads,no_draw,2P+,1,7.11,CHECK
3BP_BTN_BB_4s4d2c,flop,IP,3BP,4s4d2c,paired,no_made_hand,oesd,エア,16,42.26,CHECK
3BP_BTN_BB_4s4d2c,flop,IP,3BP,4s4d2c,paired,overpair,no_draw,TP+,60,71.54,BET
3BP_BTN_BB_4s4d2c,flop,IP,3BP,4s4d2c,paired,no_made_hand,gutshot,エア,32,41.06,CHECK
3BP_BTN_BB_4s4d2c,flop,IP,3BP,4s4d2c,paired,no_made_hand,twocards_bdfd,エア,99,28.59,CHECK
3BP_BTN_BB_4s4d2c,flop,IP,3BP,4s4d2c,paired,no_made_hand,no_draw,エア,429,51.16,BET
3BP_BTN_BB_4s4d2c,flop,IP,3BP,4s4d2c,paired,king_high,twocards_bdfd,エア,27,1.68,CHECK
3BP_BTN_BB_4s4d2c,flop,IP,3BP,4s4d2c,paired,king_high,no_draw,エア,117,2.56,CHECK
3BP_BTN_BB_4s4d2c,flop,IP,3BP,4s4d2c,paired,ace_high,gutshot,エア,32,17.24,CHECK
3BP_BTN_BB_4s4d2c,flop,IP,3BP,4s4d2c,paired,ace_high,twocards_bdfd,エア,24,25.38,CHECK
3BP_BTN_BB_4s4d2c,flop,IP,3BP,4s4d2c,paired,ace_high,no_draw,エア,104,24.95,CHECK
3BP_BTN_BB_7s4d2c,flop,IP,3BP,7s4d2c,dry,set,no_draw,2P+,9,0.69,CHECK
3BP_BTN_BB_7s4d2c,flop,IP,3BP,7s4d2c,dry,third_pair,no_draw,アンダーペア,106,26.99,CHECK
3BP_BTN_BB_7s4d2c,flop,IP,3BP,7s4d2c,dry,third_pair,twocards_bdfd,アンダーペア,20,35.95,CHECK
3BP_BTN_BB_7s4d2c,flop,IP,3BP,7s4d2c,dry,two_pair,no_draw,2P+,24,92.83,BET
3BP_BTN_BB_7s4d2c,flop,IP,3BP,7s4d2c,dry,second_pair,twocards_bdfd,アンダーペア,20,69.39,BET
3BP_BTN_BB_7s4d2c,flop,IP,3BP,7s4d2c,dry,second_pair,no_draw,アンダーペア,100,43.39,CHECK
3BP_BTN_BB_7s4d2c,flop,IP,3BP,7s4d2c,dry,two_pair,twocards_bdfd,2P+,3,99.28,BET
3BP_BTN_BB_7s4d2c,flop,IP,3BP,7s4d2c,dry,no_made_hand,oesd,エア,32,47.52,CHECK
3BP_BTN_BB_7s4d2c,flop,IP,3BP,7s4d2c,dry,underpair,no_draw,アンダーペア,12,77.79,BET
3BP_BTN_BB_7s4d2c,flop,IP,3BP,7s4d2c,dry,no_made_hand,gutshot,エア,48,38.59,CHECK
3BP_BTN_BB_7s4d2c,flop,IP,3BP,7s4d2c,dry,top_pair,twocards_bdfd,TP+,20,97.81,BET
3BP_BTN_BB_7s4d2c,flop,IP,3BP,7s4d2c,dry,top_pair,no_draw,TP+,100,90.68,BET
3BP_BTN_BB_7s4d2c,flop,IP,3BP,7s4d2c,dry,no_made_hand,twocards_bdfd,エア,69,35.38,CHECK
3BP_BTN_BB_7s4d2c,flop,IP,3BP,7s4d2c,dry,no_made_hand,no_draw,エア,299,67.69,BET
3BP_BTN_BB_7s4d2c,flop,IP,3BP,7s4d2c,dry,overpair,no_draw,TP+,42,99.57,BET
3BP_BTN_BB_7s4d2c,flop,IP,3BP,7s4d2c,dry,king_high,twocards_bdfd,エア,24,3.13,CHECK
3BP_BTN_BB_7s4d2c,flop,IP,3BP,7s4d2c,dry,king_high,no_draw,エア,104,26.19,CHECK
3BP_BTN_BB_7s4d2c,flop,IP,3BP,7s4d2c,dry,ace_high,gutshot,エア,32,19.32,CHECK
3BP_BTN_BB_7s4d2c,flop,IP,3BP,7s4d2c,dry,ace_high,twocards_bdfd,エア,21,13.95,CHECK
3BP_BTN_BB_7s4d2c,flop,IP,3BP,7s4d2c,dry,ace_high,no_draw,エア,91,26.61,CHECK
3BP_BTN_BB_8s5d3c,flop,IP,3BP,8s5d3c,dry,low_pair,no_draw,アンダーペア,6,0.05,CHECK
3BP_BTN_BB_8s5d3c,flop,IP,3BP,8s5d3c,dry,third_pair,no_draw,アンダーペア,106,18.47,CHECK
3BP_BTN_BB_8s5d3c,flop,IP,3BP,8s5d3c,dry,third_pair,twocards_bdfd,アンダーペア,20,19.71,CHECK
3BP_BTN_BB_8s5d3c,flop,IP,3BP,8s5d3c,dry,set,no_draw,2P+,9,1.18,CHECK
3BP_BTN_BB_8s5d3c,flop,IP,3BP,8s5d3c,dry,no_made_hand,oesd,エア,48,31.9,CHECK
3BP_BTN_BB_8s5d3c,flop,IP,3BP,8s5d3c,dry,second_pair,twocards_bdfd,アンダーペア,20,46.3,CHECK
3BP_BTN_BB_8s5d3c,flop,IP,3BP,8s5d3c,dry,second_pair,no_draw,アンダーペア,100,31.13,CHECK
3BP_BTN_BB_8s5d3c,flop,IP,3BP,8s5d3c,dry,two_pair,no_draw,2P+,24,89.29,BET
3BP_BTN_BB_8s5d3c,flop,IP,3BP,8s5d3c,dry,two_pair,twocards_bdfd,2P+,3,86.5,BET
3BP_BTN_BB_8s5d3c,flop,IP,3BP,8s5d3c,dry,no_made_hand,gutshot,エア,64,29.93,CHECK
3BP_BTN_BB_8s5d3c,flop,IP,3BP,8s5d3c,dry,underpair,no_draw,アンダーペア,12,41.5,CHECK
3BP_BTN_BB_8s5d3c,flop,IP,3BP,8s5d3c,dry,no_made_hand,twocards_bdfd,エア,63,29.35,CHECK
3BP_BTN_BB_8s5d3c,flop,IP,3BP,8s5d3c,dry,no_made_hand,no_draw,エア,273,58.87,BET
3BP_BTN_BB_8s5d3c,flop,IP,3BP,8s5d3c,dry,top_pair,twocards_bdfd,TP+,20,83.39,BET
3BP_BTN_BB_8s5d3c,flop,IP,3BP,8s5d3c,dry,top_pair,no_draw,TP+,100,83.58,BET
3BP_BTN_BB_8s5d3c,flop,IP,3BP,8s5d3c,dry,overpair,no_draw,TP+,36,99.95,BET
3BP_BTN_BB_8s5d3c,flop,IP,3BP,8s5d3c,dry,king_high,twocards_bdfd,エア,24,3.19,CHECK
3BP_BTN_BB_8s5d3c,flop,IP,3BP,8s5d3c,dry,king_high,no_draw,エア,104,24.12,CHECK
3BP_BTN_BB_8s5d3c,flop,IP,3BP,8s5d3c,dry,ace_high,gutshot,エア,32,2.1,CHECK
3BP_BTN_BB_8s5d3c,flop,IP,3BP,8s5d3c,dry,ace_high,twocards_bdfd,エア,21,14.17,CHECK
3BP_BTN_BB_8s5d3c,flop,IP,3BP,8s5d3c,dry,ace_high,no_draw,エア,91,18.76,CHECK
3BP_BTN_BB_8s6d3h,flop,IP,3BP,8s6d3h,dry,low_pair,no_draw,アンダーペア,6,0.01,CHECK
3BP_BTN_BB_8s6d3h,flop,IP,3BP,8s6d3h,dry,third_pair,no_draw,アンダーペア,112,20.77,CHECK
3BP_BTN_BB_8s6d3h,flop,IP,3BP,8s6d3h,dry,third_pair,twocards_bdfd,アンダーペア,20,19.73,CHECK
3BP_BTN_BB_8s6d3h,flop,IP,3BP,8s6d3h,dry,set,no_draw,2P+,9,3.41,CHECK
3BP_BTN_BB_8s6d3h,flop,IP,3BP,8s6d3h,dry,no_made_hand,gutshot,エア,96,30.06,CHECK
3BP_BTN_BB_8s6d3h,flop,IP,3BP,8s6d3h,dry,no_made_hand,oesd,エア,48,32.85,CHECK
3BP_BTN_BB_8s6d3h,flop,IP,3BP,8s6d3h,dry,second_pair,no_draw,アンダーペア,100,28.97,CHECK
3BP_BTN_BB_8s6d3h,flop,IP,3BP,8s6d3h,dry,two_pair,no_draw,2P+,24,90.43,BET
3BP_BTN_BB_8s6d3h,flop,IP,3BP,8s6d3h,dry,second_pair,twocards_bdfd,アンダーペア,20,23.38,CHECK
3BP_BTN_BB_8s6d3h,flop,IP,3BP,8s6d3h,dry,two_pair,twocards_bdfd,2P+,3,81.66,BET
3BP_BTN_BB_8s6d3h,flop,IP,3BP,8s6d3h,dry,no_made_hand,no_draw,エア,247,58.24,BET
3BP_BTN_BB_8s6d3h,flop,IP,3BP,8s6d3h,dry,no_made_hand,twocards_bdfd,エア,57,40.01,CHECK
3BP_BTN_BB_8s6d3h,flop,IP,3BP,8s6d3h,dry,underpair,no_draw,アンダーペア,6,90.7,BET
3BP_BTN_BB_8s6d3h,flop,IP,3BP,8s6d3h,dry,top_pair,no_draw,TP+,100,84.64,BET
3BP_BTN_BB_8s6d3h,flop,IP,3BP,8s6d3h,dry,top_pair,twocards_bdfd,TP+,20,83.11,BET
3BP_BTN_BB_8s6d3h,flop,IP,3BP,8s6d3h,dry,overpair,no_draw,TP+,36,98.41,BET
3BP_BTN_BB_8s6d3h,flop,IP,3BP,8s6d3h,dry,king_high,no_draw,エア,104,29.06,CHECK
3BP_BTN_BB_8s6d3h,flop,IP,3BP,8s6d3h,dry,king_high,twocards_bdfd,エア,24,9.95,CHECK
3BP_BTN_BB_8s6d3h,flop,IP,3BP,8s6d3h,dry,ace_high,no_draw,エア,117,12.46,CHECK
3BP_BTN_BB_8s6d3h,flop,IP,3BP,8s6d3h,dry,ace_high,twocards_bdfd,エア,27,6.31,CHECK
3BP_BTN_BB_9h7h5h,flop,IP,3BP,9h7h5h,wet,low_pair,no_draw,アンダーペア,9,0.05,CHECK
3BP_BTN_BB_9h7h5h,flop,IP,3BP,9h7h5h,wet,low_pair,flush_draw,アンダーペア,9,0.01,CHECK
3BP_BTN_BB_9h7h5h,flop,IP,3BP,9h7h5h,wet,no_made_hand,no_draw,エア,117,40.54,CHECK
3BP_BTN_BB_9h7h5h,flop,IP,3BP,9h7h5h,wet,no_made_hand,flush_draw,エア,78,17.61,CHECK
3BP_BTN_BB_9h7h5h,flop,IP,3BP,9h7h5h,wet,flush,no_draw,2P+,44,38.0,CHECK
3BP_BTN_BB_9h7h5h,flop,IP,3BP,9h7h5h,wet,no_made_hand,gutshot,エア,90,42.51,CHECK
3BP_BTN_BB_9h7h5h,flop,IP,3BP,9h7h5h,wet,no_made_hand,combo_draw,エア,84,17.36,CHECK
3BP_BTN_BB_9h7h5h,flop,IP,3BP,9h7h5h,wet,third_pair,no_draw,アンダーペア,72,4.5,CHECK
3BP_BTN_BB_9h7h5h,flop,IP,3BP,9h7h5h,wet,third_pair,flush_draw,アンダーペア,21,6.75,CHECK
3BP_BTN_BB_9h7h5h,flop,IP,3BP,9h7h5h,wet,set,no_draw,2P+,9,42.1,CHECK
3BP_BTN_BB_9h7h5h,flop,IP,3BP,9h7h5h,wet,no_made_hand,oesd,エア,36,11.36,CHECK
3BP_BTN_BB_9h7h5h,flop,IP,3BP,9h7h5h,wet,third_pair,gutshot,アンダーペア,21,1.83,CHECK
3BP_BTN_BB_9h7h5h,flop,IP,3BP,9h7h5h,wet,third_pair,combo_draw,アンダーペア,9,52.69,BET
3BP_BTN_BB_9h7h5h,flop,IP,3BP,9h7h5h,wet,second_pair,no_draw,アンダーペア,72,4.31,CHECK
3BP_BTN_BB_9h7h5h,flop,IP,3BP,9h7h5h,wet,second_pair,flush_draw,アンダーペア,21,0.55,CHECK
3BP_BTN_BB_9h7h5h,flop,IP,3BP,9h7h5h,wet,two_pair,no_draw,2P+,27,32.97,CHECK
3BP_BTN_BB_9h7h5h,flop,IP,3BP,9h7h5h,wet,second_pair,gutshot,アンダーペア,18,2.43,CHECK
3BP_BTN_BB_9h7h5h,flop,IP,3BP,9h7h5h,wet,second_pair,combo_draw,アンダーペア,6,65.98,BET
3BP_BTN_BB_9h7h5h,flop,IP,3BP,9h7h5h,wet,straight,no_draw,2P+,9,75.11,BET
3BP_BTN_BB_9h7h5h,flop,IP,3BP,9h7h5h,wet,straight,flush_draw,2P+,6,23.3,CHECK
3BP_BTN_BB_9h7h5h,flop,IP,3BP,9h7h5h,wet,underpair,gutshot,アンダーペア,3,1.96,CHECK
3BP_BTN_BB_9h7h5h,flop,IP,3BP,9h7h5h,wet,straight_flush,no_draw,2P+,1,91.29,BET
3BP_BTN_BB_9h7h5h,flop,IP,3BP,9h7h5h,wet,underpair,combo_draw,アンダーペア,3,96.07,BET
3BP_BTN_BB_9h7h5h,flop,IP,3BP,9h7h5h,wet,top_pair,no_draw,TP+,72,20.67,CHECK
3BP_BTN_BB_9h7h5h,flop,IP,3BP,9h7h5h,wet,top_pair,flush_draw,TP+,21,35.28,CHECK
3BP_BTN_BB_9h7h5h,flop,IP,3BP,9h7h5h,wet,top_pair,gutshot,TP+,18,52.79,BET
3BP_BTN_BB_9h7h5h,flop,IP,3BP,9h7h5h,wet,top_pair,combo_draw,TP+,6,66.96,BET
3BP_BTN_BB_9h7h5h,flop,IP,3BP,9h7h5h,wet,overpair,no_draw,TP+,15,98.16,BET
3BP_BTN_BB_9h7h5h,flop,IP,3BP,9h7h5h,wet,overpair,flush_draw,TP+,12,99.99,BET
3BP_BTN_BB_9h7h5h,flop,IP,3BP,9h7h5h,wet,king_high,no_draw,エア,54,20.13,CHECK
3BP_BTN_BB_9h7h5h,flop,IP,3BP,9h7h5h,wet,king_high,flush_draw,エア,36,9.91,CHECK
3BP_BTN_BB_9h7h5h,flop,IP,3BP,9h7h5h,wet,king_high,gutshot,エア,18,22.13,CHECK
3BP_BTN_BB_9h7h5h,flop,IP,3BP,9h7h5h,wet,king_high,combo_draw,エア,12,59.34,BET
3BP_BTN_BB_9h7h5h,flop,IP,3BP,9h7h5h,wet,ace_high,no_draw,エア,63,11.27,CHECK
3BP_BTN_BB_9h7h5h,flop,IP,3BP,9h7h5h,wet,ace_high,flush_draw,エア,21,7.44,CHECK
3BP_BTN_BB_9h7h5h,flop,IP,3BP,9h7h5h,wet,ace_high,gutshot,エア,18,8.45,CHECK
3BP_BTN_BB_9h7h5h,flop,IP,3BP,9h7h5h,wet,ace_high,combo_draw,エア,12,61.7,BET
3BP_BTN_BB_9h7h5h,flop,IP,3BP,9h7h5h,wet,ace_high,nut_flush_draw,エア,21,24.39,CHECK
3BP_BTN_BB_9h7h5h,flop,IP,3BP,9h7h5h,wet,third_pair,nut_flush_draw,アンダーペア,3,1.16,CHECK
3BP_BTN_BB_9h7h5h,flop,IP,3BP,9h7h5h,wet,second_pair,nut_flush_draw,アンダーペア,3,2.74,CHECK
3BP_BTN_BB_9h7h5h,flop,IP,3BP,9h7h5h,wet,top_pair,nut_flush_draw,TP+,3,99.54,BET
3BP_BTN_BB_9h7h5h,flop,IP,3BP,9h7h5h,wet,overpair,nut_flush_draw,TP+,3,99.98,BET
3BP_BTN_BB_9s6d3c,flop,IP,3BP,9s6d3c,dry,low_pair,no_draw,アンダーペア,6,0.02,CHECK
3BP_BTN_BB_9s6d3c,flop,IP,3BP,9s6d3c,dry,third_pair,no_draw,アンダーペア,112,17.73,CHECK
3BP_BTN_BB_9s6d3c,flop,IP,3BP,9s6d3c,dry,third_pair,twocards_bdfd,アンダーペア,20,12.77,CHECK
3BP_BTN_BB_9s6d3c,flop,IP,3BP,9s6d3c,dry,set,no_draw,2P+,9,15.54,CHECK
3BP_BTN_BB_9s6d3c,flop,IP,3BP,9s6d3c,dry,no_made_hand,gutshot,エア,96,20.87,CHECK
3BP_BTN_BB_9s6d3c,flop,IP,3BP,9s6d3c,dry,no_made_hand,oesd,エア,48,32.54,CHECK
3BP_BTN_BB_9s6d3c,flop,IP,3BP,9s6d3c,dry,second_pair,twocards_bdfd,アンダーペア,20,20.44,CHECK
3BP_BTN_BB_9s6d3c,flop,IP,3BP,9s6d3c,dry,second_pair,no_draw,アンダーペア,100,28.3,CHECK
3BP_BTN_BB_9s6d3c,flop,IP,3BP,9s6d3c,dry,two_pair,no_draw,2P+,24,81.42,BET
3BP_BTN_BB_9s6d3c,flop,IP,3BP,9s6d3c,dry,two_pair,twocards_bdfd,2P+,3,59.49,BET
3BP_BTN_BB_9s6d3c,flop,IP,3BP,9s6d3c,dry,no_made_hand,twocards_bdfd,エア,57,35.29,CHECK
3BP_BTN_BB_9s6d3c,flop,IP,3BP,9s6d3c,dry,no_made_hand,no_draw,エア,247,54.54,BET
3BP_BTN_BB_9s6d3c,flop,IP,3BP,9s6d3c,dry,underpair,no_draw,アンダーペア,12,53.46,BET
3BP_BTN_BB_9s6d3c,flop,IP,3BP,9s6d3c,dry,top_pair,twocards_bdfd,TP+,20,67.39,BET
3BP_BTN_BB_9s6d3c,flop,IP,3BP,9s6d3c,dry,top_pair,no_draw,TP+,100,76.8,BET
3BP_BTN_BB_9s6d3c,flop,IP,3BP,9s6d3c,dry,overpair,no_draw,TP+,30,99.97,BET
3BP_BTN_BB_9s6d3c,flop,IP,3BP,9s6d3c,dry,king_high,twocards_bdfd,エア,24,10.04,CHECK
3BP_BTN_BB_9s6d3c,flop,IP,3BP,9s6d3c,dry,king_high,no_draw,エア,104,23.65,CHECK
3BP_BTN_BB_9s6d3c,flop,IP,3BP,9s6d3c,dry,ace_high,twocards_bdfd,エア,27,4.03,CHECK
3BP_BTN_BB_9s6d3c,flop,IP,3BP,9s6d3c,dry,ace_high,no_draw,エア,117,10.73,CHECK
3BP_BTN_BB_9s7d5c,flop,IP,3BP,9s7d5c,wet,low_pair,no_draw,アンダーペア,18,0.02,CHECK
3BP_BTN_BB_9s7d5c,flop,IP,3BP,9s7d5c,wet,no_made_hand,twocards_bdfd,エア,39,63.02,BET
3BP_BTN_BB_9s7d5c,flop,IP,3BP,9s7d5c,wet,no_made_hand,no_draw,エア,169,42.46,CHECK
3BP_BTN_BB_9s7d5c,flop,IP,3BP,9s7d5c,wet,no_made_hand,gutshot,エア,160,68.18,BET
3BP_BTN_BB_9s7d5c,flop,IP,3BP,9s7d5c,wet,third_pair,no_draw,アンダーペア,80,20.66,CHECK
3BP_BTN_BB_9s7d5c,flop,IP,3BP,9s7d5c,wet,third_pair,twocards_bdfd,アンダーペア,16,0.09,CHECK
3BP_BTN_BB_9s7d5c,flop,IP,3BP,9s7d5c,wet,set,no_draw,2P+,9,32.76,CHECK
3BP_BTN_BB_9s7d5c,flop,IP,3BP,9s7d5c,wet,no_made_hand,oesd,エア,64,5.56,CHECK
3BP_BTN_BB_9s7d5c,flop,IP,3BP,9s7d5c,wet,third_pair,gutshot,アンダーペア,30,1.29,CHECK
3BP_BTN_BB_9s7d5c,flop,IP,3BP,9s7d5c,wet,second_pair,twocards_bdfd,アンダーペア,16,0.55,CHECK
3BP_BTN_BB_9s7d5c,flop,IP,3BP,9s7d5c,wet,second_pair,no_draw,アンダーペア,80,29.17,CHECK
3BP_BTN_BB_9s7d5c,flop,IP,3BP,9s7d5c,wet,two_pair,no_draw,2P+,24,97.05,BET
3BP_BTN_BB_9s7d5c,flop,IP,3BP,9s7d5c,wet,second_pair,gutshot,アンダーペア,24,91.22,BET
3BP_BTN_BB_9s7d5c,flop,IP,3BP,9s7d5c,wet,two_pair,twocards_bdfd,2P+,3,79.25,BET
3BP_BTN_BB_9s7d5c,flop,IP,3BP,9s7d5c,wet,straight,twocards_bdfd,2P+,3,58.26,BET
3BP_BTN_BB_9s7d5c,flop,IP,3BP,9s7d5c,wet,straight,no_draw,2P+,13,84.05,BET
3BP_BTN_BB_9s7d5c,flop,IP,3BP,9s7d5c,wet,underpair,gutshot,アンダーペア,6,99.99,BET
3BP_BTN_BB_9s7d5c,flop,IP,3BP,9s7d5c,wet,top_pair,twocards_bdfd,TP+,16,86.44,BET
3BP_BTN_BB_9s7d5c,flop,IP,3BP,9s7d5c,wet,top_pair,no_draw,TP+,80,69.15,BET
3BP_BTN_BB_9s7d5c,flop,IP,3BP,9s7d5c,wet,top_pair,gutshot,TP+,24,100.0,BET
3BP_BTN_BB_9s7d5c,flop,IP,3BP,9s7d5c,wet,overpair,no_draw,TP+,30,99.98,BET
3BP_BTN_BB_9s7d5c,flop,IP,3BP,9s7d5c,wet,king_high,twocards_bdfd,エア,18,7.62,CHECK
3BP_BTN_BB_9s7d5c,flop,IP,3BP,9s7d5c,wet,king_high,no_draw,エア,78,32.3,CHECK
3BP_BTN_BB_9s7d5c,flop,IP,3BP,9s7d5c,wet,king_high,gutshot,エア,32,45.85,CHECK
3BP_BTN_BB_9s7d5c,flop,IP,3BP,9s7d5c,wet,ace_high,twocards_bdfd,エア,21,0.31,CHECK
3BP_BTN_BB_9s7d5c,flop,IP,3BP,9s7d5c,wet,ace_high,no_draw,エア,91,21.75,CHECK
3BP_BTN_BB_9s7d5c,flop,IP,3BP,9s7d5c,wet,ace_high,gutshot,エア,32,38.48,CHECK
3BP_BTN_BB_9s8d6c,flop,IP,3BP,9s8d6c,wet,low_pair,no_draw,アンダーペア,18,0.01,CHECK
3BP_BTN_BB_9s8d6c,flop,IP,3BP,9s8d6c,wet,no_made_hand,twocards_bdfd,エア,27,62.8,BET
3BP_BTN_BB_9s8d6c,flop,IP,3BP,9s8d6c,wet,no_made_hand,no_draw,エア,117,43.34,CHECK
3BP_BTN_BB_9s8d6c,flop,IP,3BP,9s8d6c,wet,no_made_hand,gutshot,エア,160,35.97,CHECK
3BP_BTN_BB_9s8d6c,flop,IP,3BP,9s8d6c,wet,low_pair,gutshot,アンダーペア,6,0.01,CHECK
3BP_BTN_BB_9s8d6c,flop,IP,3BP,9s8d6c,wet,third_pair,no_draw,アンダーペア,70,5.66,CHECK
3BP_BTN_BB_9s8d6c,flop,IP,3BP,9s8d6c,wet,third_pair,twocards_bdfd,アンダーペア,14,0.02,CHECK
3BP_BTN_BB_9s8d6c,flop,IP,3BP,9s8d6c,wet,third_pair,gutshot,アンダーペア,24,0.12,CHECK
3BP_BTN_BB_9s8d6c,flop,IP,3BP,9s8d6c,wet,set,no_draw,2P+,9,29.79,CHECK
3BP_BTN_BB_9s8d6c,flop,IP,3BP,9s8d6c,wet,no_made_hand,oesd,エア,112,30.99,CHECK
3BP_BTN_BB_9s8d6c,flop,IP,3BP,9s8d6c,wet,straight,twocards_bdfd,2P+,6,60.3,BET
3BP_BTN_BB_9s8d6c,flop,IP,3BP,9s8d6c,wet,straight,no_draw,2P+,26,77.68,BET
3BP_BTN_BB_9s8d6c,flop,IP,3BP,9s8d6c,wet,third_pair,oesd,アンダーペア,18,7.21,CHECK
3BP_BTN_BB_9s8d6c,flop,IP,3BP,9s8d6c,wet,second_pair,twocards_bdfd,アンダーペア,14,0.06,CHECK
3BP_BTN_BB_9s8d6c,flop,IP,3BP,9s8d6c,wet,second_pair,no_draw,アンダーペア,70,19.71,CHECK
3BP_BTN_BB_9s8d6c,flop,IP,3BP,9s8d6c,wet,second_pair,gutshot,アンダーペア,24,5.59,CHECK
3BP_BTN_BB_9s8d6c,flop,IP,3BP,9s8d6c,wet,two_pair,no_draw,2P+,24,64.32,BET
3BP_BTN_BB_9s8d6c,flop,IP,3BP,9s8d6c,wet,second_pair,oesd,アンダーペア,12,99.67,BET
3BP_BTN_BB_9s8d6c,flop,IP,3BP,9s8d6c,wet,two_pair,twocards_bdfd,2P+,3,52.23,BET
3BP_BTN_BB_9s8d6c,flop,IP,3BP,9s8d6c,wet,top_pair,twocards_bdfd,TP+,14,40.49,CHECK
3BP_BTN_BB_9s8d6c,flop,IP,3BP,9s8d6c,wet,top_pair,no_draw,TP+,70,39.01,CHECK
3BP_BTN_BB_9s8d6c,flop,IP,3BP,9s8d6c,wet,top_pair,gutshot,TP+,24,98.57,BET
3BP_BTN_BB_9s8d6c,flop,IP,3BP,9s8d6c,wet,top_pair,oesd,TP+,12,99.99,BET
3BP_BTN_BB_9s8d6c,flop,IP,3BP,9s8d6c,wet,overpair,gutshot,TP+,6,100.0,BET
3BP_BTN_BB_9s8d6c,flop,IP,3BP,9s8d6c,wet,overpair,no_draw,TP+,24,89.76,BET
3BP_BTN_BB_9s8d6c,flop,IP,3BP,9s8d6c,wet,king_high,twocards_bdfd,エア,15,6.66,CHECK
3BP_BTN_BB_9s8d6c,flop,IP,3BP,9s8d6c,wet,king_high,no_draw,エア,65,38.64,CHECK
3BP_BTN_BB_9s8d6c,flop,IP,3BP,9s8d6c,wet,king_high,gutshot,エア,32,27.87,CHECK
3BP_BTN_BB_9s8d6c,flop,IP,3BP,9s8d6c,wet,king_high,oesd,エア,16,36.97,CHECK
3BP_BTN_BB_9s8d6c,flop,IP,3BP,9s8d6c,wet,ace_high,twocards_bdfd,エア,18,0.12,CHECK
3BP_BTN_BB_9s8d6c,flop,IP,3BP,9s8d6c,wet,ace_high,no_draw,エア,78,11.58,CHECK
3BP_BTN_BB_9s8d6c,flop,IP,3BP,9s8d6c,wet,ace_high,gutshot,エア,32,11.37,CHECK
3BP_BTN_BB_9s8d6c,flop,IP,3BP,9s8d6c,wet,ace_high,oesd,エア,16,52.31,BET
3BP_BTN_BB_9s8d7c,flop,IP,3BP,9s8d7c,wet,low_pair,no_draw,アンダーペア,18,0.03,CHECK
3BP_BTN_BB_9s8d7c,flop,IP,3BP,9s8d7c,wet,no_made_hand,twocards_bdfd,エア,18,67.32,BET
3BP_BTN_BB_9s8d7c,flop,IP,3BP,9s8d7c,wet,no_made_hand,no_draw,エア,78,49.7,CHECK
3BP_BTN_BB_9s8d7c,flop,IP,3BP,9s8d7c,wet,no_made_hand,gutshot,エア,128,49.15,CHECK
3BP_BTN_BB_9s8d7c,flop,IP,3BP,9s8d7c,wet,low_pair,gutshot,アンダーペア,6,0.02,CHECK
3BP_BTN_BB_9s8d7c,flop,IP,3BP,9s8d7c,wet,no_made_hand,oesd,エア,176,31.36,CHECK
3BP_BTN_BB_9s8d7c,flop,IP,3BP,9s8d7c,wet,straight,twocards_bdfd,2P+,9,68.66,BET
3BP_BTN_BB_9s8d7c,flop,IP,3BP,9s8d7c,wet,straight,no_draw,2P+,39,84.16,BET
3BP_BTN_BB_9s8d7c,flop,IP,3BP,9s8d7c,wet,low_pair,oesd,アンダーペア,6,0.05,CHECK
3BP_BTN_BB_9s8d7c,flop,IP,3BP,9s8d7c,wet,third_pair,no_draw,アンダーペア,60,1.73,CHECK
3BP_BTN_BB_9s8d7c,flop,IP,3BP,9s8d7c,wet,third_pair,twocards_bdfd,アンダーペア,12,0.02,CHECK
3BP_BTN_BB_9s8d7c,flop,IP,3BP,9s8d7c,wet,third_pair,gutshot,アンダーペア,24,0.05,CHECK
3BP_BTN_BB_9s8d7c,flop,IP,3BP,9s8d7c,wet,third_pair,oesd,アンダーペア,24,4.83,CHECK
3BP_BTN_BB_9s8d7c,flop,IP,3BP,9s8d7c,wet,set,no_draw,2P+,9,43.05,CHECK
3BP_BTN_BB_9s8d7c,flop,IP,3BP,9s8d7c,wet,second_pair,twocards_bdfd,アンダーペア,12,0.04,CHECK
3BP_BTN_BB_9s8d7c,flop,IP,3BP,9s8d7c,wet,second_pair,no_draw,アンダーペア,60,13.1,CHECK
3BP_BTN_BB_9s8d7c,flop,IP,3BP,9s8d7c,wet,second_pair,gutshot,アンダーペア,24,11.05,CHECK
3BP_BTN_BB_9s8d7c,flop,IP,3BP,9s8d7c,wet,second_pair,oesd,アンダーペア,24,80.88,BET
3BP_BTN_BB_9s8d7c,flop,IP,3BP,9s8d7c,wet,two_pair,no_draw,2P+,24,48.91,CHECK
3BP_BTN_BB_9s8d7c,flop,IP,3BP,9s8d7c,wet,two_pair,twocards_bdfd,2P+,3,60.55,BET
3BP_BTN_BB_9s8d7c,flop,IP,3BP,9s8d7c,wet,top_pair,twocards_bdfd,TP+,12,21.74,CHECK
3BP_BTN_BB_9s8d7c,flop,IP,3BP,9s8d7c,wet,top_pair,no_draw,TP+,60,30.57,CHECK
3BP_BTN_BB_9s8d7c,flop,IP,3BP,9s8d7c,wet,top_pair,gutshot,TP+,24,80.2,BET
3BP_BTN_BB_9s8d7c,flop,IP,3BP,9s8d7c,wet,top_pair,oesd,TP+,24,99.99,BET
3BP_BTN_BB_9s8d7c,flop,IP,3BP,9s8d7c,wet,overpair,oesd,TP+,6,99.99,BET
3BP_BTN_BB_9s8d7c,flop,IP,3BP,9s8d7c,wet,overpair,gutshot,TP+,6,99.99,BET
3BP_BTN_BB_9s8d7c,flop,IP,3BP,9s8d7c,wet,overpair,no_draw,TP+,18,99.92,BET
3BP_BTN_BB_9s8d7c,flop,IP,3BP,9s8d7c,wet,king_high,twocards_bdfd,エア,12,17.38,CHECK
3BP_BTN_BB_9s8d7c,flop,IP,3BP,9s8d7c,wet,king_high,no_draw,エア,52,34.17,CHECK
3BP_BTN_BB_9s8d7c,flop,IP,3BP,9s8d7c,wet,king_high,gutshot,エア,32,42.16,CHECK
3BP_BTN_BB_9s8d7c,flop,IP,3BP,9s8d7c,wet,king_high,oesd,エア,32,30.79,CHECK
3BP_BTN_BB_9s8d7c,flop,IP,3BP,9s8d7c,wet,ace_high,twocards_bdfd,エア,15,0.41,CHECK
3BP_BTN_BB_9s8d7c,flop,IP,3BP,9s8d7c,wet,ace_high,no_draw,エア,65,19.38,CHECK
3BP_BTN_BB_9s8d7c,flop,IP,3BP,9s8d7c,wet,ace_high,gutshot,エア,32,17.81,CHECK
3BP_BTN_BB_9s8d7c,flop,IP,3BP,9s8d7c,wet,ace_high,oesd,エア,32,50.94,BET
3BP_BTN_BB_as9d4c,flop,IP,3BP,as9d4c,dry,low_pair,no_draw,アンダーペア,12,0.03,CHECK
3BP_BTN_BB_as9d4c,flop,IP,3BP,as9d4c,dry,no_made_hand,gutshot,エア,48,44.4,CHECK
3BP_BTN_BB_as9d4c,flop,IP,3BP,as9d4c,dry,third_pair,no_draw,アンダーペア,124,39.76,CHECK
3BP_BTN_BB_as9d4c,flop,IP,3BP,as9d4c,dry,third_pair,twocards_bdfd,アンダーペア,20,56.2,BET
3BP_BTN_BB_as9d4c,flop,IP,3BP,as9d4c,dry,set,no_draw,2P+,9,31.24,CHECK
3BP_BTN_BB_as9d4c,flop,IP,3BP,as9d4c,dry,no_made_hand,twocards_bdfd,エア,99,28.66,CHECK
3BP_BTN_BB_as9d4c,flop,IP,3BP,as9d4c,dry,no_made_hand,no_draw,エア,429,42.96,CHECK
3BP_BTN_BB_as9d4c,flop,IP,3BP,as9d4c,dry,second_pair,twocards_bdfd,アンダーペア,20,54.86,BET
3BP_BTN_BB_as9d4c,flop,IP,3BP,as9d4c,dry,second_pair,no_draw,アンダーペア,100,42.15,CHECK
3BP_BTN_BB_as9d4c,flop,IP,3BP,as9d4c,dry,two_pair,no_draw,2P+,24,70.51,BET
3BP_BTN_BB_as9d4c,flop,IP,3BP,as9d4c,dry,two_pair,twocards_bdfd,2P+,3,61.34,BET
3BP_BTN_BB_as9d4c,flop,IP,3BP,as9d4c,dry,underpair,no_draw,アンダーペア,24,26.97,CHECK
3BP_BTN_BB_as9d4c,flop,IP,3BP,as9d4c,dry,king_high,twocards_bdfd,エア,27,30.37,CHECK
3BP_BTN_BB_as9d4c,flop,IP,3BP,as9d4c,dry,king_high,no_draw,エア,117,33.53,CHECK
3BP_BTN_BB_as9d4c,flop,IP,3BP,as9d4c,dry,top_pair,twocards_bdfd,TP+,20,69.21,BET
3BP_BTN_BB_as9d4c,flop,IP,3BP,as9d4c,dry,top_pair,no_draw,TP+,100,65.9,BET
3BP_BTN_BB_astd4c,flop,IP,3BP,astd4c,dry,low_pair,no_draw,アンダーペア,12,0.11,CHECK
3BP_BTN_BB_astd4c,flop,IP,3BP,astd4c,dry,no_made_hand,gutshot,エア,64,48.04,CHECK
3BP_BTN_BB_astd4c,flop,IP,3BP,astd4c,dry,third_pair,no_draw,アンダーペア,130,43.34,CHECK
3BP_BTN_BB_astd4c,flop,IP,3BP,astd4c,dry,third_pair,twocards_bdfd,アンダーペア,20,51.4,BET
3BP_BTN_BB_astd4c,flop,IP,3BP,astd4c,dry,set,no_draw,2P+,9,69.22,BET
3BP_BTN_BB_astd4c,flop,IP,3BP,astd4c,dry,no_made_hand,twocards_bdfd,エア,96,27.33,CHECK
3BP_BTN_BB_astd4c,flop,IP,3BP,astd4c,dry,no_made_hand,no_draw,エア,416,43.37,CHECK
3BP_BTN_BB_astd4c,flop,IP,3BP,astd4c,dry,second_pair,twocards_bdfd,アンダーペア,20,45.62,CHECK
3BP_BTN_BB_astd4c,flop,IP,3BP,astd4c,dry,second_pair,no_draw,アンダーペア,100,45.4,CHECK
3BP_BTN_BB_astd4c,flop,IP,3BP,astd4c,dry,two_pair,no_draw,2P+,24,64.94,BET
3BP_BTN_BB_astd4c,flop,IP,3BP,astd4c,dry,two_pair,twocards_bdfd,2P+,3,49.91,CHECK
3BP_BTN_BB_astd4c,flop,IP,3BP,astd4c,dry,underpair,no_draw,アンダーペア,18,21.32,CHECK
3BP_BTN_BB_astd4c,flop,IP,3BP,astd4c,dry,king_high,twocards_bdfd,エア,21,21.15,CHECK
3BP_BTN_BB_astd4c,flop,IP,3BP,astd4c,dry,king_high,no_draw,エア,91,26.38,CHECK
3BP_BTN_BB_astd4c,flop,IP,3BP,astd4c,dry,king_high,gutshot,エア,32,51.03,BET
3BP_BTN_BB_astd4c,flop,IP,3BP,astd4c,dry,top_pair,twocards_bdfd,TP+,20,67.12,BET
3BP_BTN_BB_astd4c,flop,IP,3BP,astd4c,dry,top_pair,no_draw,TP+,100,65.28,BET
3BP_BTN_BB_astd9c,flop,IP,3BP,astd9c,dry,low_pair,no_draw,アンダーペア,42,1.45,CHECK
3BP_BTN_BB_astd9c,flop,IP,3BP,astd9c,dry,no_made_hand,twocards_bdfd,エア,87,44.4,CHECK
3BP_BTN_BB_astd9c,flop,IP,3BP,astd9c,dry,no_made_hand,no_draw,エア,377,39.94,CHECK
3BP_BTN_BB_astd9c,flop,IP,3BP,astd9c,dry,no_made_hand,gutshot,エア,64,47.65,CHECK
3BP_BTN_BB_astd9c,flop,IP,3BP,astd9c,dry,no_made_hand,oesd,エア,48,45.21,CHECK
3BP_BTN_BB_astd9c,flop,IP,3BP,astd9c,dry,third_pair,no_draw,アンダーペア,100,42.87,CHECK
3BP_BTN_BB_astd9c,flop,IP,3BP,astd9c,dry,third_pair,twocards_bdfd,アンダーペア,20,33.85,CHECK
3BP_BTN_BB_astd9c,flop,IP,3BP,astd9c,dry,set,no_draw,2P+,9,39.56,CHECK
3BP_BTN_BB_astd9c,flop,IP,3BP,astd9c,dry,second_pair,twocards_bdfd,アンダーペア,20,33.42,CHECK
3BP_BTN_BB_astd9c,flop,IP,3BP,astd9c,dry,second_pair,no_draw,アンダーペア,100,51.48,BET
3BP_BTN_BB_astd9c,flop,IP,3BP,astd9c,dry,two_pair,no_draw,2P+,24,83.7,BET
3BP_BTN_BB_astd9c,flop,IP,3BP,astd9c,dry,two_pair,twocards_bdfd,2P+,3,65.58,BET
3BP_BTN_BB_astd9c,flop,IP,3BP,astd9c,dry,underpair,no_draw,アンダーペア,18,35.92,CHECK
3BP_BTN_BB_astd9c,flop,IP,3BP,astd9c,dry,king_high,twocards_bdfd,エア,21,26.95,CHECK
3BP_BTN_BB_astd9c,flop,IP,3BP,astd9c,dry,king_high,no_draw,エア,91,30.67,CHECK
3BP_BTN_BB_astd9c,flop,IP,3BP,astd9c,dry,king_high,gutshot,エア,32,74.03,BET
3BP_BTN_BB_astd9c,flop,IP,3BP,astd9c,dry,top_pair,twocards_bdfd,TP+,20,56.4,BET
3BP_BTN_BB_astd9c,flop,IP,3BP,astd9c,dry,top_pair,no_draw,TP+,100,63.24,BET
3BP_BTN_BB_jh9d7c,flop,IP,3BP,jh9d7c,dry,low_pair,no_draw,アンダーペア,30,0.01,CHECK
3BP_BTN_BB_jh9d7c,flop,IP,3BP,jh9d7c,dry,no_made_hand,twocards_bdfd,エア,42,14.71,CHECK
3BP_BTN_BB_jh9d7c,flop,IP,3BP,jh9d7c,dry,no_made_hand,no_draw,エア,182,36.25,CHECK
3BP_BTN_BB_jh9d7c,flop,IP,3BP,jh9d7c,dry,no_made_hand,gutshot,エア,160,31.92,CHECK
3BP_BTN_BB_jh9d7c,flop,IP,3BP,jh9d7c,dry,third_pair,no_draw,アンダーペア,80,6.76,CHECK
3BP_BTN_BB_jh9d7c,flop,IP,3BP,jh9d7c,dry,third_pair,twocards_bdfd,アンダーペア,16,2.84,CHECK
3BP_BTN_BB_jh9d7c,flop,IP,3BP,jh9d7c,dry,set,no_draw,2P+,9,27.2,CHECK
3BP_BTN_BB_jh9d7c,flop,IP,3BP,jh9d7c,dry,no_made_hand,oesd,エア,48,23.33,CHECK
3BP_BTN_BB_jh9d7c,flop,IP,3BP,jh9d7c,dry,third_pair,gutshot,アンダーペア,30,0.19,CHECK
3BP_BTN_BB_jh9d7c,flop,IP,3BP,jh9d7c,dry,second_pair,twocards_bdfd,アンダーペア,16,2.88,CHECK
3BP_BTN_BB_jh9d7c,flop,IP,3BP,jh9d7c,dry,second_pair,no_draw,アンダーペア,80,9.67,CHECK
3BP_BTN_BB_jh9d7c,flop,IP,3BP,jh9d7c,dry,two_pair,no_draw,2P+,24,75.44,BET
3BP_BTN_BB_jh9d7c,flop,IP,3BP,jh9d7c,dry,second_pair,gutshot,アンダーペア,24,44.59,CHECK
3BP_BTN_BB_jh9d7c,flop,IP,3BP,jh9d7c,dry,two_pair,twocards_bdfd,2P+,3,66.41,BET
3BP_BTN_BB_jh9d7c,flop,IP,3BP,jh9d7c,dry,straight,twocards_bdfd,2P+,3,16.91,CHECK
3BP_BTN_BB_jh9d7c,flop,IP,3BP,jh9d7c,dry,straight,no_draw,2P+,13,34.48,CHECK
3BP_BTN_BB_jh9d7c,flop,IP,3BP,jh9d7c,dry,underpair,gutshot,アンダーペア,6,76.96,BET
3BP_BTN_BB_jh9d7c,flop,IP,3BP,jh9d7c,dry,top_pair,twocards_bdfd,TP+,16,45.03,CHECK
3BP_BTN_BB_jh9d7c,flop,IP,3BP,jh9d7c,dry,top_pair,no_draw,TP+,80,40.88,CHECK
3BP_BTN_BB_jh9d7c,flop,IP,3BP,jh9d7c,dry,top_pair,gutshot,TP+,24,99.93,BET
3BP_BTN_BB_jh9d7c,flop,IP,3BP,jh9d7c,dry,overpair,no_draw,TP+,18,98.68,BET
3BP_BTN_BB_jh9d7c,flop,IP,3BP,jh9d7c,dry,king_high,twocards_bdfd,エア,15,0.54,CHECK
3BP_BTN_BB_jh9d7c,flop,IP,3BP,jh9d7c,dry,king_high,no_draw,エア,65,23.86,CHECK
3BP_BTN_BB_jh9d7c,flop,IP,3BP,jh9d7c,dry,king_high,gutshot,エア,32,23.86,CHECK
3BP_BTN_BB_jh9d7c,flop,IP,3BP,jh9d7c,dry,king_high,oesd,エア,16,36.35,CHECK
3BP_BTN_BB_jh9d7c,flop,IP,3BP,jh9d7c,dry,ace_high,twocards_bdfd,エア,21,1.66,CHECK
3BP_BTN_BB_jh9d7c,flop,IP,3BP,jh9d7c,dry,ace_high,no_draw,エア,91,5.19,CHECK
3BP_BTN_BB_jh9d7c,flop,IP,3BP,jh9d7c,dry,ace_high,gutshot,エア,32,30.01,CHECK
3BP_BTN_BB_js7s3h,flop,IP,3BP,js7s3h,dry,low_pair,no_draw,アンダーペア,3,0.02,CHECK
3BP_BTN_BB_js7s3h,flop,IP,3BP,js7s3h,dry,low_pair,onecard_bdfd,アンダーペア,3,0.01,CHECK
3BP_BTN_BB_js7s3h,flop,IP,3BP,js7s3h,dry,third_pair,no_draw,アンダーペア,69,39.91,CHECK
3BP_BTN_BB_js7s3h,flop,IP,3BP,js7s3h,dry,third_pair,onecard_bdfd,アンダーペア,59,33.44,CHECK
3BP_BTN_BB_js7s3h,flop,IP,3BP,js7s3h,dry,set,no_draw,2P+,7,82.79,BET
3BP_BTN_BB_js7s3h,flop,IP,3BP,js7s3h,dry,third_pair,flush_draw,アンダーペア,9,35.39,CHECK
3BP_BTN_BB_js7s3h,flop,IP,3BP,js7s3h,dry,set,onecard_bdfd,2P+,2,88.56,BET
3BP_BTN_BB_js7s3h,flop,IP,3BP,js7s3h,dry,no_made_hand,no_draw,エア,176,45.08,CHECK
3BP_BTN_BB_js7s3h,flop,IP,3BP,js7s3h,dry,no_made_hand,onecard_bdfd,エア,132,53.31,BET
3BP_BTN_BB_js7s3h,flop,IP,3BP,js7s3h,dry,no_made_hand,twocards_bdfd,エア,22,11.63,CHECK
3BP_BTN_BB_js7s3h,flop,IP,3BP,js7s3h,dry,no_made_hand,flush_draw,エア,22,59.42,BET
3BP_BTN_BB_js7s3h,flop,IP,3BP,js7s3h,dry,no_made_hand,gutshot,エア,90,31.84,CHECK
3BP_BTN_BB_js7s3h,flop,IP,3BP,js7s3h,dry,no_made_hand,combo_draw,エア,6,27.18,CHECK
3BP_BTN_BB_js7s3h,flop,IP,3BP,js7s3h,dry,second_pair,no_draw,アンダーペア,80,36.82,CHECK
3BP_BTN_BB_js7s3h,flop,IP,3BP,js7s3h,dry,second_pair,onecard_bdfd,アンダーペア,30,47.35,CHECK
3BP_BTN_BB_js7s3h,flop,IP,3BP,js7s3h,dry,two_pair,no_draw,2P+,20,96.1,BET
3BP_BTN_BB_js7s3h,flop,IP,3BP,js7s3h,dry,two_pair,onecard_bdfd,2P+,6,73.62,BET
3BP_BTN_BB_js7s3h,flop,IP,3BP,js7s3h,dry,second_pair,twocards_bdfd,アンダーペア,10,54.05,BET
3BP_BTN_BB_js7s3h,flop,IP,3BP,js7s3h,dry,underpair,no_draw,アンダーペア,9,15.42,CHECK
3BP_BTN_BB_js7s3h,flop,IP,3BP,js7s3h,dry,underpair,onecard_bdfd,アンダーペア,9,45.51,CHECK
3BP_BTN_BB_js7s3h,flop,IP,3BP,js7s3h,dry,top_pair,no_draw,TP+,80,52.75,BET
3BP_BTN_BB_js7s3h,flop,IP,3BP,js7s3h,dry,top_pair,onecard_bdfd,TP+,30,59.98,BET
3BP_BTN_BB_js7s3h,flop,IP,3BP,js7s3h,dry,top_pair,twocards_bdfd,TP+,10,46.9,CHECK
3BP_BTN_BB_js7s3h,flop,IP,3BP,js7s3h,dry,two_pair,twocards_bdfd,2P+,1,90.98,BET
3BP_BTN_BB_js7s3h,flop,IP,3BP,js7s3h,dry,overpair,no_draw,TP+,9,94.65,BET
3BP_BTN_BB_js7s3h,flop,IP,3BP,js7s3h,dry,overpair,onecard_bdfd,TP+,9,95.47,BET
3BP_BTN_BB_js7s3h,flop,IP,3BP,js7s3h,dry,king_high,no_draw,エア,64,26.1,CHECK
3BP_BTN_BB_js7s3h,flop,IP,3BP,js7s3h,dry,king_high,onecard_bdfd,エア,48,34.66,CHECK
3BP_BTN_BB_js7s3h,flop,IP,3BP,js7s3h,dry,king_high,twocards_bdfd,エア,8,13.54,CHECK
3BP_BTN_BB_js7s3h,flop,IP,3BP,js7s3h,dry,king_high,flush_draw,エア,8,41.47,CHECK
3BP_BTN_BB_js7s3h,flop,IP,3BP,js7s3h,dry,ace_high,no_draw,エア,72,33.51,CHECK
3BP_BTN_BB_js7s3h,flop,IP,3BP,js7s3h,dry,ace_high,onecard_bdfd,エア,54,41.25,CHECK
3BP_BTN_BB_js7s3h,flop,IP,3BP,js7s3h,dry,ace_high,twocards_bdfd,エア,9,23.39,CHECK
3BP_BTN_BB_js7s3h,flop,IP,3BP,js7s3h,dry,ace_high,nut_flush_draw,エア,9,48.93,CHECK
3BP_BTN_BB_js7s3h,flop,IP,3BP,js7s3h,dry,third_pair,nut_flush_draw,アンダーペア,1,2.73,CHECK
3BP_BTN_BB_jstc4s,flop,IP,3BP,jstc4s,dry,low_pair,no_draw,アンダーペア,6,0.03,CHECK
3BP_BTN_BB_jstc4s,flop,IP,3BP,jstc4s,dry,low_pair,onecard_bdfd,アンダーペア,6,0.04,CHECK
3BP_BTN_BB_jstc4s,flop,IP,3BP,jstc4s,dry,no_made_hand,twocards_bdfd,エア,23,12.12,CHECK
3BP_BTN_BB_jstc4s,flop,IP,3BP,jstc4s,dry,no_made_hand,no_draw,エア,184,46.89,CHECK
3BP_BTN_BB_jstc4s,flop,IP,3BP,jstc4s,dry,no_made_hand,onecard_bdfd,エア,138,52.38,BET
3BP_BTN_BB_jstc4s,flop,IP,3BP,jstc4s,dry,no_made_hand,flush_draw,エア,23,56.57,BET
3BP_BTN_BB_jstc4s,flop,IP,3BP,jstc4s,dry,third_pair,twocards_bdfd,アンダーペア,10,49.35,CHECK
3BP_BTN_BB_jstc4s,flop,IP,3BP,jstc4s,dry,third_pair,no_draw,アンダーペア,95,34.78,CHECK
3BP_BTN_BB_jstc4s,flop,IP,3BP,jstc4s,dry,third_pair,onecard_bdfd,アンダーペア,45,33.3,CHECK
3BP_BTN_BB_jstc4s,flop,IP,3BP,jstc4s,dry,set,no_draw,2P+,7,92.95,BET
3BP_BTN_BB_jstc4s,flop,IP,3BP,jstc4s,dry,no_made_hand,gutshot,エア,45,32.54,CHECK
3BP_BTN_BB_jstc4s,flop,IP,3BP,jstc4s,dry,no_made_hand,combo_draw,エア,5,18.71,CHECK
3BP_BTN_BB_jstc4s,flop,IP,3BP,jstc4s,dry,no_made_hand,oesd,エア,30,43.05,CHECK
3BP_BTN_BB_jstc4s,flop,IP,3BP,jstc4s,dry,second_pair,no_draw,アンダーペア,60,39.29,CHECK
3BP_BTN_BB_jstc4s,flop,IP,3BP,jstc4s,dry,second_pair,onecard_bdfd,アンダーペア,50,36.01,CHECK
3BP_BTN_BB_jstc4s,flop,IP,3BP,jstc4s,dry,two_pair,no_draw,2P+,20,77.94,BET
3BP_BTN_BB_jstc4s,flop,IP,3BP,jstc4s,dry,second_pair,flush_draw,アンダーペア,9,44.4,CHECK
3BP_BTN_BB_jstc4s,flop,IP,3BP,jstc4s,dry,two_pair,onecard_bdfd,2P+,6,98.2,BET
3BP_BTN_BB_jstc4s,flop,IP,3BP,jstc4s,dry,set,onecard_bdfd,2P+,2,84.46,BET
3BP_BTN_BB_jstc4s,flop,IP,3BP,jstc4s,dry,top_pair,twocards_bdfd,TP+,10,41.49,CHECK
3BP_BTN_BB_jstc4s,flop,IP,3BP,jstc4s,dry,top_pair,no_draw,TP+,80,57.61,BET
3BP_BTN_BB_jstc4s,flop,IP,3BP,jstc4s,dry,top_pair,onecard_bdfd,TP+,30,56.81,BET
3BP_BTN_BB_jstc4s,flop,IP,3BP,jstc4s,dry,two_pair,twocards_bdfd,2P+,1,10.26,CHECK
3BP_BTN_BB_jstc4s,flop,IP,3BP,jstc4s,dry,overpair,no_draw,TP+,9,96.37,BET
3BP_BTN_BB_jstc4s,flop,IP,3BP,jstc4s,dry,overpair,onecard_bdfd,TP+,9,95.02,BET
3BP_BTN_BB_jstc4s,flop,IP,3BP,jstc4s,dry,king_high,twocards_bdfd,エア,6,7.58,CHECK
3BP_BTN_BB_jstc4s,flop,IP,3BP,jstc4s,dry,king_high,no_draw,エア,48,33.78,CHECK
3BP_BTN_BB_jstc4s,flop,IP,3BP,jstc4s,dry,king_high,onecard_bdfd,エア,36,29.19,CHECK
3BP_BTN_BB_jstc4s,flop,IP,3BP,jstc4s,dry,king_high,gutshot,エア,15,42.95,CHECK
3BP_BTN_BB_jstc4s,flop,IP,3BP,jstc4s,dry,king_high,oesd,エア,15,56.39,BET
3BP_BTN_BB_jstc4s,flop,IP,3BP,jstc4s,dry,king_high,flush_draw,エア,6,34.03,CHECK
3BP_BTN_BB_jstc4s,flop,IP,3BP,jstc4s,dry,king_high,combo_draw,エア,2,33.96,CHECK
3BP_BTN_BB_jstc4s,flop,IP,3BP,jstc4s,dry,ace_high,twocards_bdfd,エア,7,18.44,CHECK
3BP_BTN_BB_jstc4s,flop,IP,3BP,jstc4s,dry,ace_high,no_draw,エア,56,26.37,CHECK
3BP_BTN_BB_jstc4s,flop,IP,3BP,jstc4s,dry,ace_high,onecard_bdfd,エア,42,39.06,CHECK
3BP_BTN_BB_jstc4s,flop,IP,3BP,jstc4s,dry,ace_high,gutshot,エア,30,68.65,BET
3BP_BTN_BB_jstc4s,flop,IP,3BP,jstc4s,dry,ace_high,nut_flush_draw,エア,7,50.98,BET
3BP_BTN_BB_jstc4s,flop,IP,3BP,jstc4s,dry,second_pair,nut_flush_draw,アンダーペア,1,64.61,BET
3BP_BTN_BB_jstc4s,flop,IP,3BP,jstc4s,dry,ace_high,combo_draw,エア,2,14.07,CHECK
3BP_BTN_BB_jsts4h,flop,IP,3BP,jsts4h,dry,low_pair,no_draw,アンダーペア,6,0.02,CHECK
3BP_BTN_BB_jsts4h,flop,IP,3BP,jsts4h,dry,low_pair,onecard_bdfd,アンダーペア,6,0.03,CHECK
3BP_BTN_BB_jsts4h,flop,IP,3BP,jsts4h,dry,no_made_hand,no_draw,エア,184,48.04,CHECK
3BP_BTN_BB_jsts4h,flop,IP,3BP,jsts4h,dry,no_made_hand,onecard_bdfd,エア,138,53.28,BET
3BP_BTN_BB_jsts4h,flop,IP,3BP,jsts4h,dry,no_made_hand,twocards_bdfd,エア,23,13.65,CHECK
3BP_BTN_BB_jsts4h,flop,IP,3BP,jsts4h,dry,no_made_hand,flush_draw,エア,23,53.33,BET
3BP_BTN_BB_jsts4h,flop,IP,3BP,jsts4h,dry,third_pair,no_draw,アンダーペア,75,36.61,CHECK
3BP_BTN_BB_jsts4h,flop,IP,3BP,jsts4h,dry,third_pair,onecard_bdfd,アンダーペア,65,36.5,CHECK
3BP_BTN_BB_jsts4h,flop,IP,3BP,jsts4h,dry,set,no_draw,2P+,7,91.96,BET
3BP_BTN_BB_jsts4h,flop,IP,3BP,jsts4h,dry,third_pair,flush_draw,アンダーペア,9,55.45,BET
3BP_BTN_BB_jsts4h,flop,IP,3BP,jsts4h,dry,set,onecard_bdfd,2P+,2,82.96,BET
3BP_BTN_BB_jsts4h,flop,IP,3BP,jsts4h,dry,no_made_hand,gutshot,エア,45,34.63,CHECK
3BP_BTN_BB_jsts4h,flop,IP,3BP,jsts4h,dry,no_made_hand,combo_draw,エア,5,14.3,CHECK
3BP_BTN_BB_jsts4h,flop,IP,3BP,jsts4h,dry,no_made_hand,oesd,エア,30,43.33,CHECK
3BP_BTN_BB_jsts4h,flop,IP,3BP,jsts4h,dry,second_pair,no_draw,アンダーペア,80,38.5,CHECK
3BP_BTN_BB_jsts4h,flop,IP,3BP,jsts4h,dry,second_pair,onecard_bdfd,アンダーペア,30,40.52,CHECK
3BP_BTN_BB_jsts4h,flop,IP,3BP,jsts4h,dry,two_pair,no_draw,2P+,20,87.72,BET
3BP_BTN_BB_jsts4h,flop,IP,3BP,jsts4h,dry,two_pair,onecard_bdfd,2P+,6,59.65,BET
3BP_BTN_BB_jsts4h,flop,IP,3BP,jsts4h,dry,second_pair,twocards_bdfd,アンダーペア,10,47.38,CHECK
3BP_BTN_BB_jsts4h,flop,IP,3BP,jsts4h,dry,top_pair,no_draw,TP+,80,59.91,BET
3BP_BTN_BB_jsts4h,flop,IP,3BP,jsts4h,dry,top_pair,onecard_bdfd,TP+,30,60.86,BET
3BP_BTN_BB_jsts4h,flop,IP,3BP,jsts4h,dry,top_pair,twocards_bdfd,TP+,10,40.66,CHECK
3BP_BTN_BB_jsts4h,flop,IP,3BP,jsts4h,dry,two_pair,twocards_bdfd,2P+,1,96.19,BET
3BP_BTN_BB_jsts4h,flop,IP,3BP,jsts4h,dry,overpair,no_draw,TP+,9,96.0,BET
3BP_BTN_BB_jsts4h,flop,IP,3BP,jsts4h,dry,overpair,onecard_bdfd,TP+,9,95.65,BET
3BP_BTN_BB_jsts4h,flop,IP,3BP,jsts4h,dry,king_high,no_draw,エア,48,34.32,CHECK
3BP_BTN_BB_jsts4h,flop,IP,3BP,jsts4h,dry,king_high,onecard_bdfd,エア,36,29.22,CHECK
3BP_BTN_BB_jsts4h,flop,IP,3BP,jsts4h,dry,king_high,gutshot,エア,15,42.56,CHECK
3BP_BTN_BB_jsts4h,flop,IP,3BP,jsts4h,dry,king_high,oesd,エア,15,54.44,BET
3BP_BTN_BB_jsts4h,flop,IP,3BP,jsts4h,dry,king_high,twocards_bdfd,エア,6,6.62,CHECK
3BP_BTN_BB_jsts4h,flop,IP,3BP,jsts4h,dry,king_high,flush_draw,エア,6,42.53,CHECK
3BP_BTN_BB_jsts4h,flop,IP,3BP,jsts4h,dry,king_high,combo_draw,エア,2,34.9,CHECK
3BP_BTN_BB_jsts4h,flop,IP,3BP,jsts4h,dry,ace_high,no_draw,エア,56,28.44,CHECK
3BP_BTN_BB_jsts4h,flop,IP,3BP,jsts4h,dry,ace_high,onecard_bdfd,エア,42,40.17,CHECK
3BP_BTN_BB_jsts4h,flop,IP,3BP,jsts4h,dry,ace_high,gutshot,エア,30,67.4,BET
3BP_BTN_BB_jsts4h,flop,IP,3BP,jsts4h,dry,ace_high,twocards_bdfd,エア,7,18.24,CHECK
3BP_BTN_BB_jsts4h,flop,IP,3BP,jsts4h,dry,ace_high,nut_flush_draw,エア,7,59.49,BET
3BP_BTN_BB_jsts4h,flop,IP,3BP,jsts4h,dry,third_pair,nut_flush_draw,アンダーペア,1,5.65,CHECK
3BP_BTN_BB_jsts4h,flop,IP,3BP,jsts4h,dry,ace_high,combo_draw,エア,2,20.85,CHECK
3BP_BTN_BB_khjh4h,flop,IP,3BP,khjh4h,dry,low_pair,no_draw,アンダーペア,6,0.12,CHECK
3BP_BTN_BB_khjh4h,flop,IP,3BP,khjh4h,dry,low_pair,flush_draw,アンダーペア,6,1.65,CHECK
3BP_BTN_BB_khjh4h,flop,IP,3BP,khjh4h,dry,no_made_hand,no_draw,エア,297,41.02,CHECK
3BP_BTN_BB_khjh4h,flop,IP,3BP,khjh4h,dry,no_made_hand,flush_draw,エア,198,34.49,CHECK
3BP_BTN_BB_khjh4h,flop,IP,3BP,khjh4h,dry,flush,no_draw,2P+,45,51.21,BET
3BP_BTN_BB_khjh4h,flop,IP,3BP,khjh4h,dry,third_pair,no_draw,アンダーペア,108,22.46,CHECK
3BP_BTN_BB_khjh4h,flop,IP,3BP,khjh4h,dry,third_pair,flush_draw,アンダーペア,45,50.8,BET
3BP_BTN_BB_khjh4h,flop,IP,3BP,khjh4h,dry,set,no_draw,2P+,9,45.57,CHECK
3BP_BTN_BB_khjh4h,flop,IP,3BP,khjh4h,dry,no_made_hand,gutshot,エア,18,7.72,CHECK
3BP_BTN_BB_khjh4h,flop,IP,3BP,khjh4h,dry,no_made_hand,combo_draw,エア,18,49.01,CHECK
3BP_BTN_BB_khjh4h,flop,IP,3BP,khjh4h,dry,second_pair,no_draw,アンダーペア,90,27.1,CHECK
3BP_BTN_BB_khjh4h,flop,IP,3BP,khjh4h,dry,second_pair,flush_draw,アンダーペア,27,40.53,CHECK
3BP_BTN_BB_khjh4h,flop,IP,3BP,khjh4h,dry,two_pair,no_draw,2P+,27,85.62,BET
3BP_BTN_BB_khjh4h,flop,IP,3BP,khjh4h,dry,no_made_hand,oesd,エア,9,17.12,CHECK
3BP_BTN_BB_khjh4h,flop,IP,3BP,khjh4h,dry,underpair,no_draw,アンダーペア,3,2.16,CHECK
3BP_BTN_BB_khjh4h,flop,IP,3BP,khjh4h,dry,underpair,flush_draw,アンダーペア,3,62.89,BET
3BP_BTN_BB_khjh4h,flop,IP,3BP,khjh4h,dry,top_pair,no_draw,TP+,90,35.23,CHECK
3BP_BTN_BB_khjh4h,flop,IP,3BP,khjh4h,dry,top_pair,flush_draw,TP+,27,63.25,BET
3BP_BTN_BB_khjh4h,flop,IP,3BP,khjh4h,dry,ace_high,no_draw,エア,63,30.61,CHECK
3BP_BTN_BB_khjh4h,flop,IP,3BP,khjh4h,dry,ace_high,flush_draw,エア,21,11.67,CHECK
3BP_BTN_BB_khjh4h,flop,IP,3BP,khjh4h,dry,ace_high,gutshot,エア,18,45.19,CHECK
3BP_BTN_BB_khjh4h,flop,IP,3BP,khjh4h,dry,ace_high,combo_draw,エア,12,56.63,BET
3BP_BTN_BB_khjh4h,flop,IP,3BP,khjh4h,dry,overpair,no_draw,TP+,3,50.31,BET
3BP_BTN_BB_khjh4h,flop,IP,3BP,khjh4h,dry,ace_high,nut_flush_draw,エア,21,41.25,CHECK
3BP_BTN_BB_khjh4h,flop,IP,3BP,khjh4h,dry,third_pair,nut_flush_draw,アンダーペア,3,8.2,CHECK
3BP_BTN_BB_khjh4h,flop,IP,3BP,khjh4h,dry,second_pair,nut_flush_draw,アンダーペア,3,21.97,CHECK
3BP_BTN_BB_khjh4h,flop,IP,3BP,khjh4h,dry,top_pair,nut_flush_draw,TP+,3,76.95,BET
3BP_BTN_BB_khjh4h,flop,IP,3BP,khjh4h,dry,overpair,nut_flush_draw,TP+,3,97.14,BET
3BP_BTN_BB_ks7d2c,flop,IP,3BP,ks7d2c,dry,set,no_draw,2P+,9,35.34,CHECK
3BP_BTN_BB_ks7d2c,flop,IP,3BP,ks7d2c,dry,third_pair,no_draw,アンダーペア,124,40.03,CHECK
3BP_BTN_BB_ks7d2c,flop,IP,3BP,ks7d2c,dry,third_pair,twocards_bdfd,アンダーペア,20,54.1,BET
3BP_BTN_BB_ks7d2c,flop,IP,3BP,ks7d2c,dry,no_made_hand,twocards_bdfd,エア,108,25.56,CHECK
3BP_BTN_BB_ks7d2c,flop,IP,3BP,ks7d2c,dry,no_made_hand,no_draw,エア,468,43.24,CHECK
3BP_BTN_BB_ks7d2c,flop,IP,3BP,ks7d2c,dry,two_pair,no_draw,2P+,24,77.68,BET
3BP_BTN_BB_ks7d2c,flop,IP,3BP,ks7d2c,dry,second_pair,twocards_bdfd,アンダーペア,20,48.19,CHECK
3BP_BTN_BB_ks7d2c,flop,IP,3BP,ks7d2c,dry,second_pair,no_draw,アンダーペア,100,41.16,CHECK
3BP_BTN_BB_ks7d2c,flop,IP,3BP,ks7d2c,dry,two_pair,twocards_bdfd,2P+,3,63.7,BET
3BP_BTN_BB_ks7d2c,flop,IP,3BP,ks7d2c,dry,underpair,no_draw,アンダーペア,30,45.92,CHECK
3BP_BTN_BB_ks7d2c,flop,IP,3BP,ks7d2c,dry,top_pair,twocards_bdfd,TP+,20,63.38,BET
3BP_BTN_BB_ks7d2c,flop,IP,3BP,ks7d2c,dry,top_pair,no_draw,TP+,100,64.25,BET
3BP_BTN_BB_ks7d2c,flop,IP,3BP,ks7d2c,dry,ace_high,twocards_bdfd,エア,27,57.0,BET
3BP_BTN_BB_ks7d2c,flop,IP,3BP,ks7d2c,dry,ace_high,no_draw,エア,117,32.86,CHECK
3BP_BTN_BB_ks7d2c,flop,IP,3BP,ks7d2c,dry,overpair,no_draw,TP+,6,69.43,BET
3BP_BTN_BB_ks8d3c,flop,IP,3BP,ks8d3c,dry,low_pair,no_draw,アンダーペア,6,0.02,CHECK
3BP_BTN_BB_ks8d3c,flop,IP,3BP,ks8d3c,dry,third_pair,no_draw,アンダーペア,124,39.49,CHECK
3BP_BTN_BB_ks8d3c,flop,IP,3BP,ks8d3c,dry,third_pair,twocards_bdfd,アンダーペア,20,59.68,BET
3BP_BTN_BB_ks8d3c,flop,IP,3BP,ks8d3c,dry,set,no_draw,2P+,9,34.77,CHECK
3BP_BTN_BB_ks8d3c,flop,IP,3BP,ks8d3c,dry,no_made_hand,twocards_bdfd,エア,108,24.81,CHECK
3BP_BTN_BB_ks8d3c,flop,IP,3BP,ks8d3c,dry,no_made_hand,no_draw,エア,468,44.08,CHECK
3BP_BTN_BB_ks8d3c,flop,IP,3BP,ks8d3c,dry,second_pair,twocards_bdfd,アンダーペア,20,47.76,CHECK
3BP_BTN_BB_ks8d3c,flop,IP,3BP,ks8d3c,dry,second_pair,no_draw,アンダーペア,100,41.74,CHECK
3BP_BTN_BB_ks8d3c,flop,IP,3BP,ks8d3c,dry,two_pair,no_draw,2P+,24,73.57,BET
3BP_BTN_BB_ks8d3c,flop,IP,3BP,ks8d3c,dry,two_pair,twocards_bdfd,2P+,3,52.18,BET
3BP_BTN_BB_ks8d3c,flop,IP,3BP,ks8d3c,dry,underpair,no_draw,アンダーペア,24,42.35,CHECK
3BP_BTN_BB_ks8d3c,flop,IP,3BP,ks8d3c,dry,top_pair,twocards_bdfd,TP+,20,64.8,BET
3BP_BTN_BB_ks8d3c,flop,IP,3BP,ks8d3c,dry,top_pair,no_draw,TP+,100,65.37,BET
3BP_BTN_BB_ks8d3c,flop,IP,3BP,ks8d3c,dry,ace_high,twocards_bdfd,エア,27,60.17,BET
3BP_BTN_BB_ks8d3c,flop,IP,3BP,ks8d3c,dry,ace_high,no_draw,エア,117,34.67,CHECK
3BP_BTN_BB_ks8d3c,flop,IP,3BP,ks8d3c,dry,overpair,no_draw,TP+,6,78.84,BET
3BP_BTN_BB_ksjd4c,flop,IP,3BP,ksjd4c,dry,low_pair,no_draw,アンダーペア,12,0.05,CHECK
3BP_BTN_BB_ksjd4c,flop,IP,3BP,ksjd4c,dry,no_made_hand,twocards_bdfd,エア,99,25.18,CHECK
3BP_BTN_BB_ksjd4c,flop,IP,3BP,ksjd4c,dry,no_made_hand,no_draw,エア,429,46.94,CHECK
3BP_BTN_BB_ksjd4c,flop,IP,3BP,ksjd4c,dry,third_pair,no_draw,アンダーペア,136,39.35,CHECK
3BP_BTN_BB_ksjd4c,flop,IP,3BP,ksjd4c,dry,third_pair,twocards_bdfd,アンダーペア,20,63.99,BET
3BP_BTN_BB_ksjd4c,flop,IP,3BP,ksjd4c,dry,set,no_draw,2P+,9,55.99,BET
3BP_BTN_BB_ksjd4c,flop,IP,3BP,ksjd4c,dry,no_made_hand,gutshot,エア,32,29.64,CHECK
3BP_BTN_BB_ksjd4c,flop,IP,3BP,ksjd4c,dry,second_pair,twocards_bdfd,アンダーペア,20,34.2,CHECK
3BP_BTN_BB_ksjd4c,flop,IP,3BP,ksjd4c,dry,second_pair,no_draw,アンダーペア,100,44.34,CHECK
3BP_BTN_BB_ksjd4c,flop,IP,3BP,ksjd4c,dry,two_pair,no_draw,2P+,24,79.75,BET
3BP_BTN_BB_ksjd4c,flop,IP,3BP,ksjd4c,dry,two_pair,twocards_bdfd,2P+,3,72.5,BET
3BP_BTN_BB_ksjd4c,flop,IP,3BP,ksjd4c,dry,no_made_hand,oesd,エア,16,46.4,CHECK
3BP_BTN_BB_ksjd4c,flop,IP,3BP,ksjd4c,dry,underpair,no_draw,アンダーペア,6,23.94,CHECK
3BP_BTN_BB_ksjd4c,flop,IP,3BP,ksjd4c,dry,top_pair,twocards_bdfd,TP+,20,62.79,BET
3BP_BTN_BB_ksjd4c,flop,IP,3BP,ksjd4c,dry,top_pair,no_draw,TP+,100,64.09,BET
3BP_BTN_BB_ksjd4c,flop,IP,3BP,ksjd4c,dry,ace_high,twocards_bdfd,エア,21,49.1,CHECK
3BP_BTN_BB_ksjd4c,flop,IP,3BP,ksjd4c,dry,ace_high,no_draw,エア,91,28.97,CHECK
3BP_BTN_BB_ksjd4c,flop,IP,3BP,ksjd4c,dry,ace_high,gutshot,エア,32,66.81,BET
3BP_BTN_BB_ksjd4c,flop,IP,3BP,ksjd4c,dry,overpair,no_draw,TP+,6,87.82,BET
3BP_BTN_BB_kskd4c,flop,IP,3BP,kskd4c,dry,third_pair,no_draw,アンダーペア,12,0.02,CHECK
3BP_BTN_BB_kskd4c,flop,IP,3BP,kskd4c,dry,no_made_hand,twocards_bdfd,エア,135,15.88,CHECK
3BP_BTN_BB_kskd4c,flop,IP,3BP,kskd4c,dry,no_made_hand,no_draw,エア,585,29.36,CHECK
3BP_BTN_BB_kskd4c,flop,IP,3BP,kskd4c,dry,second_pair,no_draw,アンダーペア,110,31.31,CHECK
3BP_BTN_BB_kskd4c,flop,IP,3BP,kskd4c,dry,second_pair,twocards_bdfd,アンダーペア,22,62.01,BET
3BP_BTN_BB_kskd4c,flop,IP,3BP,kskd4c,dry,fullhouse,no_draw,2P+,9,1.65,CHECK
3BP_BTN_BB_kskd4c,flop,IP,3BP,kskd4c,dry,underpair,no_draw,アンダーペア,48,62.97,BET
3BP_BTN_BB_kskd4c,flop,IP,3BP,kskd4c,dry,trips,twocards_bdfd,2P+,11,54.39,BET
3BP_BTN_BB_kskd4c,flop,IP,3BP,kskd4c,dry,trips,no_draw,2P+,77,54.09,BET
3BP_BTN_BB_kskd4c,flop,IP,3BP,kskd4c,dry,quads,no_draw,2P+,1,62.28,BET
3BP_BTN_BB_kskd4c,flop,IP,3BP,kskd4c,dry,ace_high,twocards_bdfd,エア,30,19.83,CHECK
3BP_BTN_BB_kskd4c,flop,IP,3BP,kskd4c,dry,ace_high,no_draw,エア,130,18.85,CHECK
3BP_BTN_BB_kskd4c,flop,IP,3BP,kskd4c,dry,overpair,no_draw,TP+,6,23.32,CHECK
3BP_BTN_BB_qh8d3c,flop,IP,3BP,qh8d3c,dry,low_pair,no_draw,アンダーペア,6,0.03,CHECK
3BP_BTN_BB_qh8d3c,flop,IP,3BP,qh8d3c,dry,third_pair,no_draw,アンダーペア,124,36.13,CHECK
3BP_BTN_BB_qh8d3c,flop,IP,3BP,qh8d3c,dry,third_pair,twocards_bdfd,アンダーペア,20,62.23,BET
3BP_BTN_BB_qh8d3c,flop,IP,3BP,qh8d3c,dry,set,no_draw,2P+,9,55.32,BET
3BP_BTN_BB_qh8d3c,flop,IP,3BP,qh8d3c,dry,no_made_hand,twocards_bdfd,エア,75,10.02,CHECK
3BP_BTN_BB_qh8d3c,flop,IP,3BP,qh8d3c,dry,no_made_hand,no_draw,エア,325,55.51,BET
3BP_BTN_BB_qh8d3c,flop,IP,3BP,qh8d3c,dry,second_pair,twocards_bdfd,アンダーペア,20,56.76,BET
3BP_BTN_BB_qh8d3c,flop,IP,3BP,qh8d3c,dry,second_pair,no_draw,アンダーペア,100,41.13,CHECK
3BP_BTN_BB_qh8d3c,flop,IP,3BP,qh8d3c,dry,two_pair,no_draw,2P+,24,84.59,BET
3BP_BTN_BB_qh8d3c,flop,IP,3BP,qh8d3c,dry,two_pair,twocards_bdfd,2P+,3,66.26,BET
3BP_BTN_BB_qh8d3c,flop,IP,3BP,qh8d3c,dry,underpair,no_draw,アンダーペア,18,43.34,CHECK
3BP_BTN_BB_qh8d3c,flop,IP,3BP,qh8d3c,dry,no_made_hand,gutshot,エア,48,44.17,CHECK
3BP_BTN_BB_qh8d3c,flop,IP,3BP,qh8d3c,dry,top_pair,twocards_bdfd,TP+,20,59.29,BET
3BP_BTN_BB_qh8d3c,flop,IP,3BP,qh8d3c,dry,top_pair,no_draw,TP+,100,62.8,BET
3BP_BTN_BB_qh8d3c,flop,IP,3BP,qh8d3c,dry,king_high,twocards_bdfd,エア,24,42.49,CHECK
3BP_BTN_BB_qh8d3c,flop,IP,3BP,qh8d3c,dry,king_high,no_draw,エア,104,27.85,CHECK
3BP_BTN_BB_qh8d3c,flop,IP,3BP,qh8d3c,dry,overpair,no_draw,TP+,12,79.52,BET
3BP_BTN_BB_qh8d3c,flop,IP,3BP,qh8d3c,dry,ace_high,twocards_bdfd,エア,27,57.0,BET
3BP_BTN_BB_qh8d3c,flop,IP,3BP,qh8d3c,dry,ace_high,no_draw,エア,117,34.09,CHECK
3BP_BTN_BB_qhjd4c,flop,IP,3BP,qhjd4c,dry,low_pair,no_draw,アンダーペア,12,0.05,CHECK
3BP_BTN_BB_qhjd4c,flop,IP,3BP,qhjd4c,dry,no_made_hand,twocards_bdfd,エア,75,10.56,CHECK
3BP_BTN_BB_qhjd4c,flop,IP,3BP,qhjd4c,dry,no_made_hand,no_draw,エア,325,57.9,BET
3BP_BTN_BB_qhjd4c,flop,IP,3BP,qhjd4c,dry,third_pair,no_draw,アンダーペア,136,37.14,CHECK
3BP_BTN_BB_qhjd4c,flop,IP,3BP,qhjd4c,dry,third_pair,twocards_bdfd,アンダーペア,20,76.32,BET
3BP_BTN_BB_qhjd4c,flop,IP,3BP,qhjd4c,dry,set,no_draw,2P+,9,69.13,BET
3BP_BTN_BB_qhjd4c,flop,IP,3BP,qhjd4c,dry,no_made_hand,gutshot,エア,32,40.65,CHECK
3BP_BTN_BB_qhjd4c,flop,IP,3BP,qhjd4c,dry,no_made_hand,oesd,エア,16,38.24,CHECK
3BP_BTN_BB_qhjd4c,flop,IP,3BP,qhjd4c,dry,second_pair,twocards_bdfd,アンダーペア,20,52.88,BET
3BP_BTN_BB_qhjd4c,flop,IP,3BP,qhjd4c,dry,second_pair,no_draw,アンダーペア,100,40.71,CHECK
3BP_BTN_BB_qhjd4c,flop,IP,3BP,qhjd4c,dry,two_pair,no_draw,2P+,24,76.05,BET
3BP_BTN_BB_qhjd4c,flop,IP,3BP,qhjd4c,dry,two_pair,twocards_bdfd,2P+,3,70.32,BET
3BP_BTN_BB_qhjd4c,flop,IP,3BP,qhjd4c,dry,top_pair,twocards_bdfd,TP+,20,64.27,BET
3BP_BTN_BB_qhjd4c,flop,IP,3BP,qhjd4c,dry,top_pair,no_draw,TP+,100,67.33,BET
3BP_BTN_BB_qhjd4c,flop,IP,3BP,qhjd4c,dry,king_high,twocards_bdfd,エア,18,39.07,CHECK
3BP_BTN_BB_qhjd4c,flop,IP,3BP,qhjd4c,dry,king_high,no_draw,エア,78,33.9,CHECK
3BP_BTN_BB_qhjd4c,flop,IP,3BP,qhjd4c,dry,king_high,gutshot,エア,16,36.21,CHECK
3BP_BTN_BB_qhjd4c,flop,IP,3BP,qhjd4c,dry,king_high,oesd,エア,16,54.61,BET
3BP_BTN_BB_qhjd4c,flop,IP,3BP,qhjd4c,dry,overpair,no_draw,TP+,12,88.1,BET
3BP_BTN_BB_qhjd4c,flop,IP,3BP,qhjd4c,dry,ace_high,twocards_bdfd,エア,21,53.6,BET
3BP_BTN_BB_qhjd4c,flop,IP,3BP,qhjd4c,dry,ace_high,no_draw,エア,91,28.55,CHECK
3BP_BTN_BB_qhjd4c,flop,IP,3BP,qhjd4c,dry,ace_high,gutshot,エア,32,70.34,BET
3BP_BTN_BB_th9d7c,flop,IP,3BP,th9d7c,dry,low_pair,no_draw,アンダーペア,24,0.01,CHECK
3BP_BTN_BB_th9d7c,flop,IP,3BP,th9d7c,dry,no_made_hand,twocards_bdfd,エア,30,27.82,CHECK
3BP_BTN_BB_th9d7c,flop,IP,3BP,th9d7c,dry,no_made_hand,no_draw,エア,130,36.46,CHECK
3BP_BTN_BB_th9d7c,flop,IP,3BP,th9d7c,dry,no_made_hand,gutshot,エア,160,30.82,CHECK
3BP_BTN_BB_th9d7c,flop,IP,3BP,th9d7c,dry,low_pair,gutshot,アンダーペア,6,0.01,CHECK
3BP_BTN_BB_th9d7c,flop,IP,3BP,th9d7c,dry,third_pair,no_draw,アンダーペア,70,3.61,CHECK
3BP_BTN_BB_th9d7c,flop,IP,3BP,th9d7c,dry,third_pair,twocards_bdfd,アンダーペア,14,5.86,CHECK
3BP_BTN_BB_th9d7c,flop,IP,3BP,th9d7c,dry,third_pair,gutshot,アンダーペア,24,1.2,CHECK
3BP_BTN_BB_th9d7c,flop,IP,3BP,th9d7c,dry,set,no_draw,2P+,9,14.39,CHECK
3BP_BTN_BB_th9d7c,flop,IP,3BP,th9d7c,dry,no_made_hand,oesd,エア,96,26.49,CHECK
3BP_BTN_BB_th9d7c,flop,IP,3BP,th9d7c,dry,straight,twocards_bdfd,2P+,6,55.38,BET
3BP_BTN_BB_th9d7c,flop,IP,3BP,th9d7c,dry,straight,no_draw,2P+,26,65.04,BET
3BP_BTN_BB_th9d7c,flop,IP,3BP,th9d7c,dry,third_pair,oesd,アンダーペア,18,4.11,CHECK
3BP_BTN_BB_th9d7c,flop,IP,3BP,th9d7c,dry,second_pair,twocards_bdfd,アンダーペア,14,9.99,CHECK
3BP_BTN_BB_th9d7c,flop,IP,3BP,th9d7c,dry,second_pair,no_draw,アンダーペア,70,10.95,CHECK
3BP_BTN_BB_th9d7c,flop,IP,3BP,th9d7c,dry,second_pair,gutshot,アンダーペア,24,23.9,CHECK
3BP_BTN_BB_th9d7c,flop,IP,3BP,th9d7c,dry,two_pair,no_draw,2P+,24,37.2,CHECK
3BP_BTN_BB_th9d7c,flop,IP,3BP,th9d7c,dry,second_pair,oesd,アンダーペア,12,87.55,BET
3BP_BTN_BB_th9d7c,flop,IP,3BP,th9d7c,dry,two_pair,twocards_bdfd,2P+,3,24.7,CHECK
3BP_BTN_BB_th9d7c,flop,IP,3BP,th9d7c,dry,top_pair,twocards_bdfd,TP+,14,23.34,CHECK
3BP_BTN_BB_th9d7c,flop,IP,3BP,th9d7c,dry,top_pair,no_draw,TP+,70,31.24,CHECK
3BP_BTN_BB_th9d7c,flop,IP,3BP,th9d7c,dry,top_pair,gutshot,TP+,24,93.59,BET
3BP_BTN_BB_th9d7c,flop,IP,3BP,th9d7c,dry,top_pair,oesd,TP+,12,99.97,BET
3BP_BTN_BB_th9d7c,flop,IP,3BP,th9d7c,dry,overpair,gutshot,TP+,6,99.99,BET
3BP_BTN_BB_th9d7c,flop,IP,3BP,th9d7c,dry,overpair,no_draw,TP+,18,98.98,BET
3BP_BTN_BB_th9d7c,flop,IP,3BP,th9d7c,dry,king_high,twocards_bdfd,エア,12,2.84,CHECK
3BP_BTN_BB_th9d7c,flop,IP,3BP,th9d7c,dry,king_high,no_draw,エア,52,23.98,CHECK
3BP_BTN_BB_th9d7c,flop,IP,3BP,th9d7c,dry,king_high,gutshot,エア,32,19.38,CHECK
3BP_BTN_BB_th9d7c,flop,IP,3BP,th9d7c,dry,king_high,oesd,エア,32,30.39,CHECK
3BP_BTN_BB_th9d7c,flop,IP,3BP,th9d7c,dry,ace_high,twocards_bdfd,エア,18,0.8,CHECK
3BP_BTN_BB_th9d7c,flop,IP,3BP,th9d7c,dry,ace_high,no_draw,エア,78,9.23,CHECK
3BP_BTN_BB_th9d7c,flop,IP,3BP,th9d7c,dry,ace_high,gutshot,エア,32,5.85,CHECK
3BP_BTN_BB_th9d7c,flop,IP,3BP,th9d7c,dry,ace_high,oesd,エア,16,56.28,BET
4BP_BTN_BB_4s4d2c,flop,IP,4BP,4s4d2c,paired,fullhouse,no_draw,2P+,9,0.01,CHECK
4BP_BTN_BB_4s4d2c,flop,IP,4BP,4s4d2c,paired,second_pair,no_draw,アンダーペア,110,99.91,BET
4BP_BTN_BB_4s4d2c,flop,IP,4BP,4s4d2c,paired,second_pair,twocards_bdfd,アンダーペア,22,82.02,BET
4BP_BTN_BB_4s4d2c,flop,IP,4BP,4s4d2c,paired,underpair,no_draw,アンダーペア,6,1.26,CHECK
4BP_BTN_BB_4s4d2c,flop,IP,4BP,4s4d2c,paired,trips,twocards_bdfd,2P+,11,0.01,CHECK
4BP_BTN_BB_4s4d2c,flop,IP,4BP,4s4d2c,paired,trips,no_draw,2P+,77,0.01,CHECK
4BP_BTN_BB_4s4d2c,flop,IP,4BP,4s4d2c,paired,quads,no_draw,2P+,1,0.0,CHECK
4BP_BTN_BB_4s4d2c,flop,IP,4BP,4s4d2c,paired,no_made_hand,oesd,エア,16,0.02,CHECK
4BP_BTN_BB_4s4d2c,flop,IP,4BP,4s4d2c,paired,overpair,no_draw,TP+,60,0.13,CHECK
4BP_BTN_BB_4s4d2c,flop,IP,4BP,4s4d2c,paired,no_made_hand,gutshot,エア,32,18.54,CHECK
4BP_BTN_BB_4s4d2c,flop,IP,4BP,4s4d2c,paired,no_made_hand,twocards_bdfd,エア,99,15.2,CHECK
4BP_BTN_BB_4s4d2c,flop,IP,4BP,4s4d2c,paired,no_made_hand,no_draw,エア,429,18.43,CHECK
4BP_BTN_BB_4s4d2c,flop,IP,4BP,4s4d2c,paired,king_high,twocards_bdfd,エア,27,2.48,CHECK
4BP_BTN_BB_4s4d2c,flop,IP,4BP,4s4d2c,paired,king_high,no_draw,エア,117,46.13,CHECK
4BP_BTN_BB_4s4d2c,flop,IP,4BP,4s4d2c,paired,ace_high,gutshot,エア,32,5.87,CHECK
4BP_BTN_BB_4s4d2c,flop,IP,4BP,4s4d2c,paired,ace_high,twocards_bdfd,エア,24,87.23,BET
4BP_BTN_BB_4s4d2c,flop,IP,4BP,4s4d2c,paired,ace_high,no_draw,エア,104,99.83,BET
4BP_BTN_BB_7s4d2c,flop,IP,4BP,7s4d2c,dry,set,no_draw,2P+,9,0.01,CHECK
4BP_BTN_BB_7s4d2c,flop,IP,4BP,7s4d2c,dry,third_pair,no_draw,アンダーペア,106,91.88,BET
4BP_BTN_BB_7s4d2c,flop,IP,4BP,7s4d2c,dry,third_pair,twocards_bdfd,アンダーペア,20,59.93,BET
4BP_BTN_BB_7s4d2c,flop,IP,4BP,7s4d2c,dry,two_pair,no_draw,2P+,24,0.01,CHECK
4BP_BTN_BB_7s4d2c,flop,IP,4BP,7s4d2c,dry,second_pair,twocards_bdfd,アンダーペア,20,42.23,CHECK
4BP_BTN_BB_7s4d2c,flop,IP,4BP,7s4d2c,dry,second_pair,no_draw,アンダーペア,100,94.91,BET
4BP_BTN_BB_7s4d2c,flop,IP,4BP,7s4d2c,dry,two_pair,twocards_bdfd,2P+,3,0.01,CHECK
4BP_BTN_BB_7s4d2c,flop,IP,4BP,7s4d2c,dry,no_made_hand,oesd,エア,32,2.32,CHECK
4BP_BTN_BB_7s4d2c,flop,IP,4BP,7s4d2c,dry,underpair,no_draw,アンダーペア,12,49.43,CHECK
4BP_BTN_BB_7s4d2c,flop,IP,4BP,7s4d2c,dry,no_made_hand,gutshot,エア,48,56.47,BET
4BP_BTN_BB_7s4d2c,flop,IP,4BP,7s4d2c,dry,top_pair,twocards_bdfd,TP+,20,14.84,CHECK
4BP_BTN_BB_7s4d2c,flop,IP,4BP,7s4d2c,dry,top_pair,no_draw,TP+,100,45.82,CHECK
4BP_BTN_BB_7s4d2c,flop,IP,4BP,7s4d2c,dry,no_made_hand,twocards_bdfd,エア,69,39.7,CHECK
4BP_BTN_BB_7s4d2c,flop,IP,4BP,7s4d2c,dry,no_made_hand,no_draw,エア,299,28.77,CHECK
4BP_BTN_BB_7s4d2c,flop,IP,4BP,7s4d2c,dry,overpair,no_draw,TP+,42,14.61,CHECK
4BP_BTN_BB_7s4d2c,flop,IP,4BP,7s4d2c,dry,king_high,twocards_bdfd,エア,24,0.33,CHECK
4BP_BTN_BB_7s4d2c,flop,IP,4BP,7s4d2c,dry,king_high,no_draw,エア,104,5.07,CHECK
4BP_BTN_BB_7s4d2c,flop,IP,4BP,7s4d2c,dry,ace_high,gutshot,エア,32,0.03,CHECK
4BP_BTN_BB_7s4d2c,flop,IP,4BP,7s4d2c,dry,ace_high,twocards_bdfd,エア,21,20.29,CHECK
4BP_BTN_BB_7s4d2c,flop,IP,4BP,7s4d2c,dry,ace_high,no_draw,エア,91,67.21,BET
4BP_BTN_BB_8s5d3c,flop,IP,4BP,8s5d3c,dry,low_pair,no_draw,アンダーペア,6,90.83,BET
4BP_BTN_BB_8s5d3c,flop,IP,4BP,8s5d3c,dry,third_pair,no_draw,アンダーペア,106,88.24,BET
4BP_BTN_BB_8s5d3c,flop,IP,4BP,8s5d3c,dry,third_pair,twocards_bdfd,アンダーペア,20,27.73,CHECK
4BP_BTN_BB_8s5d3c,flop,IP,4BP,8s5d3c,dry,set,no_draw,2P+,9,0.01,CHECK
4BP_BTN_BB_8s5d3c,flop,IP,4BP,8s5d3c,dry,no_made_hand,oesd,エア,48,3.49,CHECK
4BP_BTN_BB_8s5d3c,flop,IP,4BP,8s5d3c,dry,second_pair,twocards_bdfd,アンダーペア,20,56.82,BET
4BP_BTN_BB_8s5d3c,flop,IP,4BP,8s5d3c,dry,second_pair,no_draw,アンダーペア,100,96.23,BET
4BP_BTN_BB_8s5d3c,flop,IP,4BP,8s5d3c,dry,two_pair,no_draw,2P+,24,0.01,CHECK
4BP_BTN_BB_8s5d3c,flop,IP,4BP,8s5d3c,dry,two_pair,twocards_bdfd,2P+,3,0.01,CHECK
4BP_BTN_BB_8s5d3c,flop,IP,4BP,8s5d3c,dry,no_made_hand,gutshot,エア,64,76.83,BET
4BP_BTN_BB_8s5d3c,flop,IP,4BP,8s5d3c,dry,underpair,no_draw,アンダーペア,12,22.78,CHECK
4BP_BTN_BB_8s5d3c,flop,IP,4BP,8s5d3c,dry,no_made_hand,twocards_bdfd,エア,63,38.0,CHECK
4BP_BTN_BB_8s5d3c,flop,IP,4BP,8s5d3c,dry,no_made_hand,no_draw,エア,273,22.76,CHECK
4BP_BTN_BB_8s5d3c,flop,IP,4BP,8s5d3c,dry,top_pair,twocards_bdfd,TP+,20,12.53,CHECK
4BP_BTN_BB_8s5d3c,flop,IP,4BP,8s5d3c,dry,top_pair,no_draw,TP+,100,37.7,CHECK
4BP_BTN_BB_8s5d3c,flop,IP,4BP,8s5d3c,dry,overpair,no_draw,TP+,36,14.97,CHECK
4BP_BTN_BB_8s5d3c,flop,IP,4BP,8s5d3c,dry,king_high,twocards_bdfd,エア,24,0.53,CHECK
4BP_BTN_BB_8s5d3c,flop,IP,4BP,8s5d3c,dry,king_high,no_draw,エア,104,5.23,CHECK
4BP_BTN_BB_8s5d3c,flop,IP,4BP,8s5d3c,dry,ace_high,gutshot,エア,32,0.03,CHECK
4BP_BTN_BB_8s5d3c,flop,IP,4BP,8s5d3c,dry,ace_high,twocards_bdfd,エア,21,36.23,CHECK
4BP_BTN_BB_8s5d3c,flop,IP,4BP,8s5d3c,dry,ace_high,no_draw,エア,91,71.89,BET
4BP_BTN_BB_8s6d3h,flop,IP,4BP,8s6d3h,dry,low_pair,no_draw,アンダーペア,6,54.06,BET
4BP_BTN_BB_8s6d3h,flop,IP,4BP,8s6d3h,dry,third_pair,no_draw,アンダーペア,112,78.43,BET
4BP_BTN_BB_8s6d3h,flop,IP,4BP,8s6d3h,dry,third_pair,twocards_bdfd,アンダーペア,20,79.2,BET
4BP_BTN_BB_8s6d3h,flop,IP,4BP,8s6d3h,dry,set,no_draw,2P+,9,0.3,CHECK
4BP_BTN_BB_8s6d3h,flop,IP,4BP,8s6d3h,dry,no_made_hand,gutshot,エア,96,29.27,CHECK
4BP_BTN_BB_8s6d3h,flop,IP,4BP,8s6d3h,dry,no_made_hand,oesd,エア,48,37.79,CHECK
4BP_BTN_BB_8s6d3h,flop,IP,4BP,8s6d3h,dry,second_pair,no_draw,アンダーペア,100,90.2,BET
4BP_BTN_BB_8s6d3h,flop,IP,4BP,8s6d3h,dry,two_pair,no_draw,2P+,24,26.01,CHECK
4BP_BTN_BB_8s6d3h,flop,IP,4BP,8s6d3h,dry,second_pair,twocards_bdfd,アンダーペア,20,71.2,BET
4BP_BTN_BB_8s6d3h,flop,IP,4BP,8s6d3h,dry,two_pair,twocards_bdfd,2P+,3,0.48,CHECK
4BP_BTN_BB_8s6d3h,flop,IP,4BP,8s6d3h,dry,no_made_hand,no_draw,エア,247,64.36,BET
4BP_BTN_BB_8s6d3h,flop,IP,4BP,8s6d3h,dry,no_made_hand,twocards_bdfd,エア,57,35.82,CHECK
4BP_BTN_BB_8s6d3h,flop,IP,4BP,8s6d3h,dry,underpair,no_draw,アンダーペア,6,99.47,BET
4BP_BTN_BB_8s6d3h,flop,IP,4BP,8s6d3h,dry,top_pair,no_draw,TP+,100,89.28,BET
4BP_BTN_BB_8s6d3h,flop,IP,4BP,8s6d3h,dry,top_pair,twocards_bdfd,TP+,20,79.11,BET
4BP_BTN_BB_8s6d3h,flop,IP,4BP,8s6d3h,dry,overpair,no_draw,TP+,36,48.84,CHECK
4BP_BTN_BB_8s6d3h,flop,IP,4BP,8s6d3h,dry,king_high,no_draw,エア,104,47.35,CHECK
4BP_BTN_BB_8s6d3h,flop,IP,4BP,8s6d3h,dry,king_high,twocards_bdfd,エア,24,40.39,CHECK
4BP_BTN_BB_8s6d3h,flop,IP,4BP,8s6d3h,dry,ace_high,no_draw,エア,117,66.9,BET
4BP_BTN_BB_8s6d3h,flop,IP,4BP,8s6d3h,dry,ace_high,twocards_bdfd,エア,27,69.58,BET
4BP_BTN_BB_9h7h5h,flop,IP,4BP,9h7h5h,wet,low_pair,no_draw,アンダーペア,9,0.07,CHECK
4BP_BTN_BB_9h7h5h,flop,IP,4BP,9h7h5h,wet,low_pair,flush_draw,アンダーペア,9,27.73,CHECK
4BP_BTN_BB_9h7h5h,flop,IP,4BP,9h7h5h,wet,no_made_hand,no_draw,エア,117,69.92,BET
4BP_BTN_BB_9h7h5h,flop,IP,4BP,9h7h5h,wet,no_made_hand,flush_draw,エア,78,37.73,CHECK
4BP_BTN_BB_9h7h5h,flop,IP,4BP,9h7h5h,wet,flush,no_draw,2P+,44,3.42,CHECK
4BP_BTN_BB_9h7h5h,flop,IP,4BP,9h7h5h,wet,no_made_hand,gutshot,エア,90,53.85,BET
4BP_BTN_BB_9h7h5h,flop,IP,4BP,9h7h5h,wet,no_made_hand,combo_draw,エア,84,46.09,CHECK
4BP_BTN_BB_9h7h5h,flop,IP,4BP,9h7h5h,wet,third_pair,no_draw,アンダーペア,72,7.17,CHECK
4BP_BTN_BB_9h7h5h,flop,IP,4BP,9h7h5h,wet,third_pair,flush_draw,アンダーペア,21,73.0,BET
4BP_BTN_BB_9h7h5h,flop,IP,4BP,9h7h5h,wet,set,no_draw,2P+,9,54.12,BET
4BP_BTN_BB_9h7h5h,flop,IP,4BP,9h7h5h,wet,no_made_hand,oesd,エア,36,0.53,CHECK
4BP_BTN_BB_9h7h5h,flop,IP,4BP,9h7h5h,wet,third_pair,gutshot,アンダーペア,21,50.25,BET
4BP_BTN_BB_9h7h5h,flop,IP,4BP,9h7h5h,wet,third_pair,combo_draw,アンダーペア,9,42.78,CHECK
4BP_BTN_BB_9h7h5h,flop,IP,4BP,9h7h5h,wet,second_pair,no_draw,アンダーペア,72,52.06,BET
4BP_BTN_BB_9h7h5h,flop,IP,4BP,9h7h5h,wet,second_pair,flush_draw,アンダーペア,21,98.29,BET
4BP_BTN_BB_9h7h5h,flop,IP,4BP,9h7h5h,wet,two_pair,no_draw,2P+,27,83.17,BET
4BP_BTN_BB_9h7h5h,flop,IP,4BP,9h7h5h,wet,second_pair,gutshot,アンダーペア,18,99.49,BET
4BP_BTN_BB_9h7h5h,flop,IP,4BP,9h7h5h,wet,second_pair,combo_draw,アンダーペア,6,99.04,BET
4BP_BTN_BB_9h7h5h,flop,IP,4BP,9h7h5h,wet,straight,no_draw,2P+,9,6.29,CHECK
4BP_BTN_BB_9h7h5h,flop,IP,4BP,9h7h5h,wet,straight,flush_draw,2P+,6,1.91,CHECK
4BP_BTN_BB_9h7h5h,flop,IP,4BP,9h7h5h,wet,underpair,gutshot,アンダーペア,3,99.78,BET
4BP_BTN_BB_9h7h5h,flop,IP,4BP,9h7h5h,wet,straight_flush,no_draw,2P+,1,0.04,CHECK
4BP_BTN_BB_9h7h5h,flop,IP,4BP,9h7h5h,wet,underpair,combo_draw,アンダーペア,3,99.95,BET
4BP_BTN_BB_9h7h5h,flop,IP,4BP,9h7h5h,wet,top_pair,no_draw,TP+,72,68.82,BET
4BP_BTN_BB_9h7h5h,flop,IP,4BP,9h7h5h,wet,top_pair,flush_draw,TP+,21,99.48,BET
4BP_BTN_BB_9h7h5h,flop,IP,4BP,9h7h5h,wet,top_pair,gutshot,TP+,18,98.53,BET
4BP_BTN_BB_9h7h5h,flop,IP,4BP,9h7h5h,wet,top_pair,combo_draw,TP+,6,99.52,BET
4BP_BTN_BB_9h7h5h,flop,IP,4BP,9h7h5h,wet,overpair,no_draw,TP+,15,25.34,CHECK
4BP_BTN_BB_9h7h5h,flop,IP,4BP,9h7h5h,wet,overpair,flush_draw,TP+,12,99.88,BET
4BP_BTN_BB_9h7h5h,flop,IP,4BP,9h7h5h,wet,king_high,no_draw,エア,54,48.0,CHECK
4BP_BTN_BB_9h7h5h,flop,IP,4BP,9h7h5h,wet,king_high,flush_draw,エア,36,43.1,CHECK
4BP_BTN_BB_9h7h5h,flop,IP,4BP,9h7h5h,wet,king_high,gutshot,エア,18,16.36,CHECK
4BP_BTN_BB_9h7h5h,flop,IP,4BP,9h7h5h,wet,king_high,combo_draw,エア,12,99.88,BET
4BP_BTN_BB_9h7h5h,flop,IP,4BP,9h7h5h,wet,ace_high,no_draw,エア,63,36.36,CHECK
4BP_BTN_BB_9h7h5h,flop,IP,4BP,9h7h5h,wet,ace_high,flush_draw,エア,21,38.94,CHECK
4BP_BTN_BB_9h7h5h,flop,IP,4BP,9h7h5h,wet,ace_high,gutshot,エア,18,6.97,CHECK
4BP_BTN_BB_9h7h5h,flop,IP,4BP,9h7h5h,wet,ace_high,combo_draw,エア,12,99.68,BET
4BP_BTN_BB_9h7h5h,flop,IP,4BP,9h7h5h,wet,ace_high,nut_flush_draw,エア,21,48.97,CHECK
4BP_BTN_BB_9h7h5h,flop,IP,4BP,9h7h5h,wet,third_pair,nut_flush_draw,アンダーペア,3,89.48,BET
4BP_BTN_BB_9h7h5h,flop,IP,4BP,9h7h5h,wet,second_pair,nut_flush_draw,アンダーペア,3,99.9,BET
4BP_BTN_BB_9h7h5h,flop,IP,4BP,9h7h5h,wet,top_pair,nut_flush_draw,TP+,3,99.93,BET
4BP_BTN_BB_9h7h5h,flop,IP,4BP,9h7h5h,wet,overpair,nut_flush_draw,TP+,3,99.75,BET
4BP_BTN_BB_9s6d3c,flop,IP,4BP,9s6d3c,dry,low_pair,no_draw,アンダーペア,6,19.98,CHECK
4BP_BTN_BB_9s6d3c,flop,IP,4BP,9s6d3c,dry,third_pair,no_draw,アンダーペア,112,78.56,BET
4BP_BTN_BB_9s6d3c,flop,IP,4BP,9s6d3c,dry,third_pair,twocards_bdfd,アンダーペア,20,73.76,BET
4BP_BTN_BB_9s6d3c,flop,IP,4BP,9s6d3c,dry,set,no_draw,2P+,9,7.39,CHECK
4BP_BTN_BB_9s6d3c,flop,IP,4BP,9s6d3c,dry,no_made_hand,gutshot,エア,96,35.26,CHECK
4BP_BTN_BB_9s6d3c,flop,IP,4BP,9s6d3c,dry,no_made_hand,oesd,エア,48,41.63,CHECK
4BP_BTN_BB_9s6d3c,flop,IP,4BP,9s6d3c,dry,second_pair,twocards_bdfd,アンダーペア,20,65.56,BET
4BP_BTN_BB_9s6d3c,flop,IP,4BP,9s6d3c,dry,second_pair,no_draw,アンダーペア,100,90.59,BET
4BP_BTN_BB_9s6d3c,flop,IP,4BP,9s6d3c,dry,two_pair,no_draw,2P+,24,26.78,CHECK
4BP_BTN_BB_9s6d3c,flop,IP,4BP,9s6d3c,dry,two_pair,twocards_bdfd,2P+,3,2.2,CHECK
4BP_BTN_BB_9s6d3c,flop,IP,4BP,9s6d3c,dry,no_made_hand,twocards_bdfd,エア,57,36.46,CHECK
4BP_BTN_BB_9s6d3c,flop,IP,4BP,9s6d3c,dry,no_made_hand,no_draw,エア,247,59.93,BET
4BP_BTN_BB_9s6d3c,flop,IP,4BP,9s6d3c,dry,underpair,no_draw,アンダーペア,12,60.75,BET
4BP_BTN_BB_9s6d3c,flop,IP,4BP,9s6d3c,dry,top_pair,twocards_bdfd,TP+,20,58.4,BET
4BP_BTN_BB_9s6d3c,flop,IP,4BP,9s6d3c,dry,top_pair,no_draw,TP+,100,83.61,BET
4BP_BTN_BB_9s6d3c,flop,IP,4BP,9s6d3c,dry,overpair,no_draw,TP+,30,39.28,CHECK
4BP_BTN_BB_9s6d3c,flop,IP,4BP,9s6d3c,dry,king_high,twocards_bdfd,エア,24,38.65,CHECK
4BP_BTN_BB_9s6d3c,flop,IP,4BP,9s6d3c,dry,king_high,no_draw,エア,104,44.8,CHECK
4BP_BTN_BB_9s6d3c,flop,IP,4BP,9s6d3c,dry,ace_high,twocards_bdfd,エア,27,70.27,BET
4BP_BTN_BB_9s6d3c,flop,IP,4BP,9s6d3c,dry,ace_high,no_draw,エア,117,66.08,BET
4BP_BTN_BB_9s7d5c,flop,IP,4BP,9s7d5c,wet,low_pair,no_draw,アンダーペア,18,5.78,CHECK
4BP_BTN_BB_9s7d5c,flop,IP,4BP,9s7d5c,wet,no_made_hand,twocards_bdfd,エア,39,29.86,CHECK
4BP_BTN_BB_9s7d5c,flop,IP,4BP,9s7d5c,wet,no_made_hand,no_draw,エア,169,73.97,BET
4BP_BTN_BB_9s7d5c,flop,IP,4BP,9s7d5c,wet,no_made_hand,gutshot,エア,160,46.85,CHECK
4BP_BTN_BB_9s7d5c,flop,IP,4BP,9s7d5c,wet,third_pair,no_draw,アンダーペア,80,43.52,CHECK
4BP_BTN_BB_9s7d5c,flop,IP,4BP,9s7d5c,wet,third_pair,twocards_bdfd,アンダーペア,16,31.37,CHECK
4BP_BTN_BB_9s7d5c,flop,IP,4BP,9s7d5c,wet,set,no_draw,2P+,9,0.73,CHECK
4BP_BTN_BB_9s7d5c,flop,IP,4BP,9s7d5c,wet,no_made_hand,oesd,エア,64,31.27,CHECK
4BP_BTN_BB_9s7d5c,flop,IP,4BP,9s7d5c,wet,third_pair,gutshot,アンダーペア,30,98.8,BET
4BP_BTN_BB_9s7d5c,flop,IP,4BP,9s7d5c,wet,second_pair,twocards_bdfd,アンダーペア,16,85.89,BET
4BP_BTN_BB_9s7d5c,flop,IP,4BP,9s7d5c,wet,second_pair,no_draw,アンダーペア,80,80.39,BET
4BP_BTN_BB_9s7d5c,flop,IP,4BP,9s7d5c,wet,two_pair,no_draw,2P+,24,77.08,BET
4BP_BTN_BB_9s7d5c,flop,IP,4BP,9s7d5c,wet,second_pair,gutshot,アンダーペア,24,88.33,BET
4BP_BTN_BB_9s7d5c,flop,IP,4BP,9s7d5c,wet,two_pair,twocards_bdfd,2P+,3,26.89,CHECK
4BP_BTN_BB_9s7d5c,flop,IP,4BP,9s7d5c,wet,straight,twocards_bdfd,2P+,3,0.03,CHECK
4BP_BTN_BB_9s7d5c,flop,IP,4BP,9s7d5c,wet,straight,no_draw,2P+,13,0.09,CHECK
4BP_BTN_BB_9s7d5c,flop,IP,4BP,9s7d5c,wet,underpair,gutshot,アンダーペア,6,61.49,BET
4BP_BTN_BB_9s7d5c,flop,IP,4BP,9s7d5c,wet,top_pair,twocards_bdfd,TP+,16,99.65,BET
4BP_BTN_BB_9s7d5c,flop,IP,4BP,9s7d5c,wet,top_pair,no_draw,TP+,80,96.21,BET
4BP_BTN_BB_9s7d5c,flop,IP,4BP,9s7d5c,wet,top_pair,gutshot,TP+,24,99.91,BET
4BP_BTN_BB_9s7d5c,flop,IP,4BP,9s7d5c,wet,overpair,no_draw,TP+,30,40.73,CHECK
4BP_BTN_BB_9s7d5c,flop,IP,4BP,9s7d5c,wet,king_high,twocards_bdfd,エア,18,0.24,CHECK
4BP_BTN_BB_9s7d5c,flop,IP,4BP,9s7d5c,wet,king_high,no_draw,エア,78,40.14,CHECK
4BP_BTN_BB_9s7d5c,flop,IP,4BP,9s7d5c,wet,king_high,gutshot,エア,32,60.21,BET
4BP_BTN_BB_9s7d5c,flop,IP,4BP,9s7d5c,wet,ace_high,twocards_bdfd,エア,21,49.8,CHECK
4BP_BTN_BB_9s7d5c,flop,IP,4BP,9s7d5c,wet,ace_high,no_draw,エア,91,59.73,BET
4BP_BTN_BB_9s7d5c,flop,IP,4BP,9s7d5c,wet,ace_high,gutshot,エア,32,78.24,BET
4BP_BTN_BB_9s8d6c,flop,IP,4BP,9s8d6c,wet,low_pair,no_draw,アンダーペア,18,0.02,CHECK
4BP_BTN_BB_9s8d6c,flop,IP,4BP,9s8d6c,wet,no_made_hand,twocards_bdfd,エア,27,30.3,CHECK
4BP_BTN_BB_9s8d6c,flop,IP,4BP,9s8d6c,wet,no_made_hand,no_draw,エア,117,89.07,BET
4BP_BTN_BB_9s8d6c,flop,IP,4BP,9s8d6c,wet,no_made_hand,gutshot,エア,160,33.45,CHECK
4BP_BTN_BB_9s8d6c,flop,IP,4BP,9s8d6c,wet,low_pair,gutshot,アンダーペア,6,0.76,CHECK
4BP_BTN_BB_9s8d6c,flop,IP,4BP,9s8d6c,wet,third_pair,no_draw,アンダーペア,70,42.61,CHECK
4BP_BTN_BB_9s8d6c,flop,IP,4BP,9s8d6c,wet,third_pair,twocards_bdfd,アンダーペア,14,36.14,CHECK
4BP_BTN_BB_9s8d6c,flop,IP,4BP,9s8d6c,wet,third_pair,gutshot,アンダーペア,24,71.57,BET
4BP_BTN_BB_9s8d6c,flop,IP,4BP,9s8d6c,wet,set,no_draw,2P+,9,26.08,CHECK
4BP_BTN_BB_9s8d6c,flop,IP,4BP,9s8d6c,wet,no_made_hand,oesd,エア,112,44.7,CHECK
4BP_BTN_BB_9s8d6c,flop,IP,4BP,9s8d6c,wet,straight,twocards_bdfd,2P+,6,0.9,CHECK
4BP_BTN_BB_9s8d6c,flop,IP,4BP,9s8d6c,wet,straight,no_draw,2P+,26,8.81,CHECK
4BP_BTN_BB_9s8d6c,flop,IP,4BP,9s8d6c,wet,third_pair,oesd,アンダーペア,18,75.12,BET
4BP_BTN_BB_9s8d6c,flop,IP,4BP,9s8d6c,wet,second_pair,twocards_bdfd,アンダーペア,14,84.74,BET
4BP_BTN_BB_9s8d6c,flop,IP,4BP,9s8d6c,wet,second_pair,no_draw,アンダーペア,70,80.97,BET
4BP_BTN_BB_9s8d6c,flop,IP,4BP,9s8d6c,wet,second_pair,gutshot,アンダーペア,24,90.54,BET
4BP_BTN_BB_9s8d6c,flop,IP,4BP,9s8d6c,wet,two_pair,no_draw,2P+,24,45.72,CHECK
4BP_BTN_BB_9s8d6c,flop,IP,4BP,9s8d6c,wet,second_pair,oesd,アンダーペア,12,96.12,BET
4BP_BTN_BB_9s8d6c,flop,IP,4BP,9s8d6c,wet,two_pair,twocards_bdfd,2P+,3,21.57,CHECK
4BP_BTN_BB_9s8d6c,flop,IP,4BP,9s8d6c,wet,top_pair,twocards_bdfd,TP+,14,85.53,BET
4BP_BTN_BB_9s8d6c,flop,IP,4BP,9s8d6c,wet,top_pair,no_draw,TP+,70,81.4,BET
4BP_BTN_BB_9s8d6c,flop,IP,4BP,9s8d6c,wet,top_pair,gutshot,TP+,24,92.98,BET
4BP_BTN_BB_9s8d6c,flop,IP,4BP,9s8d6c,wet,top_pair,oesd,TP+,12,93.74,BET
4BP_BTN_BB_9s8d6c,flop,IP,4BP,9s8d6c,wet,overpair,gutshot,TP+,6,99.4,BET
4BP_BTN_BB_9s8d6c,flop,IP,4BP,9s8d6c,wet,overpair,no_draw,TP+,24,72.45,BET
4BP_BTN_BB_9s8d6c,flop,IP,4BP,9s8d6c,wet,king_high,twocards_bdfd,エア,15,0.48,CHECK
4BP_BTN_BB_9s8d6c,flop,IP,4BP,9s8d6c,wet,king_high,no_draw,エア,65,32.68,CHECK
4BP_BTN_BB_9s8d6c,flop,IP,4BP,9s8d6c,wet,king_high,gutshot,エア,32,38.58,CHECK
4BP_BTN_BB_9s8d6c,flop,IP,4BP,9s8d6c,wet,king_high,oesd,エア,16,98.43,BET
4BP_BTN_BB_9s8d6c,flop,IP,4BP,9s8d6c,wet,ace_high,twocards_bdfd,エア,18,42.13,CHECK
4BP_BTN_BB_9s8d6c,flop,IP,4BP,9s8d6c,wet,ace_high,no_draw,エア,78,52.23,BET
4BP_BTN_BB_9s8d6c,flop,IP,4BP,9s8d6c,wet,ace_high,gutshot,エア,32,61.97,BET
4BP_BTN_BB_9s8d6c,flop,IP,4BP,9s8d6c,wet,ace_high,oesd,エア,16,75.57,BET
4BP_BTN_BB_9s8d7c,flop,IP,4BP,9s8d7c,wet,low_pair,no_draw,アンダーペア,18,1.04,CHECK
4BP_BTN_BB_9s8d7c,flop,IP,4BP,9s8d7c,wet,no_made_hand,twocards_bdfd,エア,18,57.8,BET
4BP_BTN_BB_9s8d7c,flop,IP,4BP,9s8d7c,wet,no_made_hand,no_draw,エア,78,97.06,BET
4BP_BTN_BB_9s8d7c,flop,IP,4BP,9s8d7c,wet,no_made_hand,gutshot,エア,128,64.33,BET
4BP_BTN_BB_9s8d7c,flop,IP,4BP,9s8d7c,wet,low_pair,gutshot,アンダーペア,6,0.15,CHECK
4BP_BTN_BB_9s8d7c,flop,IP,4BP,9s8d7c,wet,no_made_hand,oesd,エア,176,30.8,CHECK
4BP_BTN_BB_9s8d7c,flop,IP,4BP,9s8d7c,wet,straight,twocards_bdfd,2P+,9,31.6,CHECK
4BP_BTN_BB_9s8d7c,flop,IP,4BP,9s8d7c,wet,straight,no_draw,2P+,39,41.09,CHECK
4BP_BTN_BB_9s8d7c,flop,IP,4BP,9s8d7c,wet,low_pair,oesd,アンダーペア,6,95.07,BET
4BP_BTN_BB_9s8d7c,flop,IP,4BP,9s8d7c,wet,third_pair,no_draw,アンダーペア,60,27.16,CHECK
4BP_BTN_BB_9s8d7c,flop,IP,4BP,9s8d7c,wet,third_pair,twocards_bdfd,アンダーペア,12,49.71,CHECK
4BP_BTN_BB_9s8d7c,flop,IP,4BP,9s8d7c,wet,third_pair,gutshot,アンダーペア,24,95.22,BET
4BP_BTN_BB_9s8d7c,flop,IP,4BP,9s8d7c,wet,third_pair,oesd,アンダーペア,24,87.32,BET
4BP_BTN_BB_9s8d7c,flop,IP,4BP,9s8d7c,wet,set,no_draw,2P+,9,74.56,BET
4BP_BTN_BB_9s8d7c,flop,IP,4BP,9s8d7c,wet,second_pair,twocards_bdfd,アンダーペア,12,88.18,BET
4BP_BTN_BB_9s8d7c,flop,IP,4BP,9s8d7c,wet,second_pair,no_draw,アンダーペア,60,76.51,BET
4BP_BTN_BB_9s8d7c,flop,IP,4BP,9s8d7c,wet,second_pair,gutshot,アンダーペア,24,99.66,BET
4BP_BTN_BB_9s8d7c,flop,IP,4BP,9s8d7c,wet,second_pair,oesd,アンダーペア,24,96.65,BET
4BP_BTN_BB_9s8d7c,flop,IP,4BP,9s8d7c,wet,two_pair,no_draw,2P+,24,35.52,CHECK
4BP_BTN_BB_9s8d7c,flop,IP,4BP,9s8d7c,wet,two_pair,twocards_bdfd,2P+,3,30.08,CHECK
4BP_BTN_BB_9s8d7c,flop,IP,4BP,9s8d7c,wet,top_pair,twocards_bdfd,TP+,12,80.42,BET
4BP_BTN_BB_9s8d7c,flop,IP,4BP,9s8d7c,wet,top_pair,no_draw,TP+,60,78.01,BET
4BP_BTN_BB_9s8d7c,flop,IP,4BP,9s8d7c,wet,top_pair,gutshot,TP+,24,99.58,BET
4BP_BTN_BB_9s8d7c,flop,IP,4BP,9s8d7c,wet,top_pair,oesd,TP+,24,99.6,BET
4BP_BTN_BB_9s8d7c,flop,IP,4BP,9s8d7c,wet,overpair,oesd,TP+,6,85.79,BET
4BP_BTN_BB_9s8d7c,flop,IP,4BP,9s8d7c,wet,overpair,gutshot,TP+,6,99.97,BET
4BP_BTN_BB_9s8d7c,flop,IP,4BP,9s8d7c,wet,overpair,no_draw,TP+,18,68.7,BET
4BP_BTN_BB_9s8d7c,flop,IP,4BP,9s8d7c,wet,king_high,twocards_bdfd,エア,12,0.5,CHECK
4BP_BTN_BB_9s8d7c,flop,IP,4BP,9s8d7c,wet,king_high,no_draw,エア,52,49.15,CHECK
4BP_BTN_BB_9s8d7c,flop,IP,4BP,9s8d7c,wet,king_high,gutshot,エア,32,18.47,CHECK
4BP_BTN_BB_9s8d7c,flop,IP,4BP,9s8d7c,wet,king_high,oesd,エア,32,99.44,BET
4BP_BTN_BB_9s8d7c,flop,IP,4BP,9s8d7c,wet,ace_high,twocards_bdfd,エア,15,2.05,CHECK
4BP_BTN_BB_9s8d7c,flop,IP,4BP,9s8d7c,wet,ace_high,no_draw,エア,65,55.27,BET
4BP_BTN_BB_9s8d7c,flop,IP,4BP,9s8d7c,wet,ace_high,gutshot,エア,32,48.75,CHECK
4BP_BTN_BB_9s8d7c,flop,IP,4BP,9s8d7c,wet,ace_high,oesd,エア,32,97.57,BET
4BP_BTN_BB_as9d4c,flop,IP,4BP,as9d4c,dry,low_pair,no_draw,アンダーペア,12,0.24,CHECK
4BP_BTN_BB_as9d4c,flop,IP,4BP,as9d4c,dry,no_made_hand,gutshot,エア,48,19.05,CHECK
4BP_BTN_BB_as9d4c,flop,IP,4BP,as9d4c,dry,third_pair,no_draw,アンダーペア,124,65.24,BET
4BP_BTN_BB_as9d4c,flop,IP,4BP,as9d4c,dry,third_pair,twocards_bdfd,アンダーペア,20,71.98,BET
4BP_BTN_BB_as9d4c,flop,IP,4BP,as9d4c,dry,set,no_draw,2P+,9,19.86,CHECK
4BP_BTN_BB_as9d4c,flop,IP,4BP,as9d4c,dry,no_made_hand,twocards_bdfd,エア,99,16.71,CHECK
4BP_BTN_BB_as9d4c,flop,IP,4BP,as9d4c,dry,no_made_hand,no_draw,エア,429,49.96,CHECK
4BP_BTN_BB_as9d4c,flop,IP,4BP,as9d4c,dry,second_pair,twocards_bdfd,アンダーペア,20,71.75,BET
4BP_BTN_BB_as9d4c,flop,IP,4BP,as9d4c,dry,second_pair,no_draw,アンダーペア,100,81.31,BET
4BP_BTN_BB_as9d4c,flop,IP,4BP,as9d4c,dry,two_pair,no_draw,2P+,24,25.42,CHECK
4BP_BTN_BB_as9d4c,flop,IP,4BP,as9d4c,dry,two_pair,twocards_bdfd,2P+,3,35.42,CHECK
4BP_BTN_BB_as9d4c,flop,IP,4BP,as9d4c,dry,underpair,no_draw,アンダーペア,24,27.57,CHECK
4BP_BTN_BB_as9d4c,flop,IP,4BP,as9d4c,dry,king_high,twocards_bdfd,エア,27,56.81,BET
4BP_BTN_BB_as9d4c,flop,IP,4BP,as9d4c,dry,king_high,no_draw,エア,117,46.68,CHECK
4BP_BTN_BB_as9d4c,flop,IP,4BP,as9d4c,dry,top_pair,twocards_bdfd,TP+,20,55.29,BET
4BP_BTN_BB_as9d4c,flop,IP,4BP,as9d4c,dry,top_pair,no_draw,TP+,100,55.38,BET
4BP_BTN_BB_astd4c,flop,IP,4BP,astd4c,dry,low_pair,no_draw,アンダーペア,12,0.21,CHECK
4BP_BTN_BB_astd4c,flop,IP,4BP,astd4c,dry,no_made_hand,gutshot,エア,64,27.8,CHECK
4BP_BTN_BB_astd4c,flop,IP,4BP,astd4c,dry,third_pair,no_draw,アンダーペア,130,64.8,BET
4BP_BTN_BB_astd4c,flop,IP,4BP,astd4c,dry,third_pair,twocards_bdfd,アンダーペア,20,72.06,BET
4BP_BTN_BB_astd4c,flop,IP,4BP,astd4c,dry,set,no_draw,2P+,9,14.73,CHECK
4BP_BTN_BB_astd4c,flop,IP,4BP,astd4c,dry,no_made_hand,twocards_bdfd,エア,96,15.92,CHECK
4BP_BTN_BB_astd4c,flop,IP,4BP,astd4c,dry,no_made_hand,no_draw,エア,416,47.33,CHECK
4BP_BTN_BB_astd4c,flop,IP,4BP,astd4c,dry,second_pair,twocards_bdfd,アンダーペア,20,57.49,BET
4BP_BTN_BB_astd4c,flop,IP,4BP,astd4c,dry,second_pair,no_draw,アンダーペア,100,73.16,BET
4BP_BTN_BB_astd4c,flop,IP,4BP,astd4c,dry,two_pair,no_draw,2P+,24,45.37,CHECK
4BP_BTN_BB_astd4c,flop,IP,4BP,astd4c,dry,two_pair,twocards_bdfd,2P+,3,53.73,BET
4BP_BTN_BB_astd4c,flop,IP,4BP,astd4c,dry,underpair,no_draw,アンダーペア,18,7.98,CHECK
4BP_BTN_BB_astd4c,flop,IP,4BP,astd4c,dry,king_high,twocards_bdfd,エア,21,42.21,CHECK
4BP_BTN_BB_astd4c,flop,IP,4BP,astd4c,dry,king_high,no_draw,エア,91,30.57,CHECK
4BP_BTN_BB_astd4c,flop,IP,4BP,astd4c,dry,king_high,gutshot,エア,32,96.73,BET
4BP_BTN_BB_astd4c,flop,IP,4BP,astd4c,dry,top_pair,twocards_bdfd,TP+,20,61.79,BET
4BP_BTN_BB_astd4c,flop,IP,4BP,astd4c,dry,top_pair,no_draw,TP+,100,52.52,BET
4BP_BTN_BB_astd9c,flop,IP,4BP,astd9c,dry,low_pair,no_draw,アンダーペア,42,1.49,CHECK
4BP_BTN_BB_astd9c,flop,IP,4BP,astd9c,dry,no_made_hand,twocards_bdfd,エア,87,9.71,CHECK
4BP_BTN_BB_astd9c,flop,IP,4BP,astd9c,dry,no_made_hand,no_draw,エア,377,45.5,CHECK
4BP_BTN_BB_astd9c,flop,IP,4BP,astd9c,dry,no_made_hand,gutshot,エア,64,26.99,CHECK
4BP_BTN_BB_astd9c,flop,IP,4BP,astd9c,dry,no_made_hand,oesd,エア,48,30.79,CHECK
4BP_BTN_BB_astd9c,flop,IP,4BP,astd9c,dry,third_pair,no_draw,アンダーペア,100,33.8,CHECK
4BP_BTN_BB_astd9c,flop,IP,4BP,astd9c,dry,third_pair,twocards_bdfd,アンダーペア,20,25.59,CHECK
4BP_BTN_BB_astd9c,flop,IP,4BP,astd9c,dry,set,no_draw,2P+,9,1.25,CHECK
4BP_BTN_BB_astd9c,flop,IP,4BP,astd9c,dry,second_pair,twocards_bdfd,アンダーペア,20,51.47,BET
4BP_BTN_BB_astd9c,flop,IP,4BP,astd9c,dry,second_pair,no_draw,アンダーペア,100,78.87,BET
4BP_BTN_BB_astd9c,flop,IP,4BP,astd9c,dry,two_pair,no_draw,2P+,24,43.48,CHECK
4BP_BTN_BB_astd9c,flop,IP,4BP,astd9c,dry,two_pair,twocards_bdfd,2P+,3,29.94,CHECK
4BP_BTN_BB_astd9c,flop,IP,4BP,astd9c,dry,underpair,no_draw,アンダーペア,18,20.3,CHECK
4BP_BTN_BB_astd9c,flop,IP,4BP,astd9c,dry,king_high,twocards_bdfd,エア,21,37.72,CHECK
4BP_BTN_BB_astd9c,flop,IP,4BP,astd9c,dry,king_high,no_draw,エア,91,29.13,CHECK
4BP_BTN_BB_astd9c,flop,IP,4BP,astd9c,dry,king_high,gutshot,エア,32,99.13,BET
4BP_BTN_BB_astd9c,flop,IP,4BP,astd9c,dry,top_pair,twocards_bdfd,TP+,20,62.47,BET
4BP_BTN_BB_astd9c,flop,IP,4BP,astd9c,dry,top_pair,no_draw,TP+,100,56.95,BET
4BP_BTN_BB_jh9d7c,flop,IP,4BP,jh9d7c,dry,low_pair,no_draw,アンダーペア,30,0.02,CHECK
4BP_BTN_BB_jh9d7c,flop,IP,4BP,jh9d7c,dry,no_made_hand,twocards_bdfd,エア,42,8.56,CHECK
4BP_BTN_BB_jh9d7c,flop,IP,4BP,jh9d7c,dry,no_made_hand,no_draw,エア,182,49.21,CHECK
4BP_BTN_BB_jh9d7c,flop,IP,4BP,jh9d7c,dry,no_made_hand,gutshot,エア,160,19.77,CHECK
4BP_BTN_BB_jh9d7c,flop,IP,4BP,jh9d7c,dry,third_pair,no_draw,アンダーペア,80,16.01,CHECK
4BP_BTN_BB_jh9d7c,flop,IP,4BP,jh9d7c,dry,third_pair,twocards_bdfd,アンダーペア,16,20.45,CHECK
4BP_BTN_BB_jh9d7c,flop,IP,4BP,jh9d7c,dry,set,no_draw,2P+,9,10.44,CHECK
4BP_BTN_BB_jh9d7c,flop,IP,4BP,jh9d7c,dry,no_made_hand,oesd,エア,48,35.61,CHECK
4BP_BTN_BB_jh9d7c,flop,IP,4BP,jh9d7c,dry,third_pair,gutshot,アンダーペア,30,49.15,CHECK
4BP_BTN_BB_jh9d7c,flop,IP,4BP,jh9d7c,dry,second_pair,twocards_bdfd,アンダーペア,16,33.66,CHECK
4BP_BTN_BB_jh9d7c,flop,IP,4BP,jh9d7c,dry,second_pair,no_draw,アンダーペア,80,39.26,CHECK
4BP_BTN_BB_jh9d7c,flop,IP,4BP,jh9d7c,dry,two_pair,no_draw,2P+,24,32.0,CHECK
4BP_BTN_BB_jh9d7c,flop,IP,4BP,jh9d7c,dry,second_pair,gutshot,アンダーペア,24,80.81,BET
4BP_BTN_BB_jh9d7c,flop,IP,4BP,jh9d7c,dry,two_pair,twocards_bdfd,2P+,3,24.06,CHECK
4BP_BTN_BB_jh9d7c,flop,IP,4BP,jh9d7c,dry,straight,twocards_bdfd,2P+,3,2.42,CHECK
4BP_BTN_BB_jh9d7c,flop,IP,4BP,jh9d7c,dry,straight,no_draw,2P+,13,6.98,CHECK
4BP_BTN_BB_jh9d7c,flop,IP,4BP,jh9d7c,dry,underpair,gutshot,アンダーペア,6,96.99,BET
4BP_BTN_BB_jh9d7c,flop,IP,4BP,jh9d7c,dry,top_pair,twocards_bdfd,TP+,16,69.96,BET
4BP_BTN_BB_jh9d7c,flop,IP,4BP,jh9d7c,dry,top_pair,no_draw,TP+,80,79.55,BET
4BP_BTN_BB_jh9d7c,flop,IP,4BP,jh9d7c,dry,top_pair,gutshot,TP+,24,70.78,BET
4BP_BTN_BB_jh9d7c,flop,IP,4BP,jh9d7c,dry,overpair,no_draw,TP+,18,39.22,CHECK
4BP_BTN_BB_jh9d7c,flop,IP,4BP,jh9d7c,dry,king_high,twocards_bdfd,エア,15,2.57,CHECK
4BP_BTN_BB_jh9d7c,flop,IP,4BP,jh9d7c,dry,king_high,no_draw,エア,65,29.47,CHECK
4BP_BTN_BB_jh9d7c,flop,IP,4BP,jh9d7c,dry,king_high,gutshot,エア,32,21.38,CHECK
4BP_BTN_BB_jh9d7c,flop,IP,4BP,jh9d7c,dry,king_high,oesd,エア,16,53.54,BET
4BP_BTN_BB_jh9d7c,flop,IP,4BP,jh9d7c,dry,ace_high,twocards_bdfd,エア,21,23.71,CHECK
4BP_BTN_BB_jh9d7c,flop,IP,4BP,jh9d7c,dry,ace_high,no_draw,エア,91,27.36,CHECK
4BP_BTN_BB_jh9d7c,flop,IP,4BP,jh9d7c,dry,ace_high,gutshot,エア,32,80.16,BET
4BP_BTN_BB_js7s3h,flop,IP,4BP,js7s3h,dry,low_pair,no_draw,アンダーペア,3,0.13,CHECK
4BP_BTN_BB_js7s3h,flop,IP,4BP,js7s3h,dry,low_pair,onecard_bdfd,アンダーペア,3,1.33,CHECK
4BP_BTN_BB_js7s3h,flop,IP,4BP,js7s3h,dry,third_pair,no_draw,アンダーペア,69,57.72,BET
4BP_BTN_BB_js7s3h,flop,IP,4BP,js7s3h,dry,third_pair,onecard_bdfd,アンダーペア,59,73.38,BET
4BP_BTN_BB_js7s3h,flop,IP,4BP,js7s3h,dry,set,no_draw,2P+,7,55.98,BET
4BP_BTN_BB_js7s3h,flop,IP,4BP,js7s3h,dry,third_pair,flush_draw,アンダーペア,9,37.28,CHECK
4BP_BTN_BB_js7s3h,flop,IP,4BP,js7s3h,dry,set,onecard_bdfd,2P+,2,34.38,CHECK
4BP_BTN_BB_js7s3h,flop,IP,4BP,js7s3h,dry,no_made_hand,no_draw,エア,176,52.67,BET
4BP_BTN_BB_js7s3h,flop,IP,4BP,js7s3h,dry,no_made_hand,onecard_bdfd,エア,132,39.68,CHECK
4BP_BTN_BB_js7s3h,flop,IP,4BP,js7s3h,dry,no_made_hand,twocards_bdfd,エア,22,12.89,CHECK
4BP_BTN_BB_js7s3h,flop,IP,4BP,js7s3h,dry,no_made_hand,flush_draw,エア,22,36.5,CHECK
4BP_BTN_BB_js7s3h,flop,IP,4BP,js7s3h,dry,no_made_hand,gutshot,エア,90,24.32,CHECK
4BP_BTN_BB_js7s3h,flop,IP,4BP,js7s3h,dry,no_made_hand,combo_draw,エア,6,35.3,CHECK
4BP_BTN_BB_js7s3h,flop,IP,4BP,js7s3h,dry,second_pair,no_draw,アンダーペア,80,67.84,BET
4BP_BTN_BB_js7s3h,flop,IP,4BP,js7s3h,dry,second_pair,onecard_bdfd,アンダーペア,30,88.72,BET
4BP_BTN_BB_js7s3h,flop,IP,4BP,js7s3h,dry,two_pair,no_draw,2P+,20,45.87,CHECK
4BP_BTN_BB_js7s3h,flop,IP,4BP,js7s3h,dry,two_pair,onecard_bdfd,2P+,6,16.95,CHECK
4BP_BTN_BB_js7s3h,flop,IP,4BP,js7s3h,dry,second_pair,twocards_bdfd,アンダーペア,10,59.11,BET
4BP_BTN_BB_js7s3h,flop,IP,4BP,js7s3h,dry,underpair,no_draw,アンダーペア,9,22.01,CHECK
4BP_BTN_BB_js7s3h,flop,IP,4BP,js7s3h,dry,underpair,onecard_bdfd,アンダーペア,9,55.9,BET
4BP_BTN_BB_js7s3h,flop,IP,4BP,js7s3h,dry,top_pair,no_draw,TP+,80,56.37,BET
4BP_BTN_BB_js7s3h,flop,IP,4BP,js7s3h,dry,top_pair,onecard_bdfd,TP+,30,56.56,BET
4BP_BTN_BB_js7s3h,flop,IP,4BP,js7s3h,dry,top_pair,twocards_bdfd,TP+,10,35.74,CHECK
4BP_BTN_BB_js7s3h,flop,IP,4BP,js7s3h,dry,two_pair,twocards_bdfd,2P+,1,22.92,CHECK
4BP_BTN_BB_js7s3h,flop,IP,4BP,js7s3h,dry,overpair,no_draw,TP+,9,22.25,CHECK
4BP_BTN_BB_js7s3h,flop,IP,4BP,js7s3h,dry,overpair,onecard_bdfd,TP+,9,15.39,CHECK
4BP_BTN_BB_js7s3h,flop,IP,4BP,js7s3h,dry,king_high,no_draw,エア,64,21.6,CHECK
4BP_BTN_BB_js7s3h,flop,IP,4BP,js7s3h,dry,king_high,onecard_bdfd,エア,48,29.24,CHECK
4BP_BTN_BB_js7s3h,flop,IP,4BP,js7s3h,dry,king_high,twocards_bdfd,エア,8,14.6,CHECK
4BP_BTN_BB_js7s3h,flop,IP,4BP,js7s3h,dry,king_high,flush_draw,エア,8,3.75,CHECK
4BP_BTN_BB_js7s3h,flop,IP,4BP,js7s3h,dry,ace_high,no_draw,エア,72,38.24,CHECK
4BP_BTN_BB_js7s3h,flop,IP,4BP,js7s3h,dry,ace_high,onecard_bdfd,エア,54,56.01,BET
4BP_BTN_BB_js7s3h,flop,IP,4BP,js7s3h,dry,ace_high,twocards_bdfd,エア,9,40.57,CHECK
4BP_BTN_BB_js7s3h,flop,IP,4BP,js7s3h,dry,ace_high,nut_flush_draw,エア,9,17.53,CHECK
4BP_BTN_BB_js7s3h,flop,IP,4BP,js7s3h,dry,third_pair,nut_flush_draw,アンダーペア,1,42.1,CHECK
4BP_BTN_BB_jstc4s,flop,IP,4BP,jstc4s,dry,low_pair,no_draw,アンダーペア,6,0.04,CHECK
4BP_BTN_BB_jstc4s,flop,IP,4BP,jstc4s,dry,low_pair,onecard_bdfd,アンダーペア,6,0.13,CHECK
4BP_BTN_BB_jstc4s,flop,IP,4BP,jstc4s,dry,no_made_hand,twocards_bdfd,エア,23,9.84,CHECK
4BP_BTN_BB_jstc4s,flop,IP,4BP,jstc4s,dry,no_made_hand,no_draw,エア,184,63.15,BET
4BP_BTN_BB_jstc4s,flop,IP,4BP,jstc4s,dry,no_made_hand,onecard_bdfd,エア,138,40.68,CHECK
4BP_BTN_BB_jstc4s,flop,IP,4BP,jstc4s,dry,no_made_hand,flush_draw,エア,23,33.12,CHECK
4BP_BTN_BB_jstc4s,flop,IP,4BP,jstc4s,dry,third_pair,twocards_bdfd,アンダーペア,10,53.51,BET
4BP_BTN_BB_jstc4s,flop,IP,4BP,jstc4s,dry,third_pair,no_draw,アンダーペア,95,56.51,BET
4BP_BTN_BB_jstc4s,flop,IP,4BP,jstc4s,dry,third_pair,onecard_bdfd,アンダーペア,45,85.97,BET
4BP_BTN_BB_jstc4s,flop,IP,4BP,jstc4s,dry,set,no_draw,2P+,7,13.06,CHECK
4BP_BTN_BB_jstc4s,flop,IP,4BP,jstc4s,dry,no_made_hand,gutshot,エア,45,21.55,CHECK
4BP_BTN_BB_jstc4s,flop,IP,4BP,jstc4s,dry,no_made_hand,combo_draw,エア,5,8.13,CHECK
4BP_BTN_BB_jstc4s,flop,IP,4BP,jstc4s,dry,no_made_hand,oesd,エア,30,36.07,CHECK
4BP_BTN_BB_jstc4s,flop,IP,4BP,jstc4s,dry,second_pair,no_draw,アンダーペア,60,53.89,BET
4BP_BTN_BB_jstc4s,flop,IP,4BP,jstc4s,dry,second_pair,onecard_bdfd,アンダーペア,50,44.88,CHECK
4BP_BTN_BB_jstc4s,flop,IP,4BP,jstc4s,dry,two_pair,no_draw,2P+,20,53.87,BET
4BP_BTN_BB_jstc4s,flop,IP,4BP,jstc4s,dry,second_pair,flush_draw,アンダーペア,9,1.6,CHECK
4BP_BTN_BB_jstc4s,flop,IP,4BP,jstc4s,dry,two_pair,onecard_bdfd,2P+,6,61.22,BET
4BP_BTN_BB_jstc4s,flop,IP,4BP,jstc4s,dry,set,onecard_bdfd,2P+,2,40.44,CHECK
4BP_BTN_BB_jstc4s,flop,IP,4BP,jstc4s,dry,top_pair,twocards_bdfd,TP+,10,57.07,BET
4BP_BTN_BB_jstc4s,flop,IP,4BP,jstc4s,dry,top_pair,no_draw,TP+,80,94.12,BET
4BP_BTN_BB_jstc4s,flop,IP,4BP,jstc4s,dry,top_pair,onecard_bdfd,TP+,30,87.96,BET
4BP_BTN_BB_jstc4s,flop,IP,4BP,jstc4s,dry,two_pair,twocards_bdfd,2P+,1,3.46,CHECK
4BP_BTN_BB_jstc4s,flop,IP,4BP,jstc4s,dry,overpair,no_draw,TP+,9,32.72,CHECK
4BP_BTN_BB_jstc4s,flop,IP,4BP,jstc4s,dry,overpair,onecard_bdfd,TP+,9,26.87,CHECK
4BP_BTN_BB_jstc4s,flop,IP,4BP,jstc4s,dry,king_high,twocards_bdfd,エア,6,20.73,CHECK
4BP_BTN_BB_jstc4s,flop,IP,4BP,jstc4s,dry,king_high,no_draw,エア,48,31.23,CHECK
4BP_BTN_BB_jstc4s,flop,IP,4BP,jstc4s,dry,king_high,onecard_bdfd,エア,36,23.27,CHECK
4BP_BTN_BB_jstc4s,flop,IP,4BP,jstc4s,dry,king_high,gutshot,エア,15,68.3,BET
4BP_BTN_BB_jstc4s,flop,IP,4BP,jstc4s,dry,king_high,oesd,エア,15,29.42,CHECK
4BP_BTN_BB_jstc4s,flop,IP,4BP,jstc4s,dry,king_high,flush_draw,エア,6,2.99,CHECK
4BP_BTN_BB_jstc4s,flop,IP,4BP,jstc4s,dry,king_high,combo_draw,エア,2,3.55,CHECK
4BP_BTN_BB_jstc4s,flop,IP,4BP,jstc4s,dry,ace_high,twocards_bdfd,エア,7,42.44,CHECK
4BP_BTN_BB_jstc4s,flop,IP,4BP,jstc4s,dry,ace_high,no_draw,エア,56,38.05,CHECK
4BP_BTN_BB_jstc4s,flop,IP,4BP,jstc4s,dry,ace_high,onecard_bdfd,エア,42,39.99,CHECK
4BP_BTN_BB_jstc4s,flop,IP,4BP,jstc4s,dry,ace_high,gutshot,エア,30,97.44,BET
4BP_BTN_BB_jstc4s,flop,IP,4BP,jstc4s,dry,ace_high,nut_flush_draw,エア,7,26.62,CHECK
4BP_BTN_BB_jstc4s,flop,IP,4BP,jstc4s,dry,second_pair,nut_flush_draw,アンダーペア,1,1.55,CHECK
4BP_BTN_BB_jstc4s,flop,IP,4BP,jstc4s,dry,ace_high,combo_draw,エア,2,7.52,CHECK
4BP_BTN_BB_jsts4h,flop,IP,4BP,jsts4h,dry,low_pair,no_draw,アンダーペア,6,0.04,CHECK
4BP_BTN_BB_jsts4h,flop,IP,4BP,jsts4h,dry,low_pair,onecard_bdfd,アンダーペア,6,0.17,CHECK
4BP_BTN_BB_jsts4h,flop,IP,4BP,jsts4h,dry,no_made_hand,no_draw,エア,184,63.93,BET
4BP_BTN_BB_jsts4h,flop,IP,4BP,jsts4h,dry,no_made_hand,onecard_bdfd,エア,138,42.3,CHECK
4BP_BTN_BB_jsts4h,flop,IP,4BP,jsts4h,dry,no_made_hand,twocards_bdfd,エア,23,11.87,CHECK
4BP_BTN_BB_jsts4h,flop,IP,4BP,jsts4h,dry,no_made_hand,flush_draw,エア,23,28.37,CHECK
4BP_BTN_BB_jsts4h,flop,IP,4BP,jsts4h,dry,third_pair,no_draw,アンダーペア,75,61.5,BET
4BP_BTN_BB_jsts4h,flop,IP,4BP,jsts4h,dry,third_pair,onecard_bdfd,アンダーペア,65,73.63,BET
4BP_BTN_BB_jsts4h,flop,IP,4BP,jsts4h,dry,set,no_draw,2P+,7,33.12,CHECK
4BP_BTN_BB_jsts4h,flop,IP,4BP,jsts4h,dry,third_pair,flush_draw,アンダーペア,9,49.58,CHECK
4BP_BTN_BB_jsts4h,flop,IP,4BP,jsts4h,dry,set,onecard_bdfd,2P+,2,15.16,CHECK
4BP_BTN_BB_jsts4h,flop,IP,4BP,jsts4h,dry,no_made_hand,gutshot,エア,45,24.04,CHECK
4BP_BTN_BB_jsts4h,flop,IP,4BP,jsts4h,dry,no_made_hand,combo_draw,エア,5,5.03,CHECK
4BP_BTN_BB_jsts4h,flop,IP,4BP,jsts4h,dry,no_made_hand,oesd,エア,30,37.96,CHECK
4BP_BTN_BB_jsts4h,flop,IP,4BP,jsts4h,dry,second_pair,no_draw,アンダーペア,80,49.34,CHECK
4BP_BTN_BB_jsts4h,flop,IP,4BP,jsts4h,dry,second_pair,onecard_bdfd,アンダーペア,30,62.27,BET
4BP_BTN_BB_jsts4h,flop,IP,4BP,jsts4h,dry,two_pair,no_draw,2P+,20,52.92,BET
4BP_BTN_BB_jsts4h,flop,IP,4BP,jsts4h,dry,two_pair,onecard_bdfd,2P+,6,57.35,BET
4BP_BTN_BB_jsts4h,flop,IP,4BP,jsts4h,dry,second_pair,twocards_bdfd,アンダーペア,10,32.33,CHECK
4BP_BTN_BB_jsts4h,flop,IP,4BP,jsts4h,dry,top_pair,no_draw,TP+,80,93.4,BET
4BP_BTN_BB_jsts4h,flop,IP,4BP,jsts4h,dry,top_pair,onecard_bdfd,TP+,30,85.61,BET
4BP_BTN_BB_jsts4h,flop,IP,4BP,jsts4h,dry,top_pair,twocards_bdfd,TP+,10,61.99,BET
4BP_BTN_BB_jsts4h,flop,IP,4BP,jsts4h,dry,two_pair,twocards_bdfd,2P+,1,1.21,CHECK
4BP_BTN_BB_jsts4h,flop,IP,4BP,jsts4h,dry,overpair,no_draw,TP+,9,22.86,CHECK
4BP_BTN_BB_jsts4h,flop,IP,4BP,jsts4h,dry,overpair,onecard_bdfd,TP+,9,13.62,CHECK
4BP_BTN_BB_jsts4h,flop,IP,4BP,jsts4h,dry,king_high,no_draw,エア,48,34.53,CHECK
4BP_BTN_BB_jsts4h,flop,IP,4BP,jsts4h,dry,king_high,onecard_bdfd,エア,36,26.14,CHECK
4BP_BTN_BB_jsts4h,flop,IP,4BP,jsts4h,dry,king_high,gutshot,エア,15,66.97,BET
4BP_BTN_BB_jsts4h,flop,IP,4BP,jsts4h,dry,king_high,oesd,エア,15,37.5,CHECK
4BP_BTN_BB_jsts4h,flop,IP,4BP,jsts4h,dry,king_high,twocards_bdfd,エア,6,24.58,CHECK
4BP_BTN_BB_jsts4h,flop,IP,4BP,jsts4h,dry,king_high,flush_draw,エア,6,1.91,CHECK
4BP_BTN_BB_jsts4h,flop,IP,4BP,jsts4h,dry,king_high,combo_draw,エア,2,0.96,CHECK
4BP_BTN_BB_jsts4h,flop,IP,4BP,jsts4h,dry,ace_high,no_draw,エア,56,38.89,CHECK
4BP_BTN_BB_jsts4h,flop,IP,4BP,jsts4h,dry,ace_high,onecard_bdfd,エア,42,44.47,CHECK
4BP_BTN_BB_jsts4h,flop,IP,4BP,jsts4h,dry,ace_high,gutshot,エア,30,96.61,BET
4BP_BTN_BB_jsts4h,flop,IP,4BP,jsts4h,dry,ace_high,twocards_bdfd,エア,7,45.44,CHECK
4BP_BTN_BB_jsts4h,flop,IP,4BP,jsts4h,dry,ace_high,nut_flush_draw,エア,7,9.42,CHECK
4BP_BTN_BB_jsts4h,flop,IP,4BP,jsts4h,dry,third_pair,nut_flush_draw,アンダーペア,1,96.84,BET
4BP_BTN_BB_jsts4h,flop,IP,4BP,jsts4h,dry,ace_high,combo_draw,エア,2,2.33,CHECK
4BP_BTN_BB_khjh4h,flop,IP,4BP,khjh4h,dry,low_pair,no_draw,アンダーペア,6,0.01,CHECK
4BP_BTN_BB_khjh4h,flop,IP,4BP,khjh4h,dry,low_pair,flush_draw,アンダーペア,6,0.28,CHECK
4BP_BTN_BB_khjh4h,flop,IP,4BP,khjh4h,dry,no_made_hand,no_draw,エア,297,31.79,CHECK
4BP_BTN_BB_khjh4h,flop,IP,4BP,khjh4h,dry,no_made_hand,flush_draw,エア,198,17.8,CHECK
4BP_BTN_BB_khjh4h,flop,IP,4BP,khjh4h,dry,flush,no_draw,2P+,45,4.55,CHECK
4BP_BTN_BB_khjh4h,flop,IP,4BP,khjh4h,dry,third_pair,no_draw,アンダーペア,108,8.29,CHECK
4BP_BTN_BB_khjh4h,flop,IP,4BP,khjh4h,dry,third_pair,flush_draw,アンダーペア,45,64.06,BET
4BP_BTN_BB_khjh4h,flop,IP,4BP,khjh4h,dry,set,no_draw,2P+,9,15.03,CHECK
4BP_BTN_BB_khjh4h,flop,IP,4BP,khjh4h,dry,no_made_hand,gutshot,エア,18,5.15,CHECK
4BP_BTN_BB_khjh4h,flop,IP,4BP,khjh4h,dry,no_made_hand,combo_draw,エア,18,34.71,CHECK
4BP_BTN_BB_khjh4h,flop,IP,4BP,khjh4h,dry,second_pair,no_draw,アンダーペア,90,29.06,CHECK
4BP_BTN_BB_khjh4h,flop,IP,4BP,khjh4h,dry,second_pair,flush_draw,アンダーペア,27,30.45,CHECK
4BP_BTN_BB_khjh4h,flop,IP,4BP,khjh4h,dry,two_pair,no_draw,2P+,27,48.62,CHECK
4BP_BTN_BB_khjh4h,flop,IP,4BP,khjh4h,dry,no_made_hand,oesd,エア,9,1.12,CHECK
4BP_BTN_BB_khjh4h,flop,IP,4BP,khjh4h,dry,underpair,no_draw,アンダーペア,3,54.97,BET
4BP_BTN_BB_khjh4h,flop,IP,4BP,khjh4h,dry,underpair,flush_draw,アンダーペア,3,38.7,CHECK
4BP_BTN_BB_khjh4h,flop,IP,4BP,khjh4h,dry,top_pair,no_draw,TP+,90,44.82,CHECK
4BP_BTN_BB_khjh4h,flop,IP,4BP,khjh4h,dry,top_pair,flush_draw,TP+,27,55.49,BET
4BP_BTN_BB_khjh4h,flop,IP,4BP,khjh4h,dry,ace_high,no_draw,エア,63,6.6,CHECK
4BP_BTN_BB_khjh4h,flop,IP,4BP,khjh4h,dry,ace_high,flush_draw,エア,21,10.43,CHECK
4BP_BTN_BB_khjh4h,flop,IP,4BP,khjh4h,dry,ace_high,gutshot,エア,18,19.42,CHECK
4BP_BTN_BB_khjh4h,flop,IP,4BP,khjh4h,dry,ace_high,combo_draw,エア,12,32.04,CHECK
4BP_BTN_BB_khjh4h,flop,IP,4BP,khjh4h,dry,overpair,no_draw,TP+,3,0.7,CHECK
4BP_BTN_BB_khjh4h,flop,IP,4BP,khjh4h,dry,ace_high,nut_flush_draw,エア,21,17.43,CHECK
4BP_BTN_BB_khjh4h,flop,IP,4BP,khjh4h,dry,third_pair,nut_flush_draw,アンダーペア,3,97.97,BET
4BP_BTN_BB_khjh4h,flop,IP,4BP,khjh4h,dry,second_pair,nut_flush_draw,アンダーペア,3,96.4,BET
4BP_BTN_BB_khjh4h,flop,IP,4BP,khjh4h,dry,top_pair,nut_flush_draw,TP+,3,47.91,CHECK
4BP_BTN_BB_khjh4h,flop,IP,4BP,khjh4h,dry,overpair,nut_flush_draw,TP+,3,0.73,CHECK
4BP_BTN_BB_ks7d2c,flop,IP,4BP,ks7d2c,dry,set,no_draw,2P+,9,4.88,CHECK
4BP_BTN_BB_ks7d2c,flop,IP,4BP,ks7d2c,dry,third_pair,no_draw,アンダーペア,124,73.85,BET
4BP_BTN_BB_ks7d2c,flop,IP,4BP,ks7d2c,dry,third_pair,twocards_bdfd,アンダーペア,20,84.04,BET
4BP_BTN_BB_ks7d2c,flop,IP,4BP,ks7d2c,dry,no_made_hand,twocards_bdfd,エア,108,19.62,CHECK
4BP_BTN_BB_ks7d2c,flop,IP,4BP,ks7d2c,dry,no_made_hand,no_draw,エア,468,50.73,BET
4BP_BTN_BB_ks7d2c,flop,IP,4BP,ks7d2c,dry,two_pair,no_draw,2P+,24,19.86,CHECK
4BP_BTN_BB_ks7d2c,flop,IP,4BP,ks7d2c,dry,second_pair,twocards_bdfd,アンダーペア,20,65.72,BET
4BP_BTN_BB_ks7d2c,flop,IP,4BP,ks7d2c,dry,second_pair,no_draw,アンダーペア,100,81.68,BET
4BP_BTN_BB_ks7d2c,flop,IP,4BP,ks7d2c,dry,two_pair,twocards_bdfd,2P+,3,25.81,CHECK
4BP_BTN_BB_ks7d2c,flop,IP,4BP,ks7d2c,dry,underpair,no_draw,アンダーペア,30,66.36,BET
4BP_BTN_BB_ks7d2c,flop,IP,4BP,ks7d2c,dry,top_pair,twocards_bdfd,TP+,20,63.68,BET
4BP_BTN_BB_ks7d2c,flop,IP,4BP,ks7d2c,dry,top_pair,no_draw,TP+,100,68.02,BET
4BP_BTN_BB_ks7d2c,flop,IP,4BP,ks7d2c,dry,ace_high,twocards_bdfd,エア,27,49.24,CHECK
4BP_BTN_BB_ks7d2c,flop,IP,4BP,ks7d2c,dry,ace_high,no_draw,エア,117,41.68,CHECK
4BP_BTN_BB_ks7d2c,flop,IP,4BP,ks7d2c,dry,overpair,no_draw,TP+,6,11.19,CHECK
4BP_BTN_BB_ks8d3c,flop,IP,4BP,ks8d3c,dry,low_pair,no_draw,アンダーペア,6,0.23,CHECK
4BP_BTN_BB_ks8d3c,flop,IP,4BP,ks8d3c,dry,third_pair,no_draw,アンダーペア,124,71.44,BET
4BP_BTN_BB_ks8d3c,flop,IP,4BP,ks8d3c,dry,third_pair,twocards_bdfd,アンダーペア,20,74.75,BET
4BP_BTN_BB_ks8d3c,flop,IP,4BP,ks8d3c,dry,set,no_draw,2P+,9,4.13,CHECK
4BP_BTN_BB_ks8d3c,flop,IP,4BP,ks8d3c,dry,no_made_hand,twocards_bdfd,エア,108,15.84,CHECK
4BP_BTN_BB_ks8d3c,flop,IP,4BP,ks8d3c,dry,no_made_hand,no_draw,エア,468,51.14,BET
4BP_BTN_BB_ks8d3c,flop,IP,4BP,ks8d3c,dry,second_pair,twocards_bdfd,アンダーペア,20,77.88,BET
4BP_BTN_BB_ks8d3c,flop,IP,4BP,ks8d3c,dry,second_pair,no_draw,アンダーペア,100,84.73,BET
4BP_BTN_BB_ks8d3c,flop,IP,4BP,ks8d3c,dry,two_pair,no_draw,2P+,24,11.79,CHECK
4BP_BTN_BB_ks8d3c,flop,IP,4BP,ks8d3c,dry,two_pair,twocards_bdfd,2P+,3,33.13,CHECK
4BP_BTN_BB_ks8d3c,flop,IP,4BP,ks8d3c,dry,underpair,no_draw,アンダーペア,24,52.82,BET
4BP_BTN_BB_ks8d3c,flop,IP,4BP,ks8d3c,dry,top_pair,twocards_bdfd,TP+,20,61.11,BET
4BP_BTN_BB_ks8d3c,flop,IP,4BP,ks8d3c,dry,top_pair,no_draw,TP+,100,65.65,BET
4BP_BTN_BB_ks8d3c,flop,IP,4BP,ks8d3c,dry,ace_high,twocards_bdfd,エア,27,52.57,BET
4BP_BTN_BB_ks8d3c,flop,IP,4BP,ks8d3c,dry,ace_high,no_draw,エア,117,45.46,CHECK
4BP_BTN_BB_ks8d3c,flop,IP,4BP,ks8d3c,dry,overpair,no_draw,TP+,6,5.08,CHECK
4BP_BTN_BB_ksjd4c,flop,IP,4BP,ksjd4c,dry,low_pair,no_draw,アンダーペア,12,0.24,CHECK
4BP_BTN_BB_ksjd4c,flop,IP,4BP,ksjd4c,dry,no_made_hand,twocards_bdfd,エア,99,16.11,CHECK
4BP_BTN_BB_ksjd4c,flop,IP,4BP,ksjd4c,dry,no_made_hand,no_draw,エア,429,43.61,CHECK
4BP_BTN_BB_ksjd4c,flop,IP,4BP,ksjd4c,dry,third_pair,no_draw,アンダーペア,136,59.91,BET
4BP_BTN_BB_ksjd4c,flop,IP,4BP,ksjd4c,dry,third_pair,twocards_bdfd,アンダーペア,20,69.4,BET
4BP_BTN_BB_ksjd4c,flop,IP,4BP,ksjd4c,dry,set,no_draw,2P+,9,0.88,CHECK
4BP_BTN_BB_ksjd4c,flop,IP,4BP,ksjd4c,dry,no_made_hand,gutshot,エア,32,10.3,CHECK
4BP_BTN_BB_ksjd4c,flop,IP,4BP,ksjd4c,dry,second_pair,twocards_bdfd,アンダーペア,20,40.39,CHECK
4BP_BTN_BB_ksjd4c,flop,IP,4BP,ksjd4c,dry,second_pair,no_draw,アンダーペア,100,59.19,BET
4BP_BTN_BB_ksjd4c,flop,IP,4BP,ksjd4c,dry,two_pair,no_draw,2P+,24,39.8,CHECK
4BP_BTN_BB_ksjd4c,flop,IP,4BP,ksjd4c,dry,two_pair,twocards_bdfd,2P+,3,50.12,BET
4BP_BTN_BB_ksjd4c,flop,IP,4BP,ksjd4c,dry,no_made_hand,oesd,エア,16,33.53,CHECK
4BP_BTN_BB_ksjd4c,flop,IP,4BP,ksjd4c,dry,underpair,no_draw,アンダーペア,6,15.03,CHECK
4BP_BTN_BB_ksjd4c,flop,IP,4BP,ksjd4c,dry,top_pair,twocards_bdfd,TP+,20,54.61,BET
4BP_BTN_BB_ksjd4c,flop,IP,4BP,ksjd4c,dry,top_pair,no_draw,TP+,100,59.4,BET
4BP_BTN_BB_ksjd4c,flop,IP,4BP,ksjd4c,dry,ace_high,twocards_bdfd,エア,21,31.72,CHECK
4BP_BTN_BB_ksjd4c,flop,IP,4BP,ksjd4c,dry,ace_high,no_draw,エア,91,27.55,CHECK
4BP_BTN_BB_ksjd4c,flop,IP,4BP,ksjd4c,dry,ace_high,gutshot,エア,32,83.96,BET
4BP_BTN_BB_ksjd4c,flop,IP,4BP,ksjd4c,dry,overpair,no_draw,TP+,6,5.31,CHECK
4BP_BTN_BB_kskd4c,flop,IP,4BP,kskd4c,dry,third_pair,no_draw,アンダーペア,12,31.63,CHECK
4BP_BTN_BB_kskd4c,flop,IP,4BP,kskd4c,dry,no_made_hand,twocards_bdfd,エア,135,29.47,CHECK
4BP_BTN_BB_kskd4c,flop,IP,4BP,kskd4c,dry,no_made_hand,no_draw,エア,585,45.65,CHECK
4BP_BTN_BB_kskd4c,flop,IP,4BP,kskd4c,dry,second_pair,no_draw,アンダーペア,110,69.29,BET
4BP_BTN_BB_kskd4c,flop,IP,4BP,kskd4c,dry,second_pair,twocards_bdfd,アンダーペア,22,80.21,BET
4BP_BTN_BB_kskd4c,flop,IP,4BP,kskd4c,dry,fullhouse,no_draw,2P+,9,98.32,BET
4BP_BTN_BB_kskd4c,flop,IP,4BP,kskd4c,dry,underpair,no_draw,アンダーペア,48,40.57,CHECK
4BP_BTN_BB_kskd4c,flop,IP,4BP,kskd4c,dry,trips,twocards_bdfd,2P+,11,40.29,CHECK
4BP_BTN_BB_kskd4c,flop,IP,4BP,kskd4c,dry,trips,no_draw,2P+,77,43.92,CHECK
4BP_BTN_BB_kskd4c,flop,IP,4BP,kskd4c,dry,quads,no_draw,2P+,1,5.88,CHECK
4BP_BTN_BB_kskd4c,flop,IP,4BP,kskd4c,dry,ace_high,twocards_bdfd,エア,30,86.36,BET
4BP_BTN_BB_kskd4c,flop,IP,4BP,kskd4c,dry,ace_high,no_draw,エア,130,79.96,BET
4BP_BTN_BB_kskd4c,flop,IP,4BP,kskd4c,dry,overpair,no_draw,TP+,6,71.89,BET
4BP_BTN_BB_qh8d3c,flop,IP,4BP,qh8d3c,dry,low_pair,no_draw,アンダーペア,6,0.14,CHECK
4BP_BTN_BB_qh8d3c,flop,IP,4BP,qh8d3c,dry,third_pair,no_draw,アンダーペア,124,74.24,BET
4BP_BTN_BB_qh8d3c,flop,IP,4BP,qh8d3c,dry,third_pair,twocards_bdfd,アンダーペア,20,82.61,BET
4BP_BTN_BB_qh8d3c,flop,IP,4BP,qh8d3c,dry,set,no_draw,2P+,9,21.99,CHECK
4BP_BTN_BB_qh8d3c,flop,IP,4BP,qh8d3c,dry,no_made_hand,twocards_bdfd,エア,75,7.69,CHECK
4BP_BTN_BB_qh8d3c,flop,IP,4BP,qh8d3c,dry,no_made_hand,no_draw,エア,325,58.22,BET
4BP_BTN_BB_qh8d3c,flop,IP,4BP,qh8d3c,dry,second_pair,twocards_bdfd,アンダーペア,20,83.99,BET
4BP_BTN_BB_qh8d3c,flop,IP,4BP,qh8d3c,dry,second_pair,no_draw,アンダーペア,100,87.09,BET
4BP_BTN_BB_qh8d3c,flop,IP,4BP,qh8d3c,dry,two_pair,no_draw,2P+,24,9.97,CHECK
4BP_BTN_BB_qh8d3c,flop,IP,4BP,qh8d3c,dry,two_pair,twocards_bdfd,2P+,3,27.52,CHECK
4BP_BTN_BB_qh8d3c,flop,IP,4BP,qh8d3c,dry,underpair,no_draw,アンダーペア,18,58.25,BET
4BP_BTN_BB_qh8d3c,flop,IP,4BP,qh8d3c,dry,no_made_hand,gutshot,エア,48,40.98,CHECK
4BP_BTN_BB_qh8d3c,flop,IP,4BP,qh8d3c,dry,top_pair,twocards_bdfd,TP+,20,37.4,CHECK
4BP_BTN_BB_qh8d3c,flop,IP,4BP,qh8d3c,dry,top_pair,no_draw,TP+,100,53.67,BET
4BP_BTN_BB_qh8d3c,flop,IP,4BP,qh8d3c,dry,king_high,twocards_bdfd,エア,24,15.01,CHECK
4BP_BTN_BB_qh8d3c,flop,IP,4BP,qh8d3c,dry,king_high,no_draw,エア,104,29.26,CHECK
4BP_BTN_BB_qh8d3c,flop,IP,4BP,qh8d3c,dry,overpair,no_draw,TP+,12,21.65,CHECK
4BP_BTN_BB_qh8d3c,flop,IP,4BP,qh8d3c,dry,ace_high,twocards_bdfd,エア,27,61.41,BET
4BP_BTN_BB_qh8d3c,flop,IP,4BP,qh8d3c,dry,ace_high,no_draw,エア,117,52.27,BET
4BP_BTN_BB_qhjd4c,flop,IP,4BP,qhjd4c,dry,low_pair,no_draw,アンダーペア,12,0.16,CHECK
4BP_BTN_BB_qhjd4c,flop,IP,4BP,qhjd4c,dry,no_made_hand,twocards_bdfd,エア,75,12.98,CHECK
4BP_BTN_BB_qhjd4c,flop,IP,4BP,qhjd4c,dry,no_made_hand,no_draw,エア,325,57.83,BET
4BP_BTN_BB_qhjd4c,flop,IP,4BP,qhjd4c,dry,third_pair,no_draw,アンダーペア,136,60.41,BET
4BP_BTN_BB_qhjd4c,flop,IP,4BP,qhjd4c,dry,third_pair,twocards_bdfd,アンダーペア,20,69.75,BET
4BP_BTN_BB_qhjd4c,flop,IP,4BP,qhjd4c,dry,set,no_draw,2P+,9,2.0,CHECK
4BP_BTN_BB_qhjd4c,flop,IP,4BP,qhjd4c,dry,no_made_hand,gutshot,エア,32,28.81,CHECK
4BP_BTN_BB_qhjd4c,flop,IP,4BP,qhjd4c,dry,no_made_hand,oesd,エア,16,36.05,CHECK
4BP_BTN_BB_qhjd4c,flop,IP,4BP,qhjd4c,dry,second_pair,twocards_bdfd,アンダーペア,20,48.36,CHECK
4BP_BTN_BB_qhjd4c,flop,IP,4BP,qhjd4c,dry,second_pair,no_draw,アンダーペア,100,63.63,BET
4BP_BTN_BB_qhjd4c,flop,IP,4BP,qhjd4c,dry,two_pair,no_draw,2P+,24,53.07,BET
4BP_BTN_BB_qhjd4c,flop,IP,4BP,qhjd4c,dry,two_pair,twocards_bdfd,2P+,3,56.62,BET
4BP_BTN_BB_qhjd4c,flop,IP,4BP,qhjd4c,dry,top_pair,twocards_bdfd,TP+,20,50.67,BET
4BP_BTN_BB_qhjd4c,flop,IP,4BP,qhjd4c,dry,top_pair,no_draw,TP+,100,72.21,BET
4BP_BTN_BB_qhjd4c,flop,IP,4BP,qhjd4c,dry,king_high,twocards_bdfd,エア,18,18.8,CHECK
4BP_BTN_BB_qhjd4c,flop,IP,4BP,qhjd4c,dry,king_high,no_draw,エア,78,20.37,CHECK
4BP_BTN_BB_qhjd4c,flop,IP,4BP,qhjd4c,dry,king_high,gutshot,エア,16,3.73,CHECK
4BP_BTN_BB_qhjd4c,flop,IP,4BP,qhjd4c,dry,king_high,oesd,エア,16,30.58,CHECK
4BP_BTN_BB_qhjd4c,flop,IP,4BP,qhjd4c,dry,overpair,no_draw,TP+,12,27.76,CHECK
4BP_BTN_BB_qhjd4c,flop,IP,4BP,qhjd4c,dry,ace_high,twocards_bdfd,エア,21,42.47,CHECK
4BP_BTN_BB_qhjd4c,flop,IP,4BP,qhjd4c,dry,ace_high,no_draw,エア,91,37.39,CHECK
4BP_BTN_BB_qhjd4c,flop,IP,4BP,qhjd4c,dry,ace_high,gutshot,エア,32,93.98,BET
4BP_BTN_BB_th9d7c,flop,IP,4BP,th9d7c,dry,low_pair,no_draw,アンダーペア,24,0.03,CHECK
4BP_BTN_BB_th9d7c,flop,IP,4BP,th9d7c,dry,no_made_hand,twocards_bdfd,エア,30,9.51,CHECK
4BP_BTN_BB_th9d7c,flop,IP,4BP,th9d7c,dry,no_made_hand,no_draw,エア,130,78.58,BET
4BP_BTN_BB_th9d7c,flop,IP,4BP,th9d7c,dry,no_made_hand,gutshot,エア,160,34.17,CHECK
4BP_BTN_BB_th9d7c,flop,IP,4BP,th9d7c,dry,low_pair,gutshot,アンダーペア,6,6.17,CHECK
4BP_BTN_BB_th9d7c,flop,IP,4BP,th9d7c,dry,third_pair,no_draw,アンダーペア,70,27.43,CHECK
4BP_BTN_BB_th9d7c,flop,IP,4BP,th9d7c,dry,third_pair,twocards_bdfd,アンダーペア,14,29.65,CHECK
4BP_BTN_BB_th9d7c,flop,IP,4BP,th9d7c,dry,third_pair,gutshot,アンダーペア,24,56.09,BET
4BP_BTN_BB_th9d7c,flop,IP,4BP,th9d7c,dry,set,no_draw,2P+,9,45.13,CHECK
4BP_BTN_BB_th9d7c,flop,IP,4BP,th9d7c,dry,no_made_hand,oesd,エア,96,35.6,CHECK
4BP_BTN_BB_th9d7c,flop,IP,4BP,th9d7c,dry,straight,twocards_bdfd,2P+,6,11.88,CHECK
4BP_BTN_BB_th9d7c,flop,IP,4BP,th9d7c,dry,straight,no_draw,2P+,26,21.01,CHECK
4BP_BTN_BB_th9d7c,flop,IP,4BP,th9d7c,dry,third_pair,oesd,アンダーペア,18,59.2,BET
4BP_BTN_BB_th9d7c,flop,IP,4BP,th9d7c,dry,second_pair,twocards_bdfd,アンダーペア,14,57.93,BET
4BP_BTN_BB_th9d7c,flop,IP,4BP,th9d7c,dry,second_pair,no_draw,アンダーペア,70,62.71,BET
4BP_BTN_BB_th9d7c,flop,IP,4BP,th9d7c,dry,second_pair,gutshot,アンダーペア,24,85.28,BET
4BP_BTN_BB_th9d7c,flop,IP,4BP,th9d7c,dry,two_pair,no_draw,2P+,24,40.29,CHECK
4BP_BTN_BB_th9d7c,flop,IP,4BP,th9d7c,dry,second_pair,oesd,アンダーペア,12,89.98,BET
4BP_BTN_BB_th9d7c,flop,IP,4BP,th9d7c,dry,two_pair,twocards_bdfd,2P+,3,29.84,CHECK
4BP_BTN_BB_th9d7c,flop,IP,4BP,th9d7c,dry,top_pair,twocards_bdfd,TP+,14,74.24,BET
4BP_BTN_BB_th9d7c,flop,IP,4BP,th9d7c,dry,top_pair,no_draw,TP+,70,89.29,BET
4BP_BTN_BB_th9d7c,flop,IP,4BP,th9d7c,dry,top_pair,gutshot,TP+,24,97.11,BET
4BP_BTN_BB_th9d7c,flop,IP,4BP,th9d7c,dry,top_pair,oesd,TP+,12,98.07,BET
4BP_BTN_BB_th9d7c,flop,IP,4BP,th9d7c,dry,overpair,gutshot,TP+,6,74.16,BET
4BP_BTN_BB_th9d7c,flop,IP,4BP,th9d7c,dry,overpair,no_draw,TP+,18,56.76,BET
4BP_BTN_BB_th9d7c,flop,IP,4BP,th9d7c,dry,king_high,twocards_bdfd,エア,12,0.43,CHECK
4BP_BTN_BB_th9d7c,flop,IP,4BP,th9d7c,dry,king_high,no_draw,エア,52,44.55,CHECK
4BP_BTN_BB_th9d7c,flop,IP,4BP,th9d7c,dry,king_high,gutshot,エア,32,23.59,CHECK
4BP_BTN_BB_th9d7c,flop,IP,4BP,th9d7c,dry,king_high,oesd,エア,32,68.56,BET
4BP_BTN_BB_th9d7c,flop,IP,4BP,th9d7c,dry,ace_high,twocards_bdfd,エア,18,28.93,CHECK
4BP_BTN_BB_th9d7c,flop,IP,4BP,th9d7c,dry,ace_high,no_draw,エア,78,33.24,CHECK
4BP_BTN_BB_th9d7c,flop,IP,4BP,th9d7c,dry,ace_high,gutshot,エア,32,86.84,BET
4BP_BTN_BB_th9d7c,flop,IP,4BP,th9d7c,dry,ace_high,oesd,エア,16,91.33,BET
3BP_river_4s4d2c5hJc,river,IP,3BP,4s4d2c5hJc,dry,fullhouse,no_draw,2P+,27,100.0,BET
3BP_river_4s4d2c5hJc,river,IP,3BP,4s4d2c5hJc,dry,low_pair,no_draw,アンダーペア,114,33.44,CHECK
3BP_river_4s4d2c5hJc,river,IP,3BP,4s4d2c5hJc,dry,trips,no_draw,2P+,72,100.0,BET
3BP_river_4s4d2c5hJc,river,IP,3BP,4s4d2c5hJc,dry,quads,no_draw,2P+,1,100.0,BET
3BP_river_4s4d2c5hJc,river,IP,3BP,4s4d2c5hJc,dry,second_pair,no_draw,アンダーペア,117,36.5,CHECK
3BP_river_4s4d2c5hJc,river,IP,3BP,4s4d2c5hJc,dry,straight,no_draw,2P+,32,100.0,BET
3BP_river_4s4d2c5hJc,river,IP,3BP,4s4d2c5hJc,dry,underpair,no_draw,アンダーペア,30,32.22,CHECK
3BP_river_4s4d2c5hJc,river,IP,3BP,4s4d2c5hJc,dry,no_made_hand,no_draw,エア,320,70.86,BET
3BP_river_4s4d2c5hJc,river,IP,3BP,4s4d2c5hJc,dry,top_pair,no_draw,TP+,126,78.68,BET
3BP_river_4s4d2c5hJc,river,IP,3BP,4s4d2c5hJc,dry,overpair,no_draw,TP+,18,42.61,CHECK
3BP_river_4s4d2c5hJc,river,IP,3BP,4s4d2c5hJc,dry,king_high,no_draw,エア,112,0.0,CHECK
3BP_river_4s4d2c5hJc,river,IP,3BP,4s4d2c5hJc,dry,ace_high,no_draw,エア,112,8.91,CHECK
3BP_river_8s5d3c2hKc,river,IP,3BP,8s5d3c2hKc,dry,set,no_draw,2P+,15,100.0,BET
3BP_river_8s5d3c2hKc,river,IP,3BP,8s5d3c2hKc,dry,two_pair,no_draw,2P+,90,100.0,BET
3BP_river_8s5d3c2hKc,river,IP,3BP,8s5d3c2hKc,dry,low_pair,no_draw,アンダーペア,198,6.65,CHECK
3BP_river_8s5d3c2hKc,river,IP,3BP,8s5d3c2hKc,dry,third_pair,no_draw,アンダーペア,108,75.84,BET
3BP_river_8s5d3c2hKc,river,IP,3BP,8s5d3c2hKc,dry,straight,no_draw,2P+,32,100.0,BET
3BP_river_8s5d3c2hKc,river,IP,3BP,8s5d3c2hKc,dry,no_made_hand,no_draw,エア,320,84.99,BET
3BP_river_8s5d3c2hKc,river,IP,3BP,8s5d3c2hKc,dry,second_pair,no_draw,アンダーペア,96,97.38,BET
3BP_river_8s5d3c2hKc,river,IP,3BP,8s5d3c2hKc,dry,underpair,no_draw,アンダーペア,24,22.9,CHECK
3BP_river_8s5d3c2hKc,river,IP,3BP,8s5d3c2hKc,dry,top_pair,no_draw,TP+,96,95.08,BET
3BP_river_8s5d3c2hKc,river,IP,3BP,8s5d3c2hKc,dry,ace_high,no_draw,エア,96,0.01,CHECK
3BP_river_8s5d3c2hKc,river,IP,3BP,8s5d3c2hKc,dry,overpair,no_draw,TP+,6,99.23,BET
3BP_river_9s8d6c2hAc,river,IP,3BP,9s8d6c2hAc,dry,set,no_draw,2P+,15,100.0,BET
3BP_river_9s8d6c2hAc,river,IP,3BP,9s8d6c2hAc,dry,low_pair,no_draw,アンダーペア,216,0.01,CHECK
3BP_river_9s8d6c2hAc,river,IP,3BP,9s8d6c2hAc,dry,no_made_hand,no_draw,エア,304,55.23,BET
3BP_river_9s8d6c2hAc,river,IP,3BP,9s8d6c2hAc,dry,two_pair,no_draw,2P+,90,100.0,BET
3BP_river_9s8d6c2hAc,river,IP,3BP,9s8d6c2hAc,dry,straight,no_draw,2P+,32,100.0,BET
3BP_river_9s8d6c2hAc,river,IP,3BP,9s8d6c2hAc,dry,third_pair,no_draw,アンダーペア,96,54.44,BET
3BP_river_9s8d6c2hAc,river,IP,3BP,9s8d6c2hAc,dry,second_pair,no_draw,アンダーペア,96,99.24,BET
3BP_river_9s8d6c2hAc,river,IP,3BP,9s8d6c2hAc,dry,underpair,no_draw,アンダーペア,24,37.06,CHECK
3BP_river_9s8d6c2hAc,river,IP,3BP,9s8d6c2hAc,dry,king_high,no_draw,エア,112,0.02,CHECK
3BP_river_9s8d6c2hAc,river,IP,3BP,9s8d6c2hAc,dry,top_pair,no_draw,TP+,96,98.41,BET
3BP_river_9s8d6cThKd,river,IP,3BP,9s8d6cThKd,dry,low_pair,no_draw,アンダーペア,192,0.01,CHECK
3BP_river_9s8d6cThKd,river,IP,3BP,9s8d6cThKd,dry,no_made_hand,no_draw,エア,224,96.32,BET
3BP_river_9s8d6cThKd,river,IP,3BP,9s8d6cThKd,dry,set,no_draw,2P+,15,99.94,BET
3BP_river_9s8d6cThKd,river,IP,3BP,9s8d6cThKd,dry,straight,no_draw,2P+,194,100.0,BET
3BP_river_9s8d6cThKd,river,IP,3BP,9s8d6cThKd,dry,two_pair,no_draw,2P+,90,99.93,BET
3BP_river_9s8d6cThKd,river,IP,3BP,9s8d6cThKd,dry,third_pair,no_draw,アンダーペア,84,0.55,CHECK
3BP_river_9s8d6cThKd,river,IP,3BP,9s8d6cThKd,dry,second_pair,no_draw,アンダーペア,84,5.88,CHECK
3BP_river_9s8d6cThKd,river,IP,3BP,9s8d6cThKd,dry,underpair,no_draw,アンダーペア,12,53.04,BET
3BP_river_9s8d6cThKd,river,IP,3BP,9s8d6cThKd,dry,top_pair,no_draw,TP+,84,99.74,BET
3BP_river_9s8d6cThKd,river,IP,3BP,9s8d6cThKd,dry,ace_high,no_draw,エア,96,0.02,CHECK
3BP_river_9s8d6cThKd,river,IP,3BP,9s8d6cThKd,dry,overpair,no_draw,TP+,6,99.94,BET
3BP_river_as9d4c2h7d,river,IP,3BP,as9d4c2h7d,dry,set,no_draw,2P+,15,100.0,BET
3BP_river_as9d4c2h7d,river,IP,3BP,as9d4c2h7d,dry,low_pair,no_draw,アンダーペア,210,10.89,CHECK
3BP_river_as9d4c2h7d,river,IP,3BP,as9d4c2h7d,dry,two_pair,no_draw,2P+,90,99.99,BET
3BP_river_as9d4c2h7d,river,IP,3BP,as9d4c2h7d,dry,straight,no_draw,2P+,16,100.0,BET
3BP_river_as9d4c2h7d,river,IP,3BP,as9d4c2h7d,dry,no_made_hand,no_draw,エア,320,59.05,BET
3BP_river_as9d4c2h7d,river,IP,3BP,as9d4c2h7d,dry,third_pair,no_draw,アンダーペア,102,25.26,CHECK
3BP_river_as9d4c2h7d,river,IP,3BP,as9d4c2h7d,dry,second_pair,no_draw,アンダーペア,96,80.47,BET
3BP_river_as9d4c2h7d,river,IP,3BP,as9d4c2h7d,dry,underpair,no_draw,アンダーペア,24,73.25,BET
3BP_river_as9d4c2h7d,river,IP,3BP,as9d4c2h7d,dry,king_high,no_draw,エア,112,0.0,CHECK
3BP_river_as9d4c2h7d,river,IP,3BP,as9d4c2h7d,dry,top_pair,no_draw,TP+,96,99.93,BET
3BP_river_as9d4c2hTc,river,IP,3BP,as9d4c2hTc,dry,set,no_draw,2P+,15,100.0,BET
3BP_river_as9d4c2hTc,river,IP,3BP,as9d4c2hTc,dry,low_pair,no_draw,アンダーペア,222,10.69,CHECK
3BP_river_as9d4c2hTc,river,IP,3BP,as9d4c2hTc,dry,two_pair,no_draw,2P+,90,100.0,BET
3BP_river_as9d4c2hTc,river,IP,3BP,as9d4c2hTc,dry,straight,no_draw,2P+,16,100.0,BET
3BP_river_as9d4c2hTc,river,IP,3BP,as9d4c2hTc,dry,no_made_hand,no_draw,エア,320,59.53,BET
3BP_river_as9d4c2hTc,river,IP,3BP,as9d4c2hTc,dry,third_pair,no_draw,アンダーペア,96,95.99,BET
3BP_river_as9d4c2hTc,river,IP,3BP,as9d4c2hTc,dry,second_pair,no_draw,アンダーペア,96,99.98,BET
3BP_river_as9d4c2hTc,river,IP,3BP,as9d4c2hTc,dry,underpair,no_draw,アンダーペア,18,96.46,BET
3BP_river_as9d4c2hTc,river,IP,3BP,as9d4c2hTc,dry,king_high,no_draw,エア,112,2.22,CHECK
3BP_river_as9d4c2hTc,river,IP,3BP,as9d4c2hTc,dry,top_pair,no_draw,TP+,96,100.0,BET
3BP_river_as9d4cThTd,river,IP,3BP,as9d4cThTd,dry,low_pair,no_draw,アンダーペア,144,26.74,CHECK
3BP_river_as9d4cThTd,river,IP,3BP,as9d4cThTd,dry,no_made_hand,no_draw,エア,448,45.52,CHECK
3BP_river_as9d4cThTd,river,IP,3BP,as9d4cThTd,dry,fullhouse,no_draw,2P+,27,100.0,BET
3BP_river_as9d4cThTd,river,IP,3BP,as9d4cThTd,dry,third_pair,no_draw,アンダーペア,117,99.97,BET
3BP_river_as9d4cThTd,river,IP,3BP,as9d4cThTd,dry,trips,no_draw,2P+,72,100.0,BET
3BP_river_as9d4cThTd,river,IP,3BP,as9d4cThTd,dry,quads,no_draw,2P+,1,100.0,BET
3BP_river_as9d4cThTd,river,IP,3BP,as9d4cThTd,dry,underpair,no_draw,アンダーペア,18,99.99,BET
3BP_river_as9d4cThTd,river,IP,3BP,as9d4cThTd,dry,king_high,no_draw,エア,128,0.01,CHECK
3BP_river_as9d4cThTd,river,IP,3BP,as9d4cThTd,dry,top_pair,no_draw,TP+,126,100.0,BET
3BP_river_ks7d2c5h9d,river,IP,3BP,ks7d2c5h9d,dry,set,no_draw,2P+,15,100.0,BET
3BP_river_ks7d2c5h9d,river,IP,3BP,ks7d2c5h9d,dry,low_pair,no_draw,アンダーペア,210,10.04,CHECK
3BP_river_ks7d2c5h9d,river,IP,3BP,ks7d2c5h9d,dry,no_made_hand,no_draw,エア,320,60.14,BET
3BP_river_ks7d2c5h9d,river,IP,3BP,ks7d2c5h9d,dry,two_pair,no_draw,2P+,90,100.0,BET
3BP_river_ks7d2c5h9d,river,IP,3BP,ks7d2c5h9d,dry,third_pair,no_draw,アンダーペア,102,99.97,BET
3BP_river_ks7d2c5h9d,river,IP,3BP,ks7d2c5h9d,dry,straight,no_draw,2P+,16,100.0,BET
3BP_river_ks7d2c5h9d,river,IP,3BP,ks7d2c5h9d,dry,second_pair,no_draw,アンダーペア,96,99.99,BET
3BP_river_ks7d2c5h9d,river,IP,3BP,ks7d2c5h9d,dry,underpair,no_draw,アンダーペア,18,100.0,BET
3BP_river_ks7d2c5h9d,river,IP,3BP,ks7d2c5h9d,dry,top_pair,no_draw,TP+,96,100.0,BET
3BP_river_ks7d2c5h9d,river,IP,3BP,ks7d2c5h9d,dry,ace_high,no_draw,エア,112,0.01,CHECK
3BP_river_ks7d2c5h9d,river,IP,3BP,ks7d2c5h9d,dry,overpair,no_draw,TP+,6,100.0,BET
3BP_river_ks7d2c5hJc,river,IP,3BP,ks7d2c5hJc,dry,set,no_draw,2P+,15,100.0,BET
3BP_river_ks7d2c5hJc,river,IP,3BP,ks7d2c5hJc,dry,low_pair,no_draw,アンダーペア,210,3.22,CHECK
3BP_river_ks7d2c5hJc,river,IP,3BP,ks7d2c5hJc,dry,no_made_hand,no_draw,エア,336,69.92,BET
3BP_river_ks7d2c5hJc,river,IP,3BP,ks7d2c5hJc,dry,two_pair,no_draw,2P+,90,100.0,BET
3BP_river_ks7d2c5hJc,river,IP,3BP,ks7d2c5hJc,dry,third_pair,no_draw,アンダーペア,114,89.04,BET
3BP_river_ks7d2c5hJc,river,IP,3BP,ks7d2c5hJc,dry,second_pair,no_draw,アンダーペア,96,99.81,BET
3BP_river_ks7d2c5hJc,river,IP,3BP,ks7d2c5hJc,dry,underpair,no_draw,アンダーペア,6,20.21,CHECK
3BP_river_ks7d2c5hJc,river,IP,3BP,ks7d2c5hJc,dry,top_pair,no_draw,TP+,96,100.0,BET
3BP_river_ks7d2c5hJc,river,IP,3BP,ks7d2c5hJc,dry,ace_high,no_draw,エア,112,0.01,CHECK
3BP_river_ks7d2c5hJc,river,IP,3BP,ks7d2c5hJc,dry,overpair,no_draw,TP+,6,100.0,BET
3BP_river_ks7d7c2hAc,river,IP,3BP,ks7d7c2hAc,dry,fullhouse,no_draw,2P+,27,100.0,BET
3BP_river_ks7d7c2hAc,river,IP,3BP,ks7d7c2hAc,dry,low_pair,no_draw,アンダーペア,132,17.04,CHECK
3BP_river_ks7d7c2hAc,river,IP,3BP,ks7d7c2hAc,dry,no_made_hand,no_draw,エア,576,39.31,CHECK
3BP_river_ks7d7c2hAc,river,IP,3BP,ks7d7c2hAc,dry,trips,no_draw,2P+,72,100.0,BET
3BP_river_ks7d7c2hAc,river,IP,3BP,ks7d7c2hAc,dry,quads,no_draw,2P+,1,100.0,BET
3BP_river_ks7d7c2hAc,river,IP,3BP,ks7d7c2hAc,dry,third_pair,no_draw,アンダーペア,30,43.85,CHECK
3BP_river_ks7d7c2hAc,river,IP,3BP,ks7d7c2hAc,dry,second_pair,no_draw,アンダーペア,117,93.04,BET
3BP_river_ks7d7c2hAc,river,IP,3BP,ks7d7c2hAc,dry,top_pair,no_draw,TP+,126,95.48,BET
3BP_turn_4s4d2c5h,turn,IP,3BP,4s4d2c5h,wet,fullhouse,no_draw,2P+,18,37.68,CHECK
3BP_turn_4s4d2c5h,turn,IP,3BP,4s4d2c5h,wet,third_pair,oesd,アンダーペア,18,56.61,BET
3BP_turn_4s4d2c5h,turn,IP,3BP,4s4d2c5h,wet,trips,oesd,2P+,8,96.09,BET
3BP_turn_4s4d2c5h,turn,IP,3BP,4s4d2c5h,wet,quads,no_draw,2P+,1,99.46,BET
3BP_turn_4s4d2c5h,turn,IP,3BP,4s4d2c5h,wet,top_pair,no_draw,TP+,93,26.36,CHECK
3BP_turn_4s4d2c5h,turn,IP,3BP,4s4d2c5h,wet,top_pair,oesd,TP+,12,99.9,BET
3BP_turn_4s4d2c5h,turn,IP,3BP,4s4d2c5h,wet,third_pair,gutshot,アンダーペア,24,0.89,CHECK
3BP_turn_4s4d2c5h,turn,IP,3BP,4s4d2c5h,wet,straight,no_draw,2P+,32,71.15,BET
3BP_turn_4s4d2c5h,turn,IP,3BP,4s4d2c5h,wet,trips,gutshot,2P+,16,72.12,BET
3BP_turn_4s4d2c5h,turn,IP,3BP,4s4d2c5h,wet,top_pair,gutshot,TP+,24,94.83,BET
3BP_turn_4s4d2c5h,turn,IP,3BP,4s4d2c5h,wet,overpair,gutshot,TP+,12,93.37,BET
3BP_turn_4s4d2c5h,turn,IP,3BP,4s4d2c5h,wet,third_pair,no_draw,アンダーペア,84,3.54,CHECK
3BP_turn_4s4d2c5h,turn,IP,3BP,4s4d2c5h,wet,no_made_hand,oesd,エア,128,45.74,CHECK
3BP_turn_4s4d2c5h,turn,IP,3BP,4s4d2c5h,wet,trips,no_draw,2P+,56,81.8,BET
3BP_turn_4s4d2c5h,turn,IP,3BP,4s4d2c5h,wet,overpair,no_draw,TP+,42,67.58,BET
3BP_turn_4s4d2c5h,turn,IP,3BP,4s4d2c5h,wet,no_made_hand,gutshot,エア,80,71.06,BET
3BP_turn_4s4d2c5h,turn,IP,3BP,4s4d2c5h,wet,no_made_hand,no_draw,エア,224,62.01,BET
3BP_turn_4s4d2c5h,turn,IP,3BP,4s4d2c5h,wet,king_high,oesd,エア,16,5.76,CHECK
3BP_turn_4s4d2c5h,turn,IP,3BP,4s4d2c5h,wet,king_high,gutshot,エア,16,19.05,CHECK
3BP_turn_4s4d2c5h,turn,IP,3BP,4s4d2c5h,wet,king_high,no_draw,エア,96,0.86,CHECK
3BP_turn_4s4d2c5h,turn,IP,3BP,4s4d2c5h,wet,ace_high,gutshot,エア,128,0.23,CHECK
3BP_turn_4s4d2cAh,turn,IP,3BP,4s4d2cAh,wet,fullhouse,no_draw,2P+,18,93.38,BET
3BP_turn_4s4d2cAh,turn,IP,3BP,4s4d2cAh,wet,third_pair,gutshot,アンダーペア,30,92.12,BET
3BP_turn_4s4d2cAh,turn,IP,3BP,4s4d2cAh,wet,trips,gutshot,2P+,16,85.89,BET
3BP_turn_4s4d2cAh,turn,IP,3BP,4s4d2cAh,wet,quads,no_draw,2P+,1,95.07,BET
3BP_turn_4s4d2cAh,turn,IP,3BP,4s4d2cAh,wet,straight,no_draw,2P+,16,78.0,BET
3BP_turn_4s4d2cAh,turn,IP,3BP,4s4d2cAh,wet,underpair,gutshot,アンダーペア,6,99.54,BET
3BP_turn_4s4d2cAh,turn,IP,3BP,4s4d2cAh,wet,third_pair,no_draw,アンダーペア,96,64.44,BET
3BP_turn_4s4d2cAh,turn,IP,3BP,4s4d2cAh,wet,no_made_hand,gutshot,エア,224,53.53,BET
3BP_turn_4s4d2cAh,turn,IP,3BP,4s4d2cAh,wet,trips,no_draw,2P+,64,87.31,BET
3BP_turn_4s4d2cAh,turn,IP,3BP,4s4d2cAh,wet,underpair,no_draw,アンダーペア,48,33.78,CHECK
3BP_turn_4s4d2cAh,turn,IP,3BP,4s4d2cAh,wet,no_made_hand,no_draw,エア,336,41.78,CHECK
3BP_turn_4s4d2cAh,turn,IP,3BP,4s4d2cAh,wet,king_high,gutshot,エア,32,90.18,BET
3BP_turn_4s4d2cAh,turn,IP,3BP,4s4d2cAh,wet,king_high,no_draw,エア,112,71.32,BET
3BP_turn_4s4d2cAh,turn,IP,3BP,4s4d2cAh,wet,top_pair,no_draw,TP+,105,55.91,BET
3BP_turn_4s4d2cAh,turn,IP,3BP,4s4d2cAh,wet,top_pair,gutshot,TP+,24,37.31,CHECK
3BP_turn_4s4d2cTh,turn,IP,3BP,4s4d2cTh,dry,fullhouse,no_draw,2P+,18,84.21,BET
3BP_turn_4s4d2cTh,turn,IP,3BP,4s4d2cTh,dry,third_pair,no_draw,アンダーペア,126,92.72,BET
3BP_turn_4s4d2cTh,turn,IP,3BP,4s4d2cTh,dry,trips,no_draw,2P+,80,75.82,BET
3BP_turn_4s4d2cTh,turn,IP,3BP,4s4d2cTh,dry,quads,no_draw,2P+,1,99.39,BET
3BP_turn_4s4d2cTh,turn,IP,3BP,4s4d2cTh,dry,no_made_hand,oesd,エア,16,53.14,BET
3BP_turn_4s4d2cTh,turn,IP,3BP,4s4d2cTh,dry,underpair,no_draw,アンダーペア,30,39.67,CHECK
3BP_turn_4s4d2cTh,turn,IP,3BP,4s4d2cTh,dry,no_made_hand,gutshot,エア,32,43.74,CHECK
3BP_turn_4s4d2cTh,turn,IP,3BP,4s4d2cTh,dry,no_made_hand,no_draw,エア,400,49.97,CHECK
3BP_turn_4s4d2cTh,turn,IP,3BP,4s4d2cTh,dry,top_pair,no_draw,TP+,129,58.17,BET
3BP_turn_4s4d2cTh,turn,IP,3BP,4s4d2cTh,dry,overpair,no_draw,TP+,24,38.3,CHECK
3BP_turn_4s4d2cTh,turn,IP,3BP,4s4d2cTh,dry,king_high,no_draw,エア,128,47.36,CHECK
3BP_turn_4s4d2cTh,turn,IP,3BP,4s4d2cTh,dry,ace_high,gutshot,エア,32,54.67,BET
3BP_turn_4s4d2cTh,turn,IP,3BP,4s4d2cTh,dry,ace_high,no_draw,エア,112,72.44,BET
3BP_turn_8s5d3c2h,turn,IP,3BP,8s5d3c2h,dry,set,no_draw,2P+,12,63.01,BET
3BP_turn_8s5d3c2h,turn,IP,3BP,8s5d3c2h,dry,two_pair,no_draw,2P+,54,92.1,BET
3BP_turn_8s5d3c2h,turn,IP,3BP,8s5d3c2h,dry,low_pair,oesd,アンダーペア,12,4.2,CHECK
3BP_turn_8s5d3c2h,turn,IP,3BP,8s5d3c2h,dry,third_pair,oesd,アンダーペア,18,63.94,BET
3BP_turn_8s5d3c2h,turn,IP,3BP,8s5d3c2h,dry,second_pair,oesd,アンダーペア,12,99.91,BET
3BP_turn_8s5d3c2h,turn,IP,3BP,8s5d3c2h,dry,low_pair,gutshot,アンダーペア,24,1.2,CHECK
3BP_turn_8s5d3c2h,turn,IP,3BP,8s5d3c2h,dry,third_pair,gutshot,アンダーペア,24,3.51,CHECK
3BP_turn_8s5d3c2h,turn,IP,3BP,8s5d3c2h,dry,straight,no_draw,2P+,32,98.94,BET
3BP_turn_8s5d3c2h,turn,IP,3BP,8s5d3c2h,dry,second_pair,gutshot,アンダーペア,24,99.92,BET
3BP_turn_8s5d3c2h,turn,IP,3BP,8s5d3c2h,dry,underpair,gutshot,アンダーペア,6,99.98,BET
3BP_turn_8s5d3c2h,turn,IP,3BP,8s5d3c2h,dry,low_pair,no_draw,アンダーペア,72,0.02,CHECK
3BP_turn_8s5d3c2h,turn,IP,3BP,8s5d3c2h,dry,third_pair,no_draw,アンダーペア,72,0.02,CHECK
3BP_turn_8s5d3c2h,turn,IP,3BP,8s5d3c2h,dry,no_made_hand,oesd,エア,112,64.54,BET
3BP_turn_8s5d3c2h,turn,IP,3BP,8s5d3c2h,dry,second_pair,no_draw,アンダーペア,72,32.49,CHECK
3BP_turn_8s5d3c2h,turn,IP,3BP,8s5d3c2h,dry,underpair,no_draw,アンダーペア,6,27.04,CHECK
3BP_turn_8s5d3c2h,turn,IP,3BP,8s5d3c2h,dry,top_pair,oesd,TP+,12,100.0,BET
3BP_turn_8s5d3c2h,turn,IP,3BP,8s5d3c2h,dry,top_pair,gutshot,TP+,24,100.0,BET
3BP_turn_8s5d3c2h,turn,IP,3BP,8s5d3c2h,dry,top_pair,no_draw,TP+,72,95.06,BET
3BP_turn_8s5d3c2h,turn,IP,3BP,8s5d3c2h,dry,no_made_hand,gutshot,エア,64,73.78,BET
3BP_turn_8s5d3c2h,turn,IP,3BP,8s5d3c2h,dry,overpair,no_draw,TP+,30,100.0,BET
3BP_turn_8s5d3c2h,turn,IP,3BP,8s5d3c2h,dry,no_made_hand,no_draw,エア,144,66.11,BET
3BP_turn_8s5d3c2h,turn,IP,3BP,8s5d3c2h,dry,king_high,oesd,エア,16,56.8,BET
3BP_turn_8s5d3c2h,turn,IP,3BP,8s5d3c2h,dry,king_high,gutshot,エア,16,99.11,BET
3BP_turn_8s5d3c2h,turn,IP,3BP,8s5d3c2h,dry,king_high,no_draw,エア,80,22.19,CHECK
3BP_turn_8s5d3c2h,turn,IP,3BP,8s5d3c2h,dry,ace_high,gutshot,エア,112,2.11,CHECK
3BP_turn_8s5d3c2h,turn,IP,3BP,8s5d3c2h,dry,overpair,gutshot,TP+,6,99.99,BET
3BP_turn_8s5d3cAh,turn,IP,3BP,8s5d3cAh,dry,low_pair,gutshot,アンダーペア,36,0.03,CHECK
3BP_turn_8s5d3cAh,turn,IP,3BP,8s5d3cAh,dry,set,no_draw,2P+,12,61.77,BET
3BP_turn_8s5d3cAh,turn,IP,3BP,8s5d3cAh,dry,straight,no_draw,2P+,16,99.58,BET
3BP_turn_8s5d3cAh,turn,IP,3BP,8s5d3cAh,dry,third_pair,gutshot,アンダーペア,24,38.73,CHECK
3BP_turn_8s5d3cAh,turn,IP,3BP,8s5d3cAh,dry,two_pair,no_draw,2P+,54,64.11,BET
3BP_turn_8s5d3cAh,turn,IP,3BP,8s5d3cAh,dry,no_made_hand,gutshot,エア,192,82.37,BET
3BP_turn_8s5d3cAh,turn,IP,3BP,8s5d3cAh,dry,low_pair,no_draw,アンダーペア,84,0.02,CHECK
3BP_turn_8s5d3cAh,turn,IP,3BP,8s5d3cAh,dry,no_made_hand,oesd,エア,48,51.73,BET
3BP_turn_8s5d3cAh,turn,IP,3BP,8s5d3cAh,dry,third_pair,no_draw,アンダーペア,96,17.23,CHECK
3BP_turn_8s5d3cAh,turn,IP,3BP,8s5d3cAh,dry,second_pair,gutshot,アンダーペア,24,99.77,BET
3BP_turn_8s5d3cAh,turn,IP,3BP,8s5d3cAh,dry,second_pair,no_draw,アンダーペア,84,27.16,CHECK
3BP_turn_8s5d3cAh,turn,IP,3BP,8s5d3cAh,dry,underpair,no_draw,アンダーペア,30,40.44,CHECK
3BP_turn_8s5d3cAh,turn,IP,3BP,8s5d3cAh,dry,no_made_hand,no_draw,エア,192,36.72,CHECK
3BP_turn_8s5d3cAh,turn,IP,3BP,8s5d3cAh,dry,king_high,gutshot,エア,32,0.08,CHECK
3BP_turn_8s5d3cAh,turn,IP,3BP,8s5d3cAh,dry,king_high,no_draw,エア,96,0.05,CHECK
3BP_turn_8s5d3cAh,turn,IP,3BP,8s5d3cAh,dry,top_pair,gutshot,TP+,24,20.32,CHECK
3BP_turn_8s5d3cAh,turn,IP,3BP,8s5d3cAh,dry,top_pair,no_draw,TP+,84,66.76,BET
3BP_turn_8s5d3cTh,turn,IP,3BP,8s5d3cTh,dry,low_pair,no_draw,アンダーペア,120,0.01,CHECK
3BP_turn_8s5d3cTh,turn,IP,3BP,8s5d3cTh,dry,set,no_draw,2P+,12,52.24,BET
3BP_turn_8s5d3cTh,turn,IP,3BP,8s5d3cTh,dry,no_made_hand,oesd,エア,80,66.38,BET
3BP_turn_8s5d3cTh,turn,IP,3BP,8s5d3cTh,dry,third_pair,no_draw,アンダーペア,120,23.62,CHECK
3BP_turn_8s5d3cTh,turn,IP,3BP,8s5d3cTh,dry,two_pair,no_draw,2P+,54,36.53,CHECK
3BP_turn_8s5d3cTh,turn,IP,3BP,8s5d3cTh,dry,no_made_hand,gutshot,エア,96,59.11,BET
3BP_turn_8s5d3cTh,turn,IP,3BP,8s5d3cTh,dry,no_made_hand,no_draw,エア,160,60.98,BET
3BP_turn_8s5d3cTh,turn,IP,3BP,8s5d3cTh,dry,second_pair,no_draw,アンダーペア,108,33.96,CHECK
3BP_turn_8s5d3cTh,turn,IP,3BP,8s5d3cTh,dry,underpair,no_draw,アンダーペア,6,99.53,BET
3BP_turn_8s5d3cTh,turn,IP,3BP,8s5d3cTh,dry,top_pair,no_draw,TP+,108,99.36,BET
3BP_turn_8s5d3cTh,turn,IP,3BP,8s5d3cTh,dry,overpair,no_draw,TP+,24,50.56,BET
3BP_turn_8s5d3cTh,turn,IP,3BP,8s5d3cTh,dry,king_high,no_draw,エア,112,18.99,CHECK
3BP_turn_8s5d3cTh,turn,IP,3BP,8s5d3cTh,dry,ace_high,gutshot,エア,32,0.04,CHECK
3BP_turn_8s5d3cTh,turn,IP,3BP,8s5d3cTh,dry,ace_high,no_draw,エア,96,0.09,CHECK
3BP_turn_9s8d6c2h,turn,IP,3BP,9s8d6c2h,dry,set,no_draw,2P+,12,99.98,BET
3BP_turn_9s8d6c2h,turn,IP,3BP,9s8d6c2h,dry,low_pair,no_draw,アンダーペア,84,0.01,CHECK
3BP_turn_9s8d6c2h,turn,IP,3BP,9s8d6c2h,dry,no_made_hand,gutshot,エア,112,77.02,BET
3BP_turn_9s8d6c2h,turn,IP,3BP,9s8d6c2h,dry,low_pair,gutshot,アンダーペア,30,0.01,CHECK
3BP_turn_9s8d6c2h,turn,IP,3BP,9s8d6c2h,dry,no_made_hand,oesd,エア,128,34.82,CHECK
3BP_turn_9s8d6c2h,turn,IP,3BP,9s8d6c2h,dry,two_pair,no_draw,2P+,54,85.97,BET
3BP_turn_9s8d6c2h,turn,IP,3BP,9s8d6c2h,dry,third_pair,no_draw,アンダーペア,72,0.01,CHECK
3BP_turn_9s8d6c2h,turn,IP,3BP,9s8d6c2h,dry,third_pair,gutshot,アンダーペア,24,0.01,CHECK
3BP_turn_9s8d6c2h,turn,IP,3BP,9s8d6c2h,dry,low_pair,oesd,アンダーペア,12,0.01,CHECK
3BP_turn_9s8d6c2h,turn,IP,3BP,9s8d6c2h,dry,straight,no_draw,2P+,32,99.99,BET
3BP_turn_9s8d6c2h,turn,IP,3BP,9s8d6c2h,dry,third_pair,oesd,アンダーペア,18,15.96,CHECK
3BP_turn_9s8d6c2h,turn,IP,3BP,9s8d6c2h,dry,second_pair,no_draw,アンダーペア,72,16.75,CHECK
3BP_turn_9s8d6c2h,turn,IP,3BP,9s8d6c2h,dry,second_pair,gutshot,アンダーペア,24,74.51,BET
3BP_turn_9s8d6c2h,turn,IP,3BP,9s8d6c2h,dry,second_pair,oesd,アンダーペア,12,99.95,BET
3BP_turn_9s8d6c2h,turn,IP,3BP,9s8d6c2h,dry,top_pair,no_draw,TP+,72,99.56,BET
3BP_turn_9s8d6c2h,turn,IP,3BP,9s8d6c2h,dry,top_pair,gutshot,TP+,24,100.0,BET
3BP_turn_9s8d6c2h,turn,IP,3BP,9s8d6c2h,dry,top_pair,oesd,TP+,12,100.0,BET
3BP_turn_9s8d6c2h,turn,IP,3BP,9s8d6c2h,dry,overpair,gutshot,TP+,6,100.0,BET
3BP_turn_9s8d6c2h,turn,IP,3BP,9s8d6c2h,dry,no_made_hand,no_draw,エア,64,88.84,BET
3BP_turn_9s8d6c2h,turn,IP,3BP,9s8d6c2h,dry,overpair,no_draw,TP+,24,73.82,BET
3BP_turn_9s8d6c2h,turn,IP,3BP,9s8d6c2h,dry,king_high,no_draw,エア,64,8.82,CHECK
3BP_turn_9s8d6c2h,turn,IP,3BP,9s8d6c2h,dry,king_high,gutshot,エア,32,60.62,BET
3BP_turn_9s8d6c2h,turn,IP,3BP,9s8d6c2h,dry,king_high,oesd,エア,16,19.05,CHECK
3BP_turn_9s8d6c2h,turn,IP,3BP,9s8d6c2h,dry,ace_high,no_draw,エア,80,0.06,CHECK
3BP_turn_9s8d6c2h,turn,IP,3BP,9s8d6c2h,dry,ace_high,gutshot,エア,32,8.97,CHECK
3BP_turn_9s8d6c2h,turn,IP,3BP,9s8d6c2h,dry,ace_high,oesd,エア,16,0.04,CHECK
3BP_turn_9s8d6cKh,turn,IP,3BP,9s8d6cKh,dry,low_pair,no_draw,アンダーペア,90,0.02,CHECK
3BP_turn_9s8d6cKh,turn,IP,3BP,9s8d6cKh,dry,no_made_hand,no_draw,エア,144,17.94,CHECK
3BP_turn_9s8d6cKh,turn,IP,3BP,9s8d6cKh,dry,no_made_hand,gutshot,エア,160,52.22,BET
3BP_turn_9s8d6cKh,turn,IP,3BP,9s8d6cKh,dry,low_pair,gutshot,アンダーペア,30,0.03,CHECK
3BP_turn_9s8d6cKh,turn,IP,3BP,9s8d6cKh,dry,set,no_draw,2P+,12,60.75,BET
3BP_turn_9s8d6cKh,turn,IP,3BP,9s8d6cKh,dry,no_made_hand,oesd,エア,112,61.47,BET
3BP_turn_9s8d6cKh,turn,IP,3BP,9s8d6cKh,dry,straight,no_draw,2P+,32,99.76,BET
3BP_turn_9s8d6cKh,turn,IP,3BP,9s8d6cKh,dry,low_pair,oesd,アンダーペア,18,0.05,CHECK
3BP_turn_9s8d6cKh,turn,IP,3BP,9s8d6cKh,dry,third_pair,no_draw,アンダーペア,72,0.04,CHECK
3BP_turn_9s8d6cKh,turn,IP,3BP,9s8d6cKh,dry,third_pair,gutshot,アンダーペア,24,0.05,CHECK
3BP_turn_9s8d6cKh,turn,IP,3BP,9s8d6cKh,dry,two_pair,no_draw,2P+,54,57.21,BET
3BP_turn_9s8d6cKh,turn,IP,3BP,9s8d6cKh,dry,third_pair,oesd,アンダーペア,12,0.17,CHECK
3BP_turn_9s8d6cKh,turn,IP,3BP,9s8d6cKh,dry,second_pair,no_draw,アンダーペア,72,16.92,CHECK
3BP_turn_9s8d6cKh,turn,IP,3BP,9s8d6cKh,dry,second_pair,gutshot,アンダーペア,24,92.76,BET
3BP_turn_9s8d6cKh,turn,IP,3BP,9s8d6cKh,dry,second_pair,oesd,アンダーペア,12,99.72,BET
3BP_turn_9s8d6cKh,turn,IP,3BP,9s8d6cKh,dry,underpair,gutshot,アンダーペア,6,99.79,BET
3BP_turn_9s8d6cKh,turn,IP,3BP,9s8d6cKh,dry,underpair,no_draw,アンダーペア,12,21.27,CHECK
3BP_turn_9s8d6cKh,turn,IP,3BP,9s8d6cKh,dry,top_pair,no_draw,TP+,72,55.82,BET
3BP_turn_9s8d6cKh,turn,IP,3BP,9s8d6cKh,dry,top_pair,gutshot,TP+,24,99.45,BET
3BP_turn_9s8d6cKh,turn,IP,3BP,9s8d6cKh,dry,top_pair,oesd,TP+,12,99.99,BET
3BP_turn_9s8d6cKh,turn,IP,3BP,9s8d6cKh,dry,ace_high,no_draw,エア,80,0.18,CHECK
3BP_turn_9s8d6cKh,turn,IP,3BP,9s8d6cKh,dry,ace_high,gutshot,エア,32,2.79,CHECK
3BP_turn_9s8d6cKh,turn,IP,3BP,9s8d6cKh,dry,ace_high,oesd,エア,16,26.92,CHECK
3BP_turn_9s8d6cKh,turn,IP,3BP,9s8d6cKh,dry,overpair,no_draw,TP+,6,96.68,BET
3BP_turn_9s8d6cTh,turn,IP,3BP,9s8d6cTh,wet,low_pair,no_draw,アンダーペア,96,0.01,CHECK
3BP_turn_9s8d6cTh,turn,IP,3BP,9s8d6cTh,wet,no_made_hand,no_draw,エア,96,28.78,CHECK
3BP_turn_9s8d6cTh,turn,IP,3BP,9s8d6cTh,wet,set,no_draw,2P+,12,0.05,CHECK
3BP_turn_9s8d6cTh,turn,IP,3BP,9s8d6cTh,wet,straight,no_draw,2P+,198,41.75,CHECK
3BP_turn_9s8d6cTh,turn,IP,3BP,9s8d6cTh,wet,third_pair,no_draw,アンダーペア,72,0.01,CHECK
3BP_turn_9s8d6cTh,turn,IP,3BP,9s8d6cTh,wet,two_pair,no_draw,2P+,54,0.04,CHECK
3BP_turn_9s8d6cTh,turn,IP,3BP,9s8d6cTh,wet,second_pair,no_draw,アンダーペア,72,0.01,CHECK
3BP_turn_9s8d6cTh,turn,IP,3BP,9s8d6cTh,wet,top_pair,no_draw,TP+,72,0.01,CHECK
3BP_turn_9s8d6cTh,turn,IP,3BP,9s8d6cTh,wet,no_made_hand,oesd,エア,64,42.12,CHECK
3BP_turn_9s8d6cTh,turn,IP,3BP,9s8d6cTh,wet,low_pair,oesd,アンダーペア,12,0.03,CHECK
3BP_turn_9s8d6cTh,turn,IP,3BP,9s8d6cTh,wet,third_pair,oesd,アンダーペア,12,0.03,CHECK
3BP_turn_9s8d6cTh,turn,IP,3BP,9s8d6cTh,wet,second_pair,oesd,アンダーペア,12,6.29,CHECK
3BP_turn_9s8d6cTh,turn,IP,3BP,9s8d6cTh,wet,top_pair,oesd,TP+,12,21.69,CHECK
3BP_turn_9s8d6cTh,turn,IP,3BP,9s8d6cTh,wet,overpair,oesd,TP+,6,0.23,CHECK
3BP_turn_9s8d6cTh,turn,IP,3BP,9s8d6cTh,wet,no_made_hand,gutshot,エア,64,52.47,BET
3BP_turn_9s8d6cTh,turn,IP,3BP,9s8d6cTh,wet,low_pair,gutshot,アンダーペア,12,0.01,CHECK
3BP_turn_9s8d6cTh,turn,IP,3BP,9s8d6cTh,wet,third_pair,gutshot,アンダーペア,12,0.06,CHECK
3BP_turn_9s8d6cTh,turn,IP,3BP,9s8d6cTh,wet,second_pair,gutshot,アンダーペア,12,11.0,CHECK
3BP_turn_9s8d6cTh,turn,IP,3BP,9s8d6cTh,wet,top_pair,gutshot,TP+,12,72.27,BET
3BP_turn_9s8d6cTh,turn,IP,3BP,9s8d6cTh,wet,overpair,gutshot,TP+,6,2.12,CHECK
3BP_turn_9s8d6cTh,turn,IP,3BP,9s8d6cTh,wet,king_high,no_draw,エア,64,39.86,CHECK
3BP_turn_9s8d6cTh,turn,IP,3BP,9s8d6cTh,wet,king_high,oesd,エア,16,13.87,CHECK
3BP_turn_9s8d6cTh,turn,IP,3BP,9s8d6cTh,wet,king_high,gutshot,エア,16,0.06,CHECK
3BP_turn_9s8d6cTh,turn,IP,3BP,9s8d6cTh,wet,overpair,no_draw,TP+,12,0.03,CHECK
3BP_turn_9s8d6cTh,turn,IP,3BP,9s8d6cTh,wet,ace_high,no_draw,エア,80,0.56,CHECK
3BP_turn_9s8d6cTh,turn,IP,3BP,9s8d6cTh,wet,ace_high,oesd,エア,16,0.03,CHECK
3BP_turn_9s8d6cTh,turn,IP,3BP,9s8d6cTh,wet,ace_high,gutshot,エア,16,37.75,CHECK
3BP_turn_as9d4c2h,turn,IP,3BP,as9d4c2h,dry,set,no_draw,2P+,12,52.96,BET
3BP_turn_as9d4c2h,turn,IP,3BP,as9d4c2h,dry,low_pair,gutshot,アンダーペア,30,0.02,CHECK
3BP_turn_as9d4c2h,turn,IP,3BP,as9d4c2h,dry,two_pair,no_draw,2P+,54,68.55,BET
3BP_turn_as9d4c2h,turn,IP,3BP,as9d4c2h,dry,third_pair,gutshot,アンダーペア,30,28.95,CHECK
3BP_turn_as9d4c2h,turn,IP,3BP,as9d4c2h,dry,straight,no_draw,2P+,16,99.91,BET
3BP_turn_as9d4c2h,turn,IP,3BP,as9d4c2h,dry,low_pair,no_draw,アンダーペア,84,0.02,CHECK
3BP_turn_as9d4c2h,turn,IP,3BP,as9d4c2h,dry,no_made_hand,gutshot,エア,192,66.99,BET
3BP_turn_as9d4c2h,turn,IP,3BP,as9d4c2h,dry,third_pair,no_draw,アンダーペア,102,0.03,CHECK
3BP_turn_as9d4c2h,turn,IP,3BP,as9d4c2h,dry,no_made_hand,no_draw,エア,240,22.03,CHECK
3BP_turn_as9d4c2h,turn,IP,3BP,as9d4c2h,dry,second_pair,gutshot,アンダーペア,24,58.02,BET
3BP_turn_as9d4c2h,turn,IP,3BP,as9d4c2h,dry,second_pair,no_draw,アンダーペア,84,29.62,CHECK
3BP_turn_as9d4c2h,turn,IP,3BP,as9d4c2h,dry,underpair,no_draw,アンダーペア,24,27.41,CHECK
3BP_turn_as9d4c2h,turn,IP,3BP,as9d4c2h,dry,king_high,gutshot,エア,32,0.38,CHECK
3BP_turn_as9d4c2h,turn,IP,3BP,as9d4c2h,dry,king_high,no_draw,エア,96,0.03,CHECK
3BP_turn_as9d4c2h,turn,IP,3BP,as9d4c2h,dry,top_pair,gutshot,TP+,24,99.97,BET
3BP_turn_as9d4c2h,turn,IP,3BP,as9d4c2h,dry,top_pair,no_draw,TP+,84,80.22,BET
3BP_turn_as9d4cKh,turn,IP,3BP,as9d4cKh,dry,low_pair,no_draw,アンダーペア,144,72.5,BET
3BP_turn_as9d4cKh,turn,IP,3BP,as9d4cKh,dry,no_made_hand,gutshot,エア,96,41.27,CHECK
3BP_turn_as9d4cKh,turn,IP,3BP,as9d4cKh,dry,set,no_draw,2P+,12,89.24,BET
3BP_turn_as9d4cKh,turn,IP,3BP,as9d4cKh,dry,no_made_hand,no_draw,エア,480,38.04,CHECK
3BP_turn_as9d4cKh,turn,IP,3BP,as9d4cKh,dry,third_pair,no_draw,アンダーペア,126,46.0,CHECK
3BP_turn_as9d4cKh,turn,IP,3BP,as9d4cKh,dry,two_pair,no_draw,2P+,54,59.19,BET
3BP_turn_as9d4cKh,turn,IP,3BP,as9d4cKh,dry,second_pair,no_draw,アンダーペア,108,35.77,CHECK
3BP_turn_as9d4cKh,turn,IP,3BP,as9d4cKh,dry,top_pair,no_draw,TP+,108,71.98,BET
3BP_turn_as9d4cTh,turn,IP,3BP,as9d4cTh,dry,low_pair,no_draw,アンダーペア,144,0.02,CHECK
3BP_turn_as9d4cTh,turn,IP,3BP,as9d4cTh,dry,no_made_hand,gutshot,エア,112,39.74,CHECK
3BP_turn_as9d4cTh,turn,IP,3BP,as9d4cTh,dry,set,no_draw,2P+,12,50.55,BET
3BP_turn_as9d4cTh,turn,IP,3BP,as9d4cTh,dry,no_made_hand,no_draw,エア,288,22.87,CHECK
3BP_turn_as9d4cTh,turn,IP,3BP,as9d4cTh,dry,no_made_hand,oesd,エア,48,50.56,BET
3BP_turn_as9d4cTh,turn,IP,3BP,as9d4cTh,dry,third_pair,no_draw,アンダーペア,108,0.02,CHECK
3BP_turn_as9d4cTh,turn,IP,3BP,as9d4cTh,dry,two_pair,no_draw,2P+,54,81.36,BET
3BP_turn_as9d4cTh,turn,IP,3BP,as9d4cTh,dry,second_pair,no_draw,アンダーペア,108,18.87,CHECK
3BP_turn_as9d4cTh,turn,IP,3BP,as9d4cTh,dry,underpair,no_draw,アンダーペア,18,51.19,BET
3BP_turn_as9d4cTh,turn,IP,3BP,as9d4cTh,dry,king_high,no_draw,エア,96,0.01,CHECK
3BP_turn_as9d4cTh,turn,IP,3BP,as9d4cTh,dry,king_high,gutshot,エア,32,0.02,CHECK
3BP_turn_as9d4cTh,turn,IP,3BP,as9d4cTh,dry,top_pair,no_draw,TP+,108,82.68,BET
3BP_turn_jstc4s2h,turn,IP,3BP,jstc4s2h,dry,set,no_draw,2P+,12,82.83,BET
3BP_turn_jstc4s2h,turn,IP,3BP,jstc4s2h,dry,low_pair,no_draw,アンダーペア,105,1.67,CHECK
3BP_turn_jstc4s2h,turn,IP,3BP,jstc4s2h,dry,low_pair,flush_draw,アンダーペア,8,2.72,CHECK
3BP_turn_jstc4s2h,turn,IP,3BP,jstc4s2h,dry,two_pair,no_draw,2P+,53,95.37,BET
3BP_turn_jstc4s2h,turn,IP,3BP,jstc4s2h,dry,third_pair,no_draw,アンダーペア,138,10.25,CHECK
3BP_turn_jstc4s2h,turn,IP,3BP,jstc4s2h,dry,no_made_hand,oesd,エア,45,40.05,CHECK
3BP_turn_jstc4s2h,turn,IP,3BP,jstc4s2h,dry,no_made_hand,combo_draw,エア,8,40.4,CHECK
3BP_turn_jstc4s2h,turn,IP,3BP,jstc4s2h,dry,no_made_hand,gutshot,エア,75,43.48,CHECK
3BP_turn_jstc4s2h,turn,IP,3BP,jstc4s2h,dry,no_made_hand,no_draw,エア,195,50.64,BET
3BP_turn_jstc4s2h,turn,IP,3BP,jstc4s2h,dry,no_made_hand,flush_draw,エア,13,96.05,BET
3BP_turn_jstc4s2h,turn,IP,3BP,jstc4s2h,dry,second_pair,no_draw,アンダーペア,99,11.85,CHECK
3BP_turn_jstc4s2h,turn,IP,3BP,jstc4s2h,dry,two_pair,flush_draw,2P+,1,99.97,BET
3BP_turn_jstc4s2h,turn,IP,3BP,jstc4s2h,dry,second_pair,flush_draw,アンダーペア,8,95.96,BET
3BP_turn_jstc4s2h,turn,IP,3BP,jstc4s2h,dry,top_pair,no_draw,TP+,108,98.19,BET
3BP_turn_jstc4s2h,turn,IP,3BP,jstc4s2h,dry,overpair,no_draw,TP+,18,94.01,BET
3BP_turn_jstc4s2h,turn,IP,3BP,jstc4s2h,dry,king_high,no_draw,エア,75,0.41,CHECK
3BP_turn_jstc4s2h,turn,IP,3BP,jstc4s2h,dry,king_high,gutshot,エア,15,0.04,CHECK
3BP_turn_jstc4s2h,turn,IP,3BP,jstc4s2h,dry,king_high,oesd,エア,15,1.89,CHECK
3BP_turn_jstc4s2h,turn,IP,3BP,jstc4s2h,dry,king_high,flush_draw,エア,5,16.73,CHECK
3BP_turn_jstc4s2h,turn,IP,3BP,jstc4s2h,dry,king_high,combo_draw,エア,2,0.16,CHECK
3BP_turn_jstc4s2h,turn,IP,3BP,jstc4s2h,dry,ace_high,gutshot,エア,60,3.14,CHECK
3BP_turn_jstc4s2h,turn,IP,3BP,jstc4s2h,dry,ace_high,no_draw,エア,60,0.04,CHECK
3BP_turn_jstc4s2h,turn,IP,3BP,jstc4s2h,dry,low_pair,nut_flush_draw,アンダーペア,1,77.48,BET
3BP_turn_jstc4s2h,turn,IP,3BP,jstc4s2h,dry,ace_high,combo_draw,エア,4,0.52,CHECK
3BP_turn_jstc4s2h,turn,IP,3BP,jstc4s2h,dry,ace_high,nut_flush_draw,エア,4,3.57,CHECK
3BP_turn_jstc4s2h,turn,IP,3BP,jstc4s2h,dry,second_pair,nut_flush_draw,アンダーペア,1,99.05,BET
3BP_turn_jstc4sTh,turn,IP,3BP,jstc4sTh,dry,low_pair,no_draw,アンダーペア,12,62.01,BET
3BP_turn_jstc4sTh,turn,IP,3BP,jstc4sTh,dry,no_made_hand,no_draw,エア,345,39.27,CHECK
3BP_turn_jstc4sTh,turn,IP,3BP,jstc4sTh,dry,no_made_hand,flush_draw,エア,23,44.1,CHECK
3BP_turn_jstc4sTh,turn,IP,3BP,jstc4sTh,dry,third_pair,no_draw,アンダーペア,150,66.57,BET
3BP_turn_jstc4sTh,turn,IP,3BP,jstc4sTh,dry,fullhouse,no_draw,2P+,18,98.5,BET
3BP_turn_jstc4sTh,turn,IP,3BP,jstc4sTh,dry,no_made_hand,gutshot,エア,45,20.71,CHECK
3BP_turn_jstc4sTh,turn,IP,3BP,jstc4sTh,dry,no_made_hand,combo_draw,エア,5,48.07,CHECK
3BP_turn_jstc4sTh,turn,IP,3BP,jstc4sTh,dry,no_made_hand,oesd,エア,30,64.75,BET
3BP_turn_jstc4sTh,turn,IP,3BP,jstc4sTh,dry,trips,no_draw,2P+,70,73.05,BET
3BP_turn_jstc4sTh,turn,IP,3BP,jstc4sTh,dry,trips,flush_draw,2P+,9,84.03,BET
3BP_turn_jstc4sTh,turn,IP,3BP,jstc4sTh,dry,quads,no_draw,2P+,1,98.86,BET
3BP_turn_jstc4sTh,turn,IP,3BP,jstc4sTh,dry,top_pair,no_draw,TP+,129,40.61,CHECK
3BP_turn_jstc4sTh,turn,IP,3BP,jstc4sTh,dry,overpair,no_draw,TP+,18,25.62,CHECK
3BP_turn_jstc4sTh,turn,IP,3BP,jstc4sTh,dry,king_high,no_draw,エア,90,5.89,CHECK
3BP_turn_jstc4sTh,turn,IP,3BP,jstc4sTh,dry,king_high,gutshot,エア,15,87.96,BET
3BP_turn_jstc4sTh,turn,IP,3BP,jstc4sTh,dry,king_high,oesd,エア,15,60.56,BET
3BP_turn_jstc4sTh,turn,IP,3BP,jstc4sTh,dry,king_high,flush_draw,エア,6,37.72,CHECK
3BP_turn_jstc4sTh,turn,IP,3BP,jstc4sTh,dry,king_high,combo_draw,エア,2,67.08,BET
3BP_turn_jstc4sTh,turn,IP,3BP,jstc4sTh,dry,ace_high,no_draw,エア,105,56.35,BET
3BP_turn_jstc4sTh,turn,IP,3BP,jstc4sTh,dry,ace_high,gutshot,エア,30,99.83,BET
3BP_turn_jstc4sTh,turn,IP,3BP,jstc4sTh,dry,ace_high,nut_flush_draw,エア,7,67.23,BET
3BP_turn_jstc4sTh,turn,IP,3BP,jstc4sTh,dry,trips,nut_flush_draw,2P+,1,62.65,BET
3BP_turn_jstc4sTh,turn,IP,3BP,jstc4sTh,dry,ace_high,combo_draw,エア,2,99.83,BET
3BP_turn_ks7d2c5h,turn,IP,3BP,ks7d2c5h,dry,set,no_draw,2P+,12,89.54,BET
3BP_turn_ks7d2c5h,turn,IP,3BP,ks7d2c5h,dry,low_pair,no_draw,アンダーペア,120,0.01,CHECK
3BP_turn_ks7d2c5h,turn,IP,3BP,ks7d2c5h,dry,no_made_hand,oesd,エア,48,19.75,CHECK
3BP_turn_ks7d2c5h,turn,IP,3BP,ks7d2c5h,dry,two_pair,no_draw,2P+,54,85.03,BET
3BP_turn_ks7d2c5h,turn,IP,3BP,ks7d2c5h,dry,third_pair,no_draw,アンダーペア,114,1.45,CHECK
3BP_turn_ks7d2c5h,turn,IP,3BP,ks7d2c5h,dry,no_made_hand,gutshot,エア,64,60.99,BET
3BP_turn_ks7d2c5h,turn,IP,3BP,ks7d2c5h,dry,second_pair,no_draw,アンダーペア,108,51.8,BET
3BP_turn_ks7d2c5h,turn,IP,3BP,ks7d2c5h,dry,no_made_hand,no_draw,エア,336,34.46,CHECK
3BP_turn_ks7d2c5h,turn,IP,3BP,ks7d2c5h,dry,underpair,no_draw,アンダーペア,30,58.78,BET
3BP_turn_ks7d2c5h,turn,IP,3BP,ks7d2c5h,dry,top_pair,no_draw,TP+,108,61.48,BET
3BP_turn_ks7d2c5h,turn,IP,3BP,ks7d2c5h,dry,ace_high,gutshot,エア,32,0.02,CHECK
3BP_turn_ks7d2c5h,turn,IP,3BP,ks7d2c5h,dry,ace_high,no_draw,エア,96,0.02,CHECK
3BP_turn_ks7d2c5h,turn,IP,3BP,ks7d2c5h,dry,overpair,no_draw,TP+,6,99.98,BET
3BP_turn_ks7d2cAh,turn,IP,3BP,ks7d2cAh,dry,set,no_draw,2P+,12,98.51,BET
3BP_turn_ks7d2cAh,turn,IP,3BP,ks7d2cAh,dry,low_pair,no_draw,アンダーペア,132,67.85,BET
3BP_turn_ks7d2cAh,turn,IP,3BP,ks7d2cAh,dry,no_made_hand,gutshot,エア,96,17.92,CHECK
3BP_turn_ks7d2cAh,turn,IP,3BP,ks7d2cAh,dry,no_made_hand,no_draw,エア,480,36.33,CHECK
3BP_turn_ks7d2cAh,turn,IP,3BP,ks7d2cAh,dry,two_pair,no_draw,2P+,54,99.88,BET
3BP_turn_ks7d2cAh,turn,IP,3BP,ks7d2cAh,dry,third_pair,no_draw,アンダーペア,138,35.6,CHECK
3BP_turn_ks7d2cAh,turn,IP,3BP,ks7d2cAh,dry,second_pair,no_draw,アンダーペア,108,30.98,CHECK
3BP_turn_ks7d2cAh,turn,IP,3BP,ks7d2cAh,dry,top_pair,no_draw,TP+,108,60.88,BET
3BP_turn_ks7d2cJh,turn,IP,3BP,ks7d2cJh,dry,set,no_draw,2P+,12,68.69,BET
3BP_turn_ks7d2cJh,turn,IP,3BP,ks7d2cJh,dry,low_pair,no_draw,アンダーペア,132,71.44,BET
3BP_turn_ks7d2cJh,turn,IP,3BP,ks7d2cJh,dry,no_made_hand,no_draw,エア,368,36.48,CHECK
3BP_turn_ks7d2cJh,turn,IP,3BP,ks7d2cJh,dry,two_pair,no_draw,2P+,54,76.22,BET
3BP_turn_ks7d2cJh,turn,IP,3BP,ks7d2cJh,dry,third_pair,no_draw,アンダーペア,126,52.91,BET
3BP_turn_ks7d2cJh,turn,IP,3BP,ks7d2cJh,dry,no_made_hand,gutshot,エア,48,10.28,CHECK
3BP_turn_ks7d2cJh,turn,IP,3BP,ks7d2cJh,dry,no_made_hand,oesd,エア,32,57.97,BET
3BP_turn_ks7d2cJh,turn,IP,3BP,ks7d2cJh,dry,second_pair,no_draw,アンダーペア,108,28.15,CHECK
3BP_turn_ks7d2cJh,turn,IP,3BP,ks7d2cJh,dry,underpair,no_draw,アンダーペア,6,24.32,CHECK
3BP_turn_ks7d2cJh,turn,IP,3BP,ks7d2cJh,dry,top_pair,no_draw,TP+,108,66.1,BET
3BP_turn_ks7d2cJh,turn,IP,3BP,ks7d2cJh,dry,ace_high,no_draw,エア,96,19.88,CHECK
3BP_turn_ks7d2cJh,turn,IP,3BP,ks7d2cJh,dry,ace_high,gutshot,エア,32,99.21,BET
3BP_turn_ks7d2cJh,turn,IP,3BP,ks7d2cJh,dry,overpair,no_draw,TP+,6,8.97,CHECK
3BP_turn_ks7d7c2h,turn,IP,3BP,ks7d7c2h,paired,fullhouse,no_draw,2P+,18,75.68,BET
3BP_turn_ks7d7c2h,turn,IP,3BP,ks7d7c2h,paired,third_pair,no_draw,アンダーペア,144,73.25,BET
3BP_turn_ks7d7c2h,turn,IP,3BP,ks7d7c2h,paired,no_made_hand,no_draw,エア,576,32.44,CHECK
3BP_turn_ks7d7c2h,turn,IP,3BP,ks7d7c2h,paired,trips,no_draw,2P+,80,80.9,BET
3BP_turn_ks7d7c2h,turn,IP,3BP,ks7d7c2h,paired,quads,no_draw,2P+,1,98.6,BET
3BP_turn_ks7d7c2h,turn,IP,3BP,ks7d7c2h,paired,underpair,no_draw,アンダーペア,30,0.81,CHECK
3BP_turn_ks7d7c2h,turn,IP,3BP,ks7d7c2h,paired,top_pair,no_draw,TP+,129,47.43,CHECK
3BP_turn_ks7d7c2h,turn,IP,3BP,ks7d7c2h,paired,ace_high,no_draw,エア,144,49.23,CHECK
3BP_turn_ks7d7c2h,turn,IP,3BP,ks7d7c2h,paired,overpair,no_draw,TP+,6,98.38,BET
3BP_turn_ks7d7cTh,turn,IP,3BP,ks7d7cTh,paired,low_pair,no_draw,アンダーペア,30,99.41,BET
3BP_turn_ks7d7cTh,turn,IP,3BP,ks7d7cTh,paired,no_made_hand,no_draw,エア,464,31.93,CHECK
3BP_turn_ks7d7cTh,turn,IP,3BP,ks7d7cTh,paired,trips,no_draw,2P+,80,80.25,BET
3BP_turn_ks7d7cTh,turn,IP,3BP,ks7d7cTh,paired,quads,no_draw,2P+,1,99.83,BET
3BP_turn_ks7d7cTh,turn,IP,3BP,ks7d7cTh,paired,no_made_hand,gutshot,エア,64,42.16,CHECK
3BP_turn_ks7d7cTh,turn,IP,3BP,ks7d7cTh,paired,third_pair,no_draw,アンダーペア,12,68.82,BET
3BP_turn_ks7d7cTh,turn,IP,3BP,ks7d7cTh,paired,no_made_hand,oesd,エア,48,53.22,BET
3BP_turn_ks7d7cTh,turn,IP,3BP,ks7d7cTh,paired,second_pair,no_draw,アンダーペア,120,37.55,CHECK
3BP_turn_ks7d7cTh,turn,IP,3BP,ks7d7cTh,paired,fullhouse,no_draw,2P+,18,88.94,BET
3BP_turn_ks7d7cTh,turn,IP,3BP,ks7d7cTh,paired,underpair,no_draw,アンダーペア,12,10.3,CHECK
3BP_turn_ks7d7cTh,turn,IP,3BP,ks7d7cTh,paired,top_pair,no_draw,TP+,129,42.53,CHECK
3BP_turn_ks7d7cTh,turn,IP,3BP,ks7d7cTh,paired,ace_high,no_draw,エア,112,67.85,BET
3BP_turn_ks7d7cTh,turn,IP,3BP,ks7d7cTh,paired,ace_high,gutshot,エア,32,99.77,BET
3BP_turn_ks7d7cTh,turn,IP,3BP,ks7d7cTh,paired,overpair,no_draw,TP+,6,21.54,CHECK
4BP_river_4s4d2c5hJc,river,IP,4BP,4s4d2c5hJc,dry,fullhouse,no_draw,2P+,27,100.0,BET
4BP_river_4s4d2c5hJc,river,IP,4BP,4s4d2c5hJc,dry,low_pair,no_draw,アンダーペア,114,13.83,CHECK
4BP_river_4s4d2c5hJc,river,IP,4BP,4s4d2c5hJc,dry,trips,no_draw,2P+,72,100.0,BET
4BP_river_4s4d2c5hJc,river,IP,4BP,4s4d2c5hJc,dry,quads,no_draw,2P+,1,100.0,BET
4BP_river_4s4d2c5hJc,river,IP,4BP,4s4d2c5hJc,dry,second_pair,no_draw,アンダーペア,117,33.24,CHECK
4BP_river_4s4d2c5hJc,river,IP,4BP,4s4d2c5hJc,dry,straight,no_draw,2P+,32,100.0,BET
4BP_river_4s4d2c5hJc,river,IP,4BP,4s4d2c5hJc,dry,underpair,no_draw,アンダーペア,30,0.23,CHECK
4BP_river_4s4d2c5hJc,river,IP,4BP,4s4d2c5hJc,dry,no_made_hand,no_draw,エア,320,29.81,CHECK
4BP_river_4s4d2c5hJc,river,IP,4BP,4s4d2c5hJc,dry,top_pair,no_draw,TP+,126,56.77,BET
4BP_river_4s4d2c5hJc,river,IP,4BP,4s4d2c5hJc,dry,overpair,no_draw,TP+,18,92.35,BET
4BP_river_4s4d2c5hJc,river,IP,4BP,4s4d2c5hJc,dry,king_high,no_draw,エア,112,0.07,CHECK
4BP_river_4s4d2c5hJc,river,IP,4BP,4s4d2c5hJc,dry,ace_high,no_draw,エア,112,6.4,CHECK
4BP_river_8s5d3c2hKc,river,IP,4BP,8s5d3c2hKc,dry,set,no_draw,2P+,15,100.0,BET
4BP_river_8s5d3c2hKc,river,IP,4BP,8s5d3c2hKc,dry,two_pair,no_draw,2P+,90,100.0,BET
4BP_river_8s5d3c2hKc,river,IP,4BP,8s5d3c2hKc,dry,low_pair,no_draw,アンダーペア,198,0.0,CHECK
4BP_river_8s5d3c2hKc,river,IP,4BP,8s5d3c2hKc,dry,third_pair,no_draw,アンダーペア,108,0.0,CHECK
4BP_river_8s5d3c2hKc,river,IP,4BP,8s5d3c2hKc,dry,straight,no_draw,2P+,32,100.0,BET
4BP_river_8s5d3c2hKc,river,IP,4BP,8s5d3c2hKc,dry,no_made_hand,no_draw,エア,320,70.38,BET
4BP_river_8s5d3c2hKc,river,IP,4BP,8s5d3c2hKc,dry,second_pair,no_draw,アンダーペア,96,0.0,CHECK
4BP_river_8s5d3c2hKc,river,IP,4BP,8s5d3c2hKc,dry,underpair,no_draw,アンダーペア,24,0.0,CHECK
4BP_river_8s5d3c2hKc,river,IP,4BP,8s5d3c2hKc,dry,top_pair,no_draw,TP+,96,46.96,CHECK
4BP_river_8s5d3c2hKc,river,IP,4BP,8s5d3c2hKc,dry,ace_high,no_draw,エア,96,0.0,CHECK
4BP_river_8s5d3c2hKc,river,IP,4BP,8s5d3c2hKc,dry,overpair,no_draw,TP+,6,100.0,BET
4BP_river_9s8d6c2hAc,river,IP,4BP,9s8d6c2hAc,dry,set,no_draw,2P+,15,100.0,BET
4BP_river_9s8d6c2hAc,river,IP,4BP,9s8d6c2hAc,dry,low_pair,no_draw,アンダーペア,216,2.79,CHECK
4BP_river_9s8d6c2hAc,river,IP,4BP,9s8d6c2hAc,dry,no_made_hand,no_draw,エア,304,37.31,CHECK
4BP_river_9s8d6c2hAc,river,IP,4BP,9s8d6c2hAc,dry,two_pair,no_draw,2P+,90,100.0,BET
4BP_river_9s8d6c2hAc,river,IP,4BP,9s8d6c2hAc,dry,straight,no_draw,2P+,32,100.0,BET
4BP_river_9s8d6c2hAc,river,IP,4BP,9s8d6c2hAc,dry,third_pair,no_draw,アンダーペア,96,0.05,CHECK
4BP_river_9s8d6c2hAc,river,IP,4BP,9s8d6c2hAc,dry,second_pair,no_draw,アンダーペア,96,0.05,CHECK
4BP_river_9s8d6c2hAc,river,IP,4BP,9s8d6c2hAc,dry,underpair,no_draw,アンダーペア,24,0.03,CHECK
4BP_river_9s8d6c2hAc,river,IP,4BP,9s8d6c2hAc,dry,king_high,no_draw,エア,112,0.0,CHECK
4BP_river_9s8d6c2hAc,river,IP,4BP,9s8d6c2hAc,dry,top_pair,no_draw,TP+,96,91.93,BET
4BP_river_9s8d6cThKd,river,IP,4BP,9s8d6cThKd,dry,low_pair,no_draw,アンダーペア,192,6.95,CHECK
4BP_river_9s8d6cThKd,river,IP,4BP,9s8d6cThKd,dry,no_made_hand,no_draw,エア,224,96.81,BET
4BP_river_9s8d6cThKd,river,IP,4BP,9s8d6cThKd,dry,set,no_draw,2P+,15,100.0,BET
4BP_river_9s8d6cThKd,river,IP,4BP,9s8d6cThKd,dry,straight,no_draw,2P+,194,100.0,BET
4BP_river_9s8d6cThKd,river,IP,4BP,9s8d6cThKd,dry,two_pair,no_draw,2P+,90,100.0,BET
4BP_river_9s8d6cThKd,river,IP,4BP,9s8d6cThKd,dry,third_pair,no_draw,アンダーペア,84,0.06,CHECK
4BP_river_9s8d6cThKd,river,IP,4BP,9s8d6cThKd,dry,second_pair,no_draw,アンダーペア,84,31.21,CHECK
4BP_river_9s8d6cThKd,river,IP,4BP,9s8d6cThKd,dry,underpair,no_draw,アンダーペア,12,5.86,CHECK
4BP_river_9s8d6cThKd,river,IP,4BP,9s8d6cThKd,dry,top_pair,no_draw,TP+,84,58.76,BET
4BP_river_9s8d6cThKd,river,IP,4BP,9s8d6cThKd,dry,ace_high,no_draw,エア,96,0.09,CHECK
4BP_river_9s8d6cThKd,river,IP,4BP,9s8d6cThKd,dry,overpair,no_draw,TP+,6,74.43,BET
4BP_river_as9d4c2h7d,river,IP,4BP,as9d4c2h7d,dry,set,no_draw,2P+,15,100.0,BET
4BP_river_as9d4c2h7d,river,IP,4BP,as9d4c2h7d,dry,low_pair,no_draw,アンダーペア,210,3.28,CHECK
4BP_river_as9d4c2h7d,river,IP,4BP,as9d4c2h7d,dry,two_pair,no_draw,2P+,90,100.0,BET
4BP_river_as9d4c2h7d,river,IP,4BP,as9d4c2h7d,dry,straight,no_draw,2P+,16,100.0,BET
4BP_river_as9d4c2h7d,river,IP,4BP,as9d4c2h7d,dry,no_made_hand,no_draw,エア,320,66.03,BET
4BP_river_as9d4c2h7d,river,IP,4BP,as9d4c2h7d,dry,third_pair,no_draw,アンダーペア,102,58.96,BET
4BP_river_as9d4c2h7d,river,IP,4BP,as9d4c2h7d,dry,second_pair,no_draw,アンダーペア,96,99.6,BET
4BP_river_as9d4c2h7d,river,IP,4BP,as9d4c2h7d,dry,underpair,no_draw,アンダーペア,24,99.99,BET
4BP_river_as9d4c2h7d,river,IP,4BP,as9d4c2h7d,dry,king_high,no_draw,エア,112,0.0,CHECK
4BP_river_as9d4c2h7d,river,IP,4BP,as9d4c2h7d,dry,top_pair,no_draw,TP+,96,100.0,BET
4BP_river_as9d4c2hTc,river,IP,4BP,as9d4c2hTc,dry,set,no_draw,2P+,15,100.0,BET
4BP_river_as9d4c2hTc,river,IP,4BP,as9d4c2hTc,dry,low_pair,no_draw,アンダーペア,222,2.14,CHECK
4BP_river_as9d4c2hTc,river,IP,4BP,as9d4c2hTc,dry,two_pair,no_draw,2P+,90,100.0,BET
4BP_river_as9d4c2hTc,river,IP,4BP,as9d4c2hTc,dry,straight,no_draw,2P+,16,100.0,BET
4BP_river_as9d4c2hTc,river,IP,4BP,as9d4c2hTc,dry,no_made_hand,no_draw,エア,320,72.2,BET
4BP_river_as9d4c2hTc,river,IP,4BP,as9d4c2hTc,dry,third_pair,no_draw,アンダーペア,96,4.33,CHECK
4BP_river_as9d4c2hTc,river,IP,4BP,as9d4c2hTc,dry,second_pair,no_draw,アンダーペア,96,92.29,BET
4BP_river_as9d4c2hTc,river,IP,4BP,as9d4c2hTc,dry,underpair,no_draw,アンダーペア,18,99.99,BET
4BP_river_as9d4c2hTc,river,IP,4BP,as9d4c2hTc,dry,king_high,no_draw,エア,112,0.0,CHECK
4BP_river_as9d4c2hTc,river,IP,4BP,as9d4c2hTc,dry,top_pair,no_draw,TP+,96,99.99,BET
4BP_river_as9d4cThTd,river,IP,4BP,as9d4cThTd,dry,low_pair,no_draw,アンダーペア,144,43.31,CHECK
4BP_river_as9d4cThTd,river,IP,4BP,as9d4cThTd,dry,no_made_hand,no_draw,エア,448,53.94,BET
4BP_river_as9d4cThTd,river,IP,4BP,as9d4cThTd,dry,fullhouse,no_draw,2P+,27,100.0,BET
4BP_river_as9d4cThTd,river,IP,4BP,as9d4cThTd,dry,third_pair,no_draw,アンダーペア,117,93.7,BET
4BP_river_as9d4cThTd,river,IP,4BP,as9d4cThTd,dry,trips,no_draw,2P+,72,100.0,BET
4BP_river_as9d4cThTd,river,IP,4BP,as9d4cThTd,dry,quads,no_draw,2P+,1,100.0,BET
4BP_river_as9d4cThTd,river,IP,4BP,as9d4cThTd,dry,underpair,no_draw,アンダーペア,18,94.03,BET
4BP_river_as9d4cThTd,river,IP,4BP,as9d4cThTd,dry,king_high,no_draw,エア,128,14.17,CHECK
4BP_river_as9d4cThTd,river,IP,4BP,as9d4cThTd,dry,top_pair,no_draw,TP+,126,100.0,BET
4BP_river_ks7d2c5h9d,river,IP,4BP,ks7d2c5h9d,dry,set,no_draw,2P+,15,100.0,BET
4BP_river_ks7d2c5h9d,river,IP,4BP,ks7d2c5h9d,dry,low_pair,no_draw,アンダーペア,210,1.11,CHECK
4BP_river_ks7d2c5h9d,river,IP,4BP,ks7d2c5h9d,dry,no_made_hand,no_draw,エア,320,67.14,BET
4BP_river_ks7d2c5h9d,river,IP,4BP,ks7d2c5h9d,dry,two_pair,no_draw,2P+,90,100.0,BET
4BP_river_ks7d2c5h9d,river,IP,4BP,ks7d2c5h9d,dry,third_pair,no_draw,アンダーペア,102,0.78,CHECK
4BP_river_ks7d2c5h9d,river,IP,4BP,ks7d2c5h9d,dry,straight,no_draw,2P+,16,100.0,BET
4BP_river_ks7d2c5h9d,river,IP,4BP,ks7d2c5h9d,dry,second_pair,no_draw,アンダーペア,96,74.27,BET
4BP_river_ks7d2c5h9d,river,IP,4BP,ks7d2c5h9d,dry,underpair,no_draw,アンダーペア,18,100.0,BET
4BP_river_ks7d2c5h9d,river,IP,4BP,ks7d2c5h9d,dry,top_pair,no_draw,TP+,96,100.0,BET
4BP_river_ks7d2c5h9d,river,IP,4BP,ks7d2c5h9d,dry,ace_high,no_draw,エア,112,0.0,CHECK
4BP_river_ks7d2c5h9d,river,IP,4BP,ks7d2c5h9d,dry,overpair,no_draw,TP+,6,100.0,BET
4BP_river_ks7d2c5hJc,river,IP,4BP,ks7d2c5hJc,dry,set,no_draw,2P+,15,100.0,BET
4BP_river_ks7d2c5hJc,river,IP,4BP,ks7d2c5hJc,dry,low_pair,no_draw,アンダーペア,210,0.75,CHECK
4BP_river_ks7d2c5hJc,river,IP,4BP,ks7d2c5hJc,dry,no_made_hand,no_draw,エア,336,65.99,BET
4BP_river_ks7d2c5hJc,river,IP,4BP,ks7d2c5hJc,dry,two_pair,no_draw,2P+,90,100.0,BET
4BP_river_ks7d2c5hJc,river,IP,4BP,ks7d2c5hJc,dry,third_pair,no_draw,アンダーペア,114,0.04,CHECK
4BP_river_ks7d2c5hJc,river,IP,4BP,ks7d2c5hJc,dry,second_pair,no_draw,アンダーペア,96,47.37,CHECK
4BP_river_ks7d2c5hJc,river,IP,4BP,ks7d2c5hJc,dry,underpair,no_draw,アンダーペア,6,100.0,BET
4BP_river_ks7d2c5hJc,river,IP,4BP,ks7d2c5hJc,dry,top_pair,no_draw,TP+,96,100.0,BET
4BP_river_ks7d2c5hJc,river,IP,4BP,ks7d2c5hJc,dry,ace_high,no_draw,エア,112,0.0,CHECK
4BP_river_ks7d2c5hJc,river,IP,4BP,ks7d2c5hJc,dry,overpair,no_draw,TP+,6,100.0,BET
4BP_river_ks7d7c2hAc,river,IP,4BP,ks7d7c2hAc,dry,fullhouse,no_draw,2P+,27,100.0,BET
4BP_river_ks7d7c2hAc,river,IP,4BP,ks7d7c2hAc,dry,low_pair,no_draw,アンダーペア,132,99.91,BET
4BP_river_ks7d7c2hAc,river,IP,4BP,ks7d7c2hAc,dry,no_made_hand,no_draw,エア,576,41.43,CHECK
4BP_river_ks7d7c2hAc,river,IP,4BP,ks7d7c2hAc,dry,trips,no_draw,2P+,72,100.0,BET
4BP_river_ks7d7c2hAc,river,IP,4BP,ks7d7c2hAc,dry,quads,no_draw,2P+,1,100.0,BET
4BP_river_ks7d7c2hAc,river,IP,4BP,ks7d7c2hAc,dry,third_pair,no_draw,アンダーペア,30,72.49,BET
4BP_river_ks7d7c2hAc,river,IP,4BP,ks7d7c2hAc,dry,second_pair,no_draw,アンダーペア,117,99.99,BET
4BP_river_ks7d7c2hAc,river,IP,4BP,ks7d7c2hAc,dry,top_pair,no_draw,TP+,126,100.0,BET
4BP_turn_4s4d2c5h,turn,IP,4BP,4s4d2c5h,wet,fullhouse,no_draw,2P+,18,39.1,CHECK
4BP_turn_4s4d2c5h,turn,IP,4BP,4s4d2c5h,wet,third_pair,oesd,アンダーペア,18,90.48,BET
4BP_turn_4s4d2c5h,turn,IP,4BP,4s4d2c5h,wet,trips,oesd,2P+,8,59.86,BET
4BP_turn_4s4d2c5h,turn,IP,4BP,4s4d2c5h,wet,quads,no_draw,2P+,1,86.9,BET
4BP_turn_4s4d2c5h,turn,IP,4BP,4s4d2c5h,wet,top_pair,no_draw,TP+,93,32.86,CHECK
4BP_turn_4s4d2c5h,turn,IP,4BP,4s4d2c5h,wet,top_pair,oesd,TP+,12,99.95,BET
4BP_turn_4s4d2c5h,turn,IP,4BP,4s4d2c5h,wet,third_pair,gutshot,アンダーペア,24,46.72,CHECK
4BP_turn_4s4d2c5h,turn,IP,4BP,4s4d2c5h,wet,straight,no_draw,2P+,32,55.15,BET
4BP_turn_4s4d2c5h,turn,IP,4BP,4s4d2c5h,wet,trips,gutshot,2P+,16,82.04,BET
4BP_turn_4s4d2c5h,turn,IP,4BP,4s4d2c5h,wet,top_pair,gutshot,TP+,24,99.91,BET
4BP_turn_4s4d2c5h,turn,IP,4BP,4s4d2c5h,wet,overpair,gutshot,TP+,12,99.95,BET
4BP_turn_4s4d2c5h,turn,IP,4BP,4s4d2c5h,wet,third_pair,no_draw,アンダーペア,84,0.11,CHECK
4BP_turn_4s4d2c5h,turn,IP,4BP,4s4d2c5h,wet,no_made_hand,oesd,エア,128,28.07,CHECK
4BP_turn_4s4d2c5h,turn,IP,4BP,4s4d2c5h,wet,trips,no_draw,2P+,56,81.99,BET
4BP_turn_4s4d2c5h,turn,IP,4BP,4s4d2c5h,wet,overpair,no_draw,TP+,42,56.91,BET
4BP_turn_4s4d2c5h,turn,IP,4BP,4s4d2c5h,wet,no_made_hand,gutshot,エア,80,36.93,CHECK
4BP_turn_4s4d2c5h,turn,IP,4BP,4s4d2c5h,wet,no_made_hand,no_draw,エア,224,41.57,CHECK
4BP_turn_4s4d2c5h,turn,IP,4BP,4s4d2c5h,wet,king_high,oesd,エア,16,6.13,CHECK
4BP_turn_4s4d2c5h,turn,IP,4BP,4s4d2c5h,wet,king_high,gutshot,エア,16,45.91,CHECK
4BP_turn_4s4d2c5h,turn,IP,4BP,4s4d2c5h,wet,king_high,no_draw,エア,96,0.09,CHECK
4BP_turn_4s4d2c5h,turn,IP,4BP,4s4d2c5h,wet,ace_high,gutshot,エア,128,35.06,CHECK
4BP_turn_4s4d2cAh,turn,IP,4BP,4s4d2cAh,wet,fullhouse,no_draw,2P+,18,95.13,BET
4BP_turn_4s4d2cAh,turn,IP,4BP,4s4d2cAh,wet,third_pair,gutshot,アンダーペア,30,92.5,BET
4BP_turn_4s4d2cAh,turn,IP,4BP,4s4d2cAh,wet,trips,gutshot,2P+,16,55.21,BET
4BP_turn_4s4d2cAh,turn,IP,4BP,4s4d2cAh,wet,quads,no_draw,2P+,1,96.54,BET
4BP_turn_4s4d2cAh,turn,IP,4BP,4s4d2cAh,wet,straight,no_draw,2P+,16,56.28,BET
4BP_turn_4s4d2cAh,turn,IP,4BP,4s4d2cAh,wet,underpair,gutshot,アンダーペア,6,99.82,BET
4BP_turn_4s4d2cAh,turn,IP,4BP,4s4d2cAh,wet,third_pair,no_draw,アンダーペア,96,37.06,CHECK
4BP_turn_4s4d2cAh,turn,IP,4BP,4s4d2cAh,wet,no_made_hand,gutshot,エア,224,42.37,CHECK
4BP_turn_4s4d2cAh,turn,IP,4BP,4s4d2cAh,wet,trips,no_draw,2P+,64,75.67,BET
4BP_turn_4s4d2cAh,turn,IP,4BP,4s4d2cAh,wet,underpair,no_draw,アンダーペア,48,27.91,CHECK
4BP_turn_4s4d2cAh,turn,IP,4BP,4s4d2cAh,wet,no_made_hand,no_draw,エア,336,46.9,CHECK
4BP_turn_4s4d2cAh,turn,IP,4BP,4s4d2cAh,wet,king_high,gutshot,エア,32,99.86,BET
4BP_turn_4s4d2cAh,turn,IP,4BP,4s4d2cAh,wet,king_high,no_draw,エア,112,77.88,BET
4BP_turn_4s4d2cAh,turn,IP,4BP,4s4d2cAh,wet,top_pair,no_draw,TP+,105,62.79,BET
4BP_turn_4s4d2cAh,turn,IP,4BP,4s4d2cAh,wet,top_pair,gutshot,TP+,24,52.82,BET
4BP_turn_4s4d2cTh,turn,IP,4BP,4s4d2cTh,dry,fullhouse,no_draw,2P+,18,96.35,BET
4BP_turn_4s4d2cTh,turn,IP,4BP,4s4d2cTh,dry,third_pair,no_draw,アンダーペア,126,99.75,BET
4BP_turn_4s4d2cTh,turn,IP,4BP,4s4d2cTh,dry,trips,no_draw,2P+,80,81.34,BET
4BP_turn_4s4d2cTh,turn,IP,4BP,4s4d2cTh,dry,quads,no_draw,2P+,1,98.89,BET
4BP_turn_4s4d2cTh,turn,IP,4BP,4s4d2cTh,dry,no_made_hand,oesd,エア,16,35.72,CHECK
4BP_turn_4s4d2cTh,turn,IP,4BP,4s4d2cTh,dry,underpair,no_draw,アンダーペア,30,49.01,CHECK
4BP_turn_4s4d2cTh,turn,IP,4BP,4s4d2cTh,dry,no_made_hand,gutshot,エア,32,53.37,BET
4BP_turn_4s4d2cTh,turn,IP,4BP,4s4d2cTh,dry,no_made_hand,no_draw,エア,400,49.71,CHECK
4BP_turn_4s4d2cTh,turn,IP,4BP,4s4d2cTh,dry,top_pair,no_draw,TP+,129,58.75,BET
4BP_turn_4s4d2cTh,turn,IP,4BP,4s4d2cTh,dry,overpair,no_draw,TP+,24,41.26,CHECK
4BP_turn_4s4d2cTh,turn,IP,4BP,4s4d2cTh,dry,king_high,no_draw,エア,128,69.54,BET
4BP_turn_4s4d2cTh,turn,IP,4BP,4s4d2cTh,dry,ace_high,gutshot,エア,32,68.48,BET
4BP_turn_4s4d2cTh,turn,IP,4BP,4s4d2cTh,dry,ace_high,no_draw,エア,112,98.11,BET
4BP_turn_8s5d3c2h,turn,IP,4BP,8s5d3c2h,dry,set,no_draw,2P+,12,54.81,BET
4BP_turn_8s5d3c2h,turn,IP,4BP,8s5d3c2h,dry,two_pair,no_draw,2P+,54,21.94,CHECK
4BP_turn_8s5d3c2h,turn,IP,4BP,8s5d3c2h,dry,low_pair,oesd,アンダーペア,12,52.5,BET
4BP_turn_8s5d3c2h,turn,IP,4BP,8s5d3c2h,dry,third_pair,oesd,アンダーペア,18,99.99,BET
4BP_turn_8s5d3c2h,turn,IP,4BP,8s5d3c2h,dry,second_pair,oesd,アンダーペア,12,99.99,BET
4BP_turn_8s5d3c2h,turn,IP,4BP,8s5d3c2h,dry,low_pair,gutshot,アンダーペア,24,50.04,BET
4BP_turn_8s5d3c2h,turn,IP,4BP,8s5d3c2h,dry,third_pair,gutshot,アンダーペア,24,99.98,BET
4BP_turn_8s5d3c2h,turn,IP,4BP,8s5d3c2h,dry,straight,no_draw,2P+,32,38.22,CHECK
4BP_turn_8s5d3c2h,turn,IP,4BP,8s5d3c2h,dry,second_pair,gutshot,アンダーペア,24,99.99,BET
4BP_turn_8s5d3c2h,turn,IP,4BP,8s5d3c2h,dry,underpair,gutshot,アンダーペア,6,99.99,BET
4BP_turn_8s5d3c2h,turn,IP,4BP,8s5d3c2h,dry,low_pair,no_draw,アンダーペア,72,1.99,CHECK
4BP_turn_8s5d3c2h,turn,IP,4BP,8s5d3c2h,dry,third_pair,no_draw,アンダーペア,72,53.59,BET
4BP_turn_8s5d3c2h,turn,IP,4BP,8s5d3c2h,dry,no_made_hand,oesd,エア,112,22.67,CHECK
4BP_turn_8s5d3c2h,turn,IP,4BP,8s5d3c2h,dry,second_pair,no_draw,アンダーペア,72,98.76,BET
4BP_turn_8s5d3c2h,turn,IP,4BP,8s5d3c2h,dry,underpair,no_draw,アンダーペア,6,56.59,BET
4BP_turn_8s5d3c2h,turn,IP,4BP,8s5d3c2h,dry,top_pair,oesd,TP+,12,99.99,BET
4BP_turn_8s5d3c2h,turn,IP,4BP,8s5d3c2h,dry,top_pair,gutshot,TP+,24,99.99,BET
4BP_turn_8s5d3c2h,turn,IP,4BP,8s5d3c2h,dry,top_pair,no_draw,TP+,72,99.31,BET
4BP_turn_8s5d3c2h,turn,IP,4BP,8s5d3c2h,dry,no_made_hand,gutshot,エア,64,84.11,BET
4BP_turn_8s5d3c2h,turn,IP,4BP,8s5d3c2h,dry,overpair,no_draw,TP+,30,70.26,BET
4BP_turn_8s5d3c2h,turn,IP,4BP,8s5d3c2h,dry,no_made_hand,no_draw,エア,144,73.59,BET
4BP_turn_8s5d3c2h,turn,IP,4BP,8s5d3c2h,dry,king_high,oesd,エア,16,21.95,CHECK
4BP_turn_8s5d3c2h,turn,IP,4BP,8s5d3c2h,dry,king_high,gutshot,エア,16,3.25,CHECK
4BP_turn_8s5d3c2h,turn,IP,4BP,8s5d3c2h,dry,king_high,no_draw,エア,80,0.18,CHECK
4BP_turn_8s5d3c2h,turn,IP,4BP,8s5d3c2h,dry,ace_high,gutshot,エア,112,4.24,CHECK
4BP_turn_8s5d3c2h,turn,IP,4BP,8s5d3c2h,dry,overpair,gutshot,TP+,6,92.16,BET
4BP_turn_8s5d3cAh,turn,IP,4BP,8s5d3cAh,dry,low_pair,gutshot,アンダーペア,36,71.01,BET
4BP_turn_8s5d3cAh,turn,IP,4BP,8s5d3cAh,dry,set,no_draw,2P+,12,91.3,BET
4BP_turn_8s5d3cAh,turn,IP,4BP,8s5d3cAh,dry,straight,no_draw,2P+,16,0.45,CHECK
4BP_turn_8s5d3cAh,turn,IP,4BP,8s5d3cAh,dry,third_pair,gutshot,アンダーペア,24,99.95,BET
4BP_turn_8s5d3cAh,turn,IP,4BP,8s5d3cAh,dry,two_pair,no_draw,2P+,54,77.1,BET
4BP_turn_8s5d3cAh,turn,IP,4BP,8s5d3cAh,dry,no_made_hand,gutshot,エア,192,57.72,BET
4BP_turn_8s5d3cAh,turn,IP,4BP,8s5d3cAh,dry,low_pair,no_draw,アンダーペア,84,1.95,CHECK
4BP_turn_8s5d3cAh,turn,IP,4BP,8s5d3cAh,dry,no_made_hand,oesd,エア,48,0.44,CHECK
4BP_turn_8s5d3cAh,turn,IP,4BP,8s5d3cAh,dry,third_pair,no_draw,アンダーペア,96,49.78,CHECK
4BP_turn_8s5d3cAh,turn,IP,4BP,8s5d3cAh,dry,second_pair,gutshot,アンダーペア,24,99.98,BET
4BP_turn_8s5d3cAh,turn,IP,4BP,8s5d3cAh,dry,second_pair,no_draw,アンダーペア,84,72.52,BET
4BP_turn_8s5d3cAh,turn,IP,4BP,8s5d3cAh,dry,underpair,no_draw,アンダーペア,30,55.89,BET
4BP_turn_8s5d3cAh,turn,IP,4BP,8s5d3cAh,dry,no_made_hand,no_draw,エア,192,55.66,BET
4BP_turn_8s5d3cAh,turn,IP,4BP,8s5d3cAh,dry,king_high,gutshot,エア,32,0.87,CHECK
4BP_turn_8s5d3cAh,turn,IP,4BP,8s5d3cAh,dry,king_high,no_draw,エア,96,3.06,CHECK
4BP_turn_8s5d3cAh,turn,IP,4BP,8s5d3cAh,dry,top_pair,gutshot,TP+,24,52.36,BET
4BP_turn_8s5d3cAh,turn,IP,4BP,8s5d3cAh,dry,top_pair,no_draw,TP+,84,83.05,BET
4BP_turn_8s5d3cTh,turn,IP,4BP,8s5d3cTh,dry,low_pair,no_draw,アンダーペア,120,83.04,BET
4BP_turn_8s5d3cTh,turn,IP,4BP,8s5d3cTh,dry,set,no_draw,2P+,12,70.96,BET
4BP_turn_8s5d3cTh,turn,IP,4BP,8s5d3cTh,dry,no_made_hand,oesd,エア,80,25.13,CHECK
4BP_turn_8s5d3cTh,turn,IP,4BP,8s5d3cTh,dry,third_pair,no_draw,アンダーペア,120,51.78,BET
4BP_turn_8s5d3cTh,turn,IP,4BP,8s5d3cTh,dry,two_pair,no_draw,2P+,54,69.56,BET
4BP_turn_8s5d3cTh,turn,IP,4BP,8s5d3cTh,dry,no_made_hand,gutshot,エア,96,65.17,BET
4BP_turn_8s5d3cTh,turn,IP,4BP,8s5d3cTh,dry,no_made_hand,no_draw,エア,160,69.72,BET
4BP_turn_8s5d3cTh,turn,IP,4BP,8s5d3cTh,dry,second_pair,no_draw,アンダーペア,108,43.87,CHECK
4BP_turn_8s5d3cTh,turn,IP,4BP,8s5d3cTh,dry,underpair,no_draw,アンダーペア,6,33.68,CHECK
4BP_turn_8s5d3cTh,turn,IP,4BP,8s5d3cTh,dry,top_pair,no_draw,TP+,108,84.4,BET
4BP_turn_8s5d3cTh,turn,IP,4BP,8s5d3cTh,dry,overpair,no_draw,TP+,24,48.4,CHECK
4BP_turn_8s5d3cTh,turn,IP,4BP,8s5d3cTh,dry,king_high,no_draw,エア,112,15.15,CHECK
4BP_turn_8s5d3cTh,turn,IP,4BP,8s5d3cTh,dry,ace_high,gutshot,エア,32,5.69,CHECK
4BP_turn_8s5d3cTh,turn,IP,4BP,8s5d3cTh,dry,ace_high,no_draw,エア,96,99.56,BET
4BP_turn_9s8d6c2h,turn,IP,4BP,9s8d6c2h,dry,set,no_draw,2P+,12,77.3,BET
4BP_turn_9s8d6c2h,turn,IP,4BP,9s8d6c2h,dry,low_pair,no_draw,アンダーペア,84,12.0,CHECK
4BP_turn_9s8d6c2h,turn,IP,4BP,9s8d6c2h,dry,no_made_hand,gutshot,エア,112,84.83,BET
4BP_turn_9s8d6c2h,turn,IP,4BP,9s8d6c2h,dry,low_pair,gutshot,アンダーペア,30,35.32,CHECK
4BP_turn_9s8d6c2h,turn,IP,4BP,9s8d6c2h,dry,no_made_hand,oesd,エア,128,26.85,CHECK
4BP_turn_9s8d6c2h,turn,IP,4BP,9s8d6c2h,dry,two_pair,no_draw,2P+,54,70.74,BET
4BP_turn_9s8d6c2h,turn,IP,4BP,9s8d6c2h,dry,third_pair,no_draw,アンダーペア,72,78.22,BET
4BP_turn_9s8d6c2h,turn,IP,4BP,9s8d6c2h,dry,third_pair,gutshot,アンダーペア,24,99.98,BET
4BP_turn_9s8d6c2h,turn,IP,4BP,9s8d6c2h,dry,low_pair,oesd,アンダーペア,12,47.63,CHECK
4BP_turn_9s8d6c2h,turn,IP,4BP,9s8d6c2h,dry,straight,no_draw,2P+,32,60.3,BET
4BP_turn_9s8d6c2h,turn,IP,4BP,9s8d6c2h,dry,third_pair,oesd,アンダーペア,18,99.99,BET
4BP_turn_9s8d6c2h,turn,IP,4BP,9s8d6c2h,dry,second_pair,no_draw,アンダーペア,72,99.98,BET
4BP_turn_9s8d6c2h,turn,IP,4BP,9s8d6c2h,dry,second_pair,gutshot,アンダーペア,24,100.0,BET
4BP_turn_9s8d6c2h,turn,IP,4BP,9s8d6c2h,dry,second_pair,oesd,アンダーペア,12,99.99,BET
4BP_turn_9s8d6c2h,turn,IP,4BP,9s8d6c2h,dry,top_pair,no_draw,TP+,72,99.99,BET
4BP_turn_9s8d6c2h,turn,IP,4BP,9s8d6c2h,dry,top_pair,gutshot,TP+,24,100.0,BET
4BP_turn_9s8d6c2h,turn,IP,4BP,9s8d6c2h,dry,top_pair,oesd,TP+,12,99.99,BET
4BP_turn_9s8d6c2h,turn,IP,4BP,9s8d6c2h,dry,overpair,gutshot,TP+,6,99.99,BET
4BP_turn_9s8d6c2h,turn,IP,4BP,9s8d6c2h,dry,no_made_hand,no_draw,エア,64,99.92,BET
4BP_turn_9s8d6c2h,turn,IP,4BP,9s8d6c2h,dry,overpair,no_draw,TP+,24,83.38,BET
4BP_turn_9s8d6c2h,turn,IP,4BP,9s8d6c2h,dry,king_high,no_draw,エア,64,19.37,CHECK
4BP_turn_9s8d6c2h,turn,IP,4BP,9s8d6c2h,dry,king_high,gutshot,エア,32,12.91,CHECK
4BP_turn_9s8d6c2h,turn,IP,4BP,9s8d6c2h,dry,king_high,oesd,エア,16,95.9,BET
4BP_turn_9s8d6c2h,turn,IP,4BP,9s8d6c2h,dry,ace_high,no_draw,エア,80,0.03,CHECK
4BP_turn_9s8d6c2h,turn,IP,4BP,9s8d6c2h,dry,ace_high,gutshot,エア,32,0.04,CHECK
4BP_turn_9s8d6c2h,turn,IP,4BP,9s8d6c2h,dry,ace_high,oesd,エア,16,0.08,CHECK
4BP_turn_9s8d6cKh,turn,IP,4BP,9s8d6cKh,dry,low_pair,no_draw,アンダーペア,90,1.72,CHECK
4BP_turn_9s8d6cKh,turn,IP,4BP,9s8d6cKh,dry,no_made_hand,no_draw,エア,144,72.2,BET
4BP_turn_9s8d6cKh,turn,IP,4BP,9s8d6cKh,dry,no_made_hand,gutshot,エア,160,59.76,BET
4BP_turn_9s8d6cKh,turn,IP,4BP,9s8d6cKh,dry,low_pair,gutshot,アンダーペア,30,47.6,CHECK
4BP_turn_9s8d6cKh,turn,IP,4BP,9s8d6cKh,dry,set,no_draw,2P+,12,80.34,BET
4BP_turn_9s8d6cKh,turn,IP,4BP,9s8d6cKh,dry,no_made_hand,oesd,エア,112,33.89,CHECK
4BP_turn_9s8d6cKh,turn,IP,4BP,9s8d6cKh,dry,straight,no_draw,2P+,32,41.96,CHECK
4BP_turn_9s8d6cKh,turn,IP,4BP,9s8d6cKh,dry,low_pair,oesd,アンダーペア,18,77.98,BET
4BP_turn_9s8d6cKh,turn,IP,4BP,9s8d6cKh,dry,third_pair,no_draw,アンダーペア,72,43.38,CHECK
4BP_turn_9s8d6cKh,turn,IP,4BP,9s8d6cKh,dry,third_pair,gutshot,アンダーペア,24,99.75,BET
4BP_turn_9s8d6cKh,turn,IP,4BP,9s8d6cKh,dry,two_pair,no_draw,2P+,54,91.95,BET
4BP_turn_9s8d6cKh,turn,IP,4BP,9s8d6cKh,dry,third_pair,oesd,アンダーペア,12,99.97,BET
4BP_turn_9s8d6cKh,turn,IP,4BP,9s8d6cKh,dry,second_pair,no_draw,アンダーペア,72,86.93,BET
4BP_turn_9s8d6cKh,turn,IP,4BP,9s8d6cKh,dry,second_pair,gutshot,アンダーペア,24,99.93,BET
4BP_turn_9s8d6cKh,turn,IP,4BP,9s8d6cKh,dry,second_pair,oesd,アンダーペア,12,99.98,BET
4BP_turn_9s8d6cKh,turn,IP,4BP,9s8d6cKh,dry,underpair,gutshot,アンダーペア,6,99.83,BET
4BP_turn_9s8d6cKh,turn,IP,4BP,9s8d6cKh,dry,underpair,no_draw,アンダーペア,12,32.04,CHECK
4BP_turn_9s8d6cKh,turn,IP,4BP,9s8d6cKh,dry,top_pair,no_draw,TP+,72,68.86,BET
4BP_turn_9s8d6cKh,turn,IP,4BP,9s8d6cKh,dry,top_pair,gutshot,TP+,24,99.62,BET
4BP_turn_9s8d6cKh,turn,IP,4BP,9s8d6cKh,dry,top_pair,oesd,TP+,12,99.95,BET
4BP_turn_9s8d6cKh,turn,IP,4BP,9s8d6cKh,dry,ace_high,no_draw,エア,80,9.68,CHECK
4BP_turn_9s8d6cKh,turn,IP,4BP,9s8d6cKh,dry,ace_high,gutshot,エア,32,0.04,CHECK
4BP_turn_9s8d6cKh,turn,IP,4BP,9s8d6cKh,dry,ace_high,oesd,エア,16,1.67,CHECK
4BP_turn_9s8d6cKh,turn,IP,4BP,9s8d6cKh,dry,overpair,no_draw,TP+,6,67.17,BET
4BP_turn_9s8d6cTh,turn,IP,4BP,9s8d6cTh,wet,low_pair,no_draw,アンダーペア,96,26.75,CHECK
4BP_turn_9s8d6cTh,turn,IP,4BP,9s8d6cTh,wet,no_made_hand,no_draw,エア,96,94.53,BET
4BP_turn_9s8d6cTh,turn,IP,4BP,9s8d6cTh,wet,set,no_draw,2P+,12,53.05,BET
4BP_turn_9s8d6cTh,turn,IP,4BP,9s8d6cTh,wet,straight,no_draw,2P+,198,92.78,BET
4BP_turn_9s8d6cTh,turn,IP,4BP,9s8d6cTh,wet,third_pair,no_draw,アンダーペア,72,64.81,BET
4BP_turn_9s8d6cTh,turn,IP,4BP,9s8d6cTh,wet,two_pair,no_draw,2P+,54,37.26,CHECK
4BP_turn_9s8d6cTh,turn,IP,4BP,9s8d6cTh,wet,second_pair,no_draw,アンダーペア,72,51.18,BET
4BP_turn_9s8d6cTh,turn,IP,4BP,9s8d6cTh,wet,top_pair,no_draw,TP+,72,61.15,BET
4BP_turn_9s8d6cTh,turn,IP,4BP,9s8d6cTh,wet,no_made_hand,oesd,エア,64,33.46,CHECK
4BP_turn_9s8d6cTh,turn,IP,4BP,9s8d6cTh,wet,low_pair,oesd,アンダーペア,12,65.15,BET
4BP_turn_9s8d6cTh,turn,IP,4BP,9s8d6cTh,wet,third_pair,oesd,アンダーペア,12,96.99,BET
4BP_turn_9s8d6cTh,turn,IP,4BP,9s8d6cTh,wet,second_pair,oesd,アンダーペア,12,6.6,CHECK
4BP_turn_9s8d6cTh,turn,IP,4BP,9s8d6cTh,wet,top_pair,oesd,TP+,12,68.22,BET
4BP_turn_9s8d6cTh,turn,IP,4BP,9s8d6cTh,wet,overpair,oesd,TP+,6,28.18,CHECK
4BP_turn_9s8d6cTh,turn,IP,4BP,9s8d6cTh,wet,no_made_hand,gutshot,エア,64,55.77,BET
4BP_turn_9s8d6cTh,turn,IP,4BP,9s8d6cTh,wet,low_pair,gutshot,アンダーペア,12,99.78,BET
4BP_turn_9s8d6cTh,turn,IP,4BP,9s8d6cTh,wet,third_pair,gutshot,アンダーペア,12,99.79,BET
4BP_turn_9s8d6cTh,turn,IP,4BP,9s8d6cTh,wet,second_pair,gutshot,アンダーペア,12,91.28,BET
4BP_turn_9s8d6cTh,turn,IP,4BP,9s8d6cTh,wet,top_pair,gutshot,TP+,12,99.93,BET
4BP_turn_9s8d6cTh,turn,IP,4BP,9s8d6cTh,wet,overpair,gutshot,TP+,6,99.94,BET
4BP_turn_9s8d6cTh,turn,IP,4BP,9s8d6cTh,wet,king_high,no_draw,エア,64,71.66,BET
4BP_turn_9s8d6cTh,turn,IP,4BP,9s8d6cTh,wet,king_high,oesd,エア,16,87.54,BET
4BP_turn_9s8d6cTh,turn,IP,4BP,9s8d6cTh,wet,king_high,gutshot,エア,16,35.35,CHECK
4BP_turn_9s8d6cTh,turn,IP,4BP,9s8d6cTh,wet,overpair,no_draw,TP+,12,48.85,CHECK
4BP_turn_9s8d6cTh,turn,IP,4BP,9s8d6cTh,wet,ace_high,no_draw,エア,80,55.15,BET
4BP_turn_9s8d6cTh,turn,IP,4BP,9s8d6cTh,wet,ace_high,oesd,エア,16,30.79,CHECK
4BP_turn_9s8d6cTh,turn,IP,4BP,9s8d6cTh,wet,ace_high,gutshot,エア,16,97.4,BET
4BP_turn_as9d4c2h,turn,IP,4BP,as9d4c2h,dry,set,no_draw,2P+,12,63.56,BET
4BP_turn_as9d4c2h,turn,IP,4BP,as9d4c2h,dry,low_pair,gutshot,アンダーペア,30,48.81,CHECK
4BP_turn_as9d4c2h,turn,IP,4BP,as9d4c2h,dry,two_pair,no_draw,2P+,54,52.73,BET
4BP_turn_as9d4c2h,turn,IP,4BP,as9d4c2h,dry,third_pair,gutshot,アンダーペア,30,99.99,BET
4BP_turn_as9d4c2h,turn,IP,4BP,as9d4c2h,dry,straight,no_draw,2P+,16,3.77,CHECK
4BP_turn_as9d4c2h,turn,IP,4BP,as9d4c2h,dry,low_pair,no_draw,アンダーペア,84,13.93,CHECK
4BP_turn_as9d4c2h,turn,IP,4BP,as9d4c2h,dry,no_made_hand,gutshot,エア,192,46.55,CHECK
4BP_turn_as9d4c2h,turn,IP,4BP,as9d4c2h,dry,third_pair,no_draw,アンダーペア,102,92.12,BET
4BP_turn_as9d4c2h,turn,IP,4BP,as9d4c2h,dry,no_made_hand,no_draw,エア,240,44.72,CHECK
4BP_turn_as9d4c2h,turn,IP,4BP,as9d4c2h,dry,second_pair,gutshot,アンダーペア,24,99.96,BET
4BP_turn_as9d4c2h,turn,IP,4BP,as9d4c2h,dry,second_pair,no_draw,アンダーペア,84,93.17,BET
4BP_turn_as9d4c2h,turn,IP,4BP,as9d4c2h,dry,underpair,no_draw,アンダーペア,24,55.84,BET
4BP_turn_as9d4c2h,turn,IP,4BP,as9d4c2h,dry,king_high,gutshot,エア,32,0.32,CHECK
4BP_turn_as9d4c2h,turn,IP,4BP,as9d4c2h,dry,king_high,no_draw,エア,96,0.03,CHECK
4BP_turn_as9d4c2h,turn,IP,4BP,as9d4c2h,dry,top_pair,gutshot,TP+,24,79.13,BET
4BP_turn_as9d4c2h,turn,IP,4BP,as9d4c2h,dry,top_pair,no_draw,TP+,84,80.03,BET
4BP_turn_as9d4cKh,turn,IP,4BP,as9d4cKh,dry,low_pair,no_draw,アンダーペア,144,77.03,BET
4BP_turn_as9d4cKh,turn,IP,4BP,as9d4cKh,dry,no_made_hand,gutshot,エア,96,69.71,BET
4BP_turn_as9d4cKh,turn,IP,4BP,as9d4cKh,dry,set,no_draw,2P+,12,40.37,CHECK
4BP_turn_as9d4cKh,turn,IP,4BP,as9d4cKh,dry,no_made_hand,no_draw,エア,480,58.02,BET
4BP_turn_as9d4cKh,turn,IP,4BP,as9d4cKh,dry,third_pair,no_draw,アンダーペア,126,42.84,CHECK
4BP_turn_as9d4cKh,turn,IP,4BP,as9d4cKh,dry,two_pair,no_draw,2P+,54,56.47,BET
4BP_turn_as9d4cKh,turn,IP,4BP,as9d4cKh,dry,second_pair,no_draw,アンダーペア,108,68.73,BET
4BP_turn_as9d4cKh,turn,IP,4BP,as9d4cKh,dry,top_pair,no_draw,TP+,108,72.36,BET
4BP_turn_as9d4cTh,turn,IP,4BP,as9d4cTh,dry,low_pair,no_draw,アンダーペア,144,70.87,BET
4BP_turn_as9d4cTh,turn,IP,4BP,as9d4cTh,dry,no_made_hand,gutshot,エア,112,22.08,CHECK
4BP_turn_as9d4cTh,turn,IP,4BP,as9d4cTh,dry,set,no_draw,2P+,12,53.39,BET
4BP_turn_as9d4cTh,turn,IP,4BP,as9d4cTh,dry,no_made_hand,no_draw,エア,288,64.35,BET
4BP_turn_as9d4cTh,turn,IP,4BP,as9d4cTh,dry,no_made_hand,oesd,エア,48,75.0,BET
4BP_turn_as9d4cTh,turn,IP,4BP,as9d4cTh,dry,third_pair,no_draw,アンダーペア,108,7.77,CHECK
4BP_turn_as9d4cTh,turn,IP,4BP,as9d4cTh,dry,two_pair,no_draw,2P+,54,58.88,BET
4BP_turn_as9d4cTh,turn,IP,4BP,as9d4cTh,dry,second_pair,no_draw,アンダーペア,108,48.37,CHECK
4BP_turn_as9d4cTh,turn,IP,4BP,as9d4cTh,dry,underpair,no_draw,アンダーペア,18,40.87,CHECK
4BP_turn_as9d4cTh,turn,IP,4BP,as9d4cTh,dry,king_high,no_draw,エア,96,38.43,CHECK
4BP_turn_as9d4cTh,turn,IP,4BP,as9d4cTh,dry,king_high,gutshot,エア,32,99.8,BET
4BP_turn_as9d4cTh,turn,IP,4BP,as9d4cTh,dry,top_pair,no_draw,TP+,108,68.6,BET
4BP_turn_jstc4s2h,turn,IP,4BP,jstc4s2h,dry,set,no_draw,2P+,12,79.12,BET
4BP_turn_jstc4s2h,turn,IP,4BP,jstc4s2h,dry,low_pair,no_draw,アンダーペア,105,24.48,CHECK
4BP_turn_jstc4s2h,turn,IP,4BP,jstc4s2h,dry,low_pair,flush_draw,アンダーペア,8,22.97,CHECK
4BP_turn_jstc4s2h,turn,IP,4BP,jstc4s2h,dry,two_pair,no_draw,2P+,53,49.5,CHECK
4BP_turn_jstc4s2h,turn,IP,4BP,jstc4s2h,dry,third_pair,no_draw,アンダーペア,138,86.81,BET
4BP_turn_jstc4s2h,turn,IP,4BP,jstc4s2h,dry,no_made_hand,oesd,エア,45,9.45,CHECK
4BP_turn_jstc4s2h,turn,IP,4BP,jstc4s2h,dry,no_made_hand,combo_draw,エア,8,79.89,BET
4BP_turn_jstc4s2h,turn,IP,4BP,jstc4s2h,dry,no_made_hand,gutshot,エア,75,25.46,CHECK
4BP_turn_jstc4s2h,turn,IP,4BP,jstc4s2h,dry,no_made_hand,no_draw,エア,195,69.26,BET
4BP_turn_jstc4s2h,turn,IP,4BP,jstc4s2h,dry,no_made_hand,flush_draw,エア,13,15.27,CHECK
4BP_turn_jstc4s2h,turn,IP,4BP,jstc4s2h,dry,second_pair,no_draw,アンダーペア,99,87.77,BET
4BP_turn_jstc4s2h,turn,IP,4BP,jstc4s2h,dry,two_pair,flush_draw,2P+,1,1.82,CHECK
4BP_turn_jstc4s2h,turn,IP,4BP,jstc4s2h,dry,second_pair,flush_draw,アンダーペア,8,93.7,BET
4BP_turn_jstc4s2h,turn,IP,4BP,jstc4s2h,dry,top_pair,no_draw,TP+,108,89.83,BET
4BP_turn_jstc4s2h,turn,IP,4BP,jstc4s2h,dry,overpair,no_draw,TP+,18,42.74,CHECK
4BP_turn_jstc4s2h,turn,IP,4BP,jstc4s2h,dry,king_high,no_draw,エア,75,2.23,CHECK
4BP_turn_jstc4s2h,turn,IP,4BP,jstc4s2h,dry,king_high,gutshot,エア,15,0.02,CHECK
4BP_turn_jstc4s2h,turn,IP,4BP,jstc4s2h,dry,king_high,oesd,エア,15,0.1,CHECK
4BP_turn_jstc4s2h,turn,IP,4BP,jstc4s2h,dry,king_high,flush_draw,エア,5,0.07,CHECK
4BP_turn_jstc4s2h,turn,IP,4BP,jstc4s2h,dry,king_high,combo_draw,エア,2,0.12,CHECK
4BP_turn_jstc4s2h,turn,IP,4BP,jstc4s2h,dry,ace_high,gutshot,エア,60,0.03,CHECK
4BP_turn_jstc4s2h,turn,IP,4BP,jstc4s2h,dry,ace_high,no_draw,エア,60,0.02,CHECK
4BP_turn_jstc4s2h,turn,IP,4BP,jstc4s2h,dry,low_pair,nut_flush_draw,アンダーペア,1,99.7,BET
4BP_turn_jstc4s2h,turn,IP,4BP,jstc4s2h,dry,ace_high,combo_draw,エア,4,0.4,CHECK
4BP_turn_jstc4s2h,turn,IP,4BP,jstc4s2h,dry,ace_high,nut_flush_draw,エア,4,0.03,CHECK
4BP_turn_jstc4s2h,turn,IP,4BP,jstc4s2h,dry,second_pair,nut_flush_draw,アンダーペア,1,17.35,CHECK
4BP_turn_jstc4sTh,turn,IP,4BP,jstc4sTh,dry,low_pair,no_draw,アンダーペア,12,14.29,CHECK
4BP_turn_jstc4sTh,turn,IP,4BP,jstc4sTh,dry,no_made_hand,no_draw,エア,345,57.08,BET
4BP_turn_jstc4sTh,turn,IP,4BP,jstc4sTh,dry,no_made_hand,flush_draw,エア,23,0.11,CHECK
4BP_turn_jstc4sTh,turn,IP,4BP,jstc4sTh,dry,third_pair,no_draw,アンダーペア,150,91.11,BET
4BP_turn_jstc4sTh,turn,IP,4BP,jstc4sTh,dry,fullhouse,no_draw,2P+,18,93.14,BET
4BP_turn_jstc4sTh,turn,IP,4BP,jstc4sTh,dry,no_made_hand,gutshot,エア,45,23.11,CHECK
4BP_turn_jstc4sTh,turn,IP,4BP,jstc4sTh,dry,no_made_hand,combo_draw,エア,5,46.97,CHECK
4BP_turn_jstc4sTh,turn,IP,4BP,jstc4sTh,dry,no_made_hand,oesd,エア,30,50.05,BET
4BP_turn_jstc4sTh,turn,IP,4BP,jstc4sTh,dry,trips,no_draw,2P+,70,80.44,BET
4BP_turn_jstc4sTh,turn,IP,4BP,jstc4sTh,dry,trips,flush_draw,2P+,9,77.37,BET
4BP_turn_jstc4sTh,turn,IP,4BP,jstc4sTh,dry,quads,no_draw,2P+,1,99.79,BET
4BP_turn_jstc4sTh,turn,IP,4BP,jstc4sTh,dry,top_pair,no_draw,TP+,129,81.91,BET
4BP_turn_jstc4sTh,turn,IP,4BP,jstc4sTh,dry,overpair,no_draw,TP+,18,39.06,CHECK
4BP_turn_jstc4sTh,turn,IP,4BP,jstc4sTh,dry,king_high,no_draw,エア,90,49.43,CHECK
4BP_turn_jstc4sTh,turn,IP,4BP,jstc4sTh,dry,king_high,gutshot,エア,15,99.89,BET
4BP_turn_jstc4sTh,turn,IP,4BP,jstc4sTh,dry,king_high,oesd,エア,15,99.91,BET
4BP_turn_jstc4sTh,turn,IP,4BP,jstc4sTh,dry,king_high,flush_draw,エア,6,61.7,BET
4BP_turn_jstc4sTh,turn,IP,4BP,jstc4sTh,dry,king_high,combo_draw,エア,2,99.85,BET
4BP_turn_jstc4sTh,turn,IP,4BP,jstc4sTh,dry,ace_high,no_draw,エア,105,65.18,BET
4BP_turn_jstc4sTh,turn,IP,4BP,jstc4sTh,dry,ace_high,gutshot,エア,30,99.97,BET
4BP_turn_jstc4sTh,turn,IP,4BP,jstc4sTh,dry,ace_high,nut_flush_draw,エア,7,97.46,BET
4BP_turn_jstc4sTh,turn,IP,4BP,jstc4sTh,dry,trips,nut_flush_draw,2P+,1,26.67,CHECK
4BP_turn_jstc4sTh,turn,IP,4BP,jstc4sTh,dry,ace_high,combo_draw,エア,2,99.97,BET
4BP_turn_ks7d2c5h,turn,IP,4BP,ks7d2c5h,dry,set,no_draw,2P+,12,46.09,CHECK
4BP_turn_ks7d2c5h,turn,IP,4BP,ks7d2c5h,dry,low_pair,no_draw,アンダーペア,120,75.38,BET
4BP_turn_ks7d2c5h,turn,IP,4BP,ks7d2c5h,dry,no_made_hand,oesd,エア,48,34.75,CHECK
4BP_turn_ks7d2c5h,turn,IP,4BP,ks7d2c5h,dry,two_pair,no_draw,2P+,54,40.5,CHECK
4BP_turn_ks7d2c5h,turn,IP,4BP,ks7d2c5h,dry,third_pair,no_draw,アンダーペア,114,76.46,BET
4BP_turn_ks7d2c5h,turn,IP,4BP,ks7d2c5h,dry,no_made_hand,gutshot,エア,64,79.33,BET
4BP_turn_ks7d2c5h,turn,IP,4BP,ks7d2c5h,dry,second_pair,no_draw,アンダーペア,108,99.92,BET
4BP_turn_ks7d2c5h,turn,IP,4BP,ks7d2c5h,dry,no_made_hand,no_draw,エア,336,38.18,CHECK
4BP_turn_ks7d2c5h,turn,IP,4BP,ks7d2c5h,dry,underpair,no_draw,アンダーペア,30,75.6,BET
4BP_turn_ks7d2c5h,turn,IP,4BP,ks7d2c5h,dry,top_pair,no_draw,TP+,108,52.67,BET
4BP_turn_ks7d2c5h,turn,IP,4BP,ks7d2c5h,dry,ace_high,gutshot,エア,32,0.05,CHECK
4BP_turn_ks7d2c5h,turn,IP,4BP,ks7d2c5h,dry,ace_high,no_draw,エア,96,21.81,CHECK
4BP_turn_ks7d2c5h,turn,IP,4BP,ks7d2c5h,dry,overpair,no_draw,TP+,6,0.63,CHECK
4BP_turn_ks7d2cAh,turn,IP,4BP,ks7d2cAh,dry,set,no_draw,2P+,12,73.17,BET
4BP_turn_ks7d2cAh,turn,IP,4BP,ks7d2cAh,dry,low_pair,no_draw,アンダーペア,132,88.31,BET
4BP_turn_ks7d2cAh,turn,IP,4BP,ks7d2cAh,dry,no_made_hand,gutshot,エア,96,68.85,BET
4BP_turn_ks7d2cAh,turn,IP,4BP,ks7d2cAh,dry,no_made_hand,no_draw,エア,480,56.24,BET
4BP_turn_ks7d2cAh,turn,IP,4BP,ks7d2cAh,dry,two_pair,no_draw,2P+,54,54.28,BET
4BP_turn_ks7d2cAh,turn,IP,4BP,ks7d2cAh,dry,third_pair,no_draw,アンダーペア,138,72.64,BET
4BP_turn_ks7d2cAh,turn,IP,4BP,ks7d2cAh,dry,second_pair,no_draw,アンダーペア,108,73.76,BET
4BP_turn_ks7d2cAh,turn,IP,4BP,ks7d2cAh,dry,top_pair,no_draw,TP+,108,72.76,BET
4BP_turn_ks7d2cJh,turn,IP,4BP,ks7d2cJh,dry,set,no_draw,2P+,12,88.71,BET
4BP_turn_ks7d2cJh,turn,IP,4BP,ks7d2cJh,dry,low_pair,no_draw,アンダーペア,132,89.92,BET
4BP_turn_ks7d2cJh,turn,IP,4BP,ks7d2cJh,dry,no_made_hand,no_draw,エア,368,61.34,BET
4BP_turn_ks7d2cJh,turn,IP,4BP,ks7d2cJh,dry,two_pair,no_draw,2P+,54,92.86,BET
4BP_turn_ks7d2cJh,turn,IP,4BP,ks7d2cJh,dry,third_pair,no_draw,アンダーペア,126,28.5,CHECK
4BP_turn_ks7d2cJh,turn,IP,4BP,ks7d2cJh,dry,no_made_hand,gutshot,エア,48,12.86,CHECK
4BP_turn_ks7d2cJh,turn,IP,4BP,ks7d2cJh,dry,no_made_hand,oesd,エア,32,28.44,CHECK
4BP_turn_ks7d2cJh,turn,IP,4BP,ks7d2cJh,dry,second_pair,no_draw,アンダーペア,108,37.78,CHECK
4BP_turn_ks7d2cJh,turn,IP,4BP,ks7d2cJh,dry,underpair,no_draw,アンダーペア,6,9.15,CHECK
4BP_turn_ks7d2cJh,turn,IP,4BP,ks7d2cJh,dry,top_pair,no_draw,TP+,108,90.1,BET
4BP_turn_ks7d2cJh,turn,IP,4BP,ks7d2cJh,dry,ace_high,no_draw,エア,96,61.96,BET
4BP_turn_ks7d2cJh,turn,IP,4BP,ks7d2cJh,dry,ace_high,gutshot,エア,32,99.86,BET
4BP_turn_ks7d2cJh,turn,IP,4BP,ks7d2cJh,dry,overpair,no_draw,TP+,6,85.01,BET
4BP_turn_ks7d7c2h,turn,IP,4BP,ks7d7c2h,paired,fullhouse,no_draw,2P+,18,98.57,BET
4BP_turn_ks7d7c2h,turn,IP,4BP,ks7d7c2h,paired,third_pair,no_draw,アンダーペア,144,97.28,BET
4BP_turn_ks7d7c2h,turn,IP,4BP,ks7d7c2h,paired,no_made_hand,no_draw,エア,576,27.67,CHECK
4BP_turn_ks7d7c2h,turn,IP,4BP,ks7d7c2h,paired,trips,no_draw,2P+,80,40.61,CHECK
4BP_turn_ks7d7c2h,turn,IP,4BP,ks7d7c2h,paired,quads,no_draw,2P+,1,74.03,BET
4BP_turn_ks7d7c2h,turn,IP,4BP,ks7d7c2h,paired,underpair,no_draw,アンダーペア,30,41.77,CHECK
4BP_turn_ks7d7c2h,turn,IP,4BP,ks7d7c2h,paired,top_pair,no_draw,TP+,129,58.96,BET
4BP_turn_ks7d7c2h,turn,IP,4BP,ks7d7c2h,paired,ace_high,no_draw,エア,144,52.09,BET
4BP_turn_ks7d7c2h,turn,IP,4BP,ks7d7c2h,paired,overpair,no_draw,TP+,6,64.61,BET
4BP_turn_ks7d7cTh,turn,IP,4BP,ks7d7cTh,paired,low_pair,no_draw,アンダーペア,30,99.17,BET
4BP_turn_ks7d7cTh,turn,IP,4BP,ks7d7cTh,paired,no_made_hand,no_draw,エア,464,47.83,CHECK
4BP_turn_ks7d7cTh,turn,IP,4BP,ks7d7cTh,paired,trips,no_draw,2P+,80,89.28,BET
4BP_turn_ks7d7cTh,turn,IP,4BP,ks7d7cTh,paired,quads,no_draw,2P+,1,98.84,BET
4BP_turn_ks7d7cTh,turn,IP,4BP,ks7d7cTh,paired,no_made_hand,gutshot,エア,64,49.57,CHECK
4BP_turn_ks7d7cTh,turn,IP,4BP,ks7d7cTh,paired,third_pair,no_draw,アンダーペア,12,9.56,CHECK
4BP_turn_ks7d7cTh,turn,IP,4BP,ks7d7cTh,paired,no_made_hand,oesd,エア,48,74.35,BET
4BP_turn_ks7d7cTh,turn,IP,4BP,ks7d7cTh,paired,second_pair,no_draw,アンダーペア,120,28.76,CHECK
4BP_turn_ks7d7cTh,turn,IP,4BP,ks7d7cTh,paired,fullhouse,no_draw,2P+,18,94.16,BET
4BP_turn_ks7d7cTh,turn,IP,4BP,ks7d7cTh,paired,underpair,no_draw,アンダーペア,12,38.36,CHECK
4BP_turn_ks7d7cTh,turn,IP,4BP,ks7d7cTh,paired,top_pair,no_draw,TP+,129,73.45,BET
4BP_turn_ks7d7cTh,turn,IP,4BP,ks7d7cTh,paired,ace_high,no_draw,エア,112,68.38,BET
4BP_turn_ks7d7cTh,turn,IP,4BP,ks7d7cTh,paired,ace_high,gutshot,エア,32,99.95,BET
4BP_turn_ks7d7cTh,turn,IP,4BP,ks7d7cTh,paired,overpair,no_draw,TP+,6,33.89,CHECK
SRP_river_4s4d2c5hJc,river,IP,SRP,4s4d2c5hJc,dry,fullhouse,no_draw,2P+,27,100.0,BET
SRP_river_4s4d2c5hJc,river,IP,SRP,4s4d2c5hJc,dry,low_pair,no_draw,アンダーペア,114,99.68,BET
SRP_river_4s4d2c5hJc,river,IP,SRP,4s4d2c5hJc,dry,trips,no_draw,2P+,72,100.0,BET
SRP_river_4s4d2c5hJc,river,IP,SRP,4s4d2c5hJc,dry,quads,no_draw,2P+,1,100.0,BET
SRP_river_4s4d2c5hJc,river,IP,SRP,4s4d2c5hJc,dry,second_pair,no_draw,アンダーペア,117,99.88,BET
SRP_river_4s4d2c5hJc,river,IP,SRP,4s4d2c5hJc,dry,straight,no_draw,2P+,32,100.0,BET
SRP_river_4s4d2c5hJc,river,IP,SRP,4s4d2c5hJc,dry,underpair,no_draw,アンダーペア,30,99.24,BET
SRP_river_4s4d2c5hJc,river,IP,SRP,4s4d2c5hJc,dry,no_made_hand,no_draw,エア,320,69.94,BET
SRP_river_4s4d2c5hJc,river,IP,SRP,4s4d2c5hJc,dry,top_pair,no_draw,TP+,126,99.88,BET
SRP_river_4s4d2c5hJc,river,IP,SRP,4s4d2c5hJc,dry,overpair,no_draw,TP+,18,99.99,BET
SRP_river_4s4d2c5hJc,river,IP,SRP,4s4d2c5hJc,dry,king_high,no_draw,エア,112,13.06,CHECK
SRP_river_4s4d2c5hJc,river,IP,SRP,4s4d2c5hJc,dry,ace_high,no_draw,エア,112,98.79,BET
SRP_river_8s5d3c2hKc,river,IP,SRP,8s5d3c2hKc,dry,set,no_draw,2P+,15,100.0,BET
SRP_river_8s5d3c2hKc,river,IP,SRP,8s5d3c2hKc,dry,two_pair,no_draw,2P+,90,99.99,BET
SRP_river_8s5d3c2hKc,river,IP,SRP,8s5d3c2hKc,dry,low_pair,no_draw,アンダーペア,198,0.66,CHECK
SRP_river_8s5d3c2hKc,river,IP,SRP,8s5d3c2hKc,dry,third_pair,no_draw,アンダーペア,108,26.84,CHECK
SRP_river_8s5d3c2hKc,river,IP,SRP,8s5d3c2hKc,dry,straight,no_draw,2P+,32,100.0,BET
SRP_river_8s5d3c2hKc,river,IP,SRP,8s5d3c2hKc,dry,no_made_hand,no_draw,エア,320,86.43,BET
SRP_river_8s5d3c2hKc,river,IP,SRP,8s5d3c2hKc,dry,second_pair,no_draw,アンダーペア,96,9.56,CHECK
SRP_river_8s5d3c2hKc,river,IP,SRP,8s5d3c2hKc,dry,underpair,no_draw,アンダーペア,24,0.41,CHECK
SRP_river_8s5d3c2hKc,river,IP,SRP,8s5d3c2hKc,dry,top_pair,no_draw,TP+,96,84.52,BET
SRP_river_8s5d3c2hKc,river,IP,SRP,8s5d3c2hKc,dry,ace_high,no_draw,エア,96,0.01,CHECK
SRP_river_8s5d3c2hKc,river,IP,SRP,8s5d3c2hKc,dry,overpair,no_draw,TP+,6,99.94,BET
SRP_river_9s8d6c2hAc,river,IP,SRP,9s8d6c2hAc,dry,set,no_draw,2P+,15,100.0,BET
SRP_river_9s8d6c2hAc,river,IP,SRP,9s8d6c2hAc,dry,low_pair,no_draw,アンダーペア,216,0.88,CHECK
SRP_river_9s8d6c2hAc,river,IP,SRP,9s8d6c2hAc,dry,no_made_hand,no_draw,エア,304,77.79,BET
SRP_river_9s8d6c2hAc,river,IP,SRP,9s8d6c2hAc,dry,two_pair,no_draw,2P+,90,99.99,BET
SRP_river_9s8d6c2hAc,river,IP,SRP,9s8d6c2hAc,dry,straight,no_draw,2P+,32,100.0,BET
SRP_river_9s8d6c2hAc,river,IP,SRP,9s8d6c2hAc,dry,third_pair,no_draw,アンダーペア,96,0.19,CHECK
SRP_river_9s8d6c2hAc,river,IP,SRP,9s8d6c2hAc,dry,second_pair,no_draw,アンダーペア,96,0.09,CHECK
SRP_river_9s8d6c2hAc,river,IP,SRP,9s8d6c2hAc,dry,underpair,no_draw,アンダーペア,24,0.04,CHECK
SRP_river_9s8d6c2hAc,river,IP,SRP,9s8d6c2hAc,dry,king_high,no_draw,エア,112,0.03,CHECK
SRP_river_9s8d6c2hAc,river,IP,SRP,9s8d6c2hAc,dry,top_pair,no_draw,TP+,96,82.62,BET
SRP_river_9s8d6cThKd,river,IP,SRP,9s8d6cThKd,dry,low_pair,no_draw,アンダーペア,192,0.02,CHECK
SRP_river_9s8d6cThKd,river,IP,SRP,9s8d6cThKd,dry,no_made_hand,no_draw,エア,224,77.19,BET
SRP_river_9s8d6cThKd,river,IP,SRP,9s8d6cThKd,dry,set,no_draw,2P+,15,68.07,BET
SRP_river_9s8d6cThKd,river,IP,SRP,9s8d6cThKd,dry,straight,no_draw,2P+,194,99.93,BET
SRP_river_9s8d6cThKd,river,IP,SRP,9s8d6cThKd,dry,two_pair,no_draw,2P+,90,55.97,BET
SRP_river_9s8d6cThKd,river,IP,SRP,9s8d6cThKd,dry,third_pair,no_draw,アンダーペア,84,17.14,CHECK
SRP_river_9s8d6cThKd,river,IP,SRP,9s8d6cThKd,dry,second_pair,no_draw,アンダーペア,84,25.85,CHECK
SRP_river_9s8d6cThKd,river,IP,SRP,9s8d6cThKd,dry,underpair,no_draw,アンダーペア,12,87.93,BET
SRP_river_9s8d6cThKd,river,IP,SRP,9s8d6cThKd,dry,top_pair,no_draw,TP+,84,31.18,CHECK
SRP_river_9s8d6cThKd,river,IP,SRP,9s8d6cThKd,dry,ace_high,no_draw,エア,96,0.02,CHECK
SRP_river_9s8d6cThKd,river,IP,SRP,9s8d6cThKd,dry,overpair,no_draw,TP+,6,12.31,CHECK
SRP_river_as9d4c2h7d,river,IP,SRP,as9d4c2h7d,dry,set,no_draw,2P+,15,100.0,BET
SRP_river_as9d4c2h7d,river,IP,SRP,as9d4c2h7d,dry,low_pair,no_draw,アンダーペア,210,10.63,CHECK
SRP_river_as9d4c2h7d,river,IP,SRP,as9d4c2h7d,dry,two_pair,no_draw,2P+,90,100.0,BET
SRP_river_as9d4c2h7d,river,IP,SRP,as9d4c2h7d,dry,straight,no_draw,2P+,16,100.0,BET
SRP_river_as9d4c2h7d,river,IP,SRP,as9d4c2h7d,dry,no_made_hand,no_draw,エア,320,57.85,BET
SRP_river_as9d4c2h7d,river,IP,SRP,as9d4c2h7d,dry,third_pair,no_draw,アンダーペア,102,22.86,CHECK
SRP_river_as9d4c2h7d,river,IP,SRP,as9d4c2h7d,dry,second_pair,no_draw,アンダーペア,96,43.1,CHECK
SRP_river_as9d4c2h7d,river,IP,SRP,as9d4c2h7d,dry,underpair,no_draw,アンダーペア,24,15.09,CHECK
SRP_river_as9d4c2h7d,river,IP,SRP,as9d4c2h7d,dry,king_high,no_draw,エア,112,0.0,CHECK
SRP_river_as9d4c2h7d,river,IP,SRP,as9d4c2h7d,dry,top_pair,no_draw,TP+,96,99.91,BET
SRP_river_as9d4c2hTc,river,IP,SRP,as9d4c2hTc,dry,set,no_draw,2P+,15,100.0,BET
SRP_river_as9d4c2hTc,river,IP,SRP,as9d4c2hTc,dry,low_pair,no_draw,アンダーペア,222,28.04,CHECK
SRP_river_as9d4c2hTc,river,IP,SRP,as9d4c2hTc,dry,two_pair,no_draw,2P+,90,99.99,BET
SRP_river_as9d4c2hTc,river,IP,SRP,as9d4c2hTc,dry,straight,no_draw,2P+,16,100.0,BET
SRP_river_as9d4c2hTc,river,IP,SRP,as9d4c2hTc,dry,no_made_hand,no_draw,エア,320,54.63,BET
SRP_river_as9d4c2hTc,river,IP,SRP,as9d4c2hTc,dry,third_pair,no_draw,アンダーペア,96,29.02,CHECK
SRP_river_as9d4c2hTc,river,IP,SRP,as9d4c2hTc,dry,second_pair,no_draw,アンダーペア,96,72.46,BET
SRP_river_as9d4c2hTc,river,IP,SRP,as9d4c2hTc,dry,underpair,no_draw,アンダーペア,18,99.62,BET
SRP_river_as9d4c2hTc,river,IP,SRP,as9d4c2hTc,dry,king_high,no_draw,エア,112,0.0,CHECK
SRP_river_as9d4c2hTc,river,IP,SRP,as9d4c2hTc,dry,top_pair,no_draw,TP+,96,99.97,BET
SRP_river_as9d4cThTd,river,IP,SRP,as9d4cThTd,dry,low_pair,no_draw,アンダーペア,144,0.02,CHECK
SRP_river_as9d4cThTd,river,IP,SRP,as9d4cThTd,dry,no_made_hand,no_draw,エア,448,52.21,BET
SRP_river_as9d4cThTd,river,IP,SRP,as9d4cThTd,dry,fullhouse,no_draw,2P+,27,100.0,BET
SRP_river_as9d4cThTd,river,IP,SRP,as9d4cThTd,dry,third_pair,no_draw,アンダーペア,117,72.08,BET
SRP_river_as9d4cThTd,river,IP,SRP,as9d4cThTd,dry,trips,no_draw,2P+,72,100.0,BET
SRP_river_as9d4cThTd,river,IP,SRP,as9d4cThTd,dry,quads,no_draw,2P+,1,100.0,BET
SRP_river_as9d4cThTd,river,IP,SRP,as9d4cThTd,dry,underpair,no_draw,アンダーペア,18,99.96,BET
SRP_river_as9d4cThTd,river,IP,SRP,as9d4cThTd,dry,king_high,no_draw,エア,128,0.0,CHECK
SRP_river_as9d4cThTd,river,IP,SRP,as9d4cThTd,dry,top_pair,no_draw,TP+,126,99.99,BET
SRP_river_ks7d2c5h9d,river,IP,SRP,ks7d2c5h9d,dry,set,no_draw,2P+,15,100.0,BET
SRP_river_ks7d2c5h9d,river,IP,SRP,ks7d2c5h9d,dry,low_pair,no_draw,アンダーペア,210,16.05,CHECK
SRP_river_ks7d2c5h9d,river,IP,SRP,ks7d2c5h9d,dry,no_made_hand,no_draw,エア,320,52.96,BET
SRP_river_ks7d2c5h9d,river,IP,SRP,ks7d2c5h9d,dry,two_pair,no_draw,2P+,90,99.98,BET
SRP_river_ks7d2c5h9d,river,IP,SRP,ks7d2c5h9d,dry,third_pair,no_draw,アンダーペア,102,20.06,CHECK
SRP_river_ks7d2c5h9d,river,IP,SRP,ks7d2c5h9d,dry,straight,no_draw,2P+,16,100.0,BET
SRP_river_ks7d2c5h9d,river,IP,SRP,ks7d2c5h9d,dry,second_pair,no_draw,アンダーペア,96,54.48,BET
SRP_river_ks7d2c5h9d,river,IP,SRP,ks7d2c5h9d,dry,underpair,no_draw,アンダーペア,18,82.5,BET
SRP_river_ks7d2c5h9d,river,IP,SRP,ks7d2c5h9d,dry,top_pair,no_draw,TP+,96,99.97,BET
SRP_river_ks7d2c5h9d,river,IP,SRP,ks7d2c5h9d,dry,ace_high,no_draw,エア,112,5.77,CHECK
SRP_river_ks7d2c5h9d,river,IP,SRP,ks7d2c5h9d,dry,overpair,no_draw,TP+,6,99.95,BET
SRP_river_ks7d2c5hJc,river,IP,SRP,ks7d2c5hJc,dry,set,no_draw,2P+,15,100.0,BET
SRP_river_ks7d2c5hJc,river,IP,SRP,ks7d2c5hJc,dry,low_pair,no_draw,アンダーペア,210,4.51,CHECK
SRP_river_ks7d2c5hJc,river,IP,SRP,ks7d2c5hJc,dry,no_made_hand,no_draw,エア,336,67.26,BET
SRP_river_ks7d2c5hJc,river,IP,SRP,ks7d2c5hJc,dry,two_pair,no_draw,2P+,90,100.0,BET
SRP_river_ks7d2c5hJc,river,IP,SRP,ks7d2c5hJc,dry,third_pair,no_draw,アンダーペア,114,15.0,CHECK
SRP_river_ks7d2c5hJc,river,IP,SRP,ks7d2c5hJc,dry,second_pair,no_draw,アンダーペア,96,69.72,BET
SRP_river_ks7d2c5hJc,river,IP,SRP,ks7d2c5hJc,dry,underpair,no_draw,アンダーペア,6,99.83,BET
SRP_river_ks7d2c5hJc,river,IP,SRP,ks7d2c5hJc,dry,top_pair,no_draw,TP+,96,100.0,BET
SRP_river_ks7d2c5hJc,river,IP,SRP,ks7d2c5hJc,dry,ace_high,no_draw,エア,112,3.55,CHECK
SRP_river_ks7d2c5hJc,river,IP,SRP,ks7d2c5hJc,dry,overpair,no_draw,TP+,6,100.0,BET
SRP_river_ks7d7c2hAc,river,IP,SRP,ks7d7c2hAc,dry,fullhouse,no_draw,2P+,27,100.0,BET
SRP_river_ks7d7c2hAc,river,IP,SRP,ks7d7c2hAc,dry,low_pair,no_draw,アンダーペア,132,0.03,CHECK
SRP_river_ks7d7c2hAc,river,IP,SRP,ks7d7c2hAc,dry,no_made_hand,no_draw,エア,576,45.01,CHECK
SRP_river_ks7d7c2hAc,river,IP,SRP,ks7d7c2hAc,dry,trips,no_draw,2P+,72,100.0,BET
SRP_river_ks7d7c2hAc,river,IP,SRP,ks7d7c2hAc,dry,quads,no_draw,2P+,1,100.0,BET
SRP_river_ks7d7c2hAc,river,IP,SRP,ks7d7c2hAc,dry,third_pair,no_draw,アンダーペア,30,0.04,CHECK
SRP_river_ks7d7c2hAc,river,IP,SRP,ks7d7c2hAc,dry,second_pair,no_draw,アンダーペア,117,79.61,BET
SRP_river_ks7d7c2hAc,river,IP,SRP,ks7d7c2hAc,dry,top_pair,no_draw,TP+,126,100.0,BET
OOP_3BP_river_4s4d2c5hJc,river,OOP,3BP,4s4d2c5hJc,dry,fullhouse,no_draw,2P+,27,90.67,BET
OOP_3BP_river_4s4d2c5hJc,river,OOP,3BP,4s4d2c5hJc,dry,low_pair,no_draw,アンダーペア,114,99.92,BET
OOP_3BP_river_4s4d2c5hJc,river,OOP,3BP,4s4d2c5hJc,dry,trips,no_draw,2P+,72,46.46,CHECK
OOP_3BP_river_4s4d2c5hJc,river,OOP,3BP,4s4d2c5hJc,dry,quads,no_draw,2P+,1,23.34,CHECK
OOP_3BP_river_4s4d2c5hJc,river,OOP,3BP,4s4d2c5hJc,dry,second_pair,no_draw,アンダーペア,117,99.92,BET
OOP_3BP_river_4s4d2c5hJc,river,OOP,3BP,4s4d2c5hJc,dry,straight,no_draw,2P+,32,53.86,BET
OOP_3BP_river_4s4d2c5hJc,river,OOP,3BP,4s4d2c5hJc,dry,underpair,no_draw,アンダーペア,30,99.92,BET
OOP_3BP_river_4s4d2c5hJc,river,OOP,3BP,4s4d2c5hJc,dry,no_made_hand,no_draw,エア,320,53.32,BET
OOP_3BP_river_4s4d2c5hJc,river,OOP,3BP,4s4d2c5hJc,dry,top_pair,no_draw,TP+,126,95.13,BET
OOP_3BP_river_4s4d2c5hJc,river,OOP,3BP,4s4d2c5hJc,dry,overpair,no_draw,TP+,18,75.61,BET
OOP_3BP_river_4s4d2c5hJc,river,OOP,3BP,4s4d2c5hJc,dry,king_high,no_draw,エア,112,0.01,CHECK
OOP_3BP_river_4s4d2c5hJc,river,OOP,3BP,4s4d2c5hJc,dry,ace_high,no_draw,エア,112,47.03,CHECK
OOP_3BP_river_8s5d3c2hKc,river,OOP,3BP,8s5d3c2hKc,dry,set,no_draw,2P+,15,59.3,BET
OOP_3BP_river_8s5d3c2hKc,river,OOP,3BP,8s5d3c2hKc,dry,two_pair,no_draw,2P+,90,57.4,BET
OOP_3BP_river_8s5d3c2hKc,river,OOP,3BP,8s5d3c2hKc,dry,low_pair,no_draw,アンダーペア,198,0.34,CHECK
OOP_3BP_river_8s5d3c2hKc,river,OOP,3BP,8s5d3c2hKc,dry,third_pair,no_draw,アンダーペア,108,85.96,BET
OOP_3BP_river_8s5d3c2hKc,river,OOP,3BP,8s5d3c2hKc,dry,straight,no_draw,2P+,32,28.1,CHECK
OOP_3BP_river_8s5d3c2hKc,river,OOP,3BP,8s5d3c2hKc,dry,no_made_hand,no_draw,エア,320,64.96,BET
OOP_3BP_river_8s5d3c2hKc,river,OOP,3BP,8s5d3c2hKc,dry,second_pair,no_draw,アンダーペア,96,99.22,BET
OOP_3BP_river_8s5d3c2hKc,river,OOP,3BP,8s5d3c2hKc,dry,underpair,no_draw,アンダーペア,24,99.8,BET
OOP_3BP_river_8s5d3c2hKc,river,OOP,3BP,8s5d3c2hKc,dry,top_pair,no_draw,TP+,96,99.73,BET
OOP_3BP_river_8s5d3c2hKc,river,OOP,3BP,8s5d3c2hKc,dry,ace_high,no_draw,エア,96,0.27,CHECK
OOP_3BP_river_8s5d3c2hKc,river,OOP,3BP,8s5d3c2hKc,dry,overpair,no_draw,TP+,6,62.19,BET
OOP_3BP_river_9s8d6c2hAc,river,OOP,3BP,9s8d6c2hAc,dry,set,no_draw,2P+,15,50.48,BET
OOP_3BP_river_9s8d6c2hAc,river,OOP,3BP,9s8d6c2hAc,dry,low_pair,no_draw,アンダーペア,216,0.1,CHECK
OOP_3BP_river_9s8d6c2hAc,river,OOP,3BP,9s8d6c2hAc,dry,no_made_hand,no_draw,エア,304,54.44,BET
OOP_3BP_river_9s8d6c2hAc,river,OOP,3BP,9s8d6c2hAc,dry,two_pair,no_draw,2P+,90,47.69,CHECK
OOP_3BP_river_9s8d6c2hAc,river,OOP,3BP,9s8d6c2hAc,dry,straight,no_draw,2P+,32,22.62,CHECK
OOP_3BP_river_9s8d6c2hAc,river,OOP,3BP,9s8d6c2hAc,dry,third_pair,no_draw,アンダーペア,96,54.48,BET
OOP_3BP_river_9s8d6c2hAc,river,OOP,3BP,9s8d6c2hAc,dry,second_pair,no_draw,アンダーペア,96,84.7,BET
OOP_3BP_river_9s8d6c2hAc,river,OOP,3BP,9s8d6c2hAc,dry,underpair,no_draw,アンダーペア,24,95.91,BET
OOP_3BP_river_9s8d6c2hAc,river,OOP,3BP,9s8d6c2hAc,dry,king_high,no_draw,エア,112,0.03,CHECK
OOP_3BP_river_9s8d6c2hAc,river,OOP,3BP,9s8d6c2hAc,dry,top_pair,no_draw,TP+,96,99.35,BET
OOP_3BP_river_9s8d6cThKd,river,OOP,3BP,9s8d6cThKd,dry,low_pair,no_draw,アンダーペア,192,0.01,CHECK
OOP_3BP_river_9s8d6cThKd,river,OOP,3BP,9s8d6cThKd,dry,no_made_hand,no_draw,エア,224,68.47,BET
OOP_3BP_river_9s8d6cThKd,river,OOP,3BP,9s8d6cThKd,dry,set,no_draw,2P+,15,2.77,CHECK
OOP_3BP_river_9s8d6cThKd,river,OOP,3BP,9s8d6cThKd,dry,straight,no_draw,2P+,194,84.17,BET
OOP_3BP_river_9s8d6cThKd,river,OOP,3BP,9s8d6cThKd,dry,two_pair,no_draw,2P+,90,1.52,CHECK
OOP_3BP_river_9s8d6cThKd,river,OOP,3BP,9s8d6cThKd,dry,third_pair,no_draw,アンダーペア,84,0.08,CHECK
OOP_3BP_river_9s8d6cThKd,river,OOP,3BP,9s8d6cThKd,dry,second_pair,no_draw,アンダーペア,84,0.27,CHECK
OOP_3BP_river_9s8d6cThKd,river,OOP,3BP,9s8d6cThKd,dry,underpair,no_draw,アンダーペア,12,0.94,CHECK
OOP_3BP_river_9s8d6cThKd,river,OOP,3BP,9s8d6cThKd,dry,top_pair,no_draw,TP+,84,41.92,CHECK
OOP_3BP_river_9s8d6cThKd,river,OOP,3BP,9s8d6cThKd,dry,ace_high,no_draw,エア,96,0.88,CHECK
OOP_3BP_river_9s8d6cThKd,river,OOP,3BP,9s8d6cThKd,dry,overpair,no_draw,TP+,6,25.98,CHECK
OOP_3BP_river_As9d4c2h7d,river,OOP,3BP,As9d4c2h7d,dry,set,no_draw,2P+,15,20.42,CHECK
OOP_3BP_river_As9d4c2h7d,river,OOP,3BP,As9d4c2h7d,dry,low_pair,no_draw,アンダーペア,210,56.56,BET
OOP_3BP_river_As9d4c2h7d,river,OOP,3BP,As9d4c2h7d,dry,two_pair,no_draw,2P+,90,53.14,BET
OOP_3BP_river_As9d4c2h7d,river,OOP,3BP,As9d4c2h7d,dry,straight,no_draw,2P+,16,1.19,CHECK
OOP_3BP_river_As9d4c2h7d,river,OOP,3BP,As9d4c2h7d,dry,no_made_hand,no_draw,エア,320,57.08,BET
OOP_3BP_river_As9d4c2h7d,river,OOP,3BP,As9d4c2h7d,dry,third_pair,no_draw,アンダーペア,102,99.94,BET
OOP_3BP_river_As9d4c2h7d,river,OOP,3BP,As9d4c2h7d,dry,second_pair,no_draw,アンダーペア,96,82.97,BET
OOP_3BP_river_As9d4c2h7d,river,OOP,3BP,As9d4c2h7d,dry,underpair,no_draw,アンダーペア,24,45.38,CHECK
OOP_3BP_river_As9d4c2h7d,river,OOP,3BP,As9d4c2h7d,dry,king_high,no_draw,エア,112,0.18,CHECK
OOP_3BP_river_As9d4c2h7d,river,OOP,3BP,As9d4c2h7d,dry,top_pair,no_draw,TP+,96,99.95,BET
OOP_3BP_river_As9d4c2hTc,river,OOP,3BP,As9d4c2hTc,dry,set,no_draw,2P+,15,59.95,BET
OOP_3BP_river_As9d4c2hTc,river,OOP,3BP,As9d4c2hTc,dry,low_pair,no_draw,アンダーペア,222,11.4,CHECK
OOP_3BP_river_As9d4c2hTc,river,OOP,3BP,As9d4c2hTc,dry,two_pair,no_draw,2P+,90,57.62,BET
OOP_3BP_river_As9d4c2hTc,river,OOP,3BP,As9d4c2hTc,dry,straight,no_draw,2P+,16,17.57,CHECK
OOP_3BP_river_As9d4c2hTc,river,OOP,3BP,As9d4c2hTc,dry,no_made_hand,no_draw,エア,320,68.92,BET
OOP_3BP_river_As9d4c2hTc,river,OOP,3BP,As9d4c2hTc,dry,third_pair,no_draw,アンダーペア,96,92.26,BET
OOP_3BP_river_As9d4c2hTc,river,OOP,3BP,As9d4c2hTc,dry,second_pair,no_draw,アンダーペア,96,92.46,BET
OOP_3BP_river_As9d4c2hTc,river,OOP,3BP,As9d4c2hTc,dry,underpair,no_draw,アンダーペア,18,50.36,BET
OOP_3BP_river_As9d4c2hTc,river,OOP,3BP,As9d4c2hTc,dry,king_high,no_draw,エア,112,0.01,CHECK
OOP_3BP_river_As9d4c2hTc,river,OOP,3BP,As9d4c2hTc,dry,top_pair,no_draw,TP+,96,81.24,BET
OOP_3BP_river_As9d4cThTd,river,OOP,3BP,As9d4cThTd,dry,low_pair,no_draw,アンダーペア,144,15.21,CHECK
OOP_3BP_river_As9d4cThTd,river,OOP,3BP,As9d4cThTd,dry,no_made_hand,no_draw,エア,448,37.94,CHECK
OOP_3BP_river_As9d4cThTd,river,OOP,3BP,As9d4cThTd,dry,fullhouse,no_draw,2P+,27,76.34,BET
OOP_3BP_river_As9d4cThTd,river,OOP,3BP,As9d4cThTd,dry,third_pair,no_draw,アンダーペア,117,70.64,BET
OOP_3BP_river_As9d4cThTd,river,OOP,3BP,As9d4cThTd,dry,trips,no_draw,2P+,72,87.02,BET
OOP_3BP_river_As9d4cThTd,river,OOP,3BP,As9d4cThTd,dry,quads,no_draw,2P+,1,98.85,BET
OOP_3BP_river_As9d4cThTd,river,OOP,3BP,As9d4cThTd,dry,underpair,no_draw,アンダーペア,18,9.58,CHECK
OOP_3BP_river_As9d4cThTd,river,OOP,3BP,As9d4cThTd,dry,king_high,no_draw,エア,128,0.0,CHECK
OOP_3BP_river_As9d4cThTd,river,OOP,3BP,As9d4cThTd,dry,top_pair,no_draw,TP+,126,74.76,BET
OOP_3BP_river_Ks7d2c5h9d,river,OOP,3BP,Ks7d2c5h9d,dry,set,no_draw,2P+,15,60.02,BET
OOP_3BP_river_Ks7d2c5h9d,river,OOP,3BP,Ks7d2c5h9d,dry,low_pair,no_draw,アンダーペア,210,5.93,CHECK
OOP_3BP_river_Ks7d2c5h9d,river,OOP,3BP,Ks7d2c5h9d,dry,no_made_hand,no_draw,エア,320,54.69,BET
OOP_3BP_river_Ks7d2c5h9d,river,OOP,3BP,Ks7d2c5h9d,dry,two_pair,no_draw,2P+,90,52.39,BET
OOP_3BP_river_Ks7d2c5h9d,river,OOP,3BP,Ks7d2c5h9d,dry,third_pair,no_draw,アンダーペア,102,93.39,BET
OOP_3BP_river_Ks7d2c5h9d,river,OOP,3BP,Ks7d2c5h9d,dry,straight,no_draw,2P+,16,80.07,BET
OOP_3BP_river_Ks7d2c5h9d,river,OOP,3BP,Ks7d2c5h9d,dry,second_pair,no_draw,アンダーペア,96,94.42,BET
OOP_3BP_river_Ks7d2c5h9d,river,OOP,3BP,Ks7d2c5h9d,dry,underpair,no_draw,アンダーペア,18,67.12,BET
OOP_3BP_river_Ks7d2c5h9d,river,OOP,3BP,Ks7d2c5h9d,dry,top_pair,no_draw,TP+,96,98.21,BET
OOP_3BP_river_Ks7d2c5h9d,river,OOP,3BP,Ks7d2c5h9d,dry,ace_high,no_draw,エア,112,0.53,CHECK
OOP_3BP_river_Ks7d2c5h9d,river,OOP,3BP,Ks7d2c5h9d,dry,overpair,no_draw,TP+,6,0.8,CHECK
OOP_3BP_river_Ks7d2c5hJc,river,OOP,3BP,Ks7d2c5hJc,dry,set,no_draw,2P+,15,59.85,BET
OOP_3BP_river_Ks7d2c5hJc,river,OOP,3BP,Ks7d2c5hJc,dry,low_pair,no_draw,アンダーペア,210,0.26,CHECK
OOP_3BP_river_Ks7d2c5hJc,river,OOP,3BP,Ks7d2c5hJc,dry,no_made_hand,no_draw,エア,336,70.67,BET
OOP_3BP_river_Ks7d2c5hJc,river,OOP,3BP,Ks7d2c5hJc,dry,two_pair,no_draw,2P+,90,49.11,CHECK
OOP_3BP_river_Ks7d2c5hJc,river,OOP,3BP,Ks7d2c5hJc,dry,third_pair,no_draw,アンダーペア,114,85.21,BET
OOP_3BP_river_Ks7d2c5hJc,river,OOP,3BP,Ks7d2c5hJc,dry,second_pair,no_draw,アンダーペア,96,95.59,BET
OOP_3BP_river_Ks7d2c5hJc,river,OOP,3BP,Ks7d2c5hJc,dry,underpair,no_draw,アンダーペア,6,63.04,BET
OOP_3BP_river_Ks7d2c5hJc,river,OOP,3BP,Ks7d2c5hJc,dry,top_pair,no_draw,TP+,96,94.11,BET
OOP_3BP_river_Ks7d2c5hJc,river,OOP,3BP,Ks7d2c5hJc,dry,ace_high,no_draw,エア,112,0.01,CHECK
OOP_3BP_river_Ks7d2c5hJc,river,OOP,3BP,Ks7d2c5hJc,dry,overpair,no_draw,TP+,6,0.48,CHECK
OOP_3BP_river_Ks7d7c2hAc,river,OOP,3BP,Ks7d7c2hAc,dry,fullhouse,no_draw,2P+,27,56.94,BET
OOP_3BP_river_Ks7d7c2hAc,river,OOP,3BP,Ks7d7c2hAc,dry,low_pair,no_draw,アンダーペア,132,19.53,CHECK
OOP_3BP_river_Ks7d7c2hAc,river,OOP,3BP,Ks7d7c2hAc,dry,no_made_hand,no_draw,エア,576,15.03,CHECK
OOP_3BP_river_Ks7d7c2hAc,river,OOP,3BP,Ks7d7c2hAc,dry,trips,no_draw,2P+,72,6.62,CHECK
OOP_3BP_river_Ks7d7c2hAc,river,OOP,3BP,Ks7d7c2hAc,dry,quads,no_draw,2P+,1,1.57,CHECK
OOP_3BP_river_Ks7d7c2hAc,river,OOP,3BP,Ks7d7c2hAc,dry,third_pair,no_draw,アンダーペア,30,91.76,BET
OOP_3BP_river_Ks7d7c2hAc,river,OOP,3BP,Ks7d7c2hAc,dry,second_pair,no_draw,アンダーペア,117,99.98,BET
OOP_3BP_river_Ks7d7c2hAc,river,OOP,3BP,Ks7d7c2hAc,dry,top_pair,no_draw,TP+,126,99.42,BET
OOP_3BP_turn_4s4d2c5h,turn,OOP,3BP,4s4d2c5h,wet,fullhouse,no_draw,2P+,18,7.02,CHECK
OOP_3BP_turn_4s4d2c5h,turn,OOP,3BP,4s4d2c5h,wet,third_pair,oesd,アンダーペア,18,2.46,CHECK
OOP_3BP_turn_4s4d2c5h,turn,OOP,3BP,4s4d2c5h,wet,trips,oesd,2P+,8,97.79,BET
OOP_3BP_turn_4s4d2c5h,turn,OOP,3BP,4s4d2c5h,wet,quads,no_draw,2P+,1,97.3,BET
OOP_3BP_turn_4s4d2c5h,turn,OOP,3BP,4s4d2c5h,wet,top_pair,no_draw,TP+,93,29.95,CHECK
OOP_3BP_turn_4s4d2c5h,turn,OOP,3BP,4s4d2c5h,wet,top_pair,oesd,TP+,12,35.07,CHECK
OOP_3BP_turn_4s4d2c5h,turn,OOP,3BP,4s4d2c5h,wet,third_pair,gutshot,アンダーペア,24,14.73,CHECK
OOP_3BP_turn_4s4d2c5h,turn,OOP,3BP,4s4d2c5h,wet,straight,no_draw,2P+,32,51.7,BET
OOP_3BP_turn_4s4d2c5h,turn,OOP,3BP,4s4d2c5h,wet,trips,gutshot,2P+,16,56.86,BET
OOP_3BP_turn_4s4d2c5h,turn,OOP,3BP,4s4d2c5h,wet,top_pair,gutshot,TP+,24,61.43,BET
OOP_3BP_turn_4s4d2c5h,turn,OOP,3BP,4s4d2c5h,wet,overpair,gutshot,TP+,12,50.1,BET
OOP_3BP_turn_4s4d2c5h,turn,OOP,3BP,4s4d2c5h,wet,third_pair,no_draw,アンダーペア,84,4.81,CHECK
OOP_3BP_turn_4s4d2c5h,turn,OOP,3BP,4s4d2c5h,wet,no_made_hand,oesd,エア,128,83.19,BET
OOP_3BP_turn_4s4d2c5h,turn,OOP,3BP,4s4d2c5h,wet,trips,no_draw,2P+,56,42.7,CHECK
OOP_3BP_turn_4s4d2c5h,turn,OOP,3BP,4s4d2c5h,wet,overpair,no_draw,TP+,42,69.65,BET
OOP_3BP_turn_4s4d2c5h,turn,OOP,3BP,4s4d2c5h,wet,no_made_hand,gutshot,エア,80,49.76,CHECK
OOP_3BP_turn_4s4d2c5h,turn,OOP,3BP,4s4d2c5h,wet,no_made_hand,no_draw,エア,224,3.12,CHECK
OOP_3BP_turn_4s4d2c5h,turn,OOP,3BP,4s4d2c5h,wet,king_high,oesd,エア,16,0.08,CHECK
OOP_3BP_turn_4s4d2c5h,turn,OOP,3BP,4s4d2c5h,wet,king_high,gutshot,エア,16,9.44,CHECK
OOP_3BP_turn_4s4d2c5h,turn,OOP,3BP,4s4d2c5h,wet,king_high,no_draw,エア,96,0.13,CHECK
OOP_3BP_turn_4s4d2c5h,turn,OOP,3BP,4s4d2c5h,wet,ace_high,gutshot,エア,128,12.87,CHECK
OOP_3BP_turn_4s4d2cAh,turn,OOP,3BP,4s4d2cAh,wet,fullhouse,no_draw,2P+,18,46.35,CHECK
OOP_3BP_turn_4s4d2cAh,turn,OOP,3BP,4s4d2cAh,wet,third_pair,gutshot,アンダーペア,30,0.05,CHECK
OOP_3BP_turn_4s4d2cAh,turn,OOP,3BP,4s4d2cAh,wet,trips,gutshot,2P+,16,91.64,BET
OOP_3BP_turn_4s4d2cAh,turn,OOP,3BP,4s4d2cAh,wet,quads,no_draw,2P+,1,98.93,BET
OOP_3BP_turn_4s4d2cAh,turn,OOP,3BP,4s4d2cAh,wet,straight,no_draw,2P+,16,29.65,CHECK
OOP_3BP_turn_4s4d2cAh,turn,OOP,3BP,4s4d2cAh,wet,underpair,gutshot,アンダーペア,6,0.07,CHECK
OOP_3BP_turn_4s4d2cAh,turn,OOP,3BP,4s4d2cAh,wet,third_pair,no_draw,アンダーペア,96,0.01,CHECK
OOP_3BP_turn_4s4d2cAh,turn,OOP,3BP,4s4d2cAh,wet,no_made_hand,gutshot,エア,224,51.21,BET
OOP_3BP_turn_4s4d2cAh,turn,OOP,3BP,4s4d2cAh,wet,trips,no_draw,2P+,64,72.07,BET
OOP_3BP_turn_4s4d2cAh,turn,OOP,3BP,4s4d2cAh,wet,underpair,no_draw,アンダーペア,48,0.01,CHECK
OOP_3BP_turn_4s4d2cAh,turn,OOP,3BP,4s4d2cAh,wet,no_made_hand,no_draw,エア,336,7.19,CHECK
OOP_3BP_turn_4s4d2cAh,turn,OOP,3BP,4s4d2cAh,wet,king_high,gutshot,エア,32,0.01,CHECK
OOP_3BP_turn_4s4d2cAh,turn,OOP,3BP,4s4d2cAh,wet,king_high,no_draw,エア,112,0.01,CHECK
OOP_3BP_turn_4s4d2cAh,turn,OOP,3BP,4s4d2cAh,wet,top_pair,no_draw,TP+,105,21.45,CHECK
OOP_3BP_turn_4s4d2cAh,turn,OOP,3BP,4s4d2cAh,wet,top_pair,gutshot,TP+,24,0.45,CHECK
OOP_3BP_turn_4s4d2cTh,turn,OOP,3BP,4s4d2cTh,dry,fullhouse,no_draw,2P+,18,57.04,BET
OOP_3BP_turn_4s4d2cTh,turn,OOP,3BP,4s4d2cTh,dry,third_pair,no_draw,アンダーペア,126,79.99,BET
OOP_3BP_turn_4s4d2cTh,turn,OOP,3BP,4s4d2cTh,dry,trips,no_draw,2P+,80,59.37,BET
OOP_3BP_turn_4s4d2cTh,turn,OOP,3BP,4s4d2cTh,dry,quads,no_draw,2P+,1,71.6,BET
OOP_3BP_turn_4s4d2cTh,turn,OOP,3BP,4s4d2cTh,dry,no_made_hand,oesd,エア,16,70.35,BET
OOP_3BP_turn_4s4d2cTh,turn,OOP,3BP,4s4d2cTh,dry,underpair,no_draw,アンダーペア,30,30.98,CHECK
OOP_3BP_turn_4s4d2cTh,turn,OOP,3BP,4s4d2cTh,dry,no_made_hand,gutshot,エア,32,81.15,BET
OOP_3BP_turn_4s4d2cTh,turn,OOP,3BP,4s4d2cTh,dry,no_made_hand,no_draw,エア,400,29.49,CHECK
OOP_3BP_turn_4s4d2cTh,turn,OOP,3BP,4s4d2cTh,dry,top_pair,no_draw,TP+,129,66.01,BET
OOP_3BP_turn_4s4d2cTh,turn,OOP,3BP,4s4d2cTh,dry,overpair,no_draw,TP+,24,60.45,BET
OOP_3BP_turn_4s4d2cTh,turn,OOP,3BP,4s4d2cTh,dry,king_high,no_draw,エア,128,73.37,BET
OOP_3BP_turn_4s4d2cTh,turn,OOP,3BP,4s4d2cTh,dry,ace_high,gutshot,エア,32,82.24,BET
OOP_3BP_turn_4s4d2cTh,turn,OOP,3BP,4s4d2cTh,dry,ace_high,no_draw,エア,112,88.6,BET
OOP_3BP_turn_8s5d3c2h,turn,OOP,3BP,8s5d3c2h,dry,set,no_draw,2P+,12,0.29,CHECK
OOP_3BP_turn_8s5d3c2h,turn,OOP,3BP,8s5d3c2h,dry,two_pair,no_draw,2P+,54,36.69,CHECK
OOP_3BP_turn_8s5d3c2h,turn,OOP,3BP,8s5d3c2h,dry,low_pair,oesd,アンダーペア,12,0.12,CHECK
OOP_3BP_turn_8s5d3c2h,turn,OOP,3BP,8s5d3c2h,dry,third_pair,oesd,アンダーペア,18,0.94,CHECK
OOP_3BP_turn_8s5d3c2h,turn,OOP,3BP,8s5d3c2h,dry,second_pair,oesd,アンダーペア,12,59.11,BET
OOP_3BP_turn_8s5d3c2h,turn,OOP,3BP,8s5d3c2h,dry,low_pair,gutshot,アンダーペア,24,5.14,CHECK
OOP_3BP_turn_8s5d3c2h,turn,OOP,3BP,8s5d3c2h,dry,third_pair,gutshot,アンダーペア,24,18.12,CHECK
OOP_3BP_turn_8s5d3c2h,turn,OOP,3BP,8s5d3c2h,dry,straight,no_draw,2P+,32,19.29,CHECK
OOP_3BP_turn_8s5d3c2h,turn,OOP,3BP,8s5d3c2h,dry,second_pair,gutshot,アンダーペア,24,38.99,CHECK
OOP_3BP_turn_8s5d3c2h,turn,OOP,3BP,8s5d3c2h,dry,underpair,gutshot,アンダーペア,6,99.88,BET
OOP_3BP_turn_8s5d3c2h,turn,OOP,3BP,8s5d3c2h,dry,low_pair,no_draw,アンダーペア,72,5.66,CHECK
OOP_3BP_turn_8s5d3c2h,turn,OOP,3BP,8s5d3c2h,dry,third_pair,no_draw,アンダーペア,72,4.08,CHECK
OOP_3BP_turn_8s5d3c2h,turn,OOP,3BP,8s5d3c2h,dry,no_made_hand,oesd,エア,112,88.67,BET
OOP_3BP_turn_8s5d3c2h,turn,OOP,3BP,8s5d3c2h,dry,second_pair,no_draw,アンダーペア,72,59.58,BET
OOP_3BP_turn_8s5d3c2h,turn,OOP,3BP,8s5d3c2h,dry,underpair,no_draw,アンダーペア,6,99.91,BET
OOP_3BP_turn_8s5d3c2h,turn,OOP,3BP,8s5d3c2h,dry,top_pair,oesd,TP+,12,99.49,BET
OOP_3BP_turn_8s5d3c2h,turn,OOP,3BP,8s5d3c2h,dry,top_pair,gutshot,TP+,24,81.19,BET
OOP_3BP_turn_8s5d3c2h,turn,OOP,3BP,8s5d3c2h,dry,top_pair,no_draw,TP+,72,83.04,BET
OOP_3BP_turn_8s5d3c2h,turn,OOP,3BP,8s5d3c2h,dry,no_made_hand,gutshot,エア,64,65.5,BET
OOP_3BP_turn_8s5d3c2h,turn,OOP,3BP,8s5d3c2h,dry,overpair,no_draw,TP+,30,66.85,BET
OOP_3BP_turn_8s5d3c2h,turn,OOP,3BP,8s5d3c2h,dry,no_made_hand,no_draw,エア,144,0.4,CHECK
OOP_3BP_turn_8s5d3c2h,turn,OOP,3BP,8s5d3c2h,dry,king_high,oesd,エア,16,46.35,CHECK
OOP_3BP_turn_8s5d3c2h,turn,OOP,3BP,8s5d3c2h,dry,king_high,gutshot,エア,16,99.2,BET
OOP_3BP_turn_8s5d3c2h,turn,OOP,3BP,8s5d3c2h,dry,king_high,no_draw,エア,80,0.11,CHECK
OOP_3BP_turn_8s5d3c2h,turn,OOP,3BP,8s5d3c2h,dry,ace_high,gutshot,エア,112,0.04,CHECK
OOP_3BP_turn_8s5d3c2h,turn,OOP,3BP,8s5d3c2h,dry,overpair,gutshot,TP+,6,0.52,CHECK
OOP_3BP_turn_8s5d3cAh,turn,OOP,3BP,8s5d3cAh,dry,low_pair,gutshot,アンダーペア,36,0.04,CHECK
OOP_3BP_turn_8s5d3cAh,turn,OOP,3BP,8s5d3cAh,dry,set,no_draw,2P+,12,24.25,CHECK
OOP_3BP_turn_8s5d3cAh,turn,OOP,3BP,8s5d3cAh,dry,straight,no_draw,2P+,16,54.1,BET
OOP_3BP_turn_8s5d3cAh,turn,OOP,3BP,8s5d3cAh,dry,third_pair,gutshot,アンダーペア,24,0.65,CHECK
OOP_3BP_turn_8s5d3cAh,turn,OOP,3BP,8s5d3cAh,dry,two_pair,no_draw,2P+,54,10.08,CHECK
OOP_3BP_turn_8s5d3cAh,turn,OOP,3BP,8s5d3cAh,dry,no_made_hand,gutshot,エア,192,33.14,CHECK
OOP_3BP_turn_8s5d3cAh,turn,OOP,3BP,8s5d3cAh,dry,low_pair,no_draw,アンダーペア,84,0.02,CHECK
OOP_3BP_turn_8s5d3cAh,turn,OOP,3BP,8s5d3cAh,dry,no_made_hand,oesd,エア,48,91.31,BET
OOP_3BP_turn_8s5d3cAh,turn,OOP,3BP,8s5d3cAh,dry,third_pair,no_draw,アンダーペア,96,17.95,CHECK
OOP_3BP_turn_8s5d3cAh,turn,OOP,3BP,8s5d3cAh,dry,second_pair,gutshot,アンダーペア,24,96.38,BET
OOP_3BP_turn_8s5d3cAh,turn,OOP,3BP,8s5d3cAh,dry,second_pair,no_draw,アンダーペア,84,18.48,CHECK
OOP_3BP_turn_8s5d3cAh,turn,OOP,3BP,8s5d3cAh,dry,underpair,no_draw,アンダーペア,30,7.28,CHECK
OOP_3BP_turn_8s5d3cAh,turn,OOP,3BP,8s5d3cAh,dry,no_made_hand,no_draw,エア,192,0.05,CHECK
OOP_3BP_turn_8s5d3cAh,turn,OOP,3BP,8s5d3cAh,dry,king_high,gutshot,エア,32,0.11,CHECK
OOP_3BP_turn_8s5d3cAh,turn,OOP,3BP,8s5d3cAh,dry,king_high,no_draw,エア,96,0.02,CHECK
OOP_3BP_turn_8s5d3cAh,turn,OOP,3BP,8s5d3cAh,dry,top_pair,gutshot,TP+,24,8.96,CHECK
OOP_3BP_turn_8s5d3cAh,turn,OOP,3BP,8s5d3cAh,dry,top_pair,no_draw,TP+,84,59.62,BET
OOP_3BP_turn_8s5d3cTh,turn,OOP,3BP,8s5d3cTh,dry,low_pair,no_draw,アンダーペア,120,0.03,CHECK
OOP_3BP_turn_8s5d3cTh,turn,OOP,3BP,8s5d3cTh,dry,set,no_draw,2P+,12,0.76,CHECK
OOP_3BP_turn_8s5d3cTh,turn,OOP,3BP,8s5d3cTh,dry,no_made_hand,oesd,エア,80,99.61,BET
OOP_3BP_turn_8s5d3cTh,turn,OOP,3BP,8s5d3cTh,dry,third_pair,no_draw,アンダーペア,120,19.65,CHECK
OOP_3BP_turn_8s5d3cTh,turn,OOP,3BP,8s5d3cTh,dry,two_pair,no_draw,2P+,54,24.2,CHECK
OOP_3BP_turn_8s5d3cTh,turn,OOP,3BP,8s5d3cTh,dry,no_made_hand,gutshot,エア,96,73.47,BET
OOP_3BP_turn_8s5d3cTh,turn,OOP,3BP,8s5d3cTh,dry,no_made_hand,no_draw,エア,160,2.4,CHECK
OOP_3BP_turn_8s5d3cTh,turn,OOP,3BP,8s5d3cTh,dry,second_pair,no_draw,アンダーペア,108,20.04,CHECK
OOP_3BP_turn_8s5d3cTh,turn,OOP,3BP,8s5d3cTh,dry,underpair,no_draw,アンダーペア,6,97.28,BET
OOP_3BP_turn_8s5d3cTh,turn,OOP,3BP,8s5d3cTh,dry,top_pair,no_draw,TP+,108,87.92,BET
OOP_3BP_turn_8s5d3cTh,turn,OOP,3BP,8s5d3cTh,dry,overpair,no_draw,TP+,24,72.8,BET
OOP_3BP_turn_8s5d3cTh,turn,OOP,3BP,8s5d3cTh,dry,king_high,no_draw,エア,112,26.88,CHECK
OOP_3BP_turn_8s5d3cTh,turn,OOP,3BP,8s5d3cTh,dry,ace_high,gutshot,エア,32,19.85,CHECK
OOP_3BP_turn_8s5d3cTh,turn,OOP,3BP,8s5d3cTh,dry,ace_high,no_draw,エア,96,0.33,CHECK
OOP_3BP_turn_9s8d6c2h,turn,OOP,3BP,9s8d6c2h,dry,set,no_draw,2P+,12,24.26,CHECK
OOP_3BP_turn_9s8d6c2h,turn,OOP,3BP,9s8d6c2h,dry,low_pair,no_draw,アンダーペア,84,1.96,CHECK
OOP_3BP_turn_9s8d6c2h,turn,OOP,3BP,9s8d6c2h,dry,no_made_hand,gutshot,エア,112,23.22,CHECK
OOP_3BP_turn_9s8d6c2h,turn,OOP,3BP,9s8d6c2h,dry,low_pair,gutshot,アンダーペア,30,0.05,CHECK
OOP_3BP_turn_9s8d6c2h,turn,OOP,3BP,9s8d6c2h,dry,no_made_hand,oesd,エア,128,98.44,BET
OOP_3BP_turn_9s8d6c2h,turn,OOP,3BP,9s8d6c2h,dry,two_pair,no_draw,2P+,54,54.64,BET
OOP_3BP_turn_9s8d6c2h,turn,OOP,3BP,9s8d6c2h,dry,third_pair,no_draw,アンダーペア,72,0.02,CHECK
OOP_3BP_turn_9s8d6c2h,turn,OOP,3BP,9s8d6c2h,dry,third_pair,gutshot,アンダーペア,24,0.06,CHECK
OOP_3BP_turn_9s8d6c2h,turn,OOP,3BP,9s8d6c2h,dry,low_pair,oesd,アンダーペア,12,0.06,CHECK
OOP_3BP_turn_9s8d6c2h,turn,OOP,3BP,9s8d6c2h,dry,straight,no_draw,2P+,32,34.23,CHECK
OOP_3BP_turn_9s8d6c2h,turn,OOP,3BP,9s8d6c2h,dry,third_pair,oesd,アンダーペア,18,0.13,CHECK
OOP_3BP_turn_9s8d6c2h,turn,OOP,3BP,9s8d6c2h,dry,second_pair,no_draw,アンダーペア,72,33.14,CHECK
OOP_3BP_turn_9s8d6c2h,turn,OOP,3BP,9s8d6c2h,dry,second_pair,gutshot,アンダーペア,24,19.26,CHECK
OOP_3BP_turn_9s8d6c2h,turn,OOP,3BP,9s8d6c2h,dry,second_pair,oesd,アンダーペア,12,99.37,BET
OOP_3BP_turn_9s8d6c2h,turn,OOP,3BP,9s8d6c2h,dry,top_pair,no_draw,TP+,72,65.63,BET
OOP_3BP_turn_9s8d6c2h,turn,OOP,3BP,9s8d6c2h,dry,top_pair,gutshot,TP+,24,96.99,BET
OOP_3BP_turn_9s8d6c2h,turn,OOP,3BP,9s8d6c2h,dry,top_pair,oesd,TP+,12,99.86,BET
OOP_3BP_turn_9s8d6c2h,turn,OOP,3BP,9s8d6c2h,dry,overpair,gutshot,TP+,6,99.9,BET
OOP_3BP_turn_9s8d6c2h,turn,OOP,3BP,9s8d6c2h,dry,no_made_hand,no_draw,エア,64,0.1,CHECK
OOP_3BP_turn_9s8d6c2h,turn,OOP,3BP,9s8d6c2h,dry,overpair,no_draw,TP+,24,82.64,BET
OOP_3BP_turn_9s8d6c2h,turn,OOP,3BP,9s8d6c2h,dry,king_high,no_draw,エア,64,33.2,CHECK
OOP_3BP_turn_9s8d6c2h,turn,OOP,3BP,9s8d6c2h,dry,king_high,gutshot,エア,32,64.44,BET
OOP_3BP_turn_9s8d6c2h,turn,OOP,3BP,9s8d6c2h,dry,king_high,oesd,エア,16,43.88,CHECK
OOP_3BP_turn_9s8d6c2h,turn,OOP,3BP,9s8d6c2h,dry,ace_high,no_draw,エア,80,0.04,CHECK
OOP_3BP_turn_9s8d6c2h,turn,OOP,3BP,9s8d6c2h,dry,ace_high,gutshot,エア,32,1.15,CHECK
OOP_3BP_turn_9s8d6c2h,turn,OOP,3BP,9s8d6c2h,dry,ace_high,oesd,エア,16,0.31,CHECK
OOP_3BP_turn_9s8d6cKh,turn,OOP,3BP,9s8d6cKh,dry,low_pair,no_draw,アンダーペア,90,0.02,CHECK
OOP_3BP_turn_9s8d6cKh,turn,OOP,3BP,9s8d6cKh,dry,no_made_hand,no_draw,エア,144,0.08,CHECK
OOP_3BP_turn_9s8d6cKh,turn,OOP,3BP,9s8d6cKh,dry,no_made_hand,gutshot,エア,160,25.84,CHECK
OOP_3BP_turn_9s8d6cKh,turn,OOP,3BP,9s8d6cKh,dry,low_pair,gutshot,アンダーペア,30,0.03,CHECK
OOP_3BP_turn_9s8d6cKh,turn,OOP,3BP,9s8d6cKh,dry,set,no_draw,2P+,12,0.91,CHECK
OOP_3BP_turn_9s8d6cKh,turn,OOP,3BP,9s8d6cKh,dry,no_made_hand,oesd,エア,112,82.17,BET
OOP_3BP_turn_9s8d6cKh,turn,OOP,3BP,9s8d6cKh,dry,straight,no_draw,2P+,32,61.87,BET
OOP_3BP_turn_9s8d6cKh,turn,OOP,3BP,9s8d6cKh,dry,low_pair,oesd,アンダーペア,18,0.08,CHECK
OOP_3BP_turn_9s8d6cKh,turn,OOP,3BP,9s8d6cKh,dry,third_pair,no_draw,アンダーペア,72,0.03,CHECK
OOP_3BP_turn_9s8d6cKh,turn,OOP,3BP,9s8d6cKh,dry,third_pair,gutshot,アンダーペア,24,0.07,CHECK
OOP_3BP_turn_9s8d6cKh,turn,OOP,3BP,9s8d6cKh,dry,two_pair,no_draw,2P+,54,37.99,CHECK
OOP_3BP_turn_9s8d6cKh,turn,OOP,3BP,9s8d6cKh,dry,third_pair,oesd,アンダーペア,12,0.07,CHECK
OOP_3BP_turn_9s8d6cKh,turn,OOP,3BP,9s8d6cKh,dry,second_pair,no_draw,アンダーペア,72,18.71,CHECK
OOP_3BP_turn_9s8d6cKh,turn,OOP,3BP,9s8d6cKh,dry,second_pair,gutshot,アンダーペア,24,23.08,CHECK
OOP_3BP_turn_9s8d6cKh,turn,OOP,3BP,9s8d6cKh,dry,second_pair,oesd,アンダーペア,12,18.24,CHECK
OOP_3BP_turn_9s8d6cKh,turn,OOP,3BP,9s8d6cKh,dry,underpair,gutshot,アンダーペア,6,16.21,CHECK
OOP_3BP_turn_9s8d6cKh,turn,OOP,3BP,9s8d6cKh,dry,underpair,no_draw,アンダーペア,12,0.54,CHECK
OOP_3BP_turn_9s8d6cKh,turn,OOP,3BP,9s8d6cKh,dry,top_pair,no_draw,TP+,72,57.65,BET
OOP_3BP_turn_9s8d6cKh,turn,OOP,3BP,9s8d6cKh,dry,top_pair,gutshot,TP+,24,98.9,BET
OOP_3BP_turn_9s8d6cKh,turn,OOP,3BP,9s8d6cKh,dry,top_pair,oesd,TP+,12,99.72,BET
OOP_3BP_turn_9s8d6cKh,turn,OOP,3BP,9s8d6cKh,dry,ace_high,no_draw,エア,80,0.09,CHECK
OOP_3BP_turn_9s8d6cKh,turn,OOP,3BP,9s8d6cKh,dry,ace_high,gutshot,エア,32,50.49,BET
OOP_3BP_turn_9s8d6cKh,turn,OOP,3BP,9s8d6cKh,dry,ace_high,oesd,エア,16,1.83,CHECK
OOP_3BP_turn_9s8d6cKh,turn,OOP,3BP,9s8d6cKh,dry,overpair,no_draw,TP+,6,97.86,BET
OOP_3BP_turn_9s8d6cTh,turn,OOP,3BP,9s8d6cTh,wet,low_pair,no_draw,アンダーペア,96,23.25,CHECK
OOP_3BP_turn_9s8d6cTh,turn,OOP,3BP,9s8d6cTh,wet,no_made_hand,no_draw,エア,96,18.33,CHECK
OOP_3BP_turn_9s8d6cTh,turn,OOP,3BP,9s8d6cTh,wet,set,no_draw,2P+,12,71.9,BET
OOP_3BP_turn_9s8d6cTh,turn,OOP,3BP,9s8d6cTh,wet,straight,no_draw,2P+,198,65.98,BET
OOP_3BP_turn_9s8d6cTh,turn,OOP,3BP,9s8d6cTh,wet,third_pair,no_draw,アンダーペア,72,89.92,BET
OOP_3BP_turn_9s8d6cTh,turn,OOP,3BP,9s8d6cTh,wet,two_pair,no_draw,2P+,54,96.77,BET
OOP_3BP_turn_9s8d6cTh,turn,OOP,3BP,9s8d6cTh,wet,second_pair,no_draw,アンダーペア,72,98.57,BET
OOP_3BP_turn_9s8d6cTh,turn,OOP,3BP,9s8d6cTh,wet,top_pair,no_draw,TP+,72,97.03,BET
OOP_3BP_turn_9s8d6cTh,turn,OOP,3BP,9s8d6cTh,wet,no_made_hand,oesd,エア,64,90.42,BET
OOP_3BP_turn_9s8d6cTh,turn,OOP,3BP,9s8d6cTh,wet,low_pair,oesd,アンダーペア,12,0.24,CHECK
OOP_3BP_turn_9s8d6cTh,turn,OOP,3BP,9s8d6cTh,wet,third_pair,oesd,アンダーペア,12,38.17,CHECK
OOP_3BP_turn_9s8d6cTh,turn,OOP,3BP,9s8d6cTh,wet,second_pair,oesd,アンダーペア,12,93.78,BET
OOP_3BP_turn_9s8d6cTh,turn,OOP,3BP,9s8d6cTh,wet,top_pair,oesd,TP+,12,99.43,BET
OOP_3BP_turn_9s8d6cTh,turn,OOP,3BP,9s8d6cTh,wet,overpair,oesd,TP+,6,99.61,BET
OOP_3BP_turn_9s8d6cTh,turn,OOP,3BP,9s8d6cTh,wet,no_made_hand,gutshot,エア,64,95.53,BET
OOP_3BP_turn_9s8d6cTh,turn,OOP,3BP,9s8d6cTh,wet,low_pair,gutshot,アンダーペア,12,0.81,CHECK
OOP_3BP_turn_9s8d6cTh,turn,OOP,3BP,9s8d6cTh,wet,third_pair,gutshot,アンダーペア,12,67.71,BET
OOP_3BP_turn_9s8d6cTh,turn,OOP,3BP,9s8d6cTh,wet,second_pair,gutshot,アンダーペア,12,87.82,BET
OOP_3BP_turn_9s8d6cTh,turn,OOP,3BP,9s8d6cTh,wet,top_pair,gutshot,TP+,12,99.77,BET
OOP_3BP_turn_9s8d6cTh,turn,OOP,3BP,9s8d6cTh,wet,overpair,gutshot,TP+,6,99.89,BET
OOP_3BP_turn_9s8d6cTh,turn,OOP,3BP,9s8d6cTh,wet,king_high,no_draw,エア,64,26.82,CHECK
OOP_3BP_turn_9s8d6cTh,turn,OOP,3BP,9s8d6cTh,wet,king_high,oesd,エア,16,96.92,BET
OOP_3BP_turn_9s8d6cTh,turn,OOP,3BP,9s8d6cTh,wet,king_high,gutshot,エア,16,77.81,BET
OOP_3BP_turn_9s8d6cTh,turn,OOP,3BP,9s8d6cTh,wet,overpair,no_draw,TP+,12,94.68,BET
OOP_3BP_turn_9s8d6cTh,turn,OOP,3BP,9s8d6cTh,wet,ace_high,no_draw,エア,80,1.14,CHECK
OOP_3BP_turn_9s8d6cTh,turn,OOP,3BP,9s8d6cTh,wet,ace_high,oesd,エア,16,0.6,CHECK
OOP_3BP_turn_9s8d6cTh,turn,OOP,3BP,9s8d6cTh,wet,ace_high,gutshot,エア,16,0.79,CHECK
OOP_3BP_turn_As9d4c2h,turn,OOP,3BP,As9d4c2h,dry,set,no_draw,2P+,12,28.44,CHECK
OOP_3BP_turn_As9d4c2h,turn,OOP,3BP,As9d4c2h,dry,low_pair,gutshot,アンダーペア,30,0.04,CHECK
OOP_3BP_turn_As9d4c2h,turn,OOP,3BP,As9d4c2h,dry,two_pair,no_draw,2P+,54,17.23,CHECK
OOP_3BP_turn_As9d4c2h,turn,OOP,3BP,As9d4c2h,dry,third_pair,gutshot,アンダーペア,30,17.36,CHECK
OOP_3BP_turn_As9d4c2h,turn,OOP,3BP,As9d4c2h,dry,straight,no_draw,2P+,16,72.54,BET
OOP_3BP_turn_As9d4c2h,turn,OOP,3BP,As9d4c2h,dry,low_pair,no_draw,アンダーペア,84,0.01,CHECK
OOP_3BP_turn_As9d4c2h,turn,OOP,3BP,As9d4c2h,dry,no_made_hand,gutshot,エア,192,79.8,BET
OOP_3BP_turn_As9d4c2h,turn,OOP,3BP,As9d4c2h,dry,third_pair,no_draw,アンダーペア,102,8.31,CHECK
OOP_3BP_turn_As9d4c2h,turn,OOP,3BP,As9d4c2h,dry,no_made_hand,no_draw,エア,240,1.32,CHECK
OOP_3BP_turn_As9d4c2h,turn,OOP,3BP,As9d4c2h,dry,second_pair,gutshot,アンダーペア,24,0.85,CHECK
OOP_3BP_turn_As9d4c2h,turn,OOP,3BP,As9d4c2h,dry,second_pair,no_draw,アンダーペア,84,32.16,CHECK
OOP_3BP_turn_As9d4c2h,turn,OOP,3BP,As9d4c2h,dry,underpair,no_draw,アンダーペア,24,19.97,CHECK
OOP_3BP_turn_As9d4c2h,turn,OOP,3BP,As9d4c2h,dry,king_high,gutshot,エア,32,0.11,CHECK
OOP_3BP_turn_As9d4c2h,turn,OOP,3BP,As9d4c2h,dry,king_high,no_draw,エア,96,0.01,CHECK
OOP_3BP_turn_As9d4c2h,turn,OOP,3BP,As9d4c2h,dry,top_pair,gutshot,TP+,24,71.88,BET
OOP_3BP_turn_As9d4c2h,turn,OOP,3BP,As9d4c2h,dry,top_pair,no_draw,TP+,84,77.73,BET
OOP_3BP_turn_As9d4cKh,turn,OOP,3BP,As9d4cKh,dry,low_pair,no_draw,アンダーペア,144,0.02,CHECK
OOP_3BP_turn_As9d4cKh,turn,OOP,3BP,As9d4cKh,dry,no_made_hand,gutshot,エア,96,44.75,CHECK
OOP_3BP_turn_As9d4cKh,turn,OOP,3BP,As9d4cKh,dry,set,no_draw,2P+,12,64.43,BET
OOP_3BP_turn_As9d4cKh,turn,OOP,3BP,As9d4cKh,dry,no_made_hand,no_draw,エア,480,20.98,CHECK
OOP_3BP_turn_As9d4cKh,turn,OOP,3BP,As9d4cKh,dry,third_pair,no_draw,アンダーペア,126,0.02,CHECK
OOP_3BP_turn_As9d4cKh,turn,OOP,3BP,As9d4cKh,dry,two_pair,no_draw,2P+,54,64.55,BET
OOP_3BP_turn_As9d4cKh,turn,OOP,3BP,As9d4cKh,dry,second_pair,no_draw,アンダーペア,108,0.11,CHECK
OOP_3BP_turn_As9d4cKh,turn,OOP,3BP,As9d4cKh,dry,top_pair,no_draw,TP+,108,86.79,BET
OOP_3BP_turn_As9d4cTh,turn,OOP,3BP,As9d4cTh,dry,low_pair,no_draw,アンダーペア,144,0.01,CHECK
OOP_3BP_turn_As9d4cTh,turn,OOP,3BP,As9d4cTh,dry,no_made_hand,gutshot,エア,112,85.75,BET
OOP_3BP_turn_As9d4cTh,turn,OOP,3BP,As9d4cTh,dry,set,no_draw,2P+,12,25.6,CHECK
OOP_3BP_turn_As9d4cTh,turn,OOP,3BP,As9d4cTh,dry,no_made_hand,no_draw,エア,288,2.06,CHECK
OOP_3BP_turn_As9d4cTh,turn,OOP,3BP,As9d4cTh,dry,no_made_hand,oesd,エア,48,77.63,BET
OOP_3BP_turn_As9d4cTh,turn,OOP,3BP,As9d4cTh,dry,third_pair,no_draw,アンダーペア,108,0.02,CHECK
OOP_3BP_turn_As9d4cTh,turn,OOP,3BP,As9d4cTh,dry,two_pair,no_draw,2P+,54,37.46,CHECK
OOP_3BP_turn_As9d4cTh,turn,OOP,3BP,As9d4cTh,dry,second_pair,no_draw,アンダーペア,108,3.3,CHECK
OOP_3BP_turn_As9d4cTh,turn,OOP,3BP,As9d4cTh,dry,underpair,no_draw,アンダーペア,18,23.57,CHECK
OOP_3BP_turn_As9d4cTh,turn,OOP,3BP,As9d4cTh,dry,king_high,no_draw,エア,96,0.03,CHECK
OOP_3BP_turn_As9d4cTh,turn,OOP,3BP,As9d4cTh,dry,king_high,gutshot,エア,32,0.02,CHECK
OOP_3BP_turn_As9d4cTh,turn,OOP,3BP,As9d4cTh,dry,top_pair,no_draw,TP+,108,75.38,BET
OOP_3BP_turn_JsTc4s2h,turn,OOP,3BP,JsTc4s2h,dry,set,no_draw,2P+,12,12.89,CHECK
OOP_3BP_turn_JsTc4s2h,turn,OOP,3BP,JsTc4s2h,dry,low_pair,no_draw,アンダーペア,105,0.06,CHECK
OOP_3BP_turn_JsTc4s2h,turn,OOP,3BP,JsTc4s2h,dry,low_pair,flush_draw,アンダーペア,8,0.25,CHECK
OOP_3BP_turn_JsTc4s2h,turn,OOP,3BP,JsTc4s2h,dry,two_pair,no_draw,2P+,53,41.31,CHECK
OOP_3BP_turn_JsTc4s2h,turn,OOP,3BP,JsTc4s2h,dry,third_pair,no_draw,アンダーペア,138,7.97,CHECK
OOP_3BP_turn_JsTc4s2h,turn,OOP,3BP,JsTc4s2h,dry,no_made_hand,oesd,エア,45,99.64,BET
OOP_3BP_turn_JsTc4s2h,turn,OOP,3BP,JsTc4s2h,dry,no_made_hand,combo_draw,エア,8,98.1,BET
OOP_3BP_turn_JsTc4s2h,turn,OOP,3BP,JsTc4s2h,dry,no_made_hand,gutshot,エア,75,99.2,BET
OOP_3BP_turn_JsTc4s2h,turn,OOP,3BP,JsTc4s2h,dry,no_made_hand,no_draw,エア,195,3.24,CHECK
OOP_3BP_turn_JsTc4s2h,turn,OOP,3BP,JsTc4s2h,dry,no_made_hand,flush_draw,エア,13,99.93,BET
OOP_3BP_turn_JsTc4s2h,turn,OOP,3BP,JsTc4s2h,dry,second_pair,no_draw,アンダーペア,99,3.1,CHECK
OOP_3BP_turn_JsTc4s2h,turn,OOP,3BP,JsTc4s2h,dry,two_pair,flush_draw,2P+,1,0.25,CHECK
OOP_3BP_turn_JsTc4s2h,turn,OOP,3BP,JsTc4s2h,dry,second_pair,flush_draw,アンダーペア,8,0.33,CHECK
OOP_3BP_turn_JsTc4s2h,turn,OOP,3BP,JsTc4s2h,dry,top_pair,no_draw,TP+,108,87.05,BET
OOP_3BP_turn_JsTc4s2h,turn,OOP,3BP,JsTc4s2h,dry,overpair,no_draw,TP+,18,48.77,CHECK
OOP_3BP_turn_JsTc4s2h,turn,OOP,3BP,JsTc4s2h,dry,king_high,no_draw,エア,75,0.15,CHECK
OOP_3BP_turn_JsTc4s2h,turn,OOP,3BP,JsTc4s2h,dry,king_high,gutshot,エア,15,30.78,CHECK
OOP_3BP_turn_JsTc4s2h,turn,OOP,3BP,JsTc4s2h,dry,king_high,oesd,エア,15,51.48,BET
OOP_3BP_turn_JsTc4s2h,turn,OOP,3BP,JsTc4s2h,dry,king_high,flush_draw,エア,5,78.24,BET
OOP_3BP_turn_JsTc4s2h,turn,OOP,3BP,JsTc4s2h,dry,king_high,combo_draw,エア,2,4.22,CHECK
OOP_3BP_turn_JsTc4s2h,turn,OOP,3BP,JsTc4s2h,dry,ace_high,gutshot,エア,60,24.49,CHECK
OOP_3BP_turn_JsTc4s2h,turn,OOP,3BP,JsTc4s2h,dry,ace_high,no_draw,エア,60,0.04,CHECK
OOP_3BP_turn_JsTc4s2h,turn,OOP,3BP,JsTc4s2h,dry,low_pair,nut_flush_draw,アンダーペア,1,0.05,CHECK
OOP_3BP_turn_JsTc4s2h,turn,OOP,3BP,JsTc4s2h,dry,ace_high,combo_draw,エア,4,35.75,CHECK
OOP_3BP_turn_JsTc4s2h,turn,OOP,3BP,JsTc4s2h,dry,ace_high,nut_flush_draw,エア,4,41.29,CHECK
OOP_3BP_turn_JsTc4s2h,turn,OOP,3BP,JsTc4s2h,dry,second_pair,nut_flush_draw,アンダーペア,1,0.69,CHECK
OOP_3BP_turn_JsTc4sTh,turn,OOP,3BP,JsTc4sTh,dry,low_pair,no_draw,アンダーペア,12,0.0,CHECK
OOP_3BP_turn_JsTc4sTh,turn,OOP,3BP,JsTc4sTh,dry,no_made_hand,no_draw,エア,345,33.32,CHECK
OOP_3BP_turn_JsTc4sTh,turn,OOP,3BP,JsTc4sTh,dry,no_made_hand,flush_draw,エア,23,72.63,BET
OOP_3BP_turn_JsTc4sTh,turn,OOP,3BP,JsTc4sTh,dry,third_pair,no_draw,アンダーペア,150,0.01,CHECK
OOP_3BP_turn_JsTc4sTh,turn,OOP,3BP,JsTc4sTh,dry,fullhouse,no_draw,2P+,18,49.7,CHECK
OOP_3BP_turn_JsTc4sTh,turn,OOP,3BP,JsTc4sTh,dry,no_made_hand,gutshot,エア,45,47.88,CHECK
OOP_3BP_turn_JsTc4sTh,turn,OOP,3BP,JsTc4sTh,dry,no_made_hand,combo_draw,エア,5,44.02,CHECK
OOP_3BP_turn_JsTc4sTh,turn,OOP,3BP,JsTc4sTh,dry,no_made_hand,oesd,エア,30,50.1,BET
OOP_3BP_turn_JsTc4sTh,turn,OOP,3BP,JsTc4sTh,dry,trips,no_draw,2P+,70,85.38,BET
OOP_3BP_turn_JsTc4sTh,turn,OOP,3BP,JsTc4sTh,dry,trips,flush_draw,2P+,9,86.46,BET
OOP_3BP_turn_JsTc4sTh,turn,OOP,3BP,JsTc4sTh,dry,quads,no_draw,2P+,1,99.56,BET
OOP_3BP_turn_JsTc4sTh,turn,OOP,3BP,JsTc4sTh,dry,top_pair,no_draw,TP+,129,13.76,CHECK
OOP_3BP_turn_JsTc4sTh,turn,OOP,3BP,JsTc4sTh,dry,overpair,no_draw,TP+,18,45.46,CHECK
OOP_3BP_turn_JsTc4sTh,turn,OOP,3BP,JsTc4sTh,dry,king_high,no_draw,エア,90,0.05,CHECK
OOP_3BP_turn_JsTc4sTh,turn,OOP,3BP,JsTc4sTh,dry,king_high,gutshot,エア,15,0.01,CHECK
OOP_3BP_turn_JsTc4sTh,turn,OOP,3BP,JsTc4sTh,dry,king_high,oesd,エア,15,22.88,CHECK
OOP_3BP_turn_JsTc4sTh,turn,OOP,3BP,JsTc4sTh,dry,king_high,flush_draw,エア,6,0.16,CHECK
OOP_3BP_turn_JsTc4sTh,turn,OOP,3BP,JsTc4sTh,dry,king_high,combo_draw,エア,2,8.68,CHECK
OOP_3BP_turn_JsTc4sTh,turn,OOP,3BP,JsTc4sTh,dry,ace_high,no_draw,エア,105,0.01,CHECK
OOP_3BP_turn_JsTc4sTh,turn,OOP,3BP,JsTc4sTh,dry,ace_high,gutshot,エア,30,0.15,CHECK
OOP_3BP_turn_JsTc4sTh,turn,OOP,3BP,JsTc4sTh,dry,ace_high,nut_flush_draw,エア,7,0.1,CHECK
OOP_3BP_turn_JsTc4sTh,turn,OOP,3BP,JsTc4sTh,dry,trips,nut_flush_draw,2P+,1,21.87,CHECK
OOP_3BP_turn_JsTc4sTh,turn,OOP,3BP,JsTc4sTh,dry,ace_high,combo_draw,エア,2,0.72,CHECK
OOP_3BP_turn_Ks7d2c5h,turn,OOP,3BP,Ks7d2c5h,dry,set,no_draw,2P+,12,27.9,CHECK
OOP_3BP_turn_Ks7d2c5h,turn,OOP,3BP,Ks7d2c5h,dry,low_pair,no_draw,アンダーペア,120,0.03,CHECK
OOP_3BP_turn_Ks7d2c5h,turn,OOP,3BP,Ks7d2c5h,dry,no_made_hand,oesd,エア,48,99.93,BET
OOP_3BP_turn_Ks7d2c5h,turn,OOP,3BP,Ks7d2c5h,dry,two_pair,no_draw,2P+,54,20.4,CHECK
OOP_3BP_turn_Ks7d2c5h,turn,OOP,3BP,Ks7d2c5h,dry,third_pair,no_draw,アンダーペア,114,0.07,CHECK
OOP_3BP_turn_Ks7d2c5h,turn,OOP,3BP,Ks7d2c5h,dry,no_made_hand,gutshot,エア,64,98.7,BET
OOP_3BP_turn_Ks7d2c5h,turn,OOP,3BP,Ks7d2c5h,dry,second_pair,no_draw,アンダーペア,108,19.04,CHECK
OOP_3BP_turn_Ks7d2c5h,turn,OOP,3BP,Ks7d2c5h,dry,no_made_hand,no_draw,エア,336,10.33,CHECK
OOP_3BP_turn_Ks7d2c5h,turn,OOP,3BP,Ks7d2c5h,dry,underpair,no_draw,アンダーペア,30,38.78,CHECK
OOP_3BP_turn_Ks7d2c5h,turn,OOP,3BP,Ks7d2c5h,dry,top_pair,no_draw,TP+,108,68.5,BET
OOP_3BP_turn_Ks7d2c5h,turn,OOP,3BP,Ks7d2c5h,dry,ace_high,gutshot,エア,32,0.04,CHECK
OOP_3BP_turn_Ks7d2c5h,turn,OOP,3BP,Ks7d2c5h,dry,ace_high,no_draw,エア,96,0.03,CHECK
OOP_3BP_turn_Ks7d2c5h,turn,OOP,3BP,Ks7d2c5h,dry,overpair,no_draw,TP+,6,46.0,CHECK
OOP_3BP_turn_Ks7d2cAh,turn,OOP,3BP,Ks7d2cAh,dry,set,no_draw,2P+,12,71.17,BET
OOP_3BP_turn_Ks7d2cAh,turn,OOP,3BP,Ks7d2cAh,dry,low_pair,no_draw,アンダーペア,132,78.26,BET
OOP_3BP_turn_Ks7d2cAh,turn,OOP,3BP,Ks7d2cAh,dry,no_made_hand,gutshot,エア,96,74.82,BET
OOP_3BP_turn_Ks7d2cAh,turn,OOP,3BP,Ks7d2cAh,dry,no_made_hand,no_draw,エア,480,32.54,CHECK
OOP_3BP_turn_Ks7d2cAh,turn,OOP,3BP,Ks7d2cAh,dry,two_pair,no_draw,2P+,54,42.19,CHECK
OOP_3BP_turn_Ks7d2cAh,turn,OOP,3BP,Ks7d2cAh,dry,third_pair,no_draw,アンダーペア,138,69.12,BET
OOP_3BP_turn_Ks7d2cAh,turn,OOP,3BP,Ks7d2cAh,dry,second_pair,no_draw,アンダーペア,108,87.65,BET
OOP_3BP_turn_Ks7d2cAh,turn,OOP,3BP,Ks7d2cAh,dry,top_pair,no_draw,TP+,108,61.73,BET
OOP_3BP_turn_Ks7d2cJh,turn,OOP,3BP,Ks7d2cJh,dry,set,no_draw,2P+,12,56.62,BET
OOP_3BP_turn_Ks7d2cJh,turn,OOP,3BP,Ks7d2cJh,dry,low_pair,no_draw,アンダーペア,132,0.02,CHECK
OOP_3BP_turn_Ks7d2cJh,turn,OOP,3BP,Ks7d2cJh,dry,no_made_hand,no_draw,エア,368,31.97,CHECK
OOP_3BP_turn_Ks7d2cJh,turn,OOP,3BP,Ks7d2cJh,dry,two_pair,no_draw,2P+,54,73.97,BET
OOP_3BP_turn_Ks7d2cJh,turn,OOP,3BP,Ks7d2cJh,dry,third_pair,no_draw,アンダーペア,126,0.02,CHECK
OOP_3BP_turn_Ks7d2cJh,turn,OOP,3BP,Ks7d2cJh,dry,no_made_hand,gutshot,エア,48,48.04,CHECK
OOP_3BP_turn_Ks7d2cJh,turn,OOP,3BP,Ks7d2cJh,dry,no_made_hand,oesd,エア,32,46.45,CHECK
OOP_3BP_turn_Ks7d2cJh,turn,OOP,3BP,Ks7d2cJh,dry,second_pair,no_draw,アンダーペア,108,0.09,CHECK
OOP_3BP_turn_Ks7d2cJh,turn,OOP,3BP,Ks7d2cJh,dry,underpair,no_draw,アンダーペア,6,0.21,CHECK
OOP_3BP_turn_Ks7d2cJh,turn,OOP,3BP,Ks7d2cJh,dry,top_pair,no_draw,TP+,108,79.19,BET
OOP_3BP_turn_Ks7d2cJh,turn,OOP,3BP,Ks7d2cJh,dry,ace_high,no_draw,エア,96,0.02,CHECK
OOP_3BP_turn_Ks7d2cJh,turn,OOP,3BP,Ks7d2cJh,dry,ace_high,gutshot,エア,32,0.02,CHECK
OOP_3BP_turn_Ks7d2cJh,turn,OOP,3BP,Ks7d2cJh,dry,overpair,no_draw,TP+,6,99.37,BET
OOP_3BP_turn_Ks7d7c2h,turn,OOP,3BP,Ks7d7c2h,dry,fullhouse,no_draw,2P+,18,95.53,BET
OOP_3BP_turn_Ks7d7c2h,turn,OOP,3BP,Ks7d7c2h,dry,third_pair,no_draw,アンダーペア,144,86.37,BET
OOP_3BP_turn_Ks7d7c2h,turn,OOP,3BP,Ks7d7c2h,dry,no_made_hand,no_draw,エア,576,37.61,CHECK
OOP_3BP_turn_Ks7d7c2h,turn,OOP,3BP,Ks7d7c2h,dry,trips,no_draw,2P+,80,44.19,CHECK
OOP_3BP_turn_Ks7d7c2h,turn,OOP,3BP,Ks7d7c2h,dry,quads,no_draw,2P+,1,82.62,BET
OOP_3BP_turn_Ks7d7c2h,turn,OOP,3BP,Ks7d7c2h,dry,underpair,no_draw,アンダーペア,30,75.8,BET
OOP_3BP_turn_Ks7d7c2h,turn,OOP,3BP,Ks7d7c2h,dry,top_pair,no_draw,TP+,129,79.93,BET
OOP_3BP_turn_Ks7d7c2h,turn,OOP,3BP,Ks7d7c2h,dry,ace_high,no_draw,エア,144,72.84,BET
OOP_3BP_turn_Ks7d7c2h,turn,OOP,3BP,Ks7d7c2h,dry,overpair,no_draw,TP+,6,55.9,BET
OOP_3BP_turn_Ks7d7cTh,turn,OOP,3BP,Ks7d7cTh,dry,low_pair,no_draw,アンダーペア,30,0.02,CHECK
OOP_3BP_turn_Ks7d7cTh,turn,OOP,3BP,Ks7d7cTh,dry,no_made_hand,no_draw,エア,464,23.34,CHECK
OOP_3BP_turn_Ks7d7cTh,turn,OOP,3BP,Ks7d7cTh,dry,trips,no_draw,2P+,80,95.48,BET
OOP_3BP_turn_Ks7d7cTh,turn,OOP,3BP,Ks7d7cTh,dry,quads,no_draw,2P+,1,99.83,BET
OOP_3BP_turn_Ks7d7cTh,turn,OOP,3BP,Ks7d7cTh,dry,no_made_hand,gutshot,エア,64,56.7,BET
OOP_3BP_turn_Ks7d7cTh,turn,OOP,3BP,Ks7d7cTh,dry,third_pair,no_draw,アンダーペア,12,0.02,CHECK
OOP_3BP_turn_Ks7d7cTh,turn,OOP,3BP,Ks7d7cTh,dry,no_made_hand,oesd,エア,48,36.23,CHECK
OOP_3BP_turn_Ks7d7cTh,turn,OOP,3BP,Ks7d7cTh,dry,second_pair,no_draw,アンダーペア,120,0.02,CHECK
OOP_3BP_turn_Ks7d7cTh,turn,OOP,3BP,Ks7d7cTh,dry,fullhouse,no_draw,2P+,18,52.81,BET
OOP_3BP_turn_Ks7d7cTh,turn,OOP,3BP,Ks7d7cTh,dry,underpair,no_draw,アンダーペア,12,0.05,CHECK
OOP_3BP_turn_Ks7d7cTh,turn,OOP,3BP,Ks7d7cTh,dry,top_pair,no_draw,TP+,129,11.31,CHECK
OOP_3BP_turn_Ks7d7cTh,turn,OOP,3BP,Ks7d7cTh,dry,ace_high,no_draw,エア,112,0.02,CHECK
OOP_3BP_turn_Ks7d7cTh,turn,OOP,3BP,Ks7d7cTh,dry,ace_high,gutshot,エア,32,0.02,CHECK
OOP_3BP_turn_Ks7d7cTh,turn,OOP,3BP,Ks7d7cTh,dry,overpair,no_draw,TP+,6,71.92,BET
OOP_4BP_river_4s4d2c5hJc,river,OOP,4BP,4s4d2c5hJc,dry,fullhouse,no_draw,2P+,27,52.81,BET
OOP_4BP_river_4s4d2c5hJc,river,OOP,4BP,4s4d2c5hJc,dry,low_pair,no_draw,アンダーペア,114,94.85,BET
OOP_4BP_river_4s4d2c5hJc,river,OOP,4BP,4s4d2c5hJc,dry,trips,no_draw,2P+,72,48.4,CHECK
OOP_4BP_river_4s4d2c5hJc,river,OOP,4BP,4s4d2c5hJc,dry,quads,no_draw,2P+,1,32.76,CHECK
OOP_4BP_river_4s4d2c5hJc,river,OOP,4BP,4s4d2c5hJc,dry,second_pair,no_draw,アンダーペア,117,98.53,BET
OOP_4BP_river_4s4d2c5hJc,river,OOP,4BP,4s4d2c5hJc,dry,straight,no_draw,2P+,32,93.68,BET
OOP_4BP_river_4s4d2c5hJc,river,OOP,4BP,4s4d2c5hJc,dry,underpair,no_draw,アンダーペア,30,99.83,BET
OOP_4BP_river_4s4d2c5hJc,river,OOP,4BP,4s4d2c5hJc,dry,no_made_hand,no_draw,エア,320,18.79,CHECK
OOP_4BP_river_4s4d2c5hJc,river,OOP,4BP,4s4d2c5hJc,dry,top_pair,no_draw,TP+,126,83.27,BET
OOP_4BP_river_4s4d2c5hJc,river,OOP,4BP,4s4d2c5hJc,dry,overpair,no_draw,TP+,18,7.88,CHECK
OOP_4BP_river_4s4d2c5hJc,river,OOP,4BP,4s4d2c5hJc,dry,king_high,no_draw,エア,112,16.24,CHECK
OOP_4BP_river_4s4d2c5hJc,river,OOP,4BP,4s4d2c5hJc,dry,ace_high,no_draw,エア,112,91.54,BET
OOP_4BP_river_8s5d3c2hKc,river,OOP,4BP,8s5d3c2hKc,dry,set,no_draw,2P+,15,62.65,BET
OOP_4BP_river_8s5d3c2hKc,river,OOP,4BP,8s5d3c2hKc,dry,two_pair,no_draw,2P+,90,47.17,CHECK
OOP_4BP_river_8s5d3c2hKc,river,OOP,4BP,8s5d3c2hKc,dry,low_pair,no_draw,アンダーペア,198,0.82,CHECK
OOP_4BP_river_8s5d3c2hKc,river,OOP,4BP,8s5d3c2hKc,dry,third_pair,no_draw,アンダーペア,108,0.01,CHECK
OOP_4BP_river_8s5d3c2hKc,river,OOP,4BP,8s5d3c2hKc,dry,straight,no_draw,2P+,32,98.14,BET
OOP_4BP_river_8s5d3c2hKc,river,OOP,4BP,8s5d3c2hKc,dry,no_made_hand,no_draw,エア,320,51.28,BET
OOP_4BP_river_8s5d3c2hKc,river,OOP,4BP,8s5d3c2hKc,dry,second_pair,no_draw,アンダーペア,96,0.01,CHECK
OOP_4BP_river_8s5d3c2hKc,river,OOP,4BP,8s5d3c2hKc,dry,underpair,no_draw,アンダーペア,24,0.01,CHECK
OOP_4BP_river_8s5d3c2hKc,river,OOP,4BP,8s5d3c2hKc,dry,top_pair,no_draw,TP+,96,4.47,CHECK
OOP_4BP_river_8s5d3c2hKc,river,OOP,4BP,8s5d3c2hKc,dry,ace_high,no_draw,エア,96,55.86,BET
OOP_4BP_river_8s5d3c2hKc,river,OOP,4BP,8s5d3c2hKc,dry,overpair,no_draw,TP+,6,0.65,CHECK
OOP_4BP_river_9s8d6c2hAc,river,OOP,4BP,9s8d6c2hAc,dry,set,no_draw,2P+,15,19.61,CHECK
OOP_4BP_river_9s8d6c2hAc,river,OOP,4BP,9s8d6c2hAc,dry,low_pair,no_draw,アンダーペア,216,44.59,CHECK
OOP_4BP_river_9s8d6c2hAc,river,OOP,4BP,9s8d6c2hAc,dry,no_made_hand,no_draw,エア,304,43.26,CHECK
OOP_4BP_river_9s8d6c2hAc,river,OOP,4BP,9s8d6c2hAc,dry,two_pair,no_draw,2P+,90,12.62,CHECK
OOP_4BP_river_9s8d6c2hAc,river,OOP,4BP,9s8d6c2hAc,dry,straight,no_draw,2P+,32,89.17,BET
OOP_4BP_river_9s8d6c2hAc,river,OOP,4BP,9s8d6c2hAc,dry,third_pair,no_draw,アンダーペア,96,99.95,BET
OOP_4BP_river_9s8d6c2hAc,river,OOP,4BP,9s8d6c2hAc,dry,second_pair,no_draw,アンダーペア,96,99.95,BET
OOP_4BP_river_9s8d6c2hAc,river,OOP,4BP,9s8d6c2hAc,dry,underpair,no_draw,アンダーペア,24,76.23,BET
OOP_4BP_river_9s8d6c2hAc,river,OOP,4BP,9s8d6c2hAc,dry,king_high,no_draw,エア,112,0.01,CHECK
OOP_4BP_river_9s8d6c2hAc,river,OOP,4BP,9s8d6c2hAc,dry,top_pair,no_draw,TP+,96,51.65,BET
OOP_4BP_river_9s8d6cThKd,river,OOP,4BP,9s8d6cThKd,dry,low_pair,no_draw,アンダーペア,192,0.01,CHECK
OOP_4BP_river_9s8d6cThKd,river,OOP,4BP,9s8d6cThKd,dry,no_made_hand,no_draw,エア,224,62.69,BET
OOP_4BP_river_9s8d6cThKd,river,OOP,4BP,9s8d6cThKd,dry,set,no_draw,2P+,15,41.8,CHECK
OOP_4BP_river_9s8d6cThKd,river,OOP,4BP,9s8d6cThKd,dry,straight,no_draw,2P+,194,83.03,BET
OOP_4BP_river_9s8d6cThKd,river,OOP,4BP,9s8d6cThKd,dry,two_pair,no_draw,2P+,90,29.21,CHECK
OOP_4BP_river_9s8d6cThKd,river,OOP,4BP,9s8d6cThKd,dry,third_pair,no_draw,アンダーペア,84,0.02,CHECK
OOP_4BP_river_9s8d6cThKd,river,OOP,4BP,9s8d6cThKd,dry,second_pair,no_draw,アンダーペア,84,30.25,CHECK
OOP_4BP_river_9s8d6cThKd,river,OOP,4BP,9s8d6cThKd,dry,underpair,no_draw,アンダーペア,12,99.94,BET
OOP_4BP_river_9s8d6cThKd,river,OOP,4BP,9s8d6cThKd,dry,top_pair,no_draw,TP+,84,98.11,BET
OOP_4BP_river_9s8d6cThKd,river,OOP,4BP,9s8d6cThKd,dry,ace_high,no_draw,エア,96,3.97,CHECK
OOP_4BP_river_9s8d6cThKd,river,OOP,4BP,9s8d6cThKd,dry,overpair,no_draw,TP+,6,61.95,BET
OOP_4BP_river_As9d4c2h7d,river,OOP,4BP,As9d4c2h7d,dry,set,no_draw,2P+,15,76.18,BET
OOP_4BP_river_As9d4c2h7d,river,OOP,4BP,As9d4c2h7d,dry,low_pair,no_draw,アンダーペア,210,54.27,BET
OOP_4BP_river_As9d4c2h7d,river,OOP,4BP,As9d4c2h7d,dry,two_pair,no_draw,2P+,90,60.2,BET
OOP_4BP_river_As9d4c2h7d,river,OOP,4BP,As9d4c2h7d,dry,straight,no_draw,2P+,16,99.71,BET
OOP_4BP_river_As9d4c2h7d,river,OOP,4BP,As9d4c2h7d,dry,no_made_hand,no_draw,エア,320,46.85,CHECK
OOP_4BP_river_As9d4c2h7d,river,OOP,4BP,As9d4c2h7d,dry,third_pair,no_draw,アンダーペア,102,93.83,BET
OOP_4BP_river_As9d4c2h7d,river,OOP,4BP,As9d4c2h7d,dry,second_pair,no_draw,アンダーペア,96,75.77,BET
OOP_4BP_river_As9d4c2h7d,river,OOP,4BP,As9d4c2h7d,dry,underpair,no_draw,アンダーペア,24,50.11,BET
OOP_4BP_river_As9d4c2h7d,river,OOP,4BP,As9d4c2h7d,dry,king_high,no_draw,エア,112,0.59,CHECK
OOP_4BP_river_As9d4c2h7d,river,OOP,4BP,As9d4c2h7d,dry,top_pair,no_draw,TP+,96,75.81,BET
OOP_4BP_river_As9d4c2hTc,river,OOP,4BP,As9d4c2hTc,dry,set,no_draw,2P+,15,76.15,BET
OOP_4BP_river_As9d4c2hTc,river,OOP,4BP,As9d4c2hTc,dry,low_pair,no_draw,アンダーペア,222,53.8,BET
OOP_4BP_river_As9d4c2hTc,river,OOP,4BP,As9d4c2hTc,dry,two_pair,no_draw,2P+,90,60.36,BET
OOP_4BP_river_As9d4c2hTc,river,OOP,4BP,As9d4c2hTc,dry,straight,no_draw,2P+,16,99.77,BET
OOP_4BP_river_As9d4c2hTc,river,OOP,4BP,As9d4c2hTc,dry,no_made_hand,no_draw,エア,320,39.67,CHECK
OOP_4BP_river_As9d4c2hTc,river,OOP,4BP,As9d4c2hTc,dry,third_pair,no_draw,アンダーペア,96,99.94,BET
OOP_4BP_river_As9d4c2hTc,river,OOP,4BP,As9d4c2hTc,dry,second_pair,no_draw,アンダーペア,96,82.66,BET
OOP_4BP_river_As9d4c2hTc,river,OOP,4BP,As9d4c2hTc,dry,underpair,no_draw,アンダーペア,18,33.55,CHECK
OOP_4BP_river_As9d4c2hTc,river,OOP,4BP,As9d4c2hTc,dry,king_high,no_draw,エア,112,0.39,CHECK
OOP_4BP_river_As9d4c2hTc,river,OOP,4BP,As9d4c2hTc,dry,top_pair,no_draw,TP+,96,75.87,BET
OOP_4BP_river_As9d4cThTd,river,OOP,4BP,As9d4cThTd,dry,low_pair,no_draw,アンダーペア,144,71.3,BET
OOP_4BP_river_As9d4cThTd,river,OOP,4BP,As9d4cThTd,dry,no_made_hand,no_draw,エア,448,17.78,CHECK
OOP_4BP_river_As9d4cThTd,river,OOP,4BP,As9d4cThTd,dry,fullhouse,no_draw,2P+,27,39.05,CHECK
OOP_4BP_river_As9d4cThTd,river,OOP,4BP,As9d4cThTd,dry,third_pair,no_draw,アンダーペア,117,98.16,BET
OOP_4BP_river_As9d4cThTd,river,OOP,4BP,As9d4cThTd,dry,trips,no_draw,2P+,72,47.42,CHECK
OOP_4BP_river_As9d4cThTd,river,OOP,4BP,As9d4cThTd,dry,quads,no_draw,2P+,1,16.75,CHECK
OOP_4BP_river_As9d4cThTd,river,OOP,4BP,As9d4cThTd,dry,underpair,no_draw,アンダーペア,18,0.38,CHECK
OOP_4BP_river_As9d4cThTd,river,OOP,4BP,As9d4cThTd,dry,king_high,no_draw,エア,128,2.89,CHECK
OOP_4BP_river_As9d4cThTd,river,OOP,4BP,As9d4cThTd,dry,top_pair,no_draw,TP+,126,47.75,CHECK
OOP_4BP_river_Ks7d2c5h9d,river,OOP,4BP,Ks7d2c5h9d,dry,set,no_draw,2P+,15,77.97,BET
OOP_4BP_river_Ks7d2c5h9d,river,OOP,4BP,Ks7d2c5h9d,dry,low_pair,no_draw,アンダーペア,210,89.82,BET
OOP_4BP_river_Ks7d2c5h9d,river,OOP,4BP,Ks7d2c5h9d,dry,no_made_hand,no_draw,エア,320,27.46,CHECK
OOP_4BP_river_Ks7d2c5h9d,river,OOP,4BP,Ks7d2c5h9d,dry,two_pair,no_draw,2P+,90,85.94,BET
OOP_4BP_river_Ks7d2c5h9d,river,OOP,4BP,Ks7d2c5h9d,dry,third_pair,no_draw,アンダーペア,102,99.85,BET
OOP_4BP_river_Ks7d2c5h9d,river,OOP,4BP,Ks7d2c5h9d,dry,straight,no_draw,2P+,16,93.46,BET
OOP_4BP_river_Ks7d2c5h9d,river,OOP,4BP,Ks7d2c5h9d,dry,second_pair,no_draw,アンダーペア,96,76.02,BET
OOP_4BP_river_Ks7d2c5h9d,river,OOP,4BP,Ks7d2c5h9d,dry,underpair,no_draw,アンダーペア,18,66.62,BET
OOP_4BP_river_Ks7d2c5h9d,river,OOP,4BP,Ks7d2c5h9d,dry,top_pair,no_draw,TP+,96,72.63,BET
OOP_4BP_river_Ks7d2c5h9d,river,OOP,4BP,Ks7d2c5h9d,dry,ace_high,no_draw,エア,112,2.27,CHECK
OOP_4BP_river_Ks7d2c5h9d,river,OOP,4BP,Ks7d2c5h9d,dry,overpair,no_draw,TP+,6,0.44,CHECK
OOP_4BP_river_Ks7d2c5hJc,river,OOP,4BP,Ks7d2c5hJc,dry,set,no_draw,2P+,15,82.4,BET
OOP_4BP_river_Ks7d2c5hJc,river,OOP,4BP,Ks7d2c5hJc,dry,low_pair,no_draw,アンダーペア,210,98.29,BET
OOP_4BP_river_Ks7d2c5hJc,river,OOP,4BP,Ks7d2c5hJc,dry,no_made_hand,no_draw,エア,336,26.99,CHECK
OOP_4BP_river_Ks7d2c5hJc,river,OOP,4BP,Ks7d2c5hJc,dry,two_pair,no_draw,2P+,90,90.79,BET
OOP_4BP_river_Ks7d2c5hJc,river,OOP,4BP,Ks7d2c5hJc,dry,third_pair,no_draw,アンダーペア,114,99.94,BET
OOP_4BP_river_Ks7d2c5hJc,river,OOP,4BP,Ks7d2c5hJc,dry,second_pair,no_draw,アンダーペア,96,77.15,BET
OOP_4BP_river_Ks7d2c5hJc,river,OOP,4BP,Ks7d2c5hJc,dry,underpair,no_draw,アンダーペア,6,0.26,CHECK
OOP_4BP_river_Ks7d2c5hJc,river,OOP,4BP,Ks7d2c5hJc,dry,top_pair,no_draw,TP+,96,75.09,BET
OOP_4BP_river_Ks7d2c5hJc,river,OOP,4BP,Ks7d2c5hJc,dry,ace_high,no_draw,エア,112,19.15,CHECK
OOP_4BP_river_Ks7d2c5hJc,river,OOP,4BP,Ks7d2c5hJc,dry,overpair,no_draw,TP+,6,0.47,CHECK
OOP_4BP_river_Ks7d7c2hAc,river,OOP,4BP,Ks7d7c2hAc,dry,fullhouse,no_draw,2P+,27,37.55,CHECK
OOP_4BP_river_Ks7d7c2hAc,river,OOP,4BP,Ks7d7c2hAc,dry,low_pair,no_draw,アンダーペア,132,99.99,BET
OOP_4BP_river_Ks7d7c2hAc,river,OOP,4BP,Ks7d7c2hAc,dry,no_made_hand,no_draw,エア,576,25.46,CHECK
OOP_4BP_river_Ks7d7c2hAc,river,OOP,4BP,Ks7d7c2hAc,dry,trips,no_draw,2P+,72,34.47,CHECK
OOP_4BP_river_Ks7d7c2hAc,river,OOP,4BP,Ks7d7c2hAc,dry,quads,no_draw,2P+,1,3.68,CHECK
OOP_4BP_river_Ks7d7c2hAc,river,OOP,4BP,Ks7d7c2hAc,dry,third_pair,no_draw,アンダーペア,30,99.91,BET
OOP_4BP_river_Ks7d7c2hAc,river,OOP,4BP,Ks7d7c2hAc,dry,second_pair,no_draw,アンダーペア,117,99.85,BET
OOP_4BP_river_Ks7d7c2hAc,river,OOP,4BP,Ks7d7c2hAc,dry,top_pair,no_draw,TP+,126,37.12,CHECK
OOP_4BP_turn_4s4d2c5h,turn,OOP,4BP,4s4d2c5h,wet,fullhouse,no_draw,2P+,18,18.53,CHECK
OOP_4BP_turn_4s4d2c5h,turn,OOP,4BP,4s4d2c5h,wet,third_pair,oesd,アンダーペア,18,38.49,CHECK
OOP_4BP_turn_4s4d2c5h,turn,OOP,4BP,4s4d2c5h,wet,trips,oesd,2P+,8,78.23,BET
OOP_4BP_turn_4s4d2c5h,turn,OOP,4BP,4s4d2c5h,wet,quads,no_draw,2P+,1,74.61,BET
OOP_4BP_turn_4s4d2c5h,turn,OOP,4BP,4s4d2c5h,wet,top_pair,no_draw,TP+,93,30.5,CHECK
OOP_4BP_turn_4s4d2c5h,turn,OOP,4BP,4s4d2c5h,wet,top_pair,oesd,TP+,12,95.84,BET
OOP_4BP_turn_4s4d2c5h,turn,OOP,4BP,4s4d2c5h,wet,third_pair,gutshot,アンダーペア,24,1.76,CHECK
OOP_4BP_turn_4s4d2c5h,turn,OOP,4BP,4s4d2c5h,wet,straight,no_draw,2P+,32,15.77,CHECK
OOP_4BP_turn_4s4d2c5h,turn,OOP,4BP,4s4d2c5h,wet,trips,gutshot,2P+,16,51.21,BET
OOP_4BP_turn_4s4d2c5h,turn,OOP,4BP,4s4d2c5h,wet,top_pair,gutshot,TP+,24,78.01,BET
OOP_4BP_turn_4s4d2c5h,turn,OOP,4BP,4s4d2c5h,wet,overpair,gutshot,TP+,12,62.56,BET
OOP_4BP_turn_4s4d2c5h,turn,OOP,4BP,4s4d2c5h,wet,third_pair,no_draw,アンダーペア,84,0.25,CHECK
OOP_4BP_turn_4s4d2c5h,turn,OOP,4BP,4s4d2c5h,wet,no_made_hand,oesd,エア,128,38.52,CHECK
OOP_4BP_turn_4s4d2c5h,turn,OOP,4BP,4s4d2c5h,wet,trips,no_draw,2P+,56,45.45,CHECK
OOP_4BP_turn_4s4d2c5h,turn,OOP,4BP,4s4d2c5h,wet,overpair,no_draw,TP+,42,46.08,CHECK
OOP_4BP_turn_4s4d2c5h,turn,OOP,4BP,4s4d2c5h,wet,no_made_hand,gutshot,エア,80,43.97,CHECK
OOP_4BP_turn_4s4d2c5h,turn,OOP,4BP,4s4d2c5h,wet,no_made_hand,no_draw,エア,224,3.87,CHECK
OOP_4BP_turn_4s4d2c5h,turn,OOP,4BP,4s4d2c5h,wet,king_high,oesd,エア,16,1.54,CHECK
OOP_4BP_turn_4s4d2c5h,turn,OOP,4BP,4s4d2c5h,wet,king_high,gutshot,エア,16,10.6,CHECK
OOP_4BP_turn_4s4d2c5h,turn,OOP,4BP,4s4d2c5h,wet,king_high,no_draw,エア,96,2.02,CHECK
OOP_4BP_turn_4s4d2c5h,turn,OOP,4BP,4s4d2c5h,wet,ace_high,gutshot,エア,128,1.56,CHECK
OOP_4BP_turn_4s4d2cAh,turn,OOP,4BP,4s4d2cAh,wet,fullhouse,no_draw,2P+,18,49.43,CHECK
OOP_4BP_turn_4s4d2cAh,turn,OOP,4BP,4s4d2cAh,wet,third_pair,gutshot,アンダーペア,30,0.33,CHECK
OOP_4BP_turn_4s4d2cAh,turn,OOP,4BP,4s4d2cAh,wet,trips,gutshot,2P+,16,69.1,BET
OOP_4BP_turn_4s4d2cAh,turn,OOP,4BP,4s4d2cAh,wet,quads,no_draw,2P+,1,79.2,BET
OOP_4BP_turn_4s4d2cAh,turn,OOP,4BP,4s4d2cAh,wet,straight,no_draw,2P+,16,25.12,CHECK
OOP_4BP_turn_4s4d2cAh,turn,OOP,4BP,4s4d2cAh,wet,underpair,gutshot,アンダーペア,6,1.06,CHECK
OOP_4BP_turn_4s4d2cAh,turn,OOP,4BP,4s4d2cAh,wet,third_pair,no_draw,アンダーペア,96,0.23,CHECK
OOP_4BP_turn_4s4d2cAh,turn,OOP,4BP,4s4d2cAh,wet,no_made_hand,gutshot,エア,224,42.68,CHECK
OOP_4BP_turn_4s4d2cAh,turn,OOP,4BP,4s4d2cAh,wet,trips,no_draw,2P+,64,27.08,CHECK
OOP_4BP_turn_4s4d2cAh,turn,OOP,4BP,4s4d2cAh,wet,underpair,no_draw,アンダーペア,48,19.49,CHECK
OOP_4BP_turn_4s4d2cAh,turn,OOP,4BP,4s4d2cAh,wet,no_made_hand,no_draw,エア,336,14.17,CHECK
OOP_4BP_turn_4s4d2cAh,turn,OOP,4BP,4s4d2cAh,wet,king_high,gutshot,エア,32,55.81,BET
OOP_4BP_turn_4s4d2cAh,turn,OOP,4BP,4s4d2cAh,wet,king_high,no_draw,エア,112,21.59,CHECK
OOP_4BP_turn_4s4d2cAh,turn,OOP,4BP,4s4d2cAh,wet,top_pair,no_draw,TP+,105,62.36,BET
OOP_4BP_turn_4s4d2cAh,turn,OOP,4BP,4s4d2cAh,wet,top_pair,gutshot,TP+,24,65.4,BET
OOP_4BP_turn_4s4d2cTh,turn,OOP,4BP,4s4d2cTh,dry,fullhouse,no_draw,2P+,18,57.2,BET
OOP_4BP_turn_4s4d2cTh,turn,OOP,4BP,4s4d2cTh,dry,third_pair,no_draw,アンダーペア,126,3.39,CHECK
OOP_4BP_turn_4s4d2cTh,turn,OOP,4BP,4s4d2cTh,dry,trips,no_draw,2P+,80,71.1,BET
OOP_4BP_turn_4s4d2cTh,turn,OOP,4BP,4s4d2cTh,dry,quads,no_draw,2P+,1,96.21,BET
OOP_4BP_turn_4s4d2cTh,turn,OOP,4BP,4s4d2cTh,dry,no_made_hand,oesd,エア,16,99.6,BET
OOP_4BP_turn_4s4d2cTh,turn,OOP,4BP,4s4d2cTh,dry,underpair,no_draw,アンダーペア,30,2.33,CHECK
OOP_4BP_turn_4s4d2cTh,turn,OOP,4BP,4s4d2cTh,dry,no_made_hand,gutshot,エア,32,99.75,BET
OOP_4BP_turn_4s4d2cTh,turn,OOP,4BP,4s4d2cTh,dry,no_made_hand,no_draw,エア,400,30.71,CHECK
OOP_4BP_turn_4s4d2cTh,turn,OOP,4BP,4s4d2cTh,dry,top_pair,no_draw,TP+,129,41.34,CHECK
OOP_4BP_turn_4s4d2cTh,turn,OOP,4BP,4s4d2cTh,dry,overpair,no_draw,TP+,24,20.19,CHECK
OOP_4BP_turn_4s4d2cTh,turn,OOP,4BP,4s4d2cTh,dry,king_high,no_draw,エア,128,1.58,CHECK
OOP_4BP_turn_4s4d2cTh,turn,OOP,4BP,4s4d2cTh,dry,ace_high,gutshot,エア,32,0.45,CHECK
OOP_4BP_turn_4s4d2cTh,turn,OOP,4BP,4s4d2cTh,dry,ace_high,no_draw,エア,112,0.79,CHECK
OOP_4BP_turn_8s5d3c2h,turn,OOP,4BP,8s5d3c2h,dry,set,no_draw,2P+,12,0.03,CHECK
OOP_4BP_turn_8s5d3c2h,turn,OOP,4BP,8s5d3c2h,dry,two_pair,no_draw,2P+,54,0.04,CHECK
OOP_4BP_turn_8s5d3c2h,turn,OOP,4BP,8s5d3c2h,dry,low_pair,oesd,アンダーペア,12,99.71,BET
OOP_4BP_turn_8s5d3c2h,turn,OOP,4BP,8s5d3c2h,dry,third_pair,oesd,アンダーペア,18,89.78,BET
OOP_4BP_turn_8s5d3c2h,turn,OOP,4BP,8s5d3c2h,dry,second_pair,oesd,アンダーペア,12,99.82,BET
OOP_4BP_turn_8s5d3c2h,turn,OOP,4BP,8s5d3c2h,dry,low_pair,gutshot,アンダーペア,24,56.74,BET
OOP_4BP_turn_8s5d3c2h,turn,OOP,4BP,8s5d3c2h,dry,third_pair,gutshot,アンダーペア,24,93.15,BET
OOP_4BP_turn_8s5d3c2h,turn,OOP,4BP,8s5d3c2h,dry,straight,no_draw,2P+,32,0.03,CHECK
OOP_4BP_turn_8s5d3c2h,turn,OOP,4BP,8s5d3c2h,dry,second_pair,gutshot,アンダーペア,24,99.92,BET
OOP_4BP_turn_8s5d3c2h,turn,OOP,4BP,8s5d3c2h,dry,underpair,gutshot,アンダーペア,6,98.93,BET
OOP_4BP_turn_8s5d3c2h,turn,OOP,4BP,8s5d3c2h,dry,low_pair,no_draw,アンダーペア,72,0.12,CHECK
OOP_4BP_turn_8s5d3c2h,turn,OOP,4BP,8s5d3c2h,dry,third_pair,no_draw,アンダーペア,72,9.38,CHECK
OOP_4BP_turn_8s5d3c2h,turn,OOP,4BP,8s5d3c2h,dry,no_made_hand,oesd,エア,112,37.99,CHECK
OOP_4BP_turn_8s5d3c2h,turn,OOP,4BP,8s5d3c2h,dry,second_pair,no_draw,アンダーペア,72,83.26,BET
OOP_4BP_turn_8s5d3c2h,turn,OOP,4BP,8s5d3c2h,dry,underpair,no_draw,アンダーペア,6,41.63,CHECK
OOP_4BP_turn_8s5d3c2h,turn,OOP,4BP,8s5d3c2h,dry,top_pair,oesd,TP+,12,99.8,BET
OOP_4BP_turn_8s5d3c2h,turn,OOP,4BP,8s5d3c2h,dry,top_pair,gutshot,TP+,24,99.93,BET
OOP_4BP_turn_8s5d3c2h,turn,OOP,4BP,8s5d3c2h,dry,top_pair,no_draw,TP+,72,86.97,BET
OOP_4BP_turn_8s5d3c2h,turn,OOP,4BP,8s5d3c2h,dry,no_made_hand,gutshot,エア,64,17.51,CHECK
OOP_4BP_turn_8s5d3c2h,turn,OOP,4BP,8s5d3c2h,dry,overpair,no_draw,TP+,30,30.88,CHECK
OOP_4BP_turn_8s5d3c2h,turn,OOP,4BP,8s5d3c2h,dry,no_made_hand,no_draw,エア,144,0.01,CHECK
OOP_4BP_turn_8s5d3c2h,turn,OOP,4BP,8s5d3c2h,dry,king_high,oesd,エア,16,0.3,CHECK
OOP_4BP_turn_8s5d3c2h,turn,OOP,4BP,8s5d3c2h,dry,king_high,gutshot,エア,16,73.88,BET
OOP_4BP_turn_8s5d3c2h,turn,OOP,4BP,8s5d3c2h,dry,king_high,no_draw,エア,80,0.01,CHECK
OOP_4BP_turn_8s5d3c2h,turn,OOP,4BP,8s5d3c2h,dry,ace_high,gutshot,エア,112,66.24,BET
OOP_4BP_turn_8s5d3c2h,turn,OOP,4BP,8s5d3c2h,dry,overpair,gutshot,TP+,6,0.03,CHECK
OOP_4BP_turn_8s5d3cAh,turn,OOP,4BP,8s5d3cAh,dry,low_pair,gutshot,アンダーペア,36,0.76,CHECK
OOP_4BP_turn_8s5d3cAh,turn,OOP,4BP,8s5d3cAh,dry,set,no_draw,2P+,12,0.09,CHECK
OOP_4BP_turn_8s5d3cAh,turn,OOP,4BP,8s5d3cAh,dry,straight,no_draw,2P+,16,0.05,CHECK
OOP_4BP_turn_8s5d3cAh,turn,OOP,4BP,8s5d3cAh,dry,third_pair,gutshot,アンダーペア,24,98.0,BET
OOP_4BP_turn_8s5d3cAh,turn,OOP,4BP,8s5d3cAh,dry,two_pair,no_draw,2P+,54,0.09,CHECK
OOP_4BP_turn_8s5d3cAh,turn,OOP,4BP,8s5d3cAh,dry,no_made_hand,gutshot,エア,192,7.26,CHECK
OOP_4BP_turn_8s5d3cAh,turn,OOP,4BP,8s5d3cAh,dry,low_pair,no_draw,アンダーペア,84,0.04,CHECK
OOP_4BP_turn_8s5d3cAh,turn,OOP,4BP,8s5d3cAh,dry,no_made_hand,oesd,エア,48,3.44,CHECK
OOP_4BP_turn_8s5d3cAh,turn,OOP,4BP,8s5d3cAh,dry,third_pair,no_draw,アンダーペア,96,13.29,CHECK
OOP_4BP_turn_8s5d3cAh,turn,OOP,4BP,8s5d3cAh,dry,second_pair,gutshot,アンダーペア,24,85.37,BET
OOP_4BP_turn_8s5d3cAh,turn,OOP,4BP,8s5d3cAh,dry,second_pair,no_draw,アンダーペア,84,31.93,CHECK
OOP_4BP_turn_8s5d3cAh,turn,OOP,4BP,8s5d3cAh,dry,underpair,no_draw,アンダーペア,30,35.14,CHECK
OOP_4BP_turn_8s5d3cAh,turn,OOP,4BP,8s5d3cAh,dry,no_made_hand,no_draw,エア,192,0.0,CHECK
OOP_4BP_turn_8s5d3cAh,turn,OOP,4BP,8s5d3cAh,dry,king_high,gutshot,エア,32,1.87,CHECK
OOP_4BP_turn_8s5d3cAh,turn,OOP,4BP,8s5d3cAh,dry,king_high,no_draw,エア,96,0.02,CHECK
OOP_4BP_turn_8s5d3cAh,turn,OOP,4BP,8s5d3cAh,dry,top_pair,gutshot,TP+,24,0.07,CHECK
OOP_4BP_turn_8s5d3cAh,turn,OOP,4BP,8s5d3cAh,dry,top_pair,no_draw,TP+,84,0.12,CHECK
OOP_4BP_turn_8s5d3cTh,turn,OOP,4BP,8s5d3cTh,dry,low_pair,no_draw,アンダーペア,120,0.04,CHECK
OOP_4BP_turn_8s5d3cTh,turn,OOP,4BP,8s5d3cTh,dry,set,no_draw,2P+,12,0.08,CHECK
OOP_4BP_turn_8s5d3cTh,turn,OOP,4BP,8s5d3cTh,dry,no_made_hand,oesd,エア,80,21.76,CHECK
OOP_4BP_turn_8s5d3cTh,turn,OOP,4BP,8s5d3cTh,dry,third_pair,no_draw,アンダーペア,120,0.05,CHECK
OOP_4BP_turn_8s5d3cTh,turn,OOP,4BP,8s5d3cTh,dry,two_pair,no_draw,2P+,54,0.12,CHECK
OOP_4BP_turn_8s5d3cTh,turn,OOP,4BP,8s5d3cTh,dry,no_made_hand,gutshot,エア,96,28.81,CHECK
OOP_4BP_turn_8s5d3cTh,turn,OOP,4BP,8s5d3cTh,dry,no_made_hand,no_draw,エア,160,17.44,CHECK
OOP_4BP_turn_8s5d3cTh,turn,OOP,4BP,8s5d3cTh,dry,second_pair,no_draw,アンダーペア,108,12.18,CHECK
OOP_4BP_turn_8s5d3cTh,turn,OOP,4BP,8s5d3cTh,dry,underpair,no_draw,アンダーペア,6,19.47,CHECK
OOP_4BP_turn_8s5d3cTh,turn,OOP,4BP,8s5d3cTh,dry,top_pair,no_draw,TP+,108,95.23,BET
OOP_4BP_turn_8s5d3cTh,turn,OOP,4BP,8s5d3cTh,dry,overpair,no_draw,TP+,24,20.34,CHECK
OOP_4BP_turn_8s5d3cTh,turn,OOP,4BP,8s5d3cTh,dry,king_high,no_draw,エア,112,0.86,CHECK
OOP_4BP_turn_8s5d3cTh,turn,OOP,4BP,8s5d3cTh,dry,ace_high,gutshot,エア,32,0.02,CHECK
OOP_4BP_turn_8s5d3cTh,turn,OOP,4BP,8s5d3cTh,dry,ace_high,no_draw,エア,96,0.04,CHECK
OOP_4BP_turn_9s8d6c2h,turn,OOP,4BP,9s8d6c2h,dry,set,no_draw,2P+,12,51.29,BET
OOP_4BP_turn_9s8d6c2h,turn,OOP,4BP,9s8d6c2h,dry,low_pair,no_draw,アンダーペア,84,36.32,CHECK
OOP_4BP_turn_9s8d6c2h,turn,OOP,4BP,9s8d6c2h,dry,no_made_hand,gutshot,エア,112,72.69,BET
OOP_4BP_turn_9s8d6c2h,turn,OOP,4BP,9s8d6c2h,dry,low_pair,gutshot,アンダーペア,30,64.9,BET
OOP_4BP_turn_9s8d6c2h,turn,OOP,4BP,9s8d6c2h,dry,no_made_hand,oesd,エア,128,56.09,BET
OOP_4BP_turn_9s8d6c2h,turn,OOP,4BP,9s8d6c2h,dry,two_pair,no_draw,2P+,54,50.72,BET
OOP_4BP_turn_9s8d6c2h,turn,OOP,4BP,9s8d6c2h,dry,third_pair,no_draw,アンダーペア,72,63.03,BET
OOP_4BP_turn_9s8d6c2h,turn,OOP,4BP,9s8d6c2h,dry,third_pair,gutshot,アンダーペア,24,98.52,BET
OOP_4BP_turn_9s8d6c2h,turn,OOP,4BP,9s8d6c2h,dry,low_pair,oesd,アンダーペア,12,90.14,BET
OOP_4BP_turn_9s8d6c2h,turn,OOP,4BP,9s8d6c2h,dry,straight,no_draw,2P+,32,44.09,CHECK
OOP_4BP_turn_9s8d6c2h,turn,OOP,4BP,9s8d6c2h,dry,third_pair,oesd,アンダーペア,18,95.49,BET
OOP_4BP_turn_9s8d6c2h,turn,OOP,4BP,9s8d6c2h,dry,second_pair,no_draw,アンダーペア,72,59.88,BET
OOP_4BP_turn_9s8d6c2h,turn,OOP,4BP,9s8d6c2h,dry,second_pair,gutshot,アンダーペア,24,99.83,BET
OOP_4BP_turn_9s8d6c2h,turn,OOP,4BP,9s8d6c2h,dry,second_pair,oesd,アンダーペア,12,98.94,BET
OOP_4BP_turn_9s8d6c2h,turn,OOP,4BP,9s8d6c2h,dry,top_pair,no_draw,TP+,72,56.9,BET
OOP_4BP_turn_9s8d6c2h,turn,OOP,4BP,9s8d6c2h,dry,top_pair,gutshot,TP+,24,99.89,BET
OOP_4BP_turn_9s8d6c2h,turn,OOP,4BP,9s8d6c2h,dry,top_pair,oesd,TP+,12,99.39,BET
OOP_4BP_turn_9s8d6c2h,turn,OOP,4BP,9s8d6c2h,dry,overpair,gutshot,TP+,6,99.93,BET
OOP_4BP_turn_9s8d6c2h,turn,OOP,4BP,9s8d6c2h,dry,no_made_hand,no_draw,エア,64,9.53,CHECK
OOP_4BP_turn_9s8d6c2h,turn,OOP,4BP,9s8d6c2h,dry,overpair,no_draw,TP+,24,53.71,BET
OOP_4BP_turn_9s8d6c2h,turn,OOP,4BP,9s8d6c2h,dry,king_high,no_draw,エア,64,27.6,CHECK
OOP_4BP_turn_9s8d6c2h,turn,OOP,4BP,9s8d6c2h,dry,king_high,gutshot,エア,32,32.89,CHECK
OOP_4BP_turn_9s8d6c2h,turn,OOP,4BP,9s8d6c2h,dry,king_high,oesd,エア,16,0.46,CHECK
OOP_4BP_turn_9s8d6c2h,turn,OOP,4BP,9s8d6c2h,dry,ace_high,no_draw,エア,80,0.09,CHECK
OOP_4BP_turn_9s8d6c2h,turn,OOP,4BP,9s8d6c2h,dry,ace_high,gutshot,エア,32,0.15,CHECK
OOP_4BP_turn_9s8d6c2h,turn,OOP,4BP,9s8d6c2h,dry,ace_high,oesd,エア,16,0.27,CHECK
OOP_4BP_turn_9s8d6cKh,turn,OOP,4BP,9s8d6cKh,dry,low_pair,no_draw,アンダーペア,90,20.58,CHECK
OOP_4BP_turn_9s8d6cKh,turn,OOP,4BP,9s8d6cKh,dry,no_made_hand,no_draw,エア,144,0.41,CHECK
OOP_4BP_turn_9s8d6cKh,turn,OOP,4BP,9s8d6cKh,dry,no_made_hand,gutshot,エア,160,59.69,BET
OOP_4BP_turn_9s8d6cKh,turn,OOP,4BP,9s8d6cKh,dry,low_pair,gutshot,アンダーペア,30,16.94,CHECK
OOP_4BP_turn_9s8d6cKh,turn,OOP,4BP,9s8d6cKh,dry,set,no_draw,2P+,12,54.62,BET
OOP_4BP_turn_9s8d6cKh,turn,OOP,4BP,9s8d6cKh,dry,no_made_hand,oesd,エア,112,22.53,CHECK
OOP_4BP_turn_9s8d6cKh,turn,OOP,4BP,9s8d6cKh,dry,straight,no_draw,2P+,32,34.22,CHECK
OOP_4BP_turn_9s8d6cKh,turn,OOP,4BP,9s8d6cKh,dry,low_pair,oesd,アンダーペア,18,0.67,CHECK
OOP_4BP_turn_9s8d6cKh,turn,OOP,4BP,9s8d6cKh,dry,third_pair,no_draw,アンダーペア,72,59.38,BET
OOP_4BP_turn_9s8d6cKh,turn,OOP,4BP,9s8d6cKh,dry,third_pair,gutshot,アンダーペア,24,54.47,BET
OOP_4BP_turn_9s8d6cKh,turn,OOP,4BP,9s8d6cKh,dry,two_pair,no_draw,2P+,54,54.12,BET
OOP_4BP_turn_9s8d6cKh,turn,OOP,4BP,9s8d6cKh,dry,third_pair,oesd,アンダーペア,12,64.18,BET
OOP_4BP_turn_9s8d6cKh,turn,OOP,4BP,9s8d6cKh,dry,second_pair,no_draw,アンダーペア,72,78.09,BET
OOP_4BP_turn_9s8d6cKh,turn,OOP,4BP,9s8d6cKh,dry,second_pair,gutshot,アンダーペア,24,99.41,BET
OOP_4BP_turn_9s8d6cKh,turn,OOP,4BP,9s8d6cKh,dry,second_pair,oesd,アンダーペア,12,99.01,BET
OOP_4BP_turn_9s8d6cKh,turn,OOP,4BP,9s8d6cKh,dry,underpair,gutshot,アンダーペア,6,99.91,BET
OOP_4BP_turn_9s8d6cKh,turn,OOP,4BP,9s8d6cKh,dry,underpair,no_draw,アンダーペア,12,75.31,BET
OOP_4BP_turn_9s8d6cKh,turn,OOP,4BP,9s8d6cKh,dry,top_pair,no_draw,TP+,72,54.76,BET
OOP_4BP_turn_9s8d6cKh,turn,OOP,4BP,9s8d6cKh,dry,top_pair,gutshot,TP+,24,97.7,BET
OOP_4BP_turn_9s8d6cKh,turn,OOP,4BP,9s8d6cKh,dry,top_pair,oesd,TP+,12,98.13,BET
OOP_4BP_turn_9s8d6cKh,turn,OOP,4BP,9s8d6cKh,dry,ace_high,no_draw,エア,80,12.26,CHECK
OOP_4BP_turn_9s8d6cKh,turn,OOP,4BP,9s8d6cKh,dry,ace_high,gutshot,エア,32,0.36,CHECK
OOP_4BP_turn_9s8d6cKh,turn,OOP,4BP,9s8d6cKh,dry,ace_high,oesd,エア,16,0.32,CHECK
OOP_4BP_turn_9s8d6cKh,turn,OOP,4BP,9s8d6cKh,dry,overpair,no_draw,TP+,6,1.77,CHECK
OOP_4BP_turn_9s8d6cTh,turn,OOP,4BP,9s8d6cTh,wet,low_pair,no_draw,アンダーペア,96,0.05,CHECK
OOP_4BP_turn_9s8d6cTh,turn,OOP,4BP,9s8d6cTh,wet,no_made_hand,no_draw,エア,96,0.11,CHECK
OOP_4BP_turn_9s8d6cTh,turn,OOP,4BP,9s8d6cTh,wet,set,no_draw,2P+,12,39.33,CHECK
OOP_4BP_turn_9s8d6cTh,turn,OOP,4BP,9s8d6cTh,wet,straight,no_draw,2P+,198,69.02,BET
OOP_4BP_turn_9s8d6cTh,turn,OOP,4BP,9s8d6cTh,wet,third_pair,no_draw,アンダーペア,72,0.07,CHECK
OOP_4BP_turn_9s8d6cTh,turn,OOP,4BP,9s8d6cTh,wet,two_pair,no_draw,2P+,54,62.76,BET
OOP_4BP_turn_9s8d6cTh,turn,OOP,4BP,9s8d6cTh,wet,second_pair,no_draw,アンダーペア,72,0.13,CHECK
OOP_4BP_turn_9s8d6cTh,turn,OOP,4BP,9s8d6cTh,wet,top_pair,no_draw,TP+,72,26.81,CHECK
OOP_4BP_turn_9s8d6cTh,turn,OOP,4BP,9s8d6cTh,wet,no_made_hand,oesd,エア,64,63.53,BET
OOP_4BP_turn_9s8d6cTh,turn,OOP,4BP,9s8d6cTh,wet,low_pair,oesd,アンダーペア,12,0.06,CHECK
OOP_4BP_turn_9s8d6cTh,turn,OOP,4BP,9s8d6cTh,wet,third_pair,oesd,アンダーペア,12,0.07,CHECK
OOP_4BP_turn_9s8d6cTh,turn,OOP,4BP,9s8d6cTh,wet,second_pair,oesd,アンダーペア,12,0.13,CHECK
OOP_4BP_turn_9s8d6cTh,turn,OOP,4BP,9s8d6cTh,wet,top_pair,oesd,TP+,12,13.98,CHECK
OOP_4BP_turn_9s8d6cTh,turn,OOP,4BP,9s8d6cTh,wet,overpair,oesd,TP+,6,51.37,BET
OOP_4BP_turn_9s8d6cTh,turn,OOP,4BP,9s8d6cTh,wet,no_made_hand,gutshot,エア,64,86.4,BET
OOP_4BP_turn_9s8d6cTh,turn,OOP,4BP,9s8d6cTh,wet,low_pair,gutshot,アンダーペア,12,0.12,CHECK
OOP_4BP_turn_9s8d6cTh,turn,OOP,4BP,9s8d6cTh,wet,third_pair,gutshot,アンダーペア,12,0.12,CHECK
OOP_4BP_turn_9s8d6cTh,turn,OOP,4BP,9s8d6cTh,wet,second_pair,gutshot,アンダーペア,12,0.37,CHECK
OOP_4BP_turn_9s8d6cTh,turn,OOP,4BP,9s8d6cTh,wet,top_pair,gutshot,TP+,12,71.39,BET
OOP_4BP_turn_9s8d6cTh,turn,OOP,4BP,9s8d6cTh,wet,overpair,gutshot,TP+,6,94.19,BET
OOP_4BP_turn_9s8d6cTh,turn,OOP,4BP,9s8d6cTh,wet,king_high,no_draw,エア,64,17.94,CHECK
OOP_4BP_turn_9s8d6cTh,turn,OOP,4BP,9s8d6cTh,wet,king_high,oesd,エア,16,24.25,CHECK
OOP_4BP_turn_9s8d6cTh,turn,OOP,4BP,9s8d6cTh,wet,king_high,gutshot,エア,16,28.11,CHECK
OOP_4BP_turn_9s8d6cTh,turn,OOP,4BP,9s8d6cTh,wet,overpair,no_draw,TP+,12,93.09,BET
OOP_4BP_turn_9s8d6cTh,turn,OOP,4BP,9s8d6cTh,wet,ace_high,no_draw,エア,80,28.4,CHECK
OOP_4BP_turn_9s8d6cTh,turn,OOP,4BP,9s8d6cTh,wet,ace_high,oesd,エア,16,0.11,CHECK
OOP_4BP_turn_9s8d6cTh,turn,OOP,4BP,9s8d6cTh,wet,ace_high,gutshot,エア,16,0.18,CHECK
OOP_4BP_turn_As9d4c2h,turn,OOP,4BP,As9d4c2h,dry,set,no_draw,2P+,12,36.4,CHECK
OOP_4BP_turn_As9d4c2h,turn,OOP,4BP,As9d4c2h,dry,low_pair,gutshot,アンダーペア,30,28.93,CHECK
OOP_4BP_turn_As9d4c2h,turn,OOP,4BP,As9d4c2h,dry,two_pair,no_draw,2P+,54,31.21,CHECK
OOP_4BP_turn_As9d4c2h,turn,OOP,4BP,As9d4c2h,dry,third_pair,gutshot,アンダーペア,30,95.67,BET
OOP_4BP_turn_As9d4c2h,turn,OOP,4BP,As9d4c2h,dry,straight,no_draw,2P+,16,9.58,CHECK
OOP_4BP_turn_As9d4c2h,turn,OOP,4BP,As9d4c2h,dry,low_pair,no_draw,アンダーペア,84,36.77,CHECK
OOP_4BP_turn_As9d4c2h,turn,OOP,4BP,As9d4c2h,dry,no_made_hand,gutshot,エア,192,51.35,BET
OOP_4BP_turn_As9d4c2h,turn,OOP,4BP,As9d4c2h,dry,third_pair,no_draw,アンダーペア,102,65.16,BET
OOP_4BP_turn_As9d4c2h,turn,OOP,4BP,As9d4c2h,dry,no_made_hand,no_draw,エア,240,0.09,CHECK
OOP_4BP_turn_As9d4c2h,turn,OOP,4BP,As9d4c2h,dry,second_pair,gutshot,アンダーペア,24,74.47,BET
OOP_4BP_turn_As9d4c2h,turn,OOP,4BP,As9d4c2h,dry,second_pair,no_draw,アンダーペア,84,34.7,CHECK
OOP_4BP_turn_As9d4c2h,turn,OOP,4BP,As9d4c2h,dry,underpair,no_draw,アンダーペア,24,67.61,BET
OOP_4BP_turn_As9d4c2h,turn,OOP,4BP,As9d4c2h,dry,king_high,gutshot,エア,32,2.77,CHECK
OOP_4BP_turn_As9d4c2h,turn,OOP,4BP,As9d4c2h,dry,king_high,no_draw,エア,96,0.03,CHECK
OOP_4BP_turn_As9d4c2h,turn,OOP,4BP,As9d4c2h,dry,top_pair,gutshot,TP+,24,85.96,BET
OOP_4BP_turn_As9d4c2h,turn,OOP,4BP,As9d4c2h,dry,top_pair,no_draw,TP+,84,57.36,BET
OOP_4BP_turn_As9d4cKh,turn,OOP,4BP,As9d4cKh,dry,low_pair,no_draw,アンダーペア,144,1.8,CHECK
OOP_4BP_turn_As9d4cKh,turn,OOP,4BP,As9d4cKh,dry,no_made_hand,gutshot,エア,96,27.48,CHECK
OOP_4BP_turn_As9d4cKh,turn,OOP,4BP,As9d4cKh,dry,set,no_draw,2P+,12,5.11,CHECK
OOP_4BP_turn_As9d4cKh,turn,OOP,4BP,As9d4cKh,dry,no_made_hand,no_draw,エア,480,17.19,CHECK
OOP_4BP_turn_As9d4cKh,turn,OOP,4BP,As9d4cKh,dry,third_pair,no_draw,アンダーペア,126,7.83,CHECK
OOP_4BP_turn_As9d4cKh,turn,OOP,4BP,As9d4cKh,dry,two_pair,no_draw,2P+,54,3.37,CHECK
OOP_4BP_turn_As9d4cKh,turn,OOP,4BP,As9d4cKh,dry,second_pair,no_draw,アンダーペア,108,75.31,BET
OOP_4BP_turn_As9d4cKh,turn,OOP,4BP,As9d4cKh,dry,top_pair,no_draw,TP+,108,55.01,BET
OOP_4BP_turn_As9d4cTh,turn,OOP,4BP,As9d4cTh,dry,low_pair,no_draw,アンダーペア,144,55.62,BET
OOP_4BP_turn_As9d4cTh,turn,OOP,4BP,As9d4cTh,dry,no_made_hand,gutshot,エア,112,62.48,BET
OOP_4BP_turn_As9d4cTh,turn,OOP,4BP,As9d4cTh,dry,set,no_draw,2P+,12,59.05,BET
OOP_4BP_turn_As9d4cTh,turn,OOP,4BP,As9d4cTh,dry,no_made_hand,no_draw,エア,288,11.46,CHECK
OOP_4BP_turn_As9d4cTh,turn,OOP,4BP,As9d4cTh,dry,no_made_hand,oesd,エア,48,28.0,CHECK
OOP_4BP_turn_As9d4cTh,turn,OOP,4BP,As9d4cTh,dry,third_pair,no_draw,アンダーペア,108,55.18,BET
OOP_4BP_turn_As9d4cTh,turn,OOP,4BP,As9d4cTh,dry,two_pair,no_draw,2P+,54,48.18,CHECK
OOP_4BP_turn_As9d4cTh,turn,OOP,4BP,As9d4cTh,dry,second_pair,no_draw,アンダーペア,108,54.91,BET
OOP_4BP_turn_As9d4cTh,turn,OOP,4BP,As9d4cTh,dry,underpair,no_draw,アンダーペア,18,16.88,CHECK
OOP_4BP_turn_As9d4cTh,turn,OOP,4BP,As9d4cTh,dry,king_high,no_draw,エア,96,34.93,CHECK
OOP_4BP_turn_As9d4cTh,turn,OOP,4BP,As9d4cTh,dry,king_high,gutshot,エア,32,86.17,BET
OOP_4BP_turn_As9d4cTh,turn,OOP,4BP,As9d4cTh,dry,top_pair,no_draw,TP+,108,42.02,CHECK
OOP_4BP_turn_JsTc4s2h,turn,OOP,4BP,JsTc4s2h,dry,set,no_draw,2P+,12,33.69,CHECK
OOP_4BP_turn_JsTc4s2h,turn,OOP,4BP,JsTc4s2h,dry,low_pair,no_draw,アンダーペア,105,28.66,CHECK
OOP_4BP_turn_JsTc4s2h,turn,OOP,4BP,JsTc4s2h,dry,low_pair,flush_draw,アンダーペア,8,19.16,CHECK
OOP_4BP_turn_JsTc4s2h,turn,OOP,4BP,JsTc4s2h,dry,two_pair,no_draw,2P+,53,27.26,CHECK
OOP_4BP_turn_JsTc4s2h,turn,OOP,4BP,JsTc4s2h,dry,third_pair,no_draw,アンダーペア,138,71.02,BET
OOP_4BP_turn_JsTc4s2h,turn,OOP,4BP,JsTc4s2h,dry,no_made_hand,oesd,エア,45,66.91,BET
OOP_4BP_turn_JsTc4s2h,turn,OOP,4BP,JsTc4s2h,dry,no_made_hand,combo_draw,エア,8,56.62,BET
OOP_4BP_turn_JsTc4s2h,turn,OOP,4BP,JsTc4s2h,dry,no_made_hand,gutshot,エア,75,81.63,BET
OOP_4BP_turn_JsTc4s2h,turn,OOP,4BP,JsTc4s2h,dry,no_made_hand,no_draw,エア,195,21.21,CHECK
OOP_4BP_turn_JsTc4s2h,turn,OOP,4BP,JsTc4s2h,dry,no_made_hand,flush_draw,エア,13,76.87,BET
OOP_4BP_turn_JsTc4s2h,turn,OOP,4BP,JsTc4s2h,dry,second_pair,no_draw,アンダーペア,99,70.7,BET
OOP_4BP_turn_JsTc4s2h,turn,OOP,4BP,JsTc4s2h,dry,two_pair,flush_draw,2P+,1,0.42,CHECK
OOP_4BP_turn_JsTc4s2h,turn,OOP,4BP,JsTc4s2h,dry,second_pair,flush_draw,アンダーペア,8,71.15,BET
OOP_4BP_turn_JsTc4s2h,turn,OOP,4BP,JsTc4s2h,dry,top_pair,no_draw,TP+,108,84.29,BET
OOP_4BP_turn_JsTc4s2h,turn,OOP,4BP,JsTc4s2h,dry,overpair,no_draw,TP+,18,33.22,CHECK
OOP_4BP_turn_JsTc4s2h,turn,OOP,4BP,JsTc4s2h,dry,king_high,no_draw,エア,75,8.39,CHECK
OOP_4BP_turn_JsTc4s2h,turn,OOP,4BP,JsTc4s2h,dry,king_high,gutshot,エア,15,0.04,CHECK
OOP_4BP_turn_JsTc4s2h,turn,OOP,4BP,JsTc4s2h,dry,king_high,oesd,エア,15,0.11,CHECK
OOP_4BP_turn_JsTc4s2h,turn,OOP,4BP,JsTc4s2h,dry,king_high,flush_draw,エア,5,0.6,CHECK
OOP_4BP_turn_JsTc4s2h,turn,OOP,4BP,JsTc4s2h,dry,king_high,combo_draw,エア,2,0.05,CHECK
OOP_4BP_turn_JsTc4s2h,turn,OOP,4BP,JsTc4s2h,dry,ace_high,gutshot,エア,60,0.09,CHECK
OOP_4BP_turn_JsTc4s2h,turn,OOP,4BP,JsTc4s2h,dry,ace_high,no_draw,エア,60,0.24,CHECK
OOP_4BP_turn_JsTc4s2h,turn,OOP,4BP,JsTc4s2h,dry,low_pair,nut_flush_draw,アンダーペア,1,55.56,BET
OOP_4BP_turn_JsTc4s2h,turn,OOP,4BP,JsTc4s2h,dry,ace_high,combo_draw,エア,4,5.82,CHECK
OOP_4BP_turn_JsTc4s2h,turn,OOP,4BP,JsTc4s2h,dry,ace_high,nut_flush_draw,エア,4,13.52,CHECK
OOP_4BP_turn_JsTc4s2h,turn,OOP,4BP,JsTc4s2h,dry,second_pair,nut_flush_draw,アンダーペア,1,20.51,CHECK
OOP_4BP_turn_JsTc4sTh,turn,OOP,4BP,JsTc4sTh,dry,low_pair,no_draw,アンダーペア,12,65.55,BET
OOP_4BP_turn_JsTc4sTh,turn,OOP,4BP,JsTc4sTh,dry,no_made_hand,no_draw,エア,345,27.22,CHECK
OOP_4BP_turn_JsTc4sTh,turn,OOP,4BP,JsTc4sTh,dry,no_made_hand,flush_draw,エア,23,78.89,BET
OOP_4BP_turn_JsTc4sTh,turn,OOP,4BP,JsTc4sTh,dry,third_pair,no_draw,アンダーペア,150,53.78,BET
OOP_4BP_turn_JsTc4sTh,turn,OOP,4BP,JsTc4sTh,dry,fullhouse,no_draw,2P+,18,80.19,BET
OOP_4BP_turn_JsTc4sTh,turn,OOP,4BP,JsTc4sTh,dry,no_made_hand,gutshot,エア,45,51.33,BET
OOP_4BP_turn_JsTc4sTh,turn,OOP,4BP,JsTc4sTh,dry,no_made_hand,combo_draw,エア,5,63.06,BET
OOP_4BP_turn_JsTc4sTh,turn,OOP,4BP,JsTc4sTh,dry,no_made_hand,oesd,エア,30,35.45,CHECK
OOP_4BP_turn_JsTc4sTh,turn,OOP,4BP,JsTc4sTh,dry,trips,no_draw,2P+,70,72.26,BET
OOP_4BP_turn_JsTc4sTh,turn,OOP,4BP,JsTc4sTh,dry,trips,flush_draw,2P+,9,78.13,BET
OOP_4BP_turn_JsTc4sTh,turn,OOP,4BP,JsTc4sTh,dry,quads,no_draw,2P+,1,96.15,BET
OOP_4BP_turn_JsTc4sTh,turn,OOP,4BP,JsTc4sTh,dry,top_pair,no_draw,TP+,129,91.65,BET
OOP_4BP_turn_JsTc4sTh,turn,OOP,4BP,JsTc4sTh,dry,overpair,no_draw,TP+,18,37.83,CHECK
OOP_4BP_turn_JsTc4sTh,turn,OOP,4BP,JsTc4sTh,dry,king_high,no_draw,エア,90,0.06,CHECK
OOP_4BP_turn_JsTc4sTh,turn,OOP,4BP,JsTc4sTh,dry,king_high,gutshot,エア,15,0.34,CHECK
OOP_4BP_turn_JsTc4sTh,turn,OOP,4BP,JsTc4sTh,dry,king_high,oesd,エア,15,1.62,CHECK
OOP_4BP_turn_JsTc4sTh,turn,OOP,4BP,JsTc4sTh,dry,king_high,flush_draw,エア,6,12.45,CHECK
OOP_4BP_turn_JsTc4sTh,turn,OOP,4BP,JsTc4sTh,dry,king_high,combo_draw,エア,2,5.58,CHECK
OOP_4BP_turn_JsTc4sTh,turn,OOP,4BP,JsTc4sTh,dry,ace_high,no_draw,エア,105,23.8,CHECK
OOP_4BP_turn_JsTc4sTh,turn,OOP,4BP,JsTc4sTh,dry,ace_high,gutshot,エア,30,65.41,BET
OOP_4BP_turn_JsTc4sTh,turn,OOP,4BP,JsTc4sTh,dry,ace_high,nut_flush_draw,エア,7,56.65,BET
OOP_4BP_turn_JsTc4sTh,turn,OOP,4BP,JsTc4sTh,dry,trips,nut_flush_draw,2P+,1,1.98,CHECK
OOP_4BP_turn_JsTc4sTh,turn,OOP,4BP,JsTc4sTh,dry,ace_high,combo_draw,エア,2,99.33,BET
OOP_4BP_turn_Ks7d2c5h,turn,OOP,4BP,Ks7d2c5h,dry,set,no_draw,2P+,12,23.39,CHECK
OOP_4BP_turn_Ks7d2c5h,turn,OOP,4BP,Ks7d2c5h,dry,low_pair,no_draw,アンダーペア,120,41.95,CHECK
OOP_4BP_turn_Ks7d2c5h,turn,OOP,4BP,Ks7d2c5h,dry,no_made_hand,oesd,エア,48,60.55,BET
OOP_4BP_turn_Ks7d2c5h,turn,OOP,4BP,Ks7d2c5h,dry,two_pair,no_draw,2P+,54,24.9,CHECK
OOP_4BP_turn_Ks7d2c5h,turn,OOP,4BP,Ks7d2c5h,dry,third_pair,no_draw,アンダーペア,114,72.56,BET
OOP_4BP_turn_Ks7d2c5h,turn,OOP,4BP,Ks7d2c5h,dry,no_made_hand,gutshot,エア,64,88.66,BET
OOP_4BP_turn_Ks7d2c5h,turn,OOP,4BP,Ks7d2c5h,dry,second_pair,no_draw,アンダーペア,108,65.19,BET
OOP_4BP_turn_Ks7d2c5h,turn,OOP,4BP,Ks7d2c5h,dry,no_made_hand,no_draw,エア,336,15.17,CHECK
OOP_4BP_turn_Ks7d2c5h,turn,OOP,4BP,Ks7d2c5h,dry,underpair,no_draw,アンダーペア,30,77.93,BET
OOP_4BP_turn_Ks7d2c5h,turn,OOP,4BP,Ks7d2c5h,dry,top_pair,no_draw,TP+,108,59.75,BET
OOP_4BP_turn_Ks7d2c5h,turn,OOP,4BP,Ks7d2c5h,dry,ace_high,gutshot,エア,32,0.08,CHECK
OOP_4BP_turn_Ks7d2c5h,turn,OOP,4BP,Ks7d2c5h,dry,ace_high,no_draw,エア,96,3.34,CHECK
OOP_4BP_turn_Ks7d2c5h,turn,OOP,4BP,Ks7d2c5h,dry,overpair,no_draw,TP+,6,0.14,CHECK
OOP_4BP_turn_Ks7d2cAh,turn,OOP,4BP,Ks7d2cAh,dry,set,no_draw,2P+,12,1.21,CHECK
OOP_4BP_turn_Ks7d2cAh,turn,OOP,4BP,Ks7d2cAh,dry,low_pair,no_draw,アンダーペア,132,4.1,CHECK
OOP_4BP_turn_Ks7d2cAh,turn,OOP,4BP,Ks7d2cAh,dry,no_made_hand,gutshot,エア,96,26.77,CHECK
OOP_4BP_turn_Ks7d2cAh,turn,OOP,4BP,Ks7d2cAh,dry,no_made_hand,no_draw,エア,480,10.26,CHECK
OOP_4BP_turn_Ks7d2cAh,turn,OOP,4BP,Ks7d2cAh,dry,two_pair,no_draw,2P+,54,3.47,CHECK
OOP_4BP_turn_Ks7d2cAh,turn,OOP,4BP,Ks7d2cAh,dry,third_pair,no_draw,アンダーペア,138,6.34,CHECK
OOP_4BP_turn_Ks7d2cAh,turn,OOP,4BP,Ks7d2cAh,dry,second_pair,no_draw,アンダーペア,108,45.32,CHECK
OOP_4BP_turn_Ks7d2cAh,turn,OOP,4BP,Ks7d2cAh,dry,top_pair,no_draw,TP+,108,43.95,CHECK
OOP_4BP_turn_Ks7d2cJh,turn,OOP,4BP,Ks7d2cJh,dry,set,no_draw,2P+,12,46.02,CHECK
OOP_4BP_turn_Ks7d2cJh,turn,OOP,4BP,Ks7d2cJh,dry,low_pair,no_draw,アンダーペア,132,42.42,CHECK
OOP_4BP_turn_Ks7d2cJh,turn,OOP,4BP,Ks7d2cJh,dry,no_made_hand,no_draw,エア,368,13.5,CHECK
OOP_4BP_turn_Ks7d2cJh,turn,OOP,4BP,Ks7d2cJh,dry,two_pair,no_draw,2P+,54,45.27,CHECK
OOP_4BP_turn_Ks7d2cJh,turn,OOP,4BP,Ks7d2cJh,dry,third_pair,no_draw,アンダーペア,126,21.41,CHECK
OOP_4BP_turn_Ks7d2cJh,turn,OOP,4BP,Ks7d2cJh,dry,no_made_hand,gutshot,エア,48,31.96,CHECK
OOP_4BP_turn_Ks7d2cJh,turn,OOP,4BP,Ks7d2cJh,dry,no_made_hand,oesd,エア,32,12.02,CHECK
OOP_4BP_turn_Ks7d2cJh,turn,OOP,4BP,Ks7d2cJh,dry,second_pair,no_draw,アンダーペア,108,21.68,CHECK
OOP_4BP_turn_Ks7d2cJh,turn,OOP,4BP,Ks7d2cJh,dry,underpair,no_draw,アンダーペア,6,0.65,CHECK
OOP_4BP_turn_Ks7d2cJh,turn,OOP,4BP,Ks7d2cJh,dry,top_pair,no_draw,TP+,108,38.66,CHECK
OOP_4BP_turn_Ks7d2cJh,turn,OOP,4BP,Ks7d2cJh,dry,ace_high,no_draw,エア,96,28.04,CHECK
OOP_4BP_turn_Ks7d2cJh,turn,OOP,4BP,Ks7d2cJh,dry,ace_high,gutshot,エア,32,45.96,CHECK
OOP_4BP_turn_Ks7d2cJh,turn,OOP,4BP,Ks7d2cJh,dry,overpair,no_draw,TP+,6,75.81,BET
OOP_4BP_turn_Ks7d7c2h,turn,OOP,4BP,Ks7d7c2h,dry,fullhouse,no_draw,2P+,18,83.81,BET
OOP_4BP_turn_Ks7d7c2h,turn,OOP,4BP,Ks7d7c2h,dry,third_pair,no_draw,アンダーペア,144,74.88,BET
OOP_4BP_turn_Ks7d7c2h,turn,OOP,4BP,Ks7d7c2h,dry,no_made_hand,no_draw,エア,576,25.11,CHECK
OOP_4BP_turn_Ks7d7c2h,turn,OOP,4BP,Ks7d7c2h,dry,trips,no_draw,2P+,80,52.01,BET
OOP_4BP_turn_Ks7d7c2h,turn,OOP,4BP,Ks7d7c2h,dry,quads,no_draw,2P+,1,97.84,BET
OOP_4BP_turn_Ks7d7c2h,turn,OOP,4BP,Ks7d7c2h,dry,underpair,no_draw,アンダーペア,30,33.63,CHECK
OOP_4BP_turn_Ks7d7c2h,turn,OOP,4BP,Ks7d7c2h,dry,top_pair,no_draw,TP+,129,50.23,BET
OOP_4BP_turn_Ks7d7c2h,turn,OOP,4BP,Ks7d7c2h,dry,ace_high,no_draw,エア,144,37.33,CHECK
OOP_4BP_turn_Ks7d7c2h,turn,OOP,4BP,Ks7d7c2h,dry,overpair,no_draw,TP+,6,10.91,CHECK
OOP_4BP_turn_Ks7d7cTh,turn,OOP,4BP,Ks7d7cTh,dry,low_pair,no_draw,アンダーペア,30,0.07,CHECK
OOP_4BP_turn_Ks7d7cTh,turn,OOP,4BP,Ks7d7cTh,dry,no_made_hand,no_draw,エア,464,10.53,CHECK
OOP_4BP_turn_Ks7d7cTh,turn,OOP,4BP,Ks7d7cTh,dry,trips,no_draw,2P+,80,26.38,CHECK
OOP_4BP_turn_Ks7d7cTh,turn,OOP,4BP,Ks7d7cTh,dry,quads,no_draw,2P+,1,41.49,CHECK
OOP_4BP_turn_Ks7d7cTh,turn,OOP,4BP,Ks7d7cTh,dry,no_made_hand,gutshot,エア,64,36.93,CHECK
OOP_4BP_turn_Ks7d7cTh,turn,OOP,4BP,Ks7d7cTh,dry,third_pair,no_draw,アンダーペア,12,0.08,CHECK
OOP_4BP_turn_Ks7d7cTh,turn,OOP,4BP,Ks7d7cTh,dry,no_made_hand,oesd,エア,48,13.25,CHECK
OOP_4BP_turn_Ks7d7cTh,turn,OOP,4BP,Ks7d7cTh,dry,second_pair,no_draw,アンダーペア,120,4.17,CHECK
OOP_4BP_turn_Ks7d7cTh,turn,OOP,4BP,Ks7d7cTh,dry,fullhouse,no_draw,2P+,18,45.45,CHECK
OOP_4BP_turn_Ks7d7cTh,turn,OOP,4BP,Ks7d7cTh,dry,underpair,no_draw,アンダーペア,12,28.66,CHECK
OOP_4BP_turn_Ks7d7cTh,turn,OOP,4BP,Ks7d7cTh,dry,top_pair,no_draw,TP+,129,76.17,BET
OOP_4BP_turn_Ks7d7cTh,turn,OOP,4BP,Ks7d7cTh,dry,ace_high,no_draw,エア,112,0.2,CHECK
OOP_4BP_turn_Ks7d7cTh,turn,OOP,4BP,Ks7d7cTh,dry,ace_high,gutshot,エア,32,27.14,CHECK
OOP_4BP_turn_Ks7d7cTh,turn,OOP,4BP,Ks7d7cTh,dry,overpair,no_draw,TP+,6,2.53,CHECK
OOP_SRP_river_extra_8s5d5c2hKc,river,OOP,SRP,8s5d5c2hKc,dry,fullhouse,no_draw,2P+,27,69.61,BET
OOP_SRP_river_extra_8s5d5c2hKc,river,OOP,SRP,8s5d5c2hKc,dry,low_pair,no_draw,アンダーペア,120,47.64,CHECK
OOP_SRP_river_extra_8s5d5c2hKc,river,OOP,SRP,8s5d5c2hKc,dry,no_made_hand,no_draw,エア,448,25.71,CHECK
OOP_SRP_river_extra_8s5d5c2hKc,river,OOP,SRP,8s5d5c2hKc,dry,trips,no_draw,2P+,72,6.3,CHECK
OOP_SRP_river_extra_8s5d5c2hKc,river,OOP,SRP,8s5d5c2hKc,dry,quads,no_draw,2P+,1,98.2,BET
OOP_SRP_river_extra_8s5d5c2hKc,river,OOP,SRP,8s5d5c2hKc,dry,third_pair,no_draw,アンダーペア,12,97.05,BET
OOP_SRP_river_extra_8s5d5c2hKc,river,OOP,SRP,8s5d5c2hKc,dry,second_pair,no_draw,アンダーペア,117,94.47,BET
OOP_SRP_river_extra_8s5d5c2hKc,river,OOP,SRP,8s5d5c2hKc,dry,underpair,no_draw,アンダーペア,24,70.57,BET
OOP_SRP_river_extra_8s5d5c2hKc,river,OOP,SRP,8s5d5c2hKc,dry,top_pair,no_draw,TP+,126,96.0,BET
OOP_SRP_river_extra_8s5d5c2hKc,river,OOP,SRP,8s5d5c2hKc,dry,ace_high,no_draw,エア,128,1.18,CHECK
OOP_SRP_river_extra_8s5d5c2hKc,river,OOP,SRP,8s5d5c2hKc,dry,overpair,no_draw,TP+,6,0.39,CHECK
OOP_SRP_river_extra_9s8s4c2hAd,river,OOP,SRP,9s8s4c2hAd,dry,set,no_draw,2P+,15,22.73,CHECK
OOP_SRP_river_extra_9s8s4c2hAd,river,OOP,SRP,9s8s4c2hAd,dry,low_pair,no_draw,アンダーペア,216,1.63,CHECK
OOP_SRP_river_extra_9s8s4c2hAd,river,OOP,SRP,9s8s4c2hAd,dry,two_pair,no_draw,2P+,90,77.49,BET
OOP_SRP_river_extra_9s8s4c2hAd,river,OOP,SRP,9s8s4c2hAd,dry,straight,no_draw,2P+,16,7.88,CHECK
OOP_SRP_river_extra_9s8s4c2hAd,river,OOP,SRP,9s8s4c2hAd,dry,no_made_hand,no_draw,エア,320,39.25,CHECK
OOP_SRP_river_extra_9s8s4c2hAd,river,OOP,SRP,9s8s4c2hAd,dry,third_pair,no_draw,アンダーペア,96,96.77,BET
OOP_SRP_river_extra_9s8s4c2hAd,river,OOP,SRP,9s8s4c2hAd,dry,second_pair,no_draw,アンダーペア,96,99.94,BET
OOP_SRP_river_extra_9s8s4c2hAd,river,OOP,SRP,9s8s4c2hAd,dry,underpair,no_draw,アンダーペア,24,98.48,BET
OOP_SRP_river_extra_9s8s4c2hAd,river,OOP,SRP,9s8s4c2hAd,dry,king_high,no_draw,エア,112,0.43,CHECK
OOP_SRP_river_extra_9s8s4c2hAd,river,OOP,SRP,9s8s4c2hAd,dry,top_pair,no_draw,TP+,96,37.23,CHECK
OOP_SRP_river_extra_As9d4c2h7c,river,OOP,SRP,As9d4c2h7c,dry,set,no_draw,2P+,15,32.87,CHECK
OOP_SRP_river_extra_As9d4c2h7c,river,OOP,SRP,As9d4c2h7c,dry,low_pair,no_draw,アンダーペア,210,57.49,BET
OOP_SRP_river_extra_As9d4c2h7c,river,OOP,SRP,As9d4c2h7c,dry,two_pair,no_draw,2P+,90,44.05,CHECK
OOP_SRP_river_extra_As9d4c2h7c,river,OOP,SRP,As9d4c2h7c,dry,straight,no_draw,2P+,16,79.87,BET
OOP_SRP_river_extra_As9d4c2h7c,river,OOP,SRP,As9d4c2h7c,dry,no_made_hand,no_draw,エア,320,58.5,BET
OOP_SRP_river_extra_As9d4c2h7c,river,OOP,SRP,As9d4c2h7c,dry,third_pair,no_draw,アンダーペア,102,98.72,BET
OOP_SRP_river_extra_As9d4c2h7c,river,OOP,SRP,As9d4c2h7c,dry,second_pair,no_draw,アンダーペア,96,94.24,BET
OOP_SRP_river_extra_As9d4c2h7c,river,OOP,SRP,As9d4c2h7c,dry,underpair,no_draw,アンダーペア,24,67.94,BET
OOP_SRP_river_extra_As9d4c2h7c,river,OOP,SRP,As9d4c2h7c,dry,king_high,no_draw,エア,112,0.65,CHECK
OOP_SRP_river_extra_As9d4c2h7c,river,OOP,SRP,As9d4c2h7c,dry,top_pair,no_draw,TP+,96,68.2,BET
OOP_SRP_river_extra_JsTc4s2hQs,river,OOP,SRP,JsTc4s2hQs,dry,set,no_draw,2P+,15,63.07,BET
OOP_SRP_river_extra_JsTc4s2hQs,river,OOP,SRP,JsTc4s2hQs,dry,low_pair,no_draw,アンダーペア,220,4.45,CHECK
OOP_SRP_river_extra_JsTc4s2hQs,river,OOP,SRP,JsTc4s2hQs,dry,flush,no_draw,2P+,45,24.17,CHECK
OOP_SRP_river_extra_JsTc4s2hQs,river,OOP,SRP,JsTc4s2hQs,dry,two_pair,no_draw,2P+,89,27.27,CHECK
OOP_SRP_river_extra_JsTc4s2hQs,river,OOP,SRP,JsTc4s2hQs,dry,no_made_hand,no_draw,エア,210,42.73,CHECK
OOP_SRP_river_extra_JsTc4s2hQs,river,OOP,SRP,JsTc4s2hQs,dry,straight,no_draw,2P+,45,61.04,BET
OOP_SRP_river_extra_JsTc4s2hQs,river,OOP,SRP,JsTc4s2hQs,dry,third_pair,no_draw,アンダーペア,88,97.08,BET
OOP_SRP_river_extra_JsTc4s2hQs,river,OOP,SRP,JsTc4s2hQs,dry,second_pair,no_draw,アンダーペア,96,99.93,BET
OOP_SRP_river_extra_JsTc4s2hQs,river,OOP,SRP,JsTc4s2hQs,dry,top_pair,no_draw,TP+,96,79.04,BET
OOP_SRP_river_extra_JsTc4s2hQs,river,OOP,SRP,JsTc4s2hQs,dry,king_high,no_draw,エア,75,0.78,CHECK
OOP_SRP_river_extra_JsTc4s2hQs,river,OOP,SRP,JsTc4s2hQs,dry,overpair,no_draw,TP+,12,1.11,CHECK
OOP_SRP_river_extra_JsTc4s2hQs,river,OOP,SRP,JsTc4s2hQs,dry,ace_high,no_draw,エア,90,1.6,CHECK
OOP_SRP_river_extra_Ks7d2c2hJc,river,OOP,SRP,Ks7d2c2hJc,dry,quads,no_draw,2P+,1,0.8,CHECK
OOP_SRP_river_extra_Ks7d2c2hJc,river,OOP,SRP,Ks7d2c2hJc,dry,trips,no_draw,2P+,72,30.39,CHECK
OOP_SRP_river_extra_Ks7d2c2hJc,river,OOP,SRP,Ks7d2c2hJc,dry,low_pair,no_draw,アンダーペア,24,2.74,CHECK
OOP_SRP_river_extra_Ks7d2c2hJc,river,OOP,SRP,Ks7d2c2hJc,dry,no_made_hand,no_draw,エア,448,37.76,CHECK
OOP_SRP_river_extra_Ks7d2c2hJc,river,OOP,SRP,Ks7d2c2hJc,dry,fullhouse,no_draw,2P+,27,48.31,CHECK
OOP_SRP_river_extra_Ks7d2c2hJc,river,OOP,SRP,Ks7d2c2hJc,dry,third_pair,no_draw,アンダーペア,126,93.61,BET
OOP_SRP_river_extra_Ks7d2c2hJc,river,OOP,SRP,Ks7d2c2hJc,dry,second_pair,no_draw,アンダーペア,117,98.21,BET
OOP_SRP_river_extra_Ks7d2c2hJc,river,OOP,SRP,Ks7d2c2hJc,dry,underpair,no_draw,アンダーペア,6,1.8,CHECK
OOP_SRP_river_extra_Ks7d2c2hJc,river,OOP,SRP,Ks7d2c2hJc,dry,top_pair,no_draw,TP+,126,99.78,BET
OOP_SRP_river_extra_Ks7d2c2hJc,river,OOP,SRP,Ks7d2c2hJc,dry,ace_high,no_draw,エア,128,7.63,CHECK
OOP_SRP_river_extra_Ks7d2c2hJc,river,OOP,SRP,Ks7d2c2hJc,dry,overpair,no_draw,TP+,6,64.43,BET
OOP_SRP_river_extra_Ks7d2c5h2d,river,OOP,SRP,Ks7d2c5h2d,dry,quads,no_draw,2P+,1,0.34,CHECK
OOP_SRP_river_extra_Ks7d2c5h2d,river,OOP,SRP,Ks7d2c5h2d,dry,trips,no_draw,2P+,72,50.72,BET
OOP_SRP_river_extra_Ks7d2c5h2d,river,OOP,SRP,Ks7d2c5h2d,dry,low_pair,no_draw,アンダーペア,12,99.9,BET
OOP_SRP_river_extra_Ks7d2c5h2d,river,OOP,SRP,Ks7d2c5h2d,dry,no_made_hand,no_draw,エア,448,50.46,BET
OOP_SRP_river_extra_Ks7d2c5h2d,river,OOP,SRP,Ks7d2c5h2d,dry,fullhouse,no_draw,2P+,27,98.95,BET
OOP_SRP_river_extra_Ks7d2c5h2d,river,OOP,SRP,Ks7d2c5h2d,dry,third_pair,no_draw,アンダーペア,114,99.94,BET
OOP_SRP_river_extra_Ks7d2c5h2d,river,OOP,SRP,Ks7d2c5h2d,dry,second_pair,no_draw,アンダーペア,117,99.89,BET
OOP_SRP_river_extra_Ks7d2c5h2d,river,OOP,SRP,Ks7d2c5h2d,dry,underpair,no_draw,アンダーペア,30,87.69,BET
OOP_SRP_river_extra_Ks7d2c5h2d,river,OOP,SRP,Ks7d2c5h2d,dry,top_pair,no_draw,TP+,126,87.11,BET
OOP_SRP_river_extra_Ks7d2c5h2d,river,OOP,SRP,Ks7d2c5h2d,dry,ace_high,no_draw,エア,128,62.74,BET
OOP_SRP_river_extra_Ks7d2c5h2d,river,OOP,SRP,Ks7d2c5h2d,dry,overpair,no_draw,TP+,6,60.12,BET
OOP_SRP_river_extra_Ks7d2cKhAd,river,OOP,SRP,Ks7d2cKhAd,dry,fullhouse,no_draw,2P+,27,62.97,BET
OOP_SRP_river_extra_Ks7d2cKhAd,river,OOP,SRP,Ks7d2cKhAd,dry,low_pair,no_draw,アンダーペア,132,99.25,BET
OOP_SRP_river_extra_Ks7d2cKhAd,river,OOP,SRP,Ks7d2cKhAd,dry,no_made_hand,no_draw,エア,576,14.41,CHECK
OOP_SRP_river_extra_Ks7d2cKhAd,river,OOP,SRP,Ks7d2cKhAd,dry,third_pair,no_draw,アンダーペア,147,96.79,BET
OOP_SRP_river_extra_Ks7d2cKhAd,river,OOP,SRP,Ks7d2cKhAd,dry,trips,no_draw,2P+,72,7.13,CHECK
OOP_SRP_river_extra_Ks7d2cKhAd,river,OOP,SRP,Ks7d2cKhAd,dry,quads,no_draw,2P+,1,1.02,CHECK
OOP_SRP_river_extra_Ks7d2cKhAd,river,OOP,SRP,Ks7d2cKhAd,dry,top_pair,no_draw,TP+,126,74.28,BET
OOP_SRP_river_extra_Ts9s6d2hKc,river,OOP,SRP,Ts9s6d2hKc,dry,set,no_draw,2P+,15,32.22,CHECK
OOP_SRP_river_extra_Ts9s6d2hKc,river,OOP,SRP,Ts9s6d2hKc,dry,low_pair,no_draw,アンダーペア,222,5.34,CHECK
OOP_SRP_river_extra_Ts9s6d2hKc,river,OOP,SRP,Ts9s6d2hKc,dry,no_made_hand,no_draw,エア,304,33.21,CHECK
OOP_SRP_river_extra_Ts9s6d2hKc,river,OOP,SRP,Ts9s6d2hKc,dry,two_pair,no_draw,2P+,90,59.31,BET
OOP_SRP_river_extra_Ts9s6d2hKc,river,OOP,SRP,Ts9s6d2hKc,dry,straight,no_draw,2P+,32,17.37,CHECK
OOP_SRP_river_extra_Ts9s6d2hKc,river,OOP,SRP,Ts9s6d2hKc,dry,third_pair,no_draw,アンダーペア,96,98.08,BET
OOP_SRP_river_extra_Ts9s6d2hKc,river,OOP,SRP,Ts9s6d2hKc,dry,second_pair,no_draw,アンダーペア,96,99.87,BET
OOP_SRP_river_extra_Ts9s6d2hKc,river,OOP,SRP,Ts9s6d2hKc,dry,underpair,no_draw,アンダーペア,12,99.82,BET
OOP_SRP_river_extra_Ts9s6d2hKc,river,OOP,SRP,Ts9s6d2hKc,dry,top_pair,no_draw,TP+,96,39.03,CHECK
OOP_SRP_river_extra_Ts9s6d2hKc,river,OOP,SRP,Ts9s6d2hKc,dry,ace_high,no_draw,エア,112,0.03,CHECK
OOP_SRP_river_extra_Ts9s6d2hKc,river,OOP,SRP,Ts9s6d2hKc,dry,overpair,no_draw,TP+,6,0.29,CHECK
OOP_3BP_flop_4s4d2c,flop,OOP,3BP,4s4d2c,paired,fullhouse,no_draw,2P+,9,0.61,CHECK
OOP_3BP_flop_4s4d2c,flop,OOP,3BP,4s4d2c,paired,second_pair,no_draw,アンダーペア,110,21.8,CHECK
OOP_3BP_flop_4s4d2c,flop,OOP,3BP,4s4d2c,paired,second_pair,twocards_bdfd,アンダーペア,22,24.27,CHECK
OOP_3BP_flop_4s4d2c,flop,OOP,3BP,4s4d2c,paired,underpair,no_draw,アンダーペア,6,50.49,BET
OOP_3BP_flop_4s4d2c,flop,OOP,3BP,4s4d2c,paired,trips,twocards_bdfd,2P+,11,42.83,CHECK
OOP_3BP_flop_4s4d2c,flop,OOP,3BP,4s4d2c,paired,trips,no_draw,2P+,77,32.08,CHECK
OOP_3BP_flop_4s4d2c,flop,OOP,3BP,4s4d2c,paired,quads,no_draw,2P+,1,1.76,CHECK
OOP_3BP_flop_4s4d2c,flop,OOP,3BP,4s4d2c,paired,no_made_hand,oesd,エア,16,34.81,CHECK
OOP_3BP_flop_4s4d2c,flop,OOP,3BP,4s4d2c,paired,overpair,no_draw,TP+,60,22.27,CHECK
OOP_3BP_flop_4s4d2c,flop,OOP,3BP,4s4d2c,paired,no_made_hand,gutshot,エア,32,46.51,CHECK
OOP_3BP_flop_4s4d2c,flop,OOP,3BP,4s4d2c,paired,no_made_hand,twocards_bdfd,エア,99,42.56,CHECK
OOP_3BP_flop_4s4d2c,flop,OOP,3BP,4s4d2c,paired,no_made_hand,no_draw,エア,429,9.15,CHECK
OOP_3BP_flop_4s4d2c,flop,OOP,3BP,4s4d2c,paired,king_high,twocards_bdfd,エア,27,0.9,CHECK
OOP_3BP_flop_4s4d2c,flop,OOP,3BP,4s4d2c,paired,king_high,no_draw,エア,117,3.15,CHECK
OOP_3BP_flop_4s4d2c,flop,OOP,3BP,4s4d2c,paired,ace_high,gutshot,エア,32,0.83,CHECK
OOP_3BP_flop_4s4d2c,flop,OOP,3BP,4s4d2c,paired,ace_high,twocards_bdfd,エア,24,18.18,CHECK
OOP_3BP_flop_4s4d2c,flop,OOP,3BP,4s4d2c,paired,ace_high,no_draw,エア,104,16.53,CHECK
OOP_3BP_flop_7s5d2c,flop,OOP,3BP,7s5d2c,dry,set,no_draw,2P+,9,0.77,CHECK
OOP_3BP_flop_7s5d2c,flop,OOP,3BP,7s5d2c,dry,third_pair,no_draw,アンダーペア,112,39.29,CHECK
OOP_3BP_flop_7s5d2c,flop,OOP,3BP,7s5d2c,dry,third_pair,twocards_bdfd,アンダーペア,20,25.49,CHECK
OOP_3BP_flop_7s5d2c,flop,OOP,3BP,7s5d2c,dry,no_made_hand,oesd,エア,48,18.13,CHECK
OOP_3BP_flop_7s5d2c,flop,OOP,3BP,7s5d2c,dry,two_pair,no_draw,2P+,24,61.67,BET
OOP_3BP_flop_7s5d2c,flop,OOP,3BP,7s5d2c,dry,second_pair,twocards_bdfd,アンダーペア,20,47.52,CHECK
OOP_3BP_flop_7s5d2c,flop,OOP,3BP,7s5d2c,dry,second_pair,no_draw,アンダーペア,100,49.15,CHECK
OOP_3BP_flop_7s5d2c,flop,OOP,3BP,7s5d2c,dry,two_pair,twocards_bdfd,2P+,3,22.36,CHECK
OOP_3BP_flop_7s5d2c,flop,OOP,3BP,7s5d2c,dry,no_made_hand,gutshot,エア,64,68.8,BET
OOP_3BP_flop_7s5d2c,flop,OOP,3BP,7s5d2c,dry,underpair,no_draw,アンダーペア,6,99.86,BET
OOP_3BP_flop_7s5d2c,flop,OOP,3BP,7s5d2c,dry,top_pair,twocards_bdfd,TP+,20,72.95,BET
OOP_3BP_flop_7s5d2c,flop,OOP,3BP,7s5d2c,dry,top_pair,no_draw,TP+,100,60.9,BET
OOP_3BP_flop_7s5d2c,flop,OOP,3BP,7s5d2c,dry,no_made_hand,twocards_bdfd,エア,63,39.29,CHECK
OOP_3BP_flop_7s5d2c,flop,OOP,3BP,7s5d2c,dry,no_made_hand,no_draw,エア,273,19.31,CHECK
OOP_3BP_flop_7s5d2c,flop,OOP,3BP,7s5d2c,dry,overpair,no_draw,TP+,42,33.46,CHECK
OOP_3BP_flop_7s5d2c,flop,OOP,3BP,7s5d2c,dry,king_high,twocards_bdfd,エア,24,28.31,CHECK
OOP_3BP_flop_7s5d2c,flop,OOP,3BP,7s5d2c,dry,king_high,no_draw,エア,104,16.46,CHECK
OOP_3BP_flop_7s5d2c,flop,OOP,3BP,7s5d2c,dry,ace_high,gutshot,エア,32,2.89,CHECK
OOP_3BP_flop_7s5d2c,flop,OOP,3BP,7s5d2c,dry,ace_high,twocards_bdfd,エア,21,18.39,CHECK
OOP_3BP_flop_7s5d2c,flop,OOP,3BP,7s5d2c,dry,ace_high,no_draw,エア,91,21.76,CHECK
OOP_3BP_flop_7s6d4c,flop,OOP,3BP,7s6d4c,wet,low_pair,no_draw,アンダーペア,6,0.0,CHECK
OOP_3BP_flop_7s6d4c,flop,OOP,3BP,7s6d4c,wet,no_made_hand,gutshot,エア,160,0.48,CHECK
OOP_3BP_flop_7s6d4c,flop,OOP,3BP,7s6d4c,wet,low_pair,gutshot,アンダーペア,6,0.01,CHECK
OOP_3BP_flop_7s6d4c,flop,OOP,3BP,7s6d4c,wet,third_pair,no_draw,アンダーペア,70,0.0,CHECK
OOP_3BP_flop_7s6d4c,flop,OOP,3BP,7s6d4c,wet,third_pair,twocards_bdfd,アンダーペア,14,0.0,CHECK
OOP_3BP_flop_7s6d4c,flop,OOP,3BP,7s6d4c,wet,third_pair,gutshot,アンダーペア,24,29.57,CHECK
OOP_3BP_flop_7s6d4c,flop,OOP,3BP,7s6d4c,wet,set,no_draw,2P+,9,0.02,CHECK
OOP_3BP_flop_7s6d4c,flop,OOP,3BP,7s6d4c,wet,no_made_hand,oesd,エア,112,35.72,CHECK
OOP_3BP_flop_7s6d4c,flop,OOP,3BP,7s6d4c,wet,straight,twocards_bdfd,2P+,6,0.02,CHECK
OOP_3BP_flop_7s6d4c,flop,OOP,3BP,7s6d4c,wet,straight,no_draw,2P+,26,0.02,CHECK
OOP_3BP_flop_7s6d4c,flop,OOP,3BP,7s6d4c,wet,third_pair,oesd,アンダーペア,18,0.03,CHECK
OOP_3BP_flop_7s6d4c,flop,OOP,3BP,7s6d4c,wet,second_pair,twocards_bdfd,アンダーペア,14,0.01,CHECK
OOP_3BP_flop_7s6d4c,flop,OOP,3BP,7s6d4c,wet,second_pair,no_draw,アンダーペア,70,0.02,CHECK
OOP_3BP_flop_7s6d4c,flop,OOP,3BP,7s6d4c,wet,second_pair,gutshot,アンダーペア,24,50.08,BET
OOP_3BP_flop_7s6d4c,flop,OOP,3BP,7s6d4c,wet,two_pair,no_draw,2P+,24,0.02,CHECK
OOP_3BP_flop_7s6d4c,flop,OOP,3BP,7s6d4c,wet,second_pair,oesd,アンダーペア,12,0.69,CHECK
OOP_3BP_flop_7s6d4c,flop,OOP,3BP,7s6d4c,wet,two_pair,twocards_bdfd,2P+,3,0.02,CHECK
OOP_3BP_flop_7s6d4c,flop,OOP,3BP,7s6d4c,wet,top_pair,twocards_bdfd,TP+,14,11.81,CHECK
OOP_3BP_flop_7s6d4c,flop,OOP,3BP,7s6d4c,wet,top_pair,no_draw,TP+,70,58.6,BET
OOP_3BP_flop_7s6d4c,flop,OOP,3BP,7s6d4c,wet,top_pair,gutshot,TP+,24,38.16,CHECK
OOP_3BP_flop_7s6d4c,flop,OOP,3BP,7s6d4c,wet,top_pair,oesd,TP+,12,0.04,CHECK
OOP_3BP_flop_7s6d4c,flop,OOP,3BP,7s6d4c,wet,overpair,gutshot,TP+,6,92.43,BET
OOP_3BP_flop_7s6d4c,flop,OOP,3BP,7s6d4c,wet,no_made_hand,twocards_bdfd,エア,27,0.0,CHECK
OOP_3BP_flop_7s6d4c,flop,OOP,3BP,7s6d4c,wet,no_made_hand,no_draw,エア,117,0.0,CHECK
OOP_3BP_flop_7s6d4c,flop,OOP,3BP,7s6d4c,wet,overpair,no_draw,TP+,36,33.29,CHECK
OOP_3BP_flop_7s6d4c,flop,OOP,3BP,7s6d4c,wet,king_high,twocards_bdfd,エア,15,0.0,CHECK
OOP_3BP_flop_7s6d4c,flop,OOP,3BP,7s6d4c,wet,king_high,no_draw,エア,65,0.0,CHECK
OOP_3BP_flop_7s6d4c,flop,OOP,3BP,7s6d4c,wet,king_high,gutshot,エア,32,6.98,CHECK
OOP_3BP_flop_7s6d4c,flop,OOP,3BP,7s6d4c,wet,king_high,oesd,エア,16,18.88,CHECK
OOP_3BP_flop_7s6d4c,flop,OOP,3BP,7s6d4c,wet,ace_high,twocards_bdfd,エア,18,0.0,CHECK
OOP_3BP_flop_7s6d4c,flop,OOP,3BP,7s6d4c,wet,ace_high,no_draw,エア,78,0.0,CHECK
OOP_3BP_flop_7s6d4c,flop,OOP,3BP,7s6d4c,wet,ace_high,gutshot,エア,32,28.88,CHECK
OOP_3BP_flop_7s6d4c,flop,OOP,3BP,7s6d4c,wet,ace_high,oesd,エア,16,1.62,CHECK
OOP_3BP_flop_8s5d3c,flop,OOP,3BP,8s5d3c,dry,low_pair,no_draw,アンダーペア,6,0.04,CHECK
OOP_3BP_flop_8s5d3c,flop,OOP,3BP,8s5d3c,dry,third_pair,no_draw,アンダーペア,106,34.6,CHECK
OOP_3BP_flop_8s5d3c,flop,OOP,3BP,8s5d3c,dry,third_pair,twocards_bdfd,アンダーペア,20,21.93,CHECK
OOP_3BP_flop_8s5d3c,flop,OOP,3BP,8s5d3c,dry,set,no_draw,2P+,9,47.11,CHECK
OOP_3BP_flop_8s5d3c,flop,OOP,3BP,8s5d3c,dry,no_made_hand,oesd,エア,48,50.09,BET
OOP_3BP_flop_8s5d3c,flop,OOP,3BP,8s5d3c,dry,second_pair,twocards_bdfd,アンダーペア,20,31.42,CHECK
OOP_3BP_flop_8s5d3c,flop,OOP,3BP,8s5d3c,dry,second_pair,no_draw,アンダーペア,100,41.72,CHECK
OOP_3BP_flop_8s5d3c,flop,OOP,3BP,8s5d3c,dry,two_pair,no_draw,2P+,24,47.31,CHECK
OOP_3BP_flop_8s5d3c,flop,OOP,3BP,8s5d3c,dry,two_pair,twocards_bdfd,2P+,3,50.0,CHECK
OOP_3BP_flop_8s5d3c,flop,OOP,3BP,8s5d3c,dry,no_made_hand,gutshot,エア,64,49.64,CHECK
OOP_3BP_flop_8s5d3c,flop,OOP,3BP,8s5d3c,dry,underpair,no_draw,アンダーペア,12,62.91,BET
OOP_3BP_flop_8s5d3c,flop,OOP,3BP,8s5d3c,dry,no_made_hand,twocards_bdfd,エア,63,41.71,CHECK
OOP_3BP_flop_8s5d3c,flop,OOP,3BP,8s5d3c,dry,no_made_hand,no_draw,エア,273,10.56,CHECK
OOP_3BP_flop_8s5d3c,flop,OOP,3BP,8s5d3c,dry,top_pair,twocards_bdfd,TP+,20,41.72,CHECK
OOP_3BP_flop_8s5d3c,flop,OOP,3BP,8s5d3c,dry,top_pair,no_draw,TP+,100,38.72,CHECK
OOP_3BP_flop_8s5d3c,flop,OOP,3BP,8s5d3c,dry,overpair,no_draw,TP+,36,33.9,CHECK
OOP_3BP_flop_8s5d3c,flop,OOP,3BP,8s5d3c,dry,king_high,twocards_bdfd,エア,24,20.38,CHECK
OOP_3BP_flop_8s5d3c,flop,OOP,3BP,8s5d3c,dry,king_high,no_draw,エア,104,19.3,CHECK
OOP_3BP_flop_8s5d3c,flop,OOP,3BP,8s5d3c,dry,ace_high,gutshot,エア,32,12.44,CHECK
OOP_3BP_flop_8s5d3c,flop,OOP,3BP,8s5d3c,dry,ace_high,twocards_bdfd,エア,21,35.43,CHECK
OOP_3BP_flop_8s5d3c,flop,OOP,3BP,8s5d3c,dry,ace_high,no_draw,エア,91,31.96,CHECK
OOP_3BP_flop_8s8d3c,flop,OOP,3BP,8s8d3c,paired,third_pair,no_draw,アンダーペア,6,0.0,CHECK
OOP_3BP_flop_8s8d3c,flop,OOP,3BP,8s8d3c,paired,second_pair,no_draw,アンダーペア,110,0.02,CHECK
OOP_3BP_flop_8s8d3c,flop,OOP,3BP,8s8d3c,paired,second_pair,twocards_bdfd,アンダーペア,22,0.02,CHECK
OOP_3BP_flop_8s8d3c,flop,OOP,3BP,8s8d3c,paired,fullhouse,no_draw,2P+,9,0.0,CHECK
OOP_3BP_flop_8s8d3c,flop,OOP,3BP,8s8d3c,paired,no_made_hand,twocards_bdfd,エア,108,0.01,CHECK
OOP_3BP_flop_8s8d3c,flop,OOP,3BP,8s8d3c,paired,no_made_hand,no_draw,エア,468,0.0,CHECK
OOP_3BP_flop_8s8d3c,flop,OOP,3BP,8s8d3c,paired,underpair,no_draw,アンダーペア,24,0.02,CHECK
OOP_3BP_flop_8s8d3c,flop,OOP,3BP,8s8d3c,paired,trips,twocards_bdfd,2P+,11,0.0,CHECK
OOP_3BP_flop_8s8d3c,flop,OOP,3BP,8s8d3c,paired,trips,no_draw,2P+,77,0.0,CHECK
OOP_3BP_flop_8s8d3c,flop,OOP,3BP,8s8d3c,paired,quads,no_draw,2P+,1,0.0,CHECK
OOP_3BP_flop_8s8d3c,flop,OOP,3BP,8s8d3c,paired,overpair,no_draw,TP+,36,0.01,CHECK
OOP_3BP_flop_8s8d3c,flop,OOP,3BP,8s8d3c,paired,king_high,twocards_bdfd,エア,27,0.0,CHECK
OOP_3BP_flop_8s8d3c,flop,OOP,3BP,8s8d3c,paired,king_high,no_draw,エア,117,0.0,CHECK
OOP_3BP_flop_8s8d3c,flop,OOP,3BP,8s8d3c,paired,ace_high,twocards_bdfd,エア,30,0.0,CHECK
OOP_3BP_flop_8s8d3c,flop,OOP,3BP,8s8d3c,paired,ace_high,no_draw,エア,130,0.0,CHECK
OOP_3BP_flop_9s7s4s,flop,OOP,3BP,9s7s4s,wet,low_pair,no_draw,アンダーペア,6,0.0,CHECK
OOP_3BP_flop_9s7s4s,flop,OOP,3BP,9s7s4s,wet,low_pair,flush_draw,アンダーペア,6,0.0,CHECK
OOP_3BP_flop_9s7s4s,flop,OOP,3BP,9s7s4s,wet,no_made_hand,no_draw,エア,171,0.0,CHECK
OOP_3BP_flop_9s7s4s,flop,OOP,3BP,9s7s4s,wet,no_made_hand,flush_draw,エア,114,0.0,CHECK
OOP_3BP_flop_9s7s4s,flop,OOP,3BP,9s7s4s,wet,flush,no_draw,2P+,45,0.02,CHECK
OOP_3BP_flop_9s7s4s,flop,OOP,3BP,9s7s4s,wet,third_pair,no_draw,アンダーペア,96,0.0,CHECK
OOP_3BP_flop_9s7s4s,flop,OOP,3BP,9s7s4s,wet,third_pair,flush_draw,アンダーペア,33,0.02,CHECK
OOP_3BP_flop_9s7s4s,flop,OOP,3BP,9s7s4s,wet,set,no_draw,2P+,9,0.02,CHECK
OOP_3BP_flop_9s7s4s,flop,OOP,3BP,9s7s4s,wet,no_made_hand,gutshot,エア,54,0.0,CHECK
OOP_3BP_flop_9s7s4s,flop,OOP,3BP,9s7s4s,wet,no_made_hand,combo_draw,エア,54,0.0,CHECK
OOP_3BP_flop_9s7s4s,flop,OOP,3BP,9s7s4s,wet,no_made_hand,oesd,エア,27,0.0,CHECK
OOP_3BP_flop_9s7s4s,flop,OOP,3BP,9s7s4s,wet,second_pair,no_draw,アンダーペア,90,0.01,CHECK
OOP_3BP_flop_9s7s4s,flop,OOP,3BP,9s7s4s,wet,second_pair,flush_draw,アンダーペア,27,0.03,CHECK
OOP_3BP_flop_9s7s4s,flop,OOP,3BP,9s7s4s,wet,two_pair,no_draw,2P+,27,0.02,CHECK
OOP_3BP_flop_9s7s4s,flop,OOP,3BP,9s7s4s,wet,underpair,no_draw,アンダーペア,3,0.01,CHECK
OOP_3BP_flop_9s7s4s,flop,OOP,3BP,9s7s4s,wet,underpair,flush_draw,アンダーペア,3,0.03,CHECK
OOP_3BP_flop_9s7s4s,flop,OOP,3BP,9s7s4s,wet,top_pair,no_draw,TP+,90,0.05,CHECK
OOP_3BP_flop_9s7s4s,flop,OOP,3BP,9s7s4s,wet,top_pair,flush_draw,TP+,27,0.03,CHECK
OOP_3BP_flop_9s7s4s,flop,OOP,3BP,9s7s4s,wet,overpair,no_draw,TP+,15,0.09,CHECK
OOP_3BP_flop_9s7s4s,flop,OOP,3BP,9s7s4s,wet,overpair,flush_draw,TP+,12,0.02,CHECK
OOP_3BP_flop_9s7s4s,flop,OOP,3BP,9s7s4s,wet,king_high,no_draw,エア,72,0.0,CHECK
OOP_3BP_flop_9s7s4s,flop,OOP,3BP,9s7s4s,wet,king_high,flush_draw,エア,48,0.01,CHECK
OOP_3BP_flop_9s7s4s,flop,OOP,3BP,9s7s4s,wet,ace_high,no_draw,エア,81,0.0,CHECK
OOP_3BP_flop_9s7s4s,flop,OOP,3BP,9s7s4s,wet,ace_high,flush_draw,エア,27,0.08,CHECK
OOP_3BP_flop_9s7s4s,flop,OOP,3BP,9s7s4s,wet,ace_high,nut_flush_draw,エア,27,0.01,CHECK
OOP_3BP_flop_9s7s4s,flop,OOP,3BP,9s7s4s,wet,third_pair,nut_flush_draw,アンダーペア,3,0.01,CHECK
OOP_3BP_flop_9s7s4s,flop,OOP,3BP,9s7s4s,wet,second_pair,nut_flush_draw,アンダーペア,3,0.02,CHECK
OOP_3BP_flop_9s7s4s,flop,OOP,3BP,9s7s4s,wet,top_pair,nut_flush_draw,TP+,3,0.02,CHECK
OOP_3BP_flop_9s7s4s,flop,OOP,3BP,9s7s4s,wet,overpair,nut_flush_draw,TP+,3,0.02,CHECK
OOP_3BP_flop_9s8d6c,flop,OOP,3BP,9s8d6c,wet,low_pair,no_draw,アンダーペア,18,0.0,CHECK
OOP_3BP_flop_9s8d6c,flop,OOP,3BP,9s8d6c,wet,no_made_hand,twocards_bdfd,エア,27,0.0,CHECK
OOP_3BP_flop_9s8d6c,flop,OOP,3BP,9s8d6c,wet,no_made_hand,no_draw,エア,117,0.0,CHECK
OOP_3BP_flop_9s8d6c,flop,OOP,3BP,9s8d6c,wet,no_made_hand,gutshot,エア,160,0.0,CHECK
OOP_3BP_flop_9s8d6c,flop,OOP,3BP,9s8d6c,wet,low_pair,gutshot,アンダーペア,6,0.0,CHECK
OOP_3BP_flop_9s8d6c,flop,OOP,3BP,9s8d6c,wet,third_pair,no_draw,アンダーペア,70,0.0,CHECK
OOP_3BP_flop_9s8d6c,flop,OOP,3BP,9s8d6c,wet,third_pair,twocards_bdfd,アンダーペア,14,0.0,CHECK
OOP_3BP_flop_9s8d6c,flop,OOP,3BP,9s8d6c,wet,third_pair,gutshot,アンダーペア,24,0.03,CHECK
OOP_3BP_flop_9s8d6c,flop,OOP,3BP,9s8d6c,wet,set,no_draw,2P+,9,0.02,CHECK
OOP_3BP_flop_9s8d6c,flop,OOP,3BP,9s8d6c,wet,no_made_hand,oesd,エア,112,10.08,CHECK
OOP_3BP_flop_9s8d6c,flop,OOP,3BP,9s8d6c,wet,straight,twocards_bdfd,2P+,6,0.02,CHECK
OOP_3BP_flop_9s8d6c,flop,OOP,3BP,9s8d6c,wet,straight,no_draw,2P+,26,0.02,CHECK
OOP_3BP_flop_9s8d6c,flop,OOP,3BP,9s8d6c,wet,third_pair,oesd,アンダーペア,18,0.01,CHECK
OOP_3BP_flop_9s8d6c,flop,OOP,3BP,9s8d6c,wet,second_pair,twocards_bdfd,アンダーペア,14,0.01,CHECK
OOP_3BP_flop_9s8d6c,flop,OOP,3BP,9s8d6c,wet,second_pair,no_draw,アンダーペア,70,0.01,CHECK
OOP_3BP_flop_9s8d6c,flop,OOP,3BP,9s8d6c,wet,second_pair,gutshot,アンダーペア,24,33.43,CHECK
OOP_3BP_flop_9s8d6c,flop,OOP,3BP,9s8d6c,wet,two_pair,no_draw,2P+,24,0.02,CHECK
OOP_3BP_flop_9s8d6c,flop,OOP,3BP,9s8d6c,wet,second_pair,oesd,アンダーペア,12,0.05,CHECK
OOP_3BP_flop_9s8d6c,flop,OOP,3BP,9s8d6c,wet,two_pair,twocards_bdfd,2P+,3,0.02,CHECK
OOP_3BP_flop_9s8d6c,flop,OOP,3BP,9s8d6c,wet,top_pair,twocards_bdfd,TP+,14,0.09,CHECK
OOP_3BP_flop_9s8d6c,flop,OOP,3BP,9s8d6c,wet,top_pair,no_draw,TP+,70,28.55,CHECK
OOP_3BP_flop_9s8d6c,flop,OOP,3BP,9s8d6c,wet,top_pair,gutshot,TP+,24,34.02,CHECK
OOP_3BP_flop_9s8d6c,flop,OOP,3BP,9s8d6c,wet,top_pair,oesd,TP+,12,0.03,CHECK
OOP_3BP_flop_9s8d6c,flop,OOP,3BP,9s8d6c,wet,overpair,gutshot,TP+,6,3.74,CHECK
OOP_3BP_flop_9s8d6c,flop,OOP,3BP,9s8d6c,wet,overpair,no_draw,TP+,24,26.95,CHECK
OOP_3BP_flop_9s8d6c,flop,OOP,3BP,9s8d6c,wet,king_high,twocards_bdfd,エア,15,0.0,CHECK
OOP_3BP_flop_9s8d6c,flop,OOP,3BP,9s8d6c,wet,king_high,no_draw,エア,65,0.0,CHECK
OOP_3BP_flop_9s8d6c,flop,OOP,3BP,9s8d6c,wet,king_high,gutshot,エア,32,0.03,CHECK
OOP_3BP_flop_9s8d6c,flop,OOP,3BP,9s8d6c,wet,king_high,oesd,エア,16,81.25,BET
OOP_3BP_flop_9s8d6c,flop,OOP,3BP,9s8d6c,wet,ace_high,twocards_bdfd,エア,18,0.0,CHECK
OOP_3BP_flop_9s8d6c,flop,OOP,3BP,9s8d6c,wet,ace_high,no_draw,エア,78,0.0,CHECK
OOP_3BP_flop_9s8d6c,flop,OOP,3BP,9s8d6c,wet,ace_high,gutshot,エア,32,24.55,CHECK
OOP_3BP_flop_9s8d6c,flop,OOP,3BP,9s8d6c,wet,ace_high,oesd,エア,16,4.27,CHECK
OOP_3BP_flop_As5d2c,flop,OOP,3BP,As5d2c,wet,set,no_draw,2P+,9,0.0,CHECK
OOP_3BP_flop_As5d2c,flop,OOP,3BP,As5d2c,wet,third_pair,gutshot,アンダーペア,36,0.01,CHECK
OOP_3BP_flop_As5d2c,flop,OOP,3BP,As5d2c,wet,straight,twocards_bdfd,2P+,3,0.0,CHECK
OOP_3BP_flop_As5d2c,flop,OOP,3BP,As5d2c,wet,straight,no_draw,2P+,13,0.0,CHECK
OOP_3BP_flop_As5d2c,flop,OOP,3BP,As5d2c,wet,two_pair,no_draw,2P+,24,0.01,CHECK
OOP_3BP_flop_As5d2c,flop,OOP,3BP,As5d2c,wet,second_pair,gutshot,アンダーペア,24,0.03,CHECK
OOP_3BP_flop_As5d2c,flop,OOP,3BP,As5d2c,wet,two_pair,twocards_bdfd,2P+,3,0.01,CHECK
OOP_3BP_flop_As5d2c,flop,OOP,3BP,As5d2c,wet,third_pair,no_draw,アンダーペア,80,0.0,CHECK
OOP_3BP_flop_As5d2c,flop,OOP,3BP,As5d2c,wet,no_made_hand,gutshot,エア,224,0.01,CHECK
OOP_3BP_flop_As5d2c,flop,OOP,3BP,As5d2c,wet,second_pair,twocards_bdfd,アンダーペア,16,0.02,CHECK
OOP_3BP_flop_As5d2c,flop,OOP,3BP,As5d2c,wet,second_pair,no_draw,アンダーペア,80,0.02,CHECK
OOP_3BP_flop_As5d2c,flop,OOP,3BP,As5d2c,wet,third_pair,twocards_bdfd,アンダーペア,16,0.0,CHECK
OOP_3BP_flop_As5d2c,flop,OOP,3BP,As5d2c,wet,underpair,no_draw,アンダーペア,48,0.02,CHECK
OOP_3BP_flop_As5d2c,flop,OOP,3BP,As5d2c,wet,no_made_hand,twocards_bdfd,エア,63,0.0,CHECK
OOP_3BP_flop_As5d2c,flop,OOP,3BP,As5d2c,wet,no_made_hand,no_draw,エア,273,0.0,CHECK
OOP_3BP_flop_As5d2c,flop,OOP,3BP,As5d2c,wet,king_high,gutshot,エア,32,0.0,CHECK
OOP_3BP_flop_As5d2c,flop,OOP,3BP,As5d2c,wet,king_high,twocards_bdfd,エア,21,0.0,CHECK
OOP_3BP_flop_As5d2c,flop,OOP,3BP,As5d2c,wet,king_high,no_draw,エア,91,0.0,CHECK
OOP_3BP_flop_As5d2c,flop,OOP,3BP,As5d2c,wet,top_pair,gutshot,TP+,24,0.02,CHECK
OOP_3BP_flop_As5d2c,flop,OOP,3BP,As5d2c,wet,top_pair,twocards_bdfd,TP+,16,0.02,CHECK
OOP_3BP_flop_As5d2c,flop,OOP,3BP,As5d2c,wet,top_pair,no_draw,TP+,80,0.03,CHECK
OOP_3BP_flop_As6d3c,flop,OOP,3BP,As6d3c,wet,low_pair,no_draw,アンダーペア,6,0.0,CHECK
OOP_3BP_flop_As6d3c,flop,OOP,3BP,As6d3c,wet,third_pair,no_draw,アンダーペア,112,0.0,CHECK
OOP_3BP_flop_As6d3c,flop,OOP,3BP,As6d3c,wet,third_pair,twocards_bdfd,アンダーペア,20,0.0,CHECK
OOP_3BP_flop_As6d3c,flop,OOP,3BP,As6d3c,wet,set,no_draw,2P+,9,0.0,CHECK
OOP_3BP_flop_As6d3c,flop,OOP,3BP,As6d3c,wet,no_made_hand,gutshot,エア,64,0.01,CHECK
OOP_3BP_flop_As6d3c,flop,OOP,3BP,As6d3c,wet,no_made_hand,oesd,エア,16,0.0,CHECK
OOP_3BP_flop_As6d3c,flop,OOP,3BP,As6d3c,wet,second_pair,twocards_bdfd,アンダーペア,20,0.01,CHECK
OOP_3BP_flop_As6d3c,flop,OOP,3BP,As6d3c,wet,second_pair,no_draw,アンダーペア,100,0.01,CHECK
OOP_3BP_flop_As6d3c,flop,OOP,3BP,As6d3c,wet,two_pair,no_draw,2P+,24,0.0,CHECK
OOP_3BP_flop_As6d3c,flop,OOP,3BP,As6d3c,wet,two_pair,twocards_bdfd,2P+,3,0.0,CHECK
OOP_3BP_flop_As6d3c,flop,OOP,3BP,As6d3c,wet,no_made_hand,twocards_bdfd,エア,93,0.0,CHECK
OOP_3BP_flop_As6d3c,flop,OOP,3BP,As6d3c,wet,no_made_hand,no_draw,エア,403,0.0,CHECK
OOP_3BP_flop_As6d3c,flop,OOP,3BP,As6d3c,wet,underpair,no_draw,アンダーペア,42,0.01,CHECK
OOP_3BP_flop_As6d3c,flop,OOP,3BP,As6d3c,wet,king_high,twocards_bdfd,エア,27,0.0,CHECK
OOP_3BP_flop_As6d3c,flop,OOP,3BP,As6d3c,wet,king_high,no_draw,エア,117,0.0,CHECK
OOP_3BP_flop_As6d3c,flop,OOP,3BP,As6d3c,wet,top_pair,twocards_bdfd,TP+,20,0.01,CHECK
OOP_3BP_flop_As6d3c,flop,OOP,3BP,As6d3c,wet,top_pair,no_draw,TP+,100,0.02,CHECK
OOP_3BP_flop_As8d3c,flop,OOP,3BP,As8d3c,dry,low_pair,no_draw,アンダーペア,6,0.0,CHECK
OOP_3BP_flop_As8d3c,flop,OOP,3BP,As8d3c,dry,third_pair,no_draw,アンダーペア,124,0.01,CHECK
OOP_3BP_flop_As8d3c,flop,OOP,3BP,As8d3c,dry,third_pair,twocards_bdfd,アンダーペア,20,0.02,CHECK
OOP_3BP_flop_As8d3c,flop,OOP,3BP,As8d3c,dry,set,no_draw,2P+,9,0.03,CHECK
OOP_3BP_flop_As8d3c,flop,OOP,3BP,As8d3c,dry,no_made_hand,gutshot,エア,48,0.02,CHECK
OOP_3BP_flop_As8d3c,flop,OOP,3BP,As8d3c,dry,no_made_hand,twocards_bdfd,エア,99,0.02,CHECK
OOP_3BP_flop_As8d3c,flop,OOP,3BP,As8d3c,dry,no_made_hand,no_draw,エア,429,0.01,CHECK
OOP_3BP_flop_As8d3c,flop,OOP,3BP,As8d3c,dry,second_pair,twocards_bdfd,アンダーペア,20,0.04,CHECK
OOP_3BP_flop_As8d3c,flop,OOP,3BP,As8d3c,dry,second_pair,no_draw,アンダーペア,100,0.05,CHECK
OOP_3BP_flop_As8d3c,flop,OOP,3BP,As8d3c,dry,two_pair,no_draw,2P+,24,0.05,CHECK
OOP_3BP_flop_As8d3c,flop,OOP,3BP,As8d3c,dry,two_pair,twocards_bdfd,2P+,3,0.04,CHECK
OOP_3BP_flop_As8d3c,flop,OOP,3BP,As8d3c,dry,underpair,no_draw,アンダーペア,30,0.04,CHECK
OOP_3BP_flop_As8d3c,flop,OOP,3BP,As8d3c,dry,king_high,twocards_bdfd,エア,27,0.0,CHECK
OOP_3BP_flop_As8d3c,flop,OOP,3BP,As8d3c,dry,king_high,no_draw,エア,117,0.0,CHECK
OOP_3BP_flop_As8d3c,flop,OOP,3BP,As8d3c,dry,top_pair,twocards_bdfd,TP+,20,0.05,CHECK
OOP_3BP_flop_As8d3c,flop,OOP,3BP,As8d3c,dry,top_pair,no_draw,TP+,100,0.06,CHECK
OOP_3BP_flop_As9d4c,flop,OOP,3BP,As9d4c,dry,low_pair,no_draw,アンダーペア,12,0.0,CHECK
OOP_3BP_flop_As9d4c,flop,OOP,3BP,As9d4c,dry,no_made_hand,gutshot,エア,48,0.01,CHECK
OOP_3BP_flop_As9d4c,flop,OOP,3BP,As9d4c,dry,third_pair,no_draw,アンダーペア,124,0.0,CHECK
OOP_3BP_flop_As9d4c,flop,OOP,3BP,As9d4c,dry,third_pair,twocards_bdfd,アンダーペア,20,0.0,CHECK
OOP_3BP_flop_As9d4c,flop,OOP,3BP,As9d4c,dry,set,no_draw,2P+,9,0.01,CHECK
OOP_3BP_flop_As9d4c,flop,OOP,3BP,As9d4c,dry,no_made_hand,twocards_bdfd,エア,99,0.01,CHECK
OOP_3BP_flop_As9d4c,flop,OOP,3BP,As9d4c,dry,no_made_hand,no_draw,エア,429,0.0,CHECK
OOP_3BP_flop_As9d4c,flop,OOP,3BP,As9d4c,dry,second_pair,twocards_bdfd,アンダーペア,20,0.0,CHECK
OOP_3BP_flop_As9d4c,flop,OOP,3BP,As9d4c,dry,second_pair,no_draw,アンダーペア,100,0.0,CHECK
OOP_3BP_flop_As9d4c,flop,OOP,3BP,As9d4c,dry,two_pair,no_draw,2P+,24,0.01,CHECK
OOP_3BP_flop_As9d4c,flop,OOP,3BP,As9d4c,dry,two_pair,twocards_bdfd,2P+,3,0.01,CHECK
OOP_3BP_flop_As9d4c,flop,OOP,3BP,As9d4c,dry,underpair,no_draw,アンダーペア,24,0.01,CHECK
OOP_3BP_flop_As9d4c,flop,OOP,3BP,As9d4c,dry,king_high,twocards_bdfd,エア,27,0.0,CHECK
OOP_3BP_flop_As9d4c,flop,OOP,3BP,As9d4c,dry,king_high,no_draw,エア,117,0.0,CHECK
OOP_3BP_flop_As9d4c,flop,OOP,3BP,As9d4c,dry,top_pair,twocards_bdfd,TP+,20,0.03,CHECK
OOP_3BP_flop_As9d4c,flop,OOP,3BP,As9d4c,dry,top_pair,no_draw,TP+,100,0.03,CHECK
OOP_3BP_flop_As9d9c,flop,OOP,3BP,As9d9c,paired,third_pair,no_draw,アンダーペア,42,0.0,CHECK
OOP_3BP_flop_As9d9c,flop,OOP,3BP,As9d9c,paired,no_made_hand,twocards_bdfd,エア,135,0.0,CHECK
OOP_3BP_flop_As9d9c,flop,OOP,3BP,As9d9c,paired,no_made_hand,no_draw,エア,585,0.0,CHECK
OOP_3BP_flop_As9d9c,flop,OOP,3BP,As9d9c,paired,trips,no_draw,2P+,77,0.0,CHECK
OOP_3BP_flop_As9d9c,flop,OOP,3BP,As9d9c,paired,trips,twocards_bdfd,2P+,11,0.0,CHECK
OOP_3BP_flop_As9d9c,flop,OOP,3BP,As9d9c,paired,quads,no_draw,2P+,1,0.0,CHECK
OOP_3BP_flop_As9d9c,flop,OOP,3BP,As9d9c,paired,underpair,no_draw,アンダーペア,24,0.0,CHECK
OOP_3BP_flop_As9d9c,flop,OOP,3BP,As9d9c,paired,king_high,twocards_bdfd,エア,30,0.0,CHECK
OOP_3BP_flop_As9d9c,flop,OOP,3BP,As9d9c,paired,king_high,no_draw,エア,130,0.0,CHECK
OOP_3BP_flop_As9d9c,flop,OOP,3BP,As9d9c,paired,top_pair,twocards_bdfd,TP+,22,0.0,CHECK
OOP_3BP_flop_As9d9c,flop,OOP,3BP,As9d9c,paired,top_pair,no_draw,TP+,110,0.0,CHECK
OOP_3BP_flop_As9d9c,flop,OOP,3BP,As9d9c,paired,fullhouse,no_draw,2P+,9,0.0,CHECK
OOP_3BP_flop_Js8d3c,flop,OOP,3BP,Js8d3c,dry,low_pair,no_draw,アンダーペア,6,0.0,CHECK
OOP_3BP_flop_Js8d3c,flop,OOP,3BP,Js8d3c,dry,third_pair,no_draw,アンダーペア,124,0.0,CHECK
OOP_3BP_flop_Js8d3c,flop,OOP,3BP,Js8d3c,dry,third_pair,twocards_bdfd,アンダーペア,20,0.0,CHECK
OOP_3BP_flop_Js8d3c,flop,OOP,3BP,Js8d3c,dry,set,no_draw,2P+,9,0.0,CHECK
OOP_3BP_flop_Js8d3c,flop,OOP,3BP,Js8d3c,dry,no_made_hand,twocards_bdfd,エア,69,0.02,CHECK
OOP_3BP_flop_Js8d3c,flop,OOP,3BP,Js8d3c,dry,no_made_hand,no_draw,エア,299,0.01,CHECK
OOP_3BP_flop_Js8d3c,flop,OOP,3BP,Js8d3c,dry,second_pair,twocards_bdfd,アンダーペア,20,0.01,CHECK
OOP_3BP_flop_Js8d3c,flop,OOP,3BP,Js8d3c,dry,second_pair,no_draw,アンダーペア,100,0.01,CHECK
OOP_3BP_flop_Js8d3c,flop,OOP,3BP,Js8d3c,dry,two_pair,no_draw,2P+,24,0.01,CHECK
OOP_3BP_flop_Js8d3c,flop,OOP,3BP,Js8d3c,dry,two_pair,twocards_bdfd,2P+,3,0.0,CHECK
OOP_3BP_flop_Js8d3c,flop,OOP,3BP,Js8d3c,dry,no_made_hand,gutshot,エア,64,0.01,CHECK
OOP_3BP_flop_Js8d3c,flop,OOP,3BP,Js8d3c,dry,underpair,no_draw,アンダーペア,12,0.01,CHECK
OOP_3BP_flop_Js8d3c,flop,OOP,3BP,Js8d3c,dry,no_made_hand,oesd,エア,16,0.0,CHECK
OOP_3BP_flop_Js8d3c,flop,OOP,3BP,Js8d3c,dry,top_pair,twocards_bdfd,TP+,20,0.03,CHECK
OOP_3BP_flop_Js8d3c,flop,OOP,3BP,Js8d3c,dry,top_pair,no_draw,TP+,100,0.07,CHECK
OOP_3BP_flop_Js8d3c,flop,OOP,3BP,Js8d3c,dry,overpair,no_draw,TP+,18,0.09,CHECK
OOP_3BP_flop_Js8d3c,flop,OOP,3BP,Js8d3c,dry,king_high,twocards_bdfd,エア,24,0.01,CHECK
OOP_3BP_flop_Js8d3c,flop,OOP,3BP,Js8d3c,dry,king_high,no_draw,エア,104,0.01,CHECK
OOP_3BP_flop_Js8d3c,flop,OOP,3BP,Js8d3c,dry,ace_high,twocards_bdfd,エア,27,0.0,CHECK
OOP_3BP_flop_Js8d3c,flop,OOP,3BP,Js8d3c,dry,ace_high,no_draw,エア,117,0.0,CHECK
OOP_3BP_flop_JsTc4s,flop,OOP,3BP,JsTc4s,dry,low_pair,no_draw,アンダーペア,6,0.0,CHECK
OOP_3BP_flop_JsTc4s,flop,OOP,3BP,JsTc4s,dry,low_pair,onecard_bdfd,アンダーペア,6,0.0,CHECK
OOP_3BP_flop_JsTc4s,flop,OOP,3BP,JsTc4s,dry,no_made_hand,twocards_bdfd,エア,23,0.0,CHECK
OOP_3BP_flop_JsTc4s,flop,OOP,3BP,JsTc4s,dry,no_made_hand,no_draw,エア,184,0.0,CHECK
OOP_3BP_flop_JsTc4s,flop,OOP,3BP,JsTc4s,dry,no_made_hand,onecard_bdfd,エア,138,0.15,CHECK
OOP_3BP_flop_JsTc4s,flop,OOP,3BP,JsTc4s,dry,no_made_hand,flush_draw,エア,23,0.0,CHECK
OOP_3BP_flop_JsTc4s,flop,OOP,3BP,JsTc4s,dry,third_pair,twocards_bdfd,アンダーペア,10,0.0,CHECK
OOP_3BP_flop_JsTc4s,flop,OOP,3BP,JsTc4s,dry,third_pair,no_draw,アンダーペア,95,0.16,CHECK
OOP_3BP_flop_JsTc4s,flop,OOP,3BP,JsTc4s,dry,third_pair,onecard_bdfd,アンダーペア,45,0.0,CHECK
OOP_3BP_flop_JsTc4s,flop,OOP,3BP,JsTc4s,dry,set,no_draw,2P+,7,0.02,CHECK
OOP_3BP_flop_JsTc4s,flop,OOP,3BP,JsTc4s,dry,no_made_hand,gutshot,エア,45,0.01,CHECK
OOP_3BP_flop_JsTc4s,flop,OOP,3BP,JsTc4s,dry,no_made_hand,combo_draw,エア,5,0.0,CHECK
OOP_3BP_flop_JsTc4s,flop,OOP,3BP,JsTc4s,dry,no_made_hand,oesd,エア,30,0.0,CHECK
OOP_3BP_flop_JsTc4s,flop,OOP,3BP,JsTc4s,dry,second_pair,no_draw,アンダーペア,60,0.0,CHECK
OOP_3BP_flop_JsTc4s,flop,OOP,3BP,JsTc4s,dry,second_pair,onecard_bdfd,アンダーペア,50,0.01,CHECK
OOP_3BP_flop_JsTc4s,flop,OOP,3BP,JsTc4s,dry,two_pair,no_draw,2P+,20,0.02,CHECK
OOP_3BP_flop_JsTc4s,flop,OOP,3BP,JsTc4s,dry,second_pair,flush_draw,アンダーペア,9,0.0,CHECK
OOP_3BP_flop_JsTc4s,flop,OOP,3BP,JsTc4s,dry,two_pair,onecard_bdfd,2P+,6,0.02,CHECK
OOP_3BP_flop_JsTc4s,flop,OOP,3BP,JsTc4s,dry,set,onecard_bdfd,2P+,2,0.01,CHECK
OOP_3BP_flop_JsTc4s,flop,OOP,3BP,JsTc4s,dry,top_pair,twocards_bdfd,TP+,10,0.03,CHECK
OOP_3BP_flop_JsTc4s,flop,OOP,3BP,JsTc4s,dry,top_pair,no_draw,TP+,80,3.59,CHECK
OOP_3BP_flop_JsTc4s,flop,OOP,3BP,JsTc4s,dry,top_pair,onecard_bdfd,TP+,30,0.03,CHECK
OOP_3BP_flop_JsTc4s,flop,OOP,3BP,JsTc4s,dry,two_pair,twocards_bdfd,2P+,1,0.02,CHECK
OOP_3BP_flop_JsTc4s,flop,OOP,3BP,JsTc4s,dry,overpair,no_draw,TP+,9,1.87,CHECK
OOP_3BP_flop_JsTc4s,flop,OOP,3BP,JsTc4s,dry,overpair,onecard_bdfd,TP+,9,0.04,CHECK
OOP_3BP_flop_JsTc4s,flop,OOP,3BP,JsTc4s,dry,king_high,twocards_bdfd,エア,6,0.0,CHECK
OOP_3BP_flop_JsTc4s,flop,OOP,3BP,JsTc4s,dry,king_high,no_draw,エア,48,0.0,CHECK
OOP_3BP_flop_JsTc4s,flop,OOP,3BP,JsTc4s,dry,king_high,onecard_bdfd,エア,36,0.87,CHECK
OOP_3BP_flop_JsTc4s,flop,OOP,3BP,JsTc4s,dry,king_high,gutshot,エア,15,0.0,CHECK
OOP_3BP_flop_JsTc4s,flop,OOP,3BP,JsTc4s,dry,king_high,oesd,エア,15,0.0,CHECK
OOP_3BP_flop_JsTc4s,flop,OOP,3BP,JsTc4s,dry,king_high,flush_draw,エア,6,0.0,CHECK
OOP_3BP_flop_JsTc4s,flop,OOP,3BP,JsTc4s,dry,king_high,combo_draw,エア,2,0.0,CHECK
OOP_3BP_flop_JsTc4s,flop,OOP,3BP,JsTc4s,dry,ace_high,twocards_bdfd,エア,7,0.0,CHECK
OOP_3BP_flop_JsTc4s,flop,OOP,3BP,JsTc4s,dry,ace_high,no_draw,エア,56,0.01,CHECK
OOP_3BP_flop_JsTc4s,flop,OOP,3BP,JsTc4s,dry,ace_high,onecard_bdfd,エア,42,2.34,CHECK
OOP_3BP_flop_JsTc4s,flop,OOP,3BP,JsTc4s,dry,ace_high,gutshot,エア,30,2.3,CHECK
OOP_3BP_flop_JsTc4s,flop,OOP,3BP,JsTc4s,dry,ace_high,nut_flush_draw,エア,7,0.0,CHECK
OOP_3BP_flop_JsTc4s,flop,OOP,3BP,JsTc4s,dry,second_pair,nut_flush_draw,アンダーペア,1,0.01,CHECK
OOP_3BP_flop_JsTc4s,flop,OOP,3BP,JsTc4s,dry,ace_high,combo_draw,エア,2,0.0,CHECK
OOP_3BP_flop_Ks7d2c,flop,OOP,3BP,Ks7d2c,dry,set,no_draw,2P+,9,0.02,CHECK
OOP_3BP_flop_Ks7d2c,flop,OOP,3BP,Ks7d2c,dry,third_pair,no_draw,アンダーペア,124,0.01,CHECK
OOP_3BP_flop_Ks7d2c,flop,OOP,3BP,Ks7d2c,dry,third_pair,twocards_bdfd,アンダーペア,20,0.01,CHECK
OOP_3BP_flop_Ks7d2c,flop,OOP,3BP,Ks7d2c,dry,no_made_hand,twocards_bdfd,エア,108,0.02,CHECK
OOP_3BP_flop_Ks7d2c,flop,OOP,3BP,Ks7d2c,dry,no_made_hand,no_draw,エア,468,0.01,CHECK
OOP_3BP_flop_Ks7d2c,flop,OOP,3BP,Ks7d2c,dry,two_pair,no_draw,2P+,24,0.04,CHECK
OOP_3BP_flop_Ks7d2c,flop,OOP,3BP,Ks7d2c,dry,second_pair,twocards_bdfd,アンダーペア,20,0.04,CHECK
OOP_3BP_flop_Ks7d2c,flop,OOP,3BP,Ks7d2c,dry,second_pair,no_draw,アンダーペア,100,0.04,CHECK
OOP_3BP_flop_Ks7d2c,flop,OOP,3BP,Ks7d2c,dry,two_pair,twocards_bdfd,2P+,3,0.03,CHECK
OOP_3BP_flop_Ks7d2c,flop,OOP,3BP,Ks7d2c,dry,underpair,no_draw,アンダーペア,30,0.03,CHECK
OOP_3BP_flop_Ks7d2c,flop,OOP,3BP,Ks7d2c,dry,top_pair,twocards_bdfd,TP+,20,0.06,CHECK
OOP_3BP_flop_Ks7d2c,flop,OOP,3BP,Ks7d2c,dry,top_pair,no_draw,TP+,100,0.07,CHECK
OOP_3BP_flop_Ks7d2c,flop,OOP,3BP,Ks7d2c,dry,ace_high,twocards_bdfd,エア,27,0.0,CHECK
OOP_3BP_flop_Ks7d2c,flop,OOP,3BP,Ks7d2c,dry,ace_high,no_draw,エア,117,0.01,CHECK
OOP_3BP_flop_Ks7d2c,flop,OOP,3BP,Ks7d2c,dry,overpair,no_draw,TP+,6,0.06,CHECK
OOP_3BP_flop_Ks7d7c,flop,OOP,3BP,Ks7d7c,paired,third_pair,no_draw,アンダーペア,30,0.0,CHECK
OOP_3BP_flop_Ks7d7c,flop,OOP,3BP,Ks7d7c,paired,no_made_hand,twocards_bdfd,エア,135,0.0,CHECK
OOP_3BP_flop_Ks7d7c,flop,OOP,3BP,Ks7d7c,paired,no_made_hand,no_draw,エア,585,0.0,CHECK
OOP_3BP_flop_Ks7d7c,flop,OOP,3BP,Ks7d7c,paired,trips,no_draw,2P+,77,0.01,CHECK
OOP_3BP_flop_Ks7d7c,flop,OOP,3BP,Ks7d7c,paired,trips,twocards_bdfd,2P+,11,0.01,CHECK
OOP_3BP_flop_Ks7d7c,flop,OOP,3BP,Ks7d7c,paired,quads,no_draw,2P+,1,0.01,CHECK
OOP_3BP_flop_Ks7d7c,flop,OOP,3BP,Ks7d7c,paired,underpair,no_draw,アンダーペア,30,0.0,CHECK
OOP_3BP_flop_Ks7d7c,flop,OOP,3BP,Ks7d7c,paired,top_pair,twocards_bdfd,TP+,22,0.01,CHECK
OOP_3BP_flop_Ks7d7c,flop,OOP,3BP,Ks7d7c,paired,top_pair,no_draw,TP+,110,0.01,CHECK
OOP_3BP_flop_Ks7d7c,flop,OOP,3BP,Ks7d7c,paired,fullhouse,no_draw,2P+,9,0.01,CHECK
OOP_3BP_flop_Ks7d7c,flop,OOP,3BP,Ks7d7c,paired,ace_high,twocards_bdfd,エア,30,0.0,CHECK
OOP_3BP_flop_Ks7d7c,flop,OOP,3BP,Ks7d7c,paired,ace_high,no_draw,エア,130,0.0,CHECK
OOP_3BP_flop_Ks7d7c,flop,OOP,3BP,Ks7d7c,paired,overpair,no_draw,TP+,6,0.01,CHECK
OOP_3BP_flop_Ks7s2s,flop,OOP,3BP,Ks7s2s,wet,set,no_draw,2P+,9,0.02,CHECK
OOP_3BP_flop_Ks7s2s,flop,OOP,3BP,Ks7s2s,wet,third_pair,no_draw,アンダーペア,102,0.0,CHECK
OOP_3BP_flop_Ks7s2s,flop,OOP,3BP,Ks7s2s,wet,third_pair,flush_draw,アンダーペア,39,0.01,CHECK
OOP_3BP_flop_Ks7s2s,flop,OOP,3BP,Ks7s2s,wet,no_made_hand,no_draw,エア,324,0.0,CHECK
OOP_3BP_flop_Ks7s2s,flop,OOP,3BP,Ks7s2s,wet,no_made_hand,flush_draw,エア,216,0.0,CHECK
OOP_3BP_flop_Ks7s2s,flop,OOP,3BP,Ks7s2s,wet,flush,no_draw,2P+,45,0.02,CHECK
OOP_3BP_flop_Ks7s2s,flop,OOP,3BP,Ks7s2s,wet,two_pair,no_draw,2P+,27,0.02,CHECK
OOP_3BP_flop_Ks7s2s,flop,OOP,3BP,Ks7s2s,wet,second_pair,no_draw,アンダーペア,90,0.0,CHECK
OOP_3BP_flop_Ks7s2s,flop,OOP,3BP,Ks7s2s,wet,second_pair,flush_draw,アンダーペア,27,0.02,CHECK
OOP_3BP_flop_Ks7s2s,flop,OOP,3BP,Ks7s2s,wet,underpair,no_draw,アンダーペア,15,0.0,CHECK
OOP_3BP_flop_Ks7s2s,flop,OOP,3BP,Ks7s2s,wet,underpair,flush_draw,アンダーペア,15,0.02,CHECK
OOP_3BP_flop_Ks7s2s,flop,OOP,3BP,Ks7s2s,wet,top_pair,no_draw,TP+,90,0.02,CHECK
OOP_3BP_flop_Ks7s2s,flop,OOP,3BP,Ks7s2s,wet,top_pair,flush_draw,TP+,27,0.02,CHECK
OOP_3BP_flop_Ks7s2s,flop,OOP,3BP,Ks7s2s,wet,ace_high,no_draw,エア,81,0.01,CHECK
OOP_3BP_flop_Ks7s2s,flop,OOP,3BP,Ks7s2s,wet,ace_high,flush_draw,エア,27,0.0,CHECK
OOP_3BP_flop_Ks7s2s,flop,OOP,3BP,Ks7s2s,wet,overpair,no_draw,TP+,3,0.02,CHECK
OOP_3BP_flop_Ks7s2s,flop,OOP,3BP,Ks7s2s,wet,third_pair,nut_flush_draw,アンダーペア,3,0.01,CHECK
OOP_3BP_flop_Ks7s2s,flop,OOP,3BP,Ks7s2s,wet,ace_high,nut_flush_draw,エア,27,0.0,CHECK
OOP_3BP_flop_Ks7s2s,flop,OOP,3BP,Ks7s2s,wet,second_pair,nut_flush_draw,アンダーペア,3,0.02,CHECK
OOP_3BP_flop_Ks7s2s,flop,OOP,3BP,Ks7s2s,wet,top_pair,nut_flush_draw,TP+,3,0.02,CHECK
OOP_3BP_flop_Ks7s2s,flop,OOP,3BP,Ks7s2s,wet,overpair,nut_flush_draw,TP+,3,0.02,CHECK
OOP_3BP_flop_Ks9d3c,flop,OOP,3BP,Ks9d3c,dry,low_pair,no_draw,アンダーペア,6,0.0,CHECK
OOP_3BP_flop_Ks9d3c,flop,OOP,3BP,Ks9d3c,dry,third_pair,no_draw,アンダーペア,130,0.02,CHECK
OOP_3BP_flop_Ks9d3c,flop,OOP,3BP,Ks9d3c,dry,third_pair,twocards_bdfd,アンダーペア,20,0.02,CHECK
OOP_3BP_flop_Ks9d3c,flop,OOP,3BP,Ks9d3c,dry,set,no_draw,2P+,9,0.02,CHECK
OOP_3BP_flop_Ks9d3c,flop,OOP,3BP,Ks9d3c,dry,no_made_hand,twocards_bdfd,エア,99,0.03,CHECK
OOP_3BP_flop_Ks9d3c,flop,OOP,3BP,Ks9d3c,dry,no_made_hand,no_draw,エア,429,0.03,CHECK
OOP_3BP_flop_Ks9d3c,flop,OOP,3BP,Ks9d3c,dry,second_pair,twocards_bdfd,アンダーペア,20,0.06,CHECK
OOP_3BP_flop_Ks9d3c,flop,OOP,3BP,Ks9d3c,dry,second_pair,no_draw,アンダーペア,100,0.07,CHECK
OOP_3BP_flop_Ks9d3c,flop,OOP,3BP,Ks9d3c,dry,two_pair,no_draw,2P+,24,0.06,CHECK
OOP_3BP_flop_Ks9d3c,flop,OOP,3BP,Ks9d3c,dry,two_pair,twocards_bdfd,2P+,3,0.05,CHECK
OOP_3BP_flop_Ks9d3c,flop,OOP,3BP,Ks9d3c,dry,underpair,no_draw,アンダーペア,18,0.07,CHECK
OOP_3BP_flop_Ks9d3c,flop,OOP,3BP,Ks9d3c,dry,no_made_hand,gutshot,エア,48,0.0,CHECK
OOP_3BP_flop_Ks9d3c,flop,OOP,3BP,Ks9d3c,dry,top_pair,twocards_bdfd,TP+,20,0.13,CHECK
OOP_3BP_flop_Ks9d3c,flop,OOP,3BP,Ks9d3c,dry,top_pair,no_draw,TP+,100,0.16,CHECK
OOP_3BP_flop_Ks9d3c,flop,OOP,3BP,Ks9d3c,dry,ace_high,twocards_bdfd,エア,27,0.01,CHECK
OOP_3BP_flop_Ks9d3c,flop,OOP,3BP,Ks9d3c,dry,ace_high,no_draw,エア,117,0.02,CHECK
OOP_3BP_flop_Ks9d3c,flop,OOP,3BP,Ks9d3c,dry,overpair,no_draw,TP+,6,0.14,CHECK
OOP_3BP_flop_Ts7d2c,flop,OOP,3BP,Ts7d2c,dry,set,no_draw,2P+,9,0.0,CHECK
OOP_3BP_flop_Ts7d2c,flop,OOP,3BP,Ts7d2c,dry,third_pair,no_draw,アンダーペア,124,0.0,CHECK
OOP_3BP_flop_Ts7d2c,flop,OOP,3BP,Ts7d2c,dry,third_pair,twocards_bdfd,アンダーペア,20,0.0,CHECK
OOP_3BP_flop_Ts7d2c,flop,OOP,3BP,Ts7d2c,dry,no_made_hand,twocards_bdfd,エア,69,0.04,CHECK
OOP_3BP_flop_Ts7d2c,flop,OOP,3BP,Ts7d2c,dry,no_made_hand,no_draw,エア,299,0.14,CHECK
OOP_3BP_flop_Ts7d2c,flop,OOP,3BP,Ts7d2c,dry,two_pair,no_draw,2P+,24,0.0,CHECK
OOP_3BP_flop_Ts7d2c,flop,OOP,3BP,Ts7d2c,dry,second_pair,twocards_bdfd,アンダーペア,20,0.01,CHECK
OOP_3BP_flop_Ts7d2c,flop,OOP,3BP,Ts7d2c,dry,second_pair,no_draw,アンダーペア,100,0.01,CHECK
OOP_3BP_flop_Ts7d2c,flop,OOP,3BP,Ts7d2c,dry,two_pair,twocards_bdfd,2P+,3,0.0,CHECK
OOP_3BP_flop_Ts7d2c,flop,OOP,3BP,Ts7d2c,dry,no_made_hand,gutshot,エア,64,0.02,CHECK
OOP_3BP_flop_Ts7d2c,flop,OOP,3BP,Ts7d2c,dry,underpair,no_draw,アンダーペア,12,0.02,CHECK
OOP_3BP_flop_Ts7d2c,flop,OOP,3BP,Ts7d2c,dry,no_made_hand,oesd,エア,16,0.0,CHECK
OOP_3BP_flop_Ts7d2c,flop,OOP,3BP,Ts7d2c,dry,top_pair,twocards_bdfd,TP+,20,0.09,CHECK
OOP_3BP_flop_Ts7d2c,flop,OOP,3BP,Ts7d2c,dry,top_pair,no_draw,TP+,100,0.22,CHECK
OOP_3BP_flop_Ts7d2c,flop,OOP,3BP,Ts7d2c,dry,overpair,no_draw,TP+,24,1.78,CHECK
OOP_3BP_flop_Ts7d2c,flop,OOP,3BP,Ts7d2c,dry,king_high,twocards_bdfd,エア,24,0.01,CHECK
OOP_3BP_flop_Ts7d2c,flop,OOP,3BP,Ts7d2c,dry,king_high,no_draw,エア,104,0.03,CHECK
OOP_3BP_flop_Ts7d2c,flop,OOP,3BP,Ts7d2c,dry,ace_high,twocards_bdfd,エア,27,0.0,CHECK
OOP_3BP_flop_Ts7d2c,flop,OOP,3BP,Ts7d2c,dry,ace_high,no_draw,エア,117,0.06,CHECK
OOP_3BP_flop_Ts9d7c,flop,OOP,3BP,Ts9d7c,wet,low_pair,no_draw,アンダーペア,24,0.0,CHECK
OOP_3BP_flop_Ts9d7c,flop,OOP,3BP,Ts9d7c,wet,no_made_hand,twocards_bdfd,エア,30,0.0,CHECK
OOP_3BP_flop_Ts9d7c,flop,OOP,3BP,Ts9d7c,wet,no_made_hand,no_draw,エア,130,0.0,CHECK
OOP_3BP_flop_Ts9d7c,flop,OOP,3BP,Ts9d7c,wet,no_made_hand,gutshot,エア,160,0.0,CHECK
OOP_3BP_flop_Ts9d7c,flop,OOP,3BP,Ts9d7c,wet,low_pair,gutshot,アンダーペア,6,0.0,CHECK
OOP_3BP_flop_Ts9d7c,flop,OOP,3BP,Ts9d7c,wet,third_pair,no_draw,アンダーペア,70,0.0,CHECK
OOP_3BP_flop_Ts9d7c,flop,OOP,3BP,Ts9d7c,wet,third_pair,twocards_bdfd,アンダーペア,14,0.0,CHECK
OOP_3BP_flop_Ts9d7c,flop,OOP,3BP,Ts9d7c,wet,third_pair,gutshot,アンダーペア,24,0.0,CHECK
OOP_3BP_flop_Ts9d7c,flop,OOP,3BP,Ts9d7c,wet,set,no_draw,2P+,9,0.01,CHECK
OOP_3BP_flop_Ts9d7c,flop,OOP,3BP,Ts9d7c,wet,no_made_hand,oesd,エア,96,5.18,CHECK
OOP_3BP_flop_Ts9d7c,flop,OOP,3BP,Ts9d7c,wet,straight,twocards_bdfd,2P+,6,0.01,CHECK
OOP_3BP_flop_Ts9d7c,flop,OOP,3BP,Ts9d7c,wet,straight,no_draw,2P+,26,0.01,CHECK
OOP_3BP_flop_Ts9d7c,flop,OOP,3BP,Ts9d7c,wet,third_pair,oesd,アンダーペア,18,0.0,CHECK
OOP_3BP_flop_Ts9d7c,flop,OOP,3BP,Ts9d7c,wet,second_pair,twocards_bdfd,アンダーペア,14,0.01,CHECK
OOP_3BP_flop_Ts9d7c,flop,OOP,3BP,Ts9d7c,wet,second_pair,no_draw,アンダーペア,70,0.01,CHECK
OOP_3BP_flop_Ts9d7c,flop,OOP,3BP,Ts9d7c,wet,second_pair,gutshot,アンダーペア,24,5.28,CHECK
OOP_3BP_flop_Ts9d7c,flop,OOP,3BP,Ts9d7c,wet,two_pair,no_draw,2P+,24,0.01,CHECK
OOP_3BP_flop_Ts9d7c,flop,OOP,3BP,Ts9d7c,wet,second_pair,oesd,アンダーペア,12,1.09,CHECK
OOP_3BP_flop_Ts9d7c,flop,OOP,3BP,Ts9d7c,wet,two_pair,twocards_bdfd,2P+,3,0.01,CHECK
OOP_3BP_flop_Ts9d7c,flop,OOP,3BP,Ts9d7c,wet,top_pair,twocards_bdfd,TP+,14,0.02,CHECK
OOP_3BP_flop_Ts9d7c,flop,OOP,3BP,Ts9d7c,wet,top_pair,no_draw,TP+,70,8.57,CHECK
OOP_3BP_flop_Ts9d7c,flop,OOP,3BP,Ts9d7c,wet,top_pair,gutshot,TP+,24,30.59,CHECK
OOP_3BP_flop_Ts9d7c,flop,OOP,3BP,Ts9d7c,wet,top_pair,oesd,TP+,12,0.02,CHECK
OOP_3BP_flop_Ts9d7c,flop,OOP,3BP,Ts9d7c,wet,overpair,gutshot,TP+,6,0.05,CHECK
OOP_3BP_flop_Ts9d7c,flop,OOP,3BP,Ts9d7c,wet,overpair,no_draw,TP+,18,32.14,CHECK
OOP_3BP_flop_Ts9d7c,flop,OOP,3BP,Ts9d7c,wet,king_high,twocards_bdfd,エア,12,0.0,CHECK
OOP_3BP_flop_Ts9d7c,flop,OOP,3BP,Ts9d7c,wet,king_high,no_draw,エア,52,0.0,CHECK
OOP_3BP_flop_Ts9d7c,flop,OOP,3BP,Ts9d7c,wet,king_high,gutshot,エア,32,0.0,CHECK
OOP_3BP_flop_Ts9d7c,flop,OOP,3BP,Ts9d7c,wet,king_high,oesd,エア,32,9.82,CHECK
OOP_3BP_flop_Ts9d7c,flop,OOP,3BP,Ts9d7c,wet,ace_high,twocards_bdfd,エア,18,0.0,CHECK
OOP_3BP_flop_Ts9d7c,flop,OOP,3BP,Ts9d7c,wet,ace_high,no_draw,エア,78,0.0,CHECK
OOP_3BP_flop_Ts9d7c,flop,OOP,3BP,Ts9d7c,wet,ace_high,gutshot,エア,32,1.35,CHECK
OOP_3BP_flop_Ts9d7c,flop,OOP,3BP,Ts9d7c,wet,ace_high,oesd,エア,16,54.59,BET
OOP_4BP_flop_4s4d2c,flop,OOP,4BP,4s4d2c,paired,fullhouse,no_draw,2P+,9,0.01,CHECK
OOP_4BP_flop_4s4d2c,flop,OOP,4BP,4s4d2c,paired,second_pair,no_draw,アンダーペア,110,99.98,BET
OOP_4BP_flop_4s4d2c,flop,OOP,4BP,4s4d2c,paired,second_pair,twocards_bdfd,アンダーペア,22,99.52,BET
OOP_4BP_flop_4s4d2c,flop,OOP,4BP,4s4d2c,paired,underpair,no_draw,アンダーペア,6,99.9,BET
OOP_4BP_flop_4s4d2c,flop,OOP,4BP,4s4d2c,paired,trips,twocards_bdfd,2P+,11,0.01,CHECK
OOP_4BP_flop_4s4d2c,flop,OOP,4BP,4s4d2c,paired,trips,no_draw,2P+,77,0.01,CHECK
OOP_4BP_flop_4s4d2c,flop,OOP,4BP,4s4d2c,paired,quads,no_draw,2P+,1,0.0,CHECK
OOP_4BP_flop_4s4d2c,flop,OOP,4BP,4s4d2c,paired,no_made_hand,oesd,エア,16,99.99,BET
OOP_4BP_flop_4s4d2c,flop,OOP,4BP,4s4d2c,paired,overpair,no_draw,TP+,60,11.0,CHECK
OOP_4BP_flop_4s4d2c,flop,OOP,4BP,4s4d2c,paired,no_made_hand,gutshot,エア,32,99.98,BET
OOP_4BP_flop_4s4d2c,flop,OOP,4BP,4s4d2c,paired,no_made_hand,twocards_bdfd,エア,99,56.41,BET
OOP_4BP_flop_4s4d2c,flop,OOP,4BP,4s4d2c,paired,no_made_hand,no_draw,エア,429,9.23,CHECK
OOP_4BP_flop_4s4d2c,flop,OOP,4BP,4s4d2c,paired,king_high,twocards_bdfd,エア,27,36.77,CHECK
OOP_4BP_flop_4s4d2c,flop,OOP,4BP,4s4d2c,paired,king_high,no_draw,エア,117,57.29,BET
OOP_4BP_flop_4s4d2c,flop,OOP,4BP,4s4d2c,paired,ace_high,gutshot,エア,32,42.87,CHECK
OOP_4BP_flop_4s4d2c,flop,OOP,4BP,4s4d2c,paired,ace_high,twocards_bdfd,エア,24,99.95,BET
OOP_4BP_flop_4s4d2c,flop,OOP,4BP,4s4d2c,paired,ace_high,no_draw,エア,104,99.98,BET
OOP_4BP_flop_7s5d2c,flop,OOP,4BP,7s5d2c,dry,set,no_draw,2P+,9,0.01,CHECK
OOP_4BP_flop_7s5d2c,flop,OOP,4BP,7s5d2c,dry,third_pair,no_draw,アンダーペア,112,97.37,BET
OOP_4BP_flop_7s5d2c,flop,OOP,4BP,7s5d2c,dry,third_pair,twocards_bdfd,アンダーペア,20,65.31,BET
OOP_4BP_flop_7s5d2c,flop,OOP,4BP,7s5d2c,dry,no_made_hand,oesd,エア,48,99.99,BET
OOP_4BP_flop_7s5d2c,flop,OOP,4BP,7s5d2c,dry,two_pair,no_draw,2P+,24,0.02,CHECK
OOP_4BP_flop_7s5d2c,flop,OOP,4BP,7s5d2c,dry,second_pair,twocards_bdfd,アンダーペア,20,42.87,CHECK
OOP_4BP_flop_7s5d2c,flop,OOP,4BP,7s5d2c,dry,second_pair,no_draw,アンダーペア,100,84.11,BET
OOP_4BP_flop_7s5d2c,flop,OOP,4BP,7s5d2c,dry,two_pair,twocards_bdfd,2P+,3,0.01,CHECK
OOP_4BP_flop_7s5d2c,flop,OOP,4BP,7s5d2c,dry,no_made_hand,gutshot,エア,64,99.94,BET
OOP_4BP_flop_7s5d2c,flop,OOP,4BP,7s5d2c,dry,underpair,no_draw,アンダーペア,6,92.78,BET
OOP_4BP_flop_7s5d2c,flop,OOP,4BP,7s5d2c,dry,top_pair,twocards_bdfd,TP+,20,31.92,CHECK
OOP_4BP_flop_7s5d2c,flop,OOP,4BP,7s5d2c,dry,top_pair,no_draw,TP+,100,75.71,BET
OOP_4BP_flop_7s5d2c,flop,OOP,4BP,7s5d2c,dry,no_made_hand,twocards_bdfd,エア,63,54.98,BET
OOP_4BP_flop_7s5d2c,flop,OOP,4BP,7s5d2c,dry,no_made_hand,no_draw,エア,273,17.06,CHECK
OOP_4BP_flop_7s5d2c,flop,OOP,4BP,7s5d2c,dry,overpair,no_draw,TP+,42,13.81,CHECK
OOP_4BP_flop_7s5d2c,flop,OOP,4BP,7s5d2c,dry,king_high,twocards_bdfd,エア,24,1.67,CHECK
OOP_4BP_flop_7s5d2c,flop,OOP,4BP,7s5d2c,dry,king_high,no_draw,エア,104,5.02,CHECK
OOP_4BP_flop_7s5d2c,flop,OOP,4BP,7s5d2c,dry,ace_high,gutshot,エア,32,0.07,CHECK
OOP_4BP_flop_7s5d2c,flop,OOP,4BP,7s5d2c,dry,ace_high,twocards_bdfd,エア,21,53.98,BET
OOP_4BP_flop_7s5d2c,flop,OOP,4BP,7s5d2c,dry,ace_high,no_draw,エア,91,85.0,BET
OOP_4BP_flop_7s6d4c,flop,OOP,4BP,7s6d4c,wet,low_pair,no_draw,アンダーペア,6,0.01,CHECK
OOP_4BP_flop_7s6d4c,flop,OOP,4BP,7s6d4c,wet,no_made_hand,gutshot,エア,160,32.7,CHECK
OOP_4BP_flop_7s6d4c,flop,OOP,4BP,7s6d4c,wet,low_pair,gutshot,アンダーペア,6,60.63,BET
OOP_4BP_flop_7s6d4c,flop,OOP,4BP,7s6d4c,wet,third_pair,no_draw,アンダーペア,70,94.8,BET
OOP_4BP_flop_7s6d4c,flop,OOP,4BP,7s6d4c,wet,third_pair,twocards_bdfd,アンダーペア,14,75.11,BET
OOP_4BP_flop_7s6d4c,flop,OOP,4BP,7s6d4c,wet,third_pair,gutshot,アンダーペア,24,49.9,CHECK
OOP_4BP_flop_7s6d4c,flop,OOP,4BP,7s6d4c,wet,set,no_draw,2P+,9,0.02,CHECK
OOP_4BP_flop_7s6d4c,flop,OOP,4BP,7s6d4c,wet,no_made_hand,oesd,エア,112,88.57,BET
OOP_4BP_flop_7s6d4c,flop,OOP,4BP,7s6d4c,wet,straight,twocards_bdfd,2P+,6,0.02,CHECK
OOP_4BP_flop_7s6d4c,flop,OOP,4BP,7s6d4c,wet,straight,no_draw,2P+,26,0.02,CHECK
OOP_4BP_flop_7s6d4c,flop,OOP,4BP,7s6d4c,wet,third_pair,oesd,アンダーペア,18,39.58,CHECK
OOP_4BP_flop_7s6d4c,flop,OOP,4BP,7s6d4c,wet,second_pair,twocards_bdfd,アンダーペア,14,99.6,BET
OOP_4BP_flop_7s6d4c,flop,OOP,4BP,7s6d4c,wet,second_pair,no_draw,アンダーペア,70,99.96,BET
OOP_4BP_flop_7s6d4c,flop,OOP,4BP,7s6d4c,wet,second_pair,gutshot,アンダーペア,24,56.38,BET
OOP_4BP_flop_7s6d4c,flop,OOP,4BP,7s6d4c,wet,two_pair,no_draw,2P+,24,0.04,CHECK
OOP_4BP_flop_7s6d4c,flop,OOP,4BP,7s6d4c,wet,second_pair,oesd,アンダーペア,12,98.24,BET
OOP_4BP_flop_7s6d4c,flop,OOP,4BP,7s6d4c,wet,two_pair,twocards_bdfd,2P+,3,0.03,CHECK
OOP_4BP_flop_7s6d4c,flop,OOP,4BP,7s6d4c,wet,top_pair,twocards_bdfd,TP+,14,99.86,BET
OOP_4BP_flop_7s6d4c,flop,OOP,4BP,7s6d4c,wet,top_pair,no_draw,TP+,70,99.97,BET
OOP_4BP_flop_7s6d4c,flop,OOP,4BP,7s6d4c,wet,top_pair,gutshot,TP+,24,77.83,BET
OOP_4BP_flop_7s6d4c,flop,OOP,4BP,7s6d4c,wet,top_pair,oesd,TP+,12,99.88,BET
OOP_4BP_flop_7s6d4c,flop,OOP,4BP,7s6d4c,wet,overpair,gutshot,TP+,6,73.91,BET
OOP_4BP_flop_7s6d4c,flop,OOP,4BP,7s6d4c,wet,no_made_hand,twocards_bdfd,エア,27,34.98,CHECK
OOP_4BP_flop_7s6d4c,flop,OOP,4BP,7s6d4c,wet,no_made_hand,no_draw,エア,117,0.02,CHECK
OOP_4BP_flop_7s6d4c,flop,OOP,4BP,7s6d4c,wet,overpair,no_draw,TP+,36,48.18,CHECK
OOP_4BP_flop_7s6d4c,flop,OOP,4BP,7s6d4c,wet,king_high,twocards_bdfd,エア,15,47.03,CHECK
OOP_4BP_flop_7s6d4c,flop,OOP,4BP,7s6d4c,wet,king_high,no_draw,エア,65,12.82,CHECK
OOP_4BP_flop_7s6d4c,flop,OOP,4BP,7s6d4c,wet,king_high,gutshot,エア,32,92.24,BET
OOP_4BP_flop_7s6d4c,flop,OOP,4BP,7s6d4c,wet,king_high,oesd,エア,16,39.77,CHECK
OOP_4BP_flop_7s6d4c,flop,OOP,4BP,7s6d4c,wet,ace_high,twocards_bdfd,エア,18,70.2,BET
OOP_4BP_flop_7s6d4c,flop,OOP,4BP,7s6d4c,wet,ace_high,no_draw,エア,78,81.21,BET
OOP_4BP_flop_7s6d4c,flop,OOP,4BP,7s6d4c,wet,ace_high,gutshot,エア,32,48.55,CHECK
OOP_4BP_flop_7s6d4c,flop,OOP,4BP,7s6d4c,wet,ace_high,oesd,エア,16,6.33,CHECK
OOP_4BP_flop_8s5d3c,flop,OOP,4BP,8s5d3c,dry,low_pair,no_draw,アンダーペア,6,99.94,BET
OOP_4BP_flop_8s5d3c,flop,OOP,4BP,8s5d3c,dry,third_pair,no_draw,アンダーペア,106,94.25,BET
OOP_4BP_flop_8s5d3c,flop,OOP,4BP,8s5d3c,dry,third_pair,twocards_bdfd,アンダーペア,20,54.45,BET
OOP_4BP_flop_8s5d3c,flop,OOP,4BP,8s5d3c,dry,set,no_draw,2P+,9,0.01,CHECK
OOP_4BP_flop_8s5d3c,flop,OOP,4BP,8s5d3c,dry,no_made_hand,oesd,エア,48,99.99,BET
OOP_4BP_flop_8s5d3c,flop,OOP,4BP,8s5d3c,dry,second_pair,twocards_bdfd,アンダーペア,20,63.04,BET
OOP_4BP_flop_8s5d3c,flop,OOP,4BP,8s5d3c,dry,second_pair,no_draw,アンダーペア,100,91.47,BET
OOP_4BP_flop_8s5d3c,flop,OOP,4BP,8s5d3c,dry,two_pair,no_draw,2P+,24,0.02,CHECK
OOP_4BP_flop_8s5d3c,flop,OOP,4BP,8s5d3c,dry,two_pair,twocards_bdfd,2P+,3,0.02,CHECK
OOP_4BP_flop_8s5d3c,flop,OOP,4BP,8s5d3c,dry,no_made_hand,gutshot,エア,64,80.02,BET
OOP_4BP_flop_8s5d3c,flop,OOP,4BP,8s5d3c,dry,underpair,no_draw,アンダーペア,12,69.31,BET
OOP_4BP_flop_8s5d3c,flop,OOP,4BP,8s5d3c,dry,no_made_hand,twocards_bdfd,エア,63,55.36,BET
OOP_4BP_flop_8s5d3c,flop,OOP,4BP,8s5d3c,dry,no_made_hand,no_draw,エア,273,20.63,CHECK
OOP_4BP_flop_8s5d3c,flop,OOP,4BP,8s5d3c,dry,top_pair,twocards_bdfd,TP+,20,33.26,CHECK
OOP_4BP_flop_8s5d3c,flop,OOP,4BP,8s5d3c,dry,top_pair,no_draw,TP+,100,65.27,BET
OOP_4BP_flop_8s5d3c,flop,OOP,4BP,8s5d3c,dry,overpair,no_draw,TP+,36,16.03,CHECK
OOP_4BP_flop_8s5d3c,flop,OOP,4BP,8s5d3c,dry,king_high,twocards_bdfd,エア,24,2.59,CHECK
OOP_4BP_flop_8s5d3c,flop,OOP,4BP,8s5d3c,dry,king_high,no_draw,エア,104,6.85,CHECK
OOP_4BP_flop_8s5d3c,flop,OOP,4BP,8s5d3c,dry,ace_high,gutshot,エア,32,0.09,CHECK
OOP_4BP_flop_8s5d3c,flop,OOP,4BP,8s5d3c,dry,ace_high,twocards_bdfd,エア,21,62.91,BET
OOP_4BP_flop_8s5d3c,flop,OOP,4BP,8s5d3c,dry,ace_high,no_draw,エア,91,79.38,BET
OOP_4BP_flop_8s8d3c,flop,OOP,4BP,8s8d3c,paired,third_pair,no_draw,アンダーペア,6,83.59,BET
OOP_4BP_flop_8s8d3c,flop,OOP,4BP,8s8d3c,paired,second_pair,no_draw,アンダーペア,110,98.75,BET
OOP_4BP_flop_8s8d3c,flop,OOP,4BP,8s8d3c,paired,second_pair,twocards_bdfd,アンダーペア,22,86.25,BET
OOP_4BP_flop_8s8d3c,flop,OOP,4BP,8s8d3c,paired,fullhouse,no_draw,2P+,9,0.01,CHECK
OOP_4BP_flop_8s8d3c,flop,OOP,4BP,8s8d3c,paired,no_made_hand,twocards_bdfd,エア,108,17.7,CHECK
OOP_4BP_flop_8s8d3c,flop,OOP,4BP,8s8d3c,paired,no_made_hand,no_draw,エア,468,16.42,CHECK
OOP_4BP_flop_8s8d3c,flop,OOP,4BP,8s8d3c,paired,underpair,no_draw,アンダーペア,24,34.81,CHECK
OOP_4BP_flop_8s8d3c,flop,OOP,4BP,8s8d3c,paired,trips,twocards_bdfd,2P+,11,0.01,CHECK
OOP_4BP_flop_8s8d3c,flop,OOP,4BP,8s8d3c,paired,trips,no_draw,2P+,77,0.01,CHECK
OOP_4BP_flop_8s8d3c,flop,OOP,4BP,8s8d3c,paired,quads,no_draw,2P+,1,0.01,CHECK
OOP_4BP_flop_8s8d3c,flop,OOP,4BP,8s8d3c,paired,overpair,no_draw,TP+,36,0.02,CHECK
OOP_4BP_flop_8s8d3c,flop,OOP,4BP,8s8d3c,paired,king_high,twocards_bdfd,エア,27,3.09,CHECK
OOP_4BP_flop_8s8d3c,flop,OOP,4BP,8s8d3c,paired,king_high,no_draw,エア,117,25.27,CHECK
OOP_4BP_flop_8s8d3c,flop,OOP,4BP,8s8d3c,paired,ace_high,twocards_bdfd,エア,30,36.14,CHECK
OOP_4BP_flop_8s8d3c,flop,OOP,4BP,8s8d3c,paired,ace_high,no_draw,エア,130,84.36,BET
OOP_4BP_flop_9s7s4s,flop,OOP,4BP,9s7s4s,wet,low_pair,no_draw,アンダーペア,6,0.01,CHECK
OOP_4BP_flop_9s7s4s,flop,OOP,4BP,9s7s4s,wet,low_pair,flush_draw,アンダーペア,6,97.92,BET
OOP_4BP_flop_9s7s4s,flop,OOP,4BP,9s7s4s,wet,no_made_hand,no_draw,エア,171,0.01,CHECK
OOP_4BP_flop_9s7s4s,flop,OOP,4BP,9s7s4s,wet,no_made_hand,flush_draw,エア,114,59.95,BET
OOP_4BP_flop_9s7s4s,flop,OOP,4BP,9s7s4s,wet,flush,no_draw,2P+,45,0.02,CHECK
OOP_4BP_flop_9s7s4s,flop,OOP,4BP,9s7s4s,wet,third_pair,no_draw,アンダーペア,96,25.23,CHECK
OOP_4BP_flop_9s7s4s,flop,OOP,4BP,9s7s4s,wet,third_pair,flush_draw,アンダーペア,33,15.44,CHECK
OOP_4BP_flop_9s7s4s,flop,OOP,4BP,9s7s4s,wet,set,no_draw,2P+,9,0.03,CHECK
OOP_4BP_flop_9s7s4s,flop,OOP,4BP,9s7s4s,wet,no_made_hand,gutshot,エア,54,10.51,CHECK
OOP_4BP_flop_9s7s4s,flop,OOP,4BP,9s7s4s,wet,no_made_hand,combo_draw,エア,54,20.12,CHECK
OOP_4BP_flop_9s7s4s,flop,OOP,4BP,9s7s4s,wet,no_made_hand,oesd,エア,27,16.64,CHECK
OOP_4BP_flop_9s7s4s,flop,OOP,4BP,9s7s4s,wet,second_pair,no_draw,アンダーペア,90,96.88,BET
OOP_4BP_flop_9s7s4s,flop,OOP,4BP,9s7s4s,wet,second_pair,flush_draw,アンダーペア,27,8.62,CHECK
OOP_4BP_flop_9s7s4s,flop,OOP,4BP,9s7s4s,wet,two_pair,no_draw,2P+,27,0.41,CHECK
OOP_4BP_flop_9s7s4s,flop,OOP,4BP,9s7s4s,wet,underpair,no_draw,アンダーペア,3,98.12,BET
OOP_4BP_flop_9s7s4s,flop,OOP,4BP,9s7s4s,wet,underpair,flush_draw,アンダーペア,3,76.51,BET
OOP_4BP_flop_9s7s4s,flop,OOP,4BP,9s7s4s,wet,top_pair,no_draw,TP+,90,99.83,BET
OOP_4BP_flop_9s7s4s,flop,OOP,4BP,9s7s4s,wet,top_pair,flush_draw,TP+,27,28.9,CHECK
OOP_4BP_flop_9s7s4s,flop,OOP,4BP,9s7s4s,wet,overpair,no_draw,TP+,15,79.49,BET
OOP_4BP_flop_9s7s4s,flop,OOP,4BP,9s7s4s,wet,overpair,flush_draw,TP+,12,1.29,CHECK
OOP_4BP_flop_9s7s4s,flop,OOP,4BP,9s7s4s,wet,king_high,no_draw,エア,72,11.82,CHECK
OOP_4BP_flop_9s7s4s,flop,OOP,4BP,9s7s4s,wet,king_high,flush_draw,エア,48,87.36,BET
OOP_4BP_flop_9s7s4s,flop,OOP,4BP,9s7s4s,wet,ace_high,no_draw,エア,81,26.21,CHECK
OOP_4BP_flop_9s7s4s,flop,OOP,4BP,9s7s4s,wet,ace_high,flush_draw,エア,27,77.05,BET
OOP_4BP_flop_9s7s4s,flop,OOP,4BP,9s7s4s,wet,ace_high,nut_flush_draw,エア,27,83.64,BET
OOP_4BP_flop_9s7s4s,flop,OOP,4BP,9s7s4s,wet,third_pair,nut_flush_draw,アンダーペア,3,1.49,CHECK
OOP_4BP_flop_9s7s4s,flop,OOP,4BP,9s7s4s,wet,second_pair,nut_flush_draw,アンダーペア,3,2.11,CHECK
OOP_4BP_flop_9s7s4s,flop,OOP,4BP,9s7s4s,wet,top_pair,nut_flush_draw,TP+,3,1.46,CHECK
OOP_4BP_flop_9s7s4s,flop,OOP,4BP,9s7s4s,wet,overpair,nut_flush_draw,TP+,3,0.03,CHECK
OOP_4BP_flop_9s8d6c,flop,OOP,4BP,9s8d6c,wet,low_pair,no_draw,アンダーペア,18,0.01,CHECK
OOP_4BP_flop_9s8d6c,flop,OOP,4BP,9s8d6c,wet,no_made_hand,twocards_bdfd,エア,27,0.01,CHECK
OOP_4BP_flop_9s8d6c,flop,OOP,4BP,9s8d6c,wet,no_made_hand,no_draw,エア,117,0.0,CHECK
OOP_4BP_flop_9s8d6c,flop,OOP,4BP,9s8d6c,wet,no_made_hand,gutshot,エア,160,15.3,CHECK
OOP_4BP_flop_9s8d6c,flop,OOP,4BP,9s8d6c,wet,low_pair,gutshot,アンダーペア,6,0.18,CHECK
OOP_4BP_flop_9s8d6c,flop,OOP,4BP,9s8d6c,wet,third_pair,no_draw,アンダーペア,70,33.51,CHECK
OOP_4BP_flop_9s8d6c,flop,OOP,4BP,9s8d6c,wet,third_pair,twocards_bdfd,アンダーペア,14,3.77,CHECK
OOP_4BP_flop_9s8d6c,flop,OOP,4BP,9s8d6c,wet,third_pair,gutshot,アンダーペア,24,38.53,CHECK
OOP_4BP_flop_9s8d6c,flop,OOP,4BP,9s8d6c,wet,set,no_draw,2P+,9,0.02,CHECK
OOP_4BP_flop_9s8d6c,flop,OOP,4BP,9s8d6c,wet,no_made_hand,oesd,エア,112,46.04,CHECK
OOP_4BP_flop_9s8d6c,flop,OOP,4BP,9s8d6c,wet,straight,twocards_bdfd,2P+,6,0.02,CHECK
OOP_4BP_flop_9s8d6c,flop,OOP,4BP,9s8d6c,wet,straight,no_draw,2P+,26,0.02,CHECK
OOP_4BP_flop_9s8d6c,flop,OOP,4BP,9s8d6c,wet,third_pair,oesd,アンダーペア,18,0.13,CHECK
OOP_4BP_flop_9s8d6c,flop,OOP,4BP,9s8d6c,wet,second_pair,twocards_bdfd,アンダーペア,14,82.64,BET
OOP_4BP_flop_9s8d6c,flop,OOP,4BP,9s8d6c,wet,second_pair,no_draw,アンダーペア,70,98.88,BET
OOP_4BP_flop_9s8d6c,flop,OOP,4BP,9s8d6c,wet,second_pair,gutshot,アンダーペア,24,52.26,BET
OOP_4BP_flop_9s8d6c,flop,OOP,4BP,9s8d6c,wet,two_pair,no_draw,2P+,24,0.1,CHECK
OOP_4BP_flop_9s8d6c,flop,OOP,4BP,9s8d6c,wet,second_pair,oesd,アンダーペア,12,1.51,CHECK
OOP_4BP_flop_9s8d6c,flop,OOP,4BP,9s8d6c,wet,two_pair,twocards_bdfd,2P+,3,0.03,CHECK
OOP_4BP_flop_9s8d6c,flop,OOP,4BP,9s8d6c,wet,top_pair,twocards_bdfd,TP+,14,88.16,BET
OOP_4BP_flop_9s8d6c,flop,OOP,4BP,9s8d6c,wet,top_pair,no_draw,TP+,70,98.89,BET
OOP_4BP_flop_9s8d6c,flop,OOP,4BP,9s8d6c,wet,top_pair,gutshot,TP+,24,50.49,BET
OOP_4BP_flop_9s8d6c,flop,OOP,4BP,9s8d6c,wet,top_pair,oesd,TP+,12,0.49,CHECK
OOP_4BP_flop_9s8d6c,flop,OOP,4BP,9s8d6c,wet,overpair,gutshot,TP+,6,0.13,CHECK
OOP_4BP_flop_9s8d6c,flop,OOP,4BP,9s8d6c,wet,overpair,no_draw,TP+,24,32.78,CHECK
OOP_4BP_flop_9s8d6c,flop,OOP,4BP,9s8d6c,wet,king_high,twocards_bdfd,エア,15,2.39,CHECK
OOP_4BP_flop_9s8d6c,flop,OOP,4BP,9s8d6c,wet,king_high,no_draw,エア,65,7.2,CHECK
OOP_4BP_flop_9s8d6c,flop,OOP,4BP,9s8d6c,wet,king_high,gutshot,エア,32,95.85,BET
OOP_4BP_flop_9s8d6c,flop,OOP,4BP,9s8d6c,wet,king_high,oesd,エア,16,79.83,BET
OOP_4BP_flop_9s8d6c,flop,OOP,4BP,9s8d6c,wet,ace_high,twocards_bdfd,エア,18,13.12,CHECK
OOP_4BP_flop_9s8d6c,flop,OOP,4BP,9s8d6c,wet,ace_high,no_draw,エア,78,34.65,CHECK
OOP_4BP_flop_9s8d6c,flop,OOP,4BP,9s8d6c,wet,ace_high,gutshot,エア,32,70.05,BET
OOP_4BP_flop_9s8d6c,flop,OOP,4BP,9s8d6c,wet,ace_high,oesd,エア,16,15.85,CHECK
OOP_4BP_flop_As5d2c,flop,OOP,4BP,As5d2c,wet,set,no_draw,2P+,9,0.01,CHECK
OOP_4BP_flop_As5d2c,flop,OOP,4BP,As5d2c,wet,third_pair,gutshot,アンダーペア,36,92.72,BET
OOP_4BP_flop_As5d2c,flop,OOP,4BP,As5d2c,wet,straight,twocards_bdfd,2P+,3,0.01,CHECK
OOP_4BP_flop_As5d2c,flop,OOP,4BP,As5d2c,wet,straight,no_draw,2P+,13,0.01,CHECK
OOP_4BP_flop_As5d2c,flop,OOP,4BP,As5d2c,wet,two_pair,no_draw,2P+,24,0.02,CHECK
OOP_4BP_flop_As5d2c,flop,OOP,4BP,As5d2c,wet,second_pair,gutshot,アンダーペア,24,99.96,BET
OOP_4BP_flop_As5d2c,flop,OOP,4BP,As5d2c,wet,two_pair,twocards_bdfd,2P+,3,0.02,CHECK
OOP_4BP_flop_As5d2c,flop,OOP,4BP,As5d2c,wet,third_pair,no_draw,アンダーペア,80,99.92,BET
OOP_4BP_flop_As5d2c,flop,OOP,4BP,As5d2c,wet,no_made_hand,gutshot,エア,224,55.81,BET
OOP_4BP_flop_As5d2c,flop,OOP,4BP,As5d2c,wet,second_pair,twocards_bdfd,アンダーペア,16,99.74,BET
OOP_4BP_flop_As5d2c,flop,OOP,4BP,As5d2c,wet,second_pair,no_draw,アンダーペア,80,99.97,BET
OOP_4BP_flop_As5d2c,flop,OOP,4BP,As5d2c,wet,third_pair,twocards_bdfd,アンダーペア,16,98.9,BET
OOP_4BP_flop_As5d2c,flop,OOP,4BP,As5d2c,wet,underpair,no_draw,アンダーペア,48,37.34,CHECK
OOP_4BP_flop_As5d2c,flop,OOP,4BP,As5d2c,wet,no_made_hand,twocards_bdfd,エア,63,15.51,CHECK
OOP_4BP_flop_As5d2c,flop,OOP,4BP,As5d2c,wet,no_made_hand,no_draw,エア,273,0.06,CHECK
OOP_4BP_flop_As5d2c,flop,OOP,4BP,As5d2c,wet,king_high,gutshot,エア,32,24.15,CHECK
OOP_4BP_flop_As5d2c,flop,OOP,4BP,As5d2c,wet,king_high,twocards_bdfd,エア,21,14.42,CHECK
OOP_4BP_flop_As5d2c,flop,OOP,4BP,As5d2c,wet,king_high,no_draw,エア,91,27.24,CHECK
OOP_4BP_flop_As5d2c,flop,OOP,4BP,As5d2c,wet,top_pair,gutshot,TP+,24,0.02,CHECK
OOP_4BP_flop_As5d2c,flop,OOP,4BP,As5d2c,wet,top_pair,twocards_bdfd,TP+,16,0.03,CHECK
OOP_4BP_flop_As5d2c,flop,OOP,4BP,As5d2c,wet,top_pair,no_draw,TP+,80,0.03,CHECK
OOP_4BP_flop_As6d3c,flop,OOP,4BP,As6d3c,wet,low_pair,no_draw,アンダーペア,6,0.25,CHECK
OOP_4BP_flop_As6d3c,flop,OOP,4BP,As6d3c,wet,third_pair,no_draw,アンダーペア,112,81.98,BET
OOP_4BP_flop_As6d3c,flop,OOP,4BP,As6d3c,wet,third_pair,twocards_bdfd,アンダーペア,20,57.29,BET
OOP_4BP_flop_As6d3c,flop,OOP,4BP,As6d3c,wet,set,no_draw,2P+,9,0.02,CHECK
OOP_4BP_flop_As6d3c,flop,OOP,4BP,As6d3c,wet,no_made_hand,gutshot,エア,64,47.03,CHECK
OOP_4BP_flop_As6d3c,flop,OOP,4BP,As6d3c,wet,no_made_hand,oesd,エア,16,6.76,CHECK
OOP_4BP_flop_As6d3c,flop,OOP,4BP,As6d3c,wet,second_pair,twocards_bdfd,アンダーペア,20,59.32,BET
OOP_4BP_flop_As6d3c,flop,OOP,4BP,As6d3c,wet,second_pair,no_draw,アンダーペア,100,91.04,BET
OOP_4BP_flop_As6d3c,flop,OOP,4BP,As6d3c,wet,two_pair,no_draw,2P+,24,0.03,CHECK
OOP_4BP_flop_As6d3c,flop,OOP,4BP,As6d3c,wet,two_pair,twocards_bdfd,2P+,3,0.02,CHECK
OOP_4BP_flop_As6d3c,flop,OOP,4BP,As6d3c,wet,no_made_hand,twocards_bdfd,エア,93,18.62,CHECK
OOP_4BP_flop_As6d3c,flop,OOP,4BP,As6d3c,wet,no_made_hand,no_draw,エア,403,14.96,CHECK
OOP_4BP_flop_As6d3c,flop,OOP,4BP,As6d3c,wet,underpair,no_draw,アンダーペア,42,27.15,CHECK
OOP_4BP_flop_As6d3c,flop,OOP,4BP,As6d3c,wet,king_high,twocards_bdfd,エア,27,2.98,CHECK
OOP_4BP_flop_As6d3c,flop,OOP,4BP,As6d3c,wet,king_high,no_draw,エア,117,19.3,CHECK
OOP_4BP_flop_As6d3c,flop,OOP,4BP,As6d3c,wet,top_pair,twocards_bdfd,TP+,20,0.03,CHECK
OOP_4BP_flop_As6d3c,flop,OOP,4BP,As6d3c,wet,top_pair,no_draw,TP+,100,0.04,CHECK
OOP_4BP_flop_As8d3c,flop,OOP,4BP,As8d3c,dry,low_pair,no_draw,アンダーペア,6,32.32,CHECK
OOP_4BP_flop_As8d3c,flop,OOP,4BP,As8d3c,dry,third_pair,no_draw,アンダーペア,124,52.24,BET
OOP_4BP_flop_As8d3c,flop,OOP,4BP,As8d3c,dry,third_pair,twocards_bdfd,アンダーペア,20,49.94,CHECK
OOP_4BP_flop_As8d3c,flop,OOP,4BP,As8d3c,dry,set,no_draw,2P+,9,44.0,CHECK
OOP_4BP_flop_As8d3c,flop,OOP,4BP,As8d3c,dry,no_made_hand,gutshot,エア,48,83.03,BET
OOP_4BP_flop_As8d3c,flop,OOP,4BP,As8d3c,dry,no_made_hand,twocards_bdfd,エア,99,61.68,BET
OOP_4BP_flop_As8d3c,flop,OOP,4BP,As8d3c,dry,no_made_hand,no_draw,エア,429,38.67,CHECK
OOP_4BP_flop_As8d3c,flop,OOP,4BP,As8d3c,dry,second_pair,twocards_bdfd,アンダーペア,20,59.51,BET
OOP_4BP_flop_As8d3c,flop,OOP,4BP,As8d3c,dry,second_pair,no_draw,アンダーペア,100,63.02,BET
OOP_4BP_flop_As8d3c,flop,OOP,4BP,As8d3c,dry,two_pair,no_draw,2P+,24,68.46,BET
OOP_4BP_flop_As8d3c,flop,OOP,4BP,As8d3c,dry,two_pair,twocards_bdfd,2P+,3,62.23,BET
OOP_4BP_flop_As8d3c,flop,OOP,4BP,As8d3c,dry,underpair,no_draw,アンダーペア,30,46.26,CHECK
OOP_4BP_flop_As8d3c,flop,OOP,4BP,As8d3c,dry,king_high,twocards_bdfd,エア,27,45.56,CHECK
OOP_4BP_flop_As8d3c,flop,OOP,4BP,As8d3c,dry,king_high,no_draw,エア,117,54.31,BET
OOP_4BP_flop_As8d3c,flop,OOP,4BP,As8d3c,dry,top_pair,twocards_bdfd,TP+,20,78.78,BET
OOP_4BP_flop_As8d3c,flop,OOP,4BP,As8d3c,dry,top_pair,no_draw,TP+,100,78.61,BET
OOP_4BP_flop_As9d4c,flop,OOP,4BP,As9d4c,dry,low_pair,no_draw,アンダーペア,12,24.78,CHECK
OOP_4BP_flop_As9d4c,flop,OOP,4BP,As9d4c,dry,no_made_hand,gutshot,エア,48,81.38,BET
OOP_4BP_flop_As9d4c,flop,OOP,4BP,As9d4c,dry,third_pair,no_draw,アンダーペア,124,59.59,BET
OOP_4BP_flop_As9d4c,flop,OOP,4BP,As9d4c,dry,third_pair,twocards_bdfd,アンダーペア,20,51.44,BET
OOP_4BP_flop_As9d4c,flop,OOP,4BP,As9d4c,dry,set,no_draw,2P+,9,42.32,CHECK
OOP_4BP_flop_As9d4c,flop,OOP,4BP,As9d4c,dry,no_made_hand,twocards_bdfd,エア,99,67.92,BET
OOP_4BP_flop_As9d4c,flop,OOP,4BP,As9d4c,dry,no_made_hand,no_draw,エア,429,39.14,CHECK
OOP_4BP_flop_As9d4c,flop,OOP,4BP,As9d4c,dry,second_pair,twocards_bdfd,アンダーペア,20,64.83,BET
OOP_4BP_flop_As9d4c,flop,OOP,4BP,As9d4c,dry,second_pair,no_draw,アンダーペア,100,63.57,BET
OOP_4BP_flop_As9d4c,flop,OOP,4BP,As9d4c,dry,two_pair,no_draw,2P+,24,44.05,CHECK
OOP_4BP_flop_As9d4c,flop,OOP,4BP,As9d4c,dry,two_pair,twocards_bdfd,2P+,3,31.68,CHECK
OOP_4BP_flop_As9d4c,flop,OOP,4BP,As9d4c,dry,underpair,no_draw,アンダーペア,24,57.06,BET
OOP_4BP_flop_As9d4c,flop,OOP,4BP,As9d4c,dry,king_high,twocards_bdfd,エア,27,56.6,BET
OOP_4BP_flop_As9d4c,flop,OOP,4BP,As9d4c,dry,king_high,no_draw,エア,117,58.38,BET
OOP_4BP_flop_As9d4c,flop,OOP,4BP,As9d4c,dry,top_pair,twocards_bdfd,TP+,20,76.43,BET
OOP_4BP_flop_As9d4c,flop,OOP,4BP,As9d4c,dry,top_pair,no_draw,TP+,100,79.62,BET
OOP_4BP_flop_As9d9c,flop,OOP,4BP,As9d9c,paired,third_pair,no_draw,アンダーペア,42,79.04,BET
OOP_4BP_flop_As9d9c,flop,OOP,4BP,As9d9c,paired,no_made_hand,twocards_bdfd,エア,135,45.43,CHECK
OOP_4BP_flop_As9d9c,flop,OOP,4BP,As9d9c,paired,no_made_hand,no_draw,エア,585,50.31,BET
OOP_4BP_flop_As9d9c,flop,OOP,4BP,As9d9c,paired,trips,no_draw,2P+,77,71.88,BET
OOP_4BP_flop_As9d9c,flop,OOP,4BP,As9d9c,paired,trips,twocards_bdfd,2P+,11,70.73,BET
OOP_4BP_flop_As9d9c,flop,OOP,4BP,As9d9c,paired,quads,no_draw,2P+,1,5.92,CHECK
OOP_4BP_flop_As9d9c,flop,OOP,4BP,As9d9c,paired,underpair,no_draw,アンダーペア,24,31.76,CHECK
OOP_4BP_flop_As9d9c,flop,OOP,4BP,As9d9c,paired,king_high,twocards_bdfd,エア,30,78.77,BET
OOP_4BP_flop_As9d9c,flop,OOP,4BP,As9d9c,paired,king_high,no_draw,エア,130,50.23,BET
OOP_4BP_flop_As9d9c,flop,OOP,4BP,As9d9c,paired,top_pair,twocards_bdfd,TP+,22,80.18,BET
OOP_4BP_flop_As9d9c,flop,OOP,4BP,As9d9c,paired,top_pair,no_draw,TP+,110,84.93,BET
OOP_4BP_flop_As9d9c,flop,OOP,4BP,As9d9c,paired,fullhouse,no_draw,2P+,9,30.41,CHECK
OOP_4BP_flop_Js8d3c,flop,OOP,4BP,Js8d3c,dry,low_pair,no_draw,アンダーペア,6,81.74,BET
OOP_4BP_flop_Js8d3c,flop,OOP,4BP,Js8d3c,dry,third_pair,no_draw,アンダーペア,124,57.28,BET
OOP_4BP_flop_Js8d3c,flop,OOP,4BP,Js8d3c,dry,third_pair,twocards_bdfd,アンダーペア,20,57.45,BET
OOP_4BP_flop_Js8d3c,flop,OOP,4BP,Js8d3c,dry,set,no_draw,2P+,9,38.88,CHECK
OOP_4BP_flop_Js8d3c,flop,OOP,4BP,Js8d3c,dry,no_made_hand,twocards_bdfd,エア,69,60.82,BET
OOP_4BP_flop_Js8d3c,flop,OOP,4BP,Js8d3c,dry,no_made_hand,no_draw,エア,299,34.48,CHECK
OOP_4BP_flop_Js8d3c,flop,OOP,4BP,Js8d3c,dry,second_pair,twocards_bdfd,アンダーペア,20,67.38,BET
OOP_4BP_flop_Js8d3c,flop,OOP,4BP,Js8d3c,dry,second_pair,no_draw,アンダーペア,100,66.64,BET
OOP_4BP_flop_Js8d3c,flop,OOP,4BP,Js8d3c,dry,two_pair,no_draw,2P+,24,64.95,BET
OOP_4BP_flop_Js8d3c,flop,OOP,4BP,Js8d3c,dry,two_pair,twocards_bdfd,2P+,3,15.92,CHECK
OOP_4BP_flop_Js8d3c,flop,OOP,4BP,Js8d3c,dry,no_made_hand,gutshot,エア,64,54.22,BET
OOP_4BP_flop_Js8d3c,flop,OOP,4BP,Js8d3c,dry,underpair,no_draw,アンダーペア,12,52.13,BET
OOP_4BP_flop_Js8d3c,flop,OOP,4BP,Js8d3c,dry,no_made_hand,oesd,エア,16,53.07,BET
OOP_4BP_flop_Js8d3c,flop,OOP,4BP,Js8d3c,dry,top_pair,twocards_bdfd,TP+,20,66.98,BET
OOP_4BP_flop_Js8d3c,flop,OOP,4BP,Js8d3c,dry,top_pair,no_draw,TP+,100,76.97,BET
OOP_4BP_flop_Js8d3c,flop,OOP,4BP,Js8d3c,dry,overpair,no_draw,TP+,18,61.96,BET
OOP_4BP_flop_Js8d3c,flop,OOP,4BP,Js8d3c,dry,king_high,twocards_bdfd,エア,24,36.08,CHECK
OOP_4BP_flop_Js8d3c,flop,OOP,4BP,Js8d3c,dry,king_high,no_draw,エア,104,58.01,BET
OOP_4BP_flop_Js8d3c,flop,OOP,4BP,Js8d3c,dry,ace_high,twocards_bdfd,エア,27,58.63,BET
OOP_4BP_flop_Js8d3c,flop,OOP,4BP,Js8d3c,dry,ace_high,no_draw,エア,117,61.5,BET
OOP_4BP_flop_JsTc4s,flop,OOP,4BP,JsTc4s,dry,low_pair,no_draw,アンダーペア,6,63.62,BET
OOP_4BP_flop_JsTc4s,flop,OOP,4BP,JsTc4s,dry,low_pair,onecard_bdfd,アンダーペア,6,24.85,CHECK
OOP_4BP_flop_JsTc4s,flop,OOP,4BP,JsTc4s,dry,no_made_hand,twocards_bdfd,エア,23,70.79,BET
OOP_4BP_flop_JsTc4s,flop,OOP,4BP,JsTc4s,dry,no_made_hand,no_draw,エア,184,22.31,CHECK
OOP_4BP_flop_JsTc4s,flop,OOP,4BP,JsTc4s,dry,no_made_hand,onecard_bdfd,エア,138,66.27,BET
OOP_4BP_flop_JsTc4s,flop,OOP,4BP,JsTc4s,dry,no_made_hand,flush_draw,エア,23,48.76,CHECK
OOP_4BP_flop_JsTc4s,flop,OOP,4BP,JsTc4s,dry,third_pair,twocards_bdfd,アンダーペア,10,55.64,BET
OOP_4BP_flop_JsTc4s,flop,OOP,4BP,JsTc4s,dry,third_pair,no_draw,アンダーペア,95,52.92,BET
OOP_4BP_flop_JsTc4s,flop,OOP,4BP,JsTc4s,dry,third_pair,onecard_bdfd,アンダーペア,45,62.78,BET
OOP_4BP_flop_JsTc4s,flop,OOP,4BP,JsTc4s,dry,set,no_draw,2P+,7,19.51,CHECK
OOP_4BP_flop_JsTc4s,flop,OOP,4BP,JsTc4s,dry,no_made_hand,gutshot,エア,45,37.87,CHECK
OOP_4BP_flop_JsTc4s,flop,OOP,4BP,JsTc4s,dry,no_made_hand,combo_draw,エア,5,78.99,BET
OOP_4BP_flop_JsTc4s,flop,OOP,4BP,JsTc4s,dry,no_made_hand,oesd,エア,30,72.48,BET
OOP_4BP_flop_JsTc4s,flop,OOP,4BP,JsTc4s,dry,second_pair,no_draw,アンダーペア,60,75.68,BET
OOP_4BP_flop_JsTc4s,flop,OOP,4BP,JsTc4s,dry,second_pair,onecard_bdfd,アンダーペア,50,75.99,BET
OOP_4BP_flop_JsTc4s,flop,OOP,4BP,JsTc4s,dry,two_pair,no_draw,2P+,20,72.21,BET
OOP_4BP_flop_JsTc4s,flop,OOP,4BP,JsTc4s,dry,second_pair,flush_draw,アンダーペア,9,45.32,CHECK
OOP_4BP_flop_JsTc4s,flop,OOP,4BP,JsTc4s,dry,two_pair,onecard_bdfd,2P+,6,42.18,CHECK
OOP_4BP_flop_JsTc4s,flop,OOP,4BP,JsTc4s,dry,set,onecard_bdfd,2P+,2,54.34,BET
OOP_4BP_flop_JsTc4s,flop,OOP,4BP,JsTc4s,dry,top_pair,twocards_bdfd,TP+,10,71.0,BET
OOP_4BP_flop_JsTc4s,flop,OOP,4BP,JsTc4s,dry,top_pair,no_draw,TP+,80,75.26,BET
OOP_4BP_flop_JsTc4s,flop,OOP,4BP,JsTc4s,dry,top_pair,onecard_bdfd,TP+,30,75.18,BET
OOP_4BP_flop_JsTc4s,flop,OOP,4BP,JsTc4s,dry,two_pair,twocards_bdfd,2P+,1,77.0,BET
OOP_4BP_flop_JsTc4s,flop,OOP,4BP,JsTc4s,dry,overpair,no_draw,TP+,9,81.82,BET
OOP_4BP_flop_JsTc4s,flop,OOP,4BP,JsTc4s,dry,overpair,onecard_bdfd,TP+,9,68.47,BET
OOP_4BP_flop_JsTc4s,flop,OOP,4BP,JsTc4s,dry,king_high,twocards_bdfd,エア,6,15.29,CHECK
OOP_4BP_flop_JsTc4s,flop,OOP,4BP,JsTc4s,dry,king_high,no_draw,エア,48,65.0,BET
OOP_4BP_flop_JsTc4s,flop,OOP,4BP,JsTc4s,dry,king_high,onecard_bdfd,エア,36,42.07,CHECK
OOP_4BP_flop_JsTc4s,flop,OOP,4BP,JsTc4s,dry,king_high,gutshot,エア,15,78.95,BET
OOP_4BP_flop_JsTc4s,flop,OOP,4BP,JsTc4s,dry,king_high,oesd,エア,15,79.87,BET
OOP_4BP_flop_JsTc4s,flop,OOP,4BP,JsTc4s,dry,king_high,flush_draw,エア,6,28.99,CHECK
OOP_4BP_flop_JsTc4s,flop,OOP,4BP,JsTc4s,dry,king_high,combo_draw,エア,2,7.29,CHECK
OOP_4BP_flop_JsTc4s,flop,OOP,4BP,JsTc4s,dry,ace_high,twocards_bdfd,エア,7,35.18,CHECK
OOP_4BP_flop_JsTc4s,flop,OOP,4BP,JsTc4s,dry,ace_high,no_draw,エア,56,77.05,BET
OOP_4BP_flop_JsTc4s,flop,OOP,4BP,JsTc4s,dry,ace_high,onecard_bdfd,エア,42,58.25,BET
OOP_4BP_flop_JsTc4s,flop,OOP,4BP,JsTc4s,dry,ace_high,gutshot,エア,30,62.25,BET
OOP_4BP_flop_JsTc4s,flop,OOP,4BP,JsTc4s,dry,ace_high,nut_flush_draw,エア,7,55.65,BET
OOP_4BP_flop_JsTc4s,flop,OOP,4BP,JsTc4s,dry,second_pair,nut_flush_draw,アンダーペア,1,2.26,CHECK
OOP_4BP_flop_JsTc4s,flop,OOP,4BP,JsTc4s,dry,ace_high,combo_draw,エア,2,38.02,CHECK
OOP_4BP_flop_Ks7d2c,flop,OOP,4BP,Ks7d2c,dry,set,no_draw,2P+,9,16.45,CHECK
OOP_4BP_flop_Ks7d2c,flop,OOP,4BP,Ks7d2c,dry,third_pair,no_draw,アンダーペア,124,49.95,CHECK
OOP_4BP_flop_Ks7d2c,flop,OOP,4BP,Ks7d2c,dry,third_pair,twocards_bdfd,アンダーペア,20,55.2,BET
OOP_4BP_flop_Ks7d2c,flop,OOP,4BP,Ks7d2c,dry,no_made_hand,twocards_bdfd,エア,108,49.53,CHECK
OOP_4BP_flop_Ks7d2c,flop,OOP,4BP,Ks7d2c,dry,no_made_hand,no_draw,エア,468,43.21,CHECK
OOP_4BP_flop_Ks7d2c,flop,OOP,4BP,Ks7d2c,dry,two_pair,no_draw,2P+,24,75.86,BET
OOP_4BP_flop_Ks7d2c,flop,OOP,4BP,Ks7d2c,dry,second_pair,twocards_bdfd,アンダーペア,20,72.97,BET
OOP_4BP_flop_Ks7d2c,flop,OOP,4BP,Ks7d2c,dry,second_pair,no_draw,アンダーペア,100,67.2,BET
OOP_4BP_flop_Ks7d2c,flop,OOP,4BP,Ks7d2c,dry,two_pair,twocards_bdfd,2P+,3,56.57,BET
OOP_4BP_flop_Ks7d2c,flop,OOP,4BP,Ks7d2c,dry,underpair,no_draw,アンダーペア,30,56.52,BET
OOP_4BP_flop_Ks7d2c,flop,OOP,4BP,Ks7d2c,dry,top_pair,twocards_bdfd,TP+,20,75.57,BET
OOP_4BP_flop_Ks7d2c,flop,OOP,4BP,Ks7d2c,dry,top_pair,no_draw,TP+,100,73.24,BET
OOP_4BP_flop_Ks7d2c,flop,OOP,4BP,Ks7d2c,dry,ace_high,twocards_bdfd,エア,27,48.73,CHECK
OOP_4BP_flop_Ks7d2c,flop,OOP,4BP,Ks7d2c,dry,ace_high,no_draw,エア,117,60.69,BET
OOP_4BP_flop_Ks7d2c,flop,OOP,4BP,Ks7d2c,dry,overpair,no_draw,TP+,6,59.52,BET
OOP_4BP_flop_Ks7d7c,flop,OOP,4BP,Ks7d7c,paired,third_pair,no_draw,アンダーペア,30,57.19,BET
OOP_4BP_flop_Ks7d7c,flop,OOP,4BP,Ks7d7c,paired,no_made_hand,twocards_bdfd,エア,135,49.97,CHECK
OOP_4BP_flop_Ks7d7c,flop,OOP,4BP,Ks7d7c,paired,no_made_hand,no_draw,エア,585,42.2,CHECK
OOP_4BP_flop_Ks7d7c,flop,OOP,4BP,Ks7d7c,paired,trips,no_draw,2P+,77,60.32,BET
OOP_4BP_flop_Ks7d7c,flop,OOP,4BP,Ks7d7c,paired,trips,twocards_bdfd,2P+,11,63.75,BET
OOP_4BP_flop_Ks7d7c,flop,OOP,4BP,Ks7d7c,paired,quads,no_draw,2P+,1,86.87,BET
OOP_4BP_flop_Ks7d7c,flop,OOP,4BP,Ks7d7c,paired,underpair,no_draw,アンダーペア,30,43.2,CHECK
OOP_4BP_flop_Ks7d7c,flop,OOP,4BP,Ks7d7c,paired,top_pair,twocards_bdfd,TP+,22,64.26,BET
OOP_4BP_flop_Ks7d7c,flop,OOP,4BP,Ks7d7c,paired,top_pair,no_draw,TP+,110,68.32,BET
OOP_4BP_flop_Ks7d7c,flop,OOP,4BP,Ks7d7c,paired,fullhouse,no_draw,2P+,9,72.47,BET
OOP_4BP_flop_Ks7d7c,flop,OOP,4BP,Ks7d7c,paired,ace_high,twocards_bdfd,エア,30,61.08,BET
OOP_4BP_flop_Ks7d7c,flop,OOP,4BP,Ks7d7c,paired,ace_high,no_draw,エア,130,53.5,BET
OOP_4BP_flop_Ks7d7c,flop,OOP,4BP,Ks7d7c,paired,overpair,no_draw,TP+,6,7.26,CHECK
OOP_4BP_flop_Ks7s2s,flop,OOP,4BP,Ks7s2s,wet,set,no_draw,2P+,9,32.09,CHECK
OOP_4BP_flop_Ks7s2s,flop,OOP,4BP,Ks7s2s,wet,third_pair,no_draw,アンダーペア,102,43.27,CHECK
OOP_4BP_flop_Ks7s2s,flop,OOP,4BP,Ks7s2s,wet,third_pair,flush_draw,アンダーペア,39,75.9,BET
OOP_4BP_flop_Ks7s2s,flop,OOP,4BP,Ks7s2s,wet,no_made_hand,no_draw,エア,324,45.58,CHECK
OOP_4BP_flop_Ks7s2s,flop,OOP,4BP,Ks7s2s,wet,no_made_hand,flush_draw,エア,216,57.22,BET
OOP_4BP_flop_Ks7s2s,flop,OOP,4BP,Ks7s2s,wet,flush,no_draw,2P+,45,34.99,CHECK
OOP_4BP_flop_Ks7s2s,flop,OOP,4BP,Ks7s2s,wet,two_pair,no_draw,2P+,27,59.57,BET
OOP_4BP_flop_Ks7s2s,flop,OOP,4BP,Ks7s2s,wet,second_pair,no_draw,アンダーペア,90,62.15,BET
OOP_4BP_flop_Ks7s2s,flop,OOP,4BP,Ks7s2s,wet,second_pair,flush_draw,アンダーペア,27,75.56,BET
OOP_4BP_flop_Ks7s2s,flop,OOP,4BP,Ks7s2s,wet,underpair,no_draw,アンダーペア,15,78.69,BET
OOP_4BP_flop_Ks7s2s,flop,OOP,4BP,Ks7s2s,wet,underpair,flush_draw,アンダーペア,15,92.65,BET
OOP_4BP_flop_Ks7s2s,flop,OOP,4BP,Ks7s2s,wet,top_pair,no_draw,TP+,90,92.36,BET
OOP_4BP_flop_Ks7s2s,flop,OOP,4BP,Ks7s2s,wet,top_pair,flush_draw,TP+,27,95.47,BET
OOP_4BP_flop_Ks7s2s,flop,OOP,4BP,Ks7s2s,wet,ace_high,no_draw,エア,81,56.46,BET
OOP_4BP_flop_Ks7s2s,flop,OOP,4BP,Ks7s2s,wet,ace_high,flush_draw,エア,27,79.56,BET
OOP_4BP_flop_Ks7s2s,flop,OOP,4BP,Ks7s2s,wet,overpair,no_draw,TP+,3,11.66,CHECK
OOP_4BP_flop_Ks7s2s,flop,OOP,4BP,Ks7s2s,wet,third_pair,nut_flush_draw,アンダーペア,3,89.2,BET
OOP_4BP_flop_Ks7s2s,flop,OOP,4BP,Ks7s2s,wet,ace_high,nut_flush_draw,エア,27,80.24,BET
OOP_4BP_flop_Ks7s2s,flop,OOP,4BP,Ks7s2s,wet,second_pair,nut_flush_draw,アンダーペア,3,97.99,BET
OOP_4BP_flop_Ks7s2s,flop,OOP,4BP,Ks7s2s,wet,top_pair,nut_flush_draw,TP+,3,33.27,CHECK
OOP_4BP_flop_Ks7s2s,flop,OOP,4BP,Ks7s2s,wet,overpair,nut_flush_draw,TP+,3,37.97,CHECK
OOP_4BP_flop_Ks9d3c,flop,OOP,4BP,Ks9d3c,dry,low_pair,no_draw,アンダーペア,6,16.43,CHECK
OOP_4BP_flop_Ks9d3c,flop,OOP,4BP,Ks9d3c,dry,third_pair,no_draw,アンダーペア,130,55.4,BET
OOP_4BP_flop_Ks9d3c,flop,OOP,4BP,Ks9d3c,dry,third_pair,twocards_bdfd,アンダーペア,20,64.15,BET
OOP_4BP_flop_Ks9d3c,flop,OOP,4BP,Ks9d3c,dry,set,no_draw,2P+,9,72.94,BET
OOP_4BP_flop_Ks9d3c,flop,OOP,4BP,Ks9d3c,dry,no_made_hand,twocards_bdfd,エア,99,64.52,BET
OOP_4BP_flop_Ks9d3c,flop,OOP,4BP,Ks9d3c,dry,no_made_hand,no_draw,エア,429,35.87,CHECK
OOP_4BP_flop_Ks9d3c,flop,OOP,4BP,Ks9d3c,dry,second_pair,twocards_bdfd,アンダーペア,20,54.53,BET
OOP_4BP_flop_Ks9d3c,flop,OOP,4BP,Ks9d3c,dry,second_pair,no_draw,アンダーペア,100,66.75,BET
OOP_4BP_flop_Ks9d3c,flop,OOP,4BP,Ks9d3c,dry,two_pair,no_draw,2P+,24,60.42,BET
OOP_4BP_flop_Ks9d3c,flop,OOP,4BP,Ks9d3c,dry,two_pair,twocards_bdfd,2P+,3,49.95,CHECK
OOP_4BP_flop_Ks9d3c,flop,OOP,4BP,Ks9d3c,dry,underpair,no_draw,アンダーペア,18,49.34,CHECK
OOP_4BP_flop_Ks9d3c,flop,OOP,4BP,Ks9d3c,dry,no_made_hand,gutshot,エア,48,57.04,BET
OOP_4BP_flop_Ks9d3c,flop,OOP,4BP,Ks9d3c,dry,top_pair,twocards_bdfd,TP+,20,66.96,BET
OOP_4BP_flop_Ks9d3c,flop,OOP,4BP,Ks9d3c,dry,top_pair,no_draw,TP+,100,67.45,BET
OOP_4BP_flop_Ks9d3c,flop,OOP,4BP,Ks9d3c,dry,ace_high,twocards_bdfd,エア,27,53.05,BET
OOP_4BP_flop_Ks9d3c,flop,OOP,4BP,Ks9d3c,dry,ace_high,no_draw,エア,117,54.36,BET
OOP_4BP_flop_Ks9d3c,flop,OOP,4BP,Ks9d3c,dry,overpair,no_draw,TP+,6,39.69,CHECK
OOP_4BP_flop_Ts7d2c,flop,OOP,4BP,Ts7d2c,dry,set,no_draw,2P+,9,0.02,CHECK
OOP_4BP_flop_Ts7d2c,flop,OOP,4BP,Ts7d2c,dry,third_pair,no_draw,アンダーペア,124,79.39,BET
OOP_4BP_flop_Ts7d2c,flop,OOP,4BP,Ts7d2c,dry,third_pair,twocards_bdfd,アンダーペア,20,71.34,BET
OOP_4BP_flop_Ts7d2c,flop,OOP,4BP,Ts7d2c,dry,no_made_hand,twocards_bdfd,エア,69,11.94,CHECK
OOP_4BP_flop_Ts7d2c,flop,OOP,4BP,Ts7d2c,dry,no_made_hand,no_draw,エア,299,9.35,CHECK
OOP_4BP_flop_Ts7d2c,flop,OOP,4BP,Ts7d2c,dry,two_pair,no_draw,2P+,24,0.02,CHECK
OOP_4BP_flop_Ts7d2c,flop,OOP,4BP,Ts7d2c,dry,second_pair,twocards_bdfd,アンダーペア,20,20.74,CHECK
OOP_4BP_flop_Ts7d2c,flop,OOP,4BP,Ts7d2c,dry,second_pair,no_draw,アンダーペア,100,70.74,BET
OOP_4BP_flop_Ts7d2c,flop,OOP,4BP,Ts7d2c,dry,two_pair,twocards_bdfd,2P+,3,0.02,CHECK
OOP_4BP_flop_Ts7d2c,flop,OOP,4BP,Ts7d2c,dry,no_made_hand,gutshot,エア,64,60.01,BET
OOP_4BP_flop_Ts7d2c,flop,OOP,4BP,Ts7d2c,dry,underpair,no_draw,アンダーペア,12,25.88,CHECK
OOP_4BP_flop_Ts7d2c,flop,OOP,4BP,Ts7d2c,dry,no_made_hand,oesd,エア,16,33.9,CHECK
OOP_4BP_flop_Ts7d2c,flop,OOP,4BP,Ts7d2c,dry,top_pair,twocards_bdfd,TP+,20,0.37,CHECK
OOP_4BP_flop_Ts7d2c,flop,OOP,4BP,Ts7d2c,dry,top_pair,no_draw,TP+,100,5.43,CHECK
OOP_4BP_flop_Ts7d2c,flop,OOP,4BP,Ts7d2c,dry,overpair,no_draw,TP+,24,0.04,CHECK
OOP_4BP_flop_Ts7d2c,flop,OOP,4BP,Ts7d2c,dry,king_high,twocards_bdfd,エア,24,0.36,CHECK
OOP_4BP_flop_Ts7d2c,flop,OOP,4BP,Ts7d2c,dry,king_high,no_draw,エア,104,6.9,CHECK
OOP_4BP_flop_Ts7d2c,flop,OOP,4BP,Ts7d2c,dry,ace_high,twocards_bdfd,エア,27,0.21,CHECK
OOP_4BP_flop_Ts7d2c,flop,OOP,4BP,Ts7d2c,dry,ace_high,no_draw,エア,117,6.16,CHECK
OOP_4BP_flop_Ts9d7c,flop,OOP,4BP,Ts9d7c,wet,low_pair,no_draw,アンダーペア,24,0.02,CHECK
OOP_4BP_flop_Ts9d7c,flop,OOP,4BP,Ts9d7c,wet,no_made_hand,twocards_bdfd,エア,30,0.01,CHECK
OOP_4BP_flop_Ts9d7c,flop,OOP,4BP,Ts9d7c,wet,no_made_hand,no_draw,エア,130,0.0,CHECK
OOP_4BP_flop_Ts9d7c,flop,OOP,4BP,Ts9d7c,wet,no_made_hand,gutshot,エア,160,21.72,CHECK
OOP_4BP_flop_Ts9d7c,flop,OOP,4BP,Ts9d7c,wet,low_pair,gutshot,アンダーペア,6,0.03,CHECK
OOP_4BP_flop_Ts9d7c,flop,OOP,4BP,Ts9d7c,wet,third_pair,no_draw,アンダーペア,70,19.65,CHECK
OOP_4BP_flop_Ts9d7c,flop,OOP,4BP,Ts9d7c,wet,third_pair,twocards_bdfd,アンダーペア,14,1.23,CHECK
OOP_4BP_flop_Ts9d7c,flop,OOP,4BP,Ts9d7c,wet,third_pair,gutshot,アンダーペア,24,21.01,CHECK
OOP_4BP_flop_Ts9d7c,flop,OOP,4BP,Ts9d7c,wet,set,no_draw,2P+,9,0.02,CHECK
OOP_4BP_flop_Ts9d7c,flop,OOP,4BP,Ts9d7c,wet,no_made_hand,oesd,エア,96,48.74,CHECK
OOP_4BP_flop_Ts9d7c,flop,OOP,4BP,Ts9d7c,wet,straight,twocards_bdfd,2P+,6,0.02,CHECK
OOP_4BP_flop_Ts9d7c,flop,OOP,4BP,Ts9d7c,wet,straight,no_draw,2P+,26,0.02,CHECK
OOP_4BP_flop_Ts9d7c,flop,OOP,4BP,Ts9d7c,wet,third_pair,oesd,アンダーペア,18,0.03,CHECK
OOP_4BP_flop_Ts9d7c,flop,OOP,4BP,Ts9d7c,wet,second_pair,twocards_bdfd,アンダーペア,14,76.46,BET
OOP_4BP_flop_Ts9d7c,flop,OOP,4BP,Ts9d7c,wet,second_pair,no_draw,アンダーペア,70,93.86,BET
OOP_4BP_flop_Ts9d7c,flop,OOP,4BP,Ts9d7c,wet,second_pair,gutshot,アンダーペア,24,50.53,BET
OOP_4BP_flop_Ts9d7c,flop,OOP,4BP,Ts9d7c,wet,two_pair,no_draw,2P+,24,0.54,CHECK
OOP_4BP_flop_Ts9d7c,flop,OOP,4BP,Ts9d7c,wet,second_pair,oesd,アンダーペア,12,0.09,CHECK
OOP_4BP_flop_Ts9d7c,flop,OOP,4BP,Ts9d7c,wet,two_pair,twocards_bdfd,2P+,3,0.04,CHECK
OOP_4BP_flop_Ts9d7c,flop,OOP,4BP,Ts9d7c,wet,top_pair,twocards_bdfd,TP+,14,74.52,BET
OOP_4BP_flop_Ts9d7c,flop,OOP,4BP,Ts9d7c,wet,top_pair,no_draw,TP+,70,95.59,BET
OOP_4BP_flop_Ts9d7c,flop,OOP,4BP,Ts9d7c,wet,top_pair,gutshot,TP+,24,50.8,BET
OOP_4BP_flop_Ts9d7c,flop,OOP,4BP,Ts9d7c,wet,top_pair,oesd,TP+,12,0.12,CHECK
OOP_4BP_flop_Ts9d7c,flop,OOP,4BP,Ts9d7c,wet,overpair,gutshot,TP+,6,0.35,CHECK
OOP_4BP_flop_Ts9d7c,flop,OOP,4BP,Ts9d7c,wet,overpair,no_draw,TP+,18,27.98,CHECK
OOP_4BP_flop_Ts9d7c,flop,OOP,4BP,Ts9d7c,wet,king_high,twocards_bdfd,エア,12,0.01,CHECK
OOP_4BP_flop_Ts9d7c,flop,OOP,4BP,Ts9d7c,wet,king_high,no_draw,エア,52,0.01,CHECK
OOP_4BP_flop_Ts9d7c,flop,OOP,4BP,Ts9d7c,wet,king_high,gutshot,エア,32,62.6,BET
OOP_4BP_flop_Ts9d7c,flop,OOP,4BP,Ts9d7c,wet,king_high,oesd,エア,32,40.83,CHECK
OOP_4BP_flop_Ts9d7c,flop,OOP,4BP,Ts9d7c,wet,ace_high,twocards_bdfd,エア,18,16.68,CHECK
OOP_4BP_flop_Ts9d7c,flop,OOP,4BP,Ts9d7c,wet,ace_high,no_draw,エア,78,25.52,CHECK
OOP_4BP_flop_Ts9d7c,flop,OOP,4BP,Ts9d7c,wet,ace_high,gutshot,エア,32,62.85,BET
OOP_4BP_flop_Ts9d7c,flop,OOP,4BP,Ts9d7c,wet,ace_high,oesd,エア,16,43.84,CHECK
