spot_id,topic,source_path,board_correct,pot_start,pot_end,pot_now,pot_odds,bet_size_chips,bet_size_pot_ratio,hero_stack_bb
preflop_study_SB_RFI_25,findings,vol3-mtt-postflop/findings/preflop_study_SB_RFI_25.json,,,,,,,,
preflop_study_CO_RFI_20,findings,vol3-mtt-postflop/findings/preflop_study_CO_RFI_20.json,,,,,,,,
preflop_study_LJ_RFI_30,findings,vol3-mtt-postflop/findings/preflop_study_LJ_RFI_30.json,,,,,,,,
mtt_preflop_gto_SBR20_multiway,findings,vol3-mtt-postflop/findings/mtt_preflop_gto_SBR20_multiway.json,,,,,,,,
preflop_study_SB_RFI_15,findings,vol3-mtt-postflop/findings/preflop_study_SB_RFI_15.json,,,,,,,,
mtt_preflop_gto_SBR40_vs_3bet,findings,vol3-mtt-postflop/findings/mtt_preflop_gto_SBR40_vs_3bet.json,,,,,,,,
preflop_study_BTN_RFI_30,findings,vol3-mtt-postflop/findings/preflop_study_BTN_RFI_30.json,,,,,,,,
mtt_preflop_gto_SBR20_rfi,findings,vol3-mtt-postflop/findings/mtt_preflop_gto_SBR20_rfi.json,,,,,,,,
mtt_sb_bb_SBR25,findings,vol3-mtt-postflop/findings/mtt_sb_bb_SBR25.json,,,,,,,,
mtt_preflop_gto_SBR25_vs_open,findings,vol3-mtt-postflop/findings/mtt_preflop_gto_SBR25_vs_open.json,,,,,,,,
mtt_preflop_gto_SBR40_vs_open,findings,vol3-mtt-postflop/findings/mtt_preflop_gto_SBR40_vs_open.json,,,,,,,,
mtt_preflop_probe_SBR25,findings,vol3-mtt-postflop/findings/mtt_preflop_probe_SBR25.json,,2.5,2.5,2.5,0.286,1.0,0.4,25.125
mtt_check_raise_SBR20,findings,vol3-mtt-postflop/findings/mtt_check_raise_SBR20.json,,,,,,,,
preflop_study_HJ_RFI_30,findings,vol3-mtt-postflop/findings/preflop_study_HJ_RFI_30.json,,,,,,,,
mtt_preflop_gto_SBR40_vs_5bet,findings,vol3-mtt-postflop/findings/mtt_preflop_gto_SBR40_vs_5bet.json,,,,,,,,
mtt_preflop_gto_SBR40_multiway,findings,vol3-mtt-postflop/findings/mtt_preflop_gto_SBR40_multiway.json,,,,,,,,
preflop_study_SB_def_BTN_25,findings,vol3-mtt-postflop/findings/preflop_study_SB_def_BTN_25.json,,,,,,,,
preflop_study_CO_RFI_15,findings,vol3-mtt-postflop/findings/preflop_study_CO_RFI_15.json,,,,,,,,
mtt_turn_barrel_SBR25,findings,vol3-mtt-postflop/findings/mtt_turn_barrel_SBR25.json,,,,,,,,
preflop_study_BTN_RFI_20,findings,vol3-mtt-postflop/findings/preflop_study_BTN_RFI_20.json,,,,,,,,
preflop_study_SB_RFI_30,findings,vol3-mtt-postflop/findings/preflop_study_SB_RFI_30.json,,,,,,,,
preflop_study_BB_def_BTN_20,findings,vol3-mtt-postflop/findings/preflop_study_BB_def_BTN_20.json,,,,,,,,
diagnose_Ks7d2c_25,findings,vol3-mtt-postflop/findings/diagnose_Ks7d2c_25.json,Ks7d2c,5.7,5.7,5.7,,0.0,,25.125
preflop_study_SB_RFI_200,findings,vol3-mtt-postflop/findings/preflop_study_SB_RFI_200.json,,,,,,,,
mtt_preflop_gto_SBR40_all,findings,vol3-mtt-postflop/findings/mtt_preflop_gto_SBR40_all.json,,,,,,,,
mtt_turn_barrel_SBR20,findings,vol3-mtt-postflop/findings/mtt_turn_barrel_SBR20.json,,,,,,,,
mtt_preflop_gto_SBR25_vs_3bet,findings,vol3-mtt-postflop/findings/mtt_preflop_gto_SBR25_vs_3bet.json,,,,,,,,
preflop_study_HJ_RFI_15,findings,vol3-mtt-postflop/findings/preflop_study_HJ_RFI_15.json,,,,,,,,
mtt_flop_cbet_SBR25_BTN_BB,findings,vol3-mtt-postflop/findings/mtt_flop_cbet_SBR25_BTN_BB.json,,,,,,,,
mtt_preflop_gto_SBR25_vs_5bet,findings,vol3-mtt-postflop/findings/mtt_preflop_gto_SBR25_vs_5bet.json,,,,,,,,
preflop_study_CO_RFI_200,findings,vol3-mtt-postflop/findings/preflop_study_CO_RFI_200.json,,,,,,,,
preflop_study_BB_def_BTN_200,findings,vol3-mtt-postflop/findings/preflop_study_BB_def_BTN_200.json,,,,,,,,
preflop_hand_map,findings,vol3-mtt-postflop/findings/preflop_hand_map.json,,,,,,,,
preflop_study_SB_RFI_20,findings,vol3-mtt-postflop/findings/preflop_study_SB_RFI_20.json,,,,,,,,
preflop_study_BTN_RFI_15,findings,vol3-mtt-postflop/findings/preflop_study_BTN_RFI_15.json,,,,,,,,
mtt_preflop_gto_SBR25_vs_4bet,findings,vol3-mtt-postflop/findings/mtt_preflop_gto_SBR25_vs_4bet.json,,,,,,,,
mtt_preflop_gto_SBR20_vs_open,findings,vol3-mtt-postflop/findings/mtt_preflop_gto_SBR20_vs_open.json,,,,,,,,
preflop_study_SB_def_BTN_200,findings,vol3-mtt-postflop/findings/preflop_study_SB_def_BTN_200.json,,,,,,,,
preflop_study_HJ_RFI_200,findings,vol3-mtt-postflop/findings/preflop_study_HJ_RFI_200.json,,,,,,,,
mtt_preflop_gto_SBR15_rfi,findings,vol3-mtt-postflop/findings/mtt_preflop_gto_SBR15_rfi.json,,,,,,,,
mtt_preflop_gto_SBR20_vs_3bet,findings,vol3-mtt-postflop/findings/mtt_preflop_gto_SBR20_vs_3bet.json,,,,,,,,
preflop_study_CO_RFI_30,findings,vol3-mtt-postflop/findings/preflop_study_CO_RFI_30.json,,,,,,,,
preflop_study_BTN_RFI_200,findings,vol3-mtt-postflop/findings/preflop_study_BTN_RFI_200.json,,,,,,,,
preflop_study_BTN_RFI_25,findings,vol3-mtt-postflop/findings/preflop_study_BTN_RFI_25.json,,,,,,,,
preflop_study_BB_def_BTN_30,findings,vol3-mtt-postflop/findings/preflop_study_BB_def_BTN_30.json,,,,,,,,
mtt_preflop_gto_SBR20_vs_4bet,findings,vol3-mtt-postflop/findings/mtt_preflop_gto_SBR20_vs_4bet.json,,,,,,,,
preflop_study_BB_def_BTN_15,findings,vol3-mtt-postflop/findings/preflop_study_BB_def_BTN_15.json,,,,,,,,
preflop_study_BB_def_BTN_25,findings,vol3-mtt-postflop/findings/preflop_study_BB_def_BTN_25.json,,,,,,,,
mtt_preflop_gto_SBR25_multiway,findings,vol3-mtt-postflop/findings/mtt_preflop_gto_SBR25_multiway.json,,,,,,,,
preflop_study_LJ_RFI_15,findings,vol3-mtt-postflop/findings/preflop_study_LJ_RFI_15.json,,,,,,,,
mtt_preflop_gto_SBR25_rfi,findings,vol3-mtt-postflop/findings/mtt_preflop_gto_SBR25_rfi.json,,,,,,,,
mtt_check_raise_SBR25,findings,vol3-mtt-postflop/findings/mtt_check_raise_SBR25.json,,,,,,,,
preflop_study_HJ_RFI_20,findings,vol3-mtt-postflop/findings/preflop_study_HJ_RFI_20.json,,,,,,,,
preflop_study_BB_def_HJ_200,findings,vol3-mtt-postflop/findings/preflop_study_BB_def_HJ_200.json,,,,,,,,
mtt_preflop_probe_SBR40,findings,vol3-mtt-postflop/findings/mtt_preflop_probe_SBR40.json,,2.5,2.5,2.5,0.286,0.0,,40.125
preflop_study_CO_RFI_25,findings,vol3-mtt-postflop/findings/preflop_study_CO_RFI_25.json,,,,,,,,
preflop_study_LJ_RFI_25,findings,vol3-mtt-postflop/findings/preflop_study_LJ_RFI_25.json,,,,,,,,
mtt_preflop_gto_SBR40_vs_4bet,findings,vol3-mtt-postflop/findings/mtt_preflop_gto_SBR40_vs_4bet.json,,,,,,,,
mtt_sb_bb_SBR20,findings,vol3-mtt-postflop/findings/mtt_sb_bb_SBR20.json,,,,,,,,
preflop_study_LJ_RFI_20,findings,vol3-mtt-postflop/findings/preflop_study_LJ_RFI_20.json,,,,,,,,
preflop_study_HJ_RFI_25,findings,vol3-mtt-postflop/findings/preflop_study_HJ_RFI_25.json,,,,,,,,
mtt_preflop_probe_SBR20,findings,vol3-mtt-postflop/findings/mtt_preflop_probe_SBR20.json,,2.5,2.5,2.5,0.286,1.0,0.4,20.125
preflop_study_SB_def_BTN_20,findings,vol3-mtt-postflop/findings/preflop_study_SB_def_BTN_20.json,,,,,,,,
mtt_preflop_gto_SBR20_vs_5bet,findings,vol3-mtt-postflop/findings/mtt_preflop_gto_SBR20_vs_5bet.json,,,,,,,,
mtt_flop_cbet_SBR20_BTN_BB,findings,vol3-mtt-postflop/findings/mtt_flop_cbet_SBR20_BTN_BB.json,,,,,,,,
preflop_study_LJ_RFI_200,findings,vol3-mtt-postflop/findings/preflop_study_LJ_RFI_200.json,,,,,,,,
K72_fd,def_mtt25_bb_raw,vol3-mtt-postflop/findings/def_mtt25_bb_raw/K72_fd.json,Kd7c2d,5.45,6.55,6.55,0.158,1.1,0.2018348623853211,25.125
765_rain,def_mtt25_bb_raw,vol3-mtt-postflop/findings/def_mtt25_bb_raw/765_rain.json,7h6d5s,5.45,8.45,8.45,0.27,3.0,0.5504587155963303,25.125
742_rain,def_mtt25_bb_raw,vol3-mtt-postflop/findings/def_mtt25_bb_raw/742_rain.json,7h4d2s,5.45,8.45,8.45,0.27,3.0,0.5504587155963303,25.125
Q83_rain,def_mtt25_bb_raw,vol3-mtt-postflop/findings/def_mtt25_bb_raw/Q83_rain.json,Qh8d3s,5.45,6.55,6.55,0.158,1.1,0.2018348623853211,25.125
T98_fd,def_mtt25_bb_raw,vol3-mtt-postflop/findings/def_mtt25_bb_raw/T98_fd.json,Td9s8d,5.45,8.45,8.45,0.27,3.0,0.5504587155963303,25.125
A94_fd,def_mtt25_bb_raw,vol3-mtt-postflop/findings/def_mtt25_bb_raw/A94_fd.json,Ad9c4d,5.45,6.55,6.55,0.158,1.1,0.2018348623853211,25.125
KJT_rain,def_mtt25_bb_raw,vol3-mtt-postflop/findings/def_mtt25_bb_raw/KJT_rain.json,KhJdTs,5.45,6.55,6.55,0.158,1.1,0.2018348623853211,25.125
K72_rain,def_mtt25_bb_raw,vol3-mtt-postflop/findings/def_mtt25_bb_raw/K72_rain.json,Ks7d2c,5.45,6.55,6.55,0.158,1.1,0.2018348623853211,25.125
T74_rain,def_mtt25_bb_raw,vol3-mtt-postflop/findings/def_mtt25_bb_raw/T74_rain.json,Th7d4s,5.45,8.45,8.45,0.27,3.0,0.5504587155963303,25.125
K98_fd,def_mtt25_bb_raw,vol3-mtt-postflop/findings/def_mtt25_bb_raw/K98_fd.json,Kd9c8d,5.45,6.55,6.55,0.158,1.1,0.2018348623853211,25.125
765_fd,def_mtt25_bb_raw,vol3-mtt-postflop/findings/def_mtt25_bb_raw/765_fd.json,7d6c5d,5.45,8.45,8.45,0.27,3.0,0.5504587155963303,25.125
T74_fd,def_mtt25_bb_raw,vol3-mtt-postflop/findings/def_mtt25_bb_raw/T74_fd.json,Td7c4d,5.45,8.45,8.45,0.27,3.0,0.5504587155963303,25.125
J73_rain,def_mtt25_bb_raw,vol3-mtt-postflop/findings/def_mtt25_bb_raw/J73_rain.json,Jh7d3s,5.45,8.45,8.45,0.27,3.0,0.5504587155963303,25.125
Q83_fd,def_mtt25_bb_raw,vol3-mtt-postflop/findings/def_mtt25_bb_raw/Q83_fd.json,Qd8c3d,5.45,6.55,6.55,0.158,1.1,0.2018348623853211,25.125
KK8_rain,def_mtt25_bb_raw,vol3-mtt-postflop/findings/def_mtt25_bb_raw/KK8_rain.json,KhKd8c,5.45,6.55,6.55,0.158,1.1,0.2018348623853211,25.125
AA7_rain,def_mtt25_bb_raw,vol3-mtt-postflop/findings/def_mtt25_bb_raw/AA7_rain.json,AhAd7c,5.45,6.55,6.55,0.158,1.1,0.2018348623853211,25.125
J73_fd,def_mtt25_bb_raw,vol3-mtt-postflop/findings/def_mtt25_bb_raw/J73_fd.json,Jd7c3d,5.45,8.45,8.45,0.27,3.0,0.5504587155963303,25.125
742_fd,def_mtt25_bb_raw,vol3-mtt-postflop/findings/def_mtt25_bb_raw/742_fd.json,7d4c2d,5.45,8.45,8.45,0.27,3.0,0.5504587155963303,25.125
KJT_fd,def_mtt25_bb_raw,vol3-mtt-postflop/findings/def_mtt25_bb_raw/KJT_fd.json,KdJcTd,5.45,6.55,6.55,0.158,1.1,0.2018348623853211,25.125
T98_rain,def_mtt25_bb_raw,vol3-mtt-postflop/findings/def_mtt25_bb_raw/T98_rain.json,Th9s8d,5.45,8.45,8.45,0.27,3.0,0.5504587155963303,25.125
A94_rain,def_mtt25_bb_raw,vol3-mtt-postflop/findings/def_mtt25_bb_raw/A94_rain.json,Ah9d4s,5.45,6.55,6.55,0.158,1.1,0.2018348623853211,25.125
A72_fd,def_mtt25_bb_raw,vol3-mtt-postflop/findings/def_mtt25_bb_raw/A72_fd.json,Ad7c2d,5.45,6.55,6.55,0.158,1.1,0.2018348623853211,25.125
A72_rain,def_mtt25_bb_raw,vol3-mtt-postflop/findings/def_mtt25_bb_raw/A72_rain.json,Ah7d2s,5.45,6.55,6.55,0.158,1.1,0.2018348623853211,25.125
K98_rain,def_mtt25_bb_raw,vol3-mtt-postflop/findings/def_mtt25_bb_raw/K98_rain.json,Kd9s8c,5.45,6.55,6.55,0.158,1.1,0.2018348623853211,25.125
K72r_7,turn_mtt100_btn_raw,vol3-mtt-postflop/findings/turn_mtt100_btn_raw/K72r_7.json,Ks7d2c7h,10.45,10.45,10.45,,0.0,,100.125
Q83_8,turn_mtt100_btn_raw,vol3-mtt-postflop/findings/turn_mtt100_btn_raw/Q83_8.json,Qh8d3s8c,10.45,10.45,10.45,,0.0,,100.125
K98r_7,turn_mtt100_btn_raw,vol3-mtt-postflop/findings/turn_mtt100_btn_raw/K98r_7.json,Kd9s8c7c,19.85,19.85,19.85,,0.0,,100.125
K98r_2,turn_mtt100_btn_raw,vol3-mtt-postflop/findings/turn_mtt100_btn_raw/K98r_2.json,Kd9s8c2h,19.85,19.85,19.85,,0.0,,100.125
Q83_2,turn_mtt100_btn_raw,vol3-mtt-postflop/findings/turn_mtt100_btn_raw/Q83_2.json,Qh8d3s2c,10.45,10.45,10.45,,0.0,,100.125
K98r_T,turn_mtt100_btn_raw,vol3-mtt-postflop/findings/turn_mtt100_btn_raw/K98r_T.json,Kd9s8cTc,19.85,19.85,19.85,,0.0,,100.125
KJT_Q,turn_mtt100_btn_raw,vol3-mtt-postflop/findings/turn_mtt100_btn_raw/KJT_Q.json,KhJdTsQc,19.85,19.85,19.85,,0.0,,100.125
KJT_9,turn_mtt100_btn_raw,vol3-mtt-postflop/findings/turn_mtt100_btn_raw/KJT_9.json,KhJdTs9c,19.85,19.85,19.85,,0.0,,100.125
T98r_2,turn_mtt100_btn_raw,vol3-mtt-postflop/findings/turn_mtt100_btn_raw/T98r_2.json,Th9s8d2c,19.85,19.85,19.85,,0.0,,100.125
T98r_7,turn_mtt100_btn_raw,vol3-mtt-postflop/findings/turn_mtt100_btn_raw/T98r_7.json,Th9s8d7c,19.85,19.85,19.85,,0.0,,100.125
Q83_A,turn_mtt100_btn_raw,vol3-mtt-postflop/findings/turn_mtt100_btn_raw/Q83_A.json,Qh8d3sAc,10.45,10.45,10.45,,0.0,,100.125
T98r_T,turn_mtt100_btn_raw,vol3-mtt-postflop/findings/turn_mtt100_btn_raw/T98r_T.json,Th9s8dTc,19.85,19.85,19.85,,0.0,,100.125
K72r_K,turn_mtt100_btn_raw,vol3-mtt-postflop/findings/turn_mtt100_btn_raw/K72r_K.json,Ks7d2cKd,10.45,10.45,10.45,,0.0,,100.125
T98r_J,turn_mtt100_btn_raw,vol3-mtt-postflop/findings/turn_mtt100_btn_raw/T98r_J.json,Th9s8dJc,19.85,19.85,19.85,,0.0,,100.125
K72r_2,turn_mtt100_btn_raw,vol3-mtt-postflop/findings/turn_mtt100_btn_raw/K72r_2.json,Ks7d2c2h,10.45,10.45,10.45,,0.0,,100.125
KJT_K,turn_mtt100_btn_raw,vol3-mtt-postflop/findings/turn_mtt100_btn_raw/KJT_K.json,KhJdTsKc,19.85,19.85,19.85,,0.0,,100.125
Q83_K,turn_mtt100_btn_raw,vol3-mtt-postflop/findings/turn_mtt100_btn_raw/Q83_K.json,Qh8d3sKc,10.45,10.45,10.45,,0.0,,100.125
K98r_K,turn_mtt100_btn_raw,vol3-mtt-postflop/findings/turn_mtt100_btn_raw/K98r_K.json,Kd9s8cKh,19.85,19.85,19.85,,0.0,,100.125
K72r_A,turn_mtt100_btn_raw,vol3-mtt-postflop/findings/turn_mtt100_btn_raw/K72r_A.json,Ks7d2cAh,10.45,10.45,10.45,,0.0,,100.125
T98r_A,turn_mtt100_btn_raw,vol3-mtt-postflop/findings/turn_mtt100_btn_raw/T98r_A.json,Th9s8dAc,19.85,19.85,19.85,,0.0,,100.125
K98r_A,turn_mtt100_btn_raw,vol3-mtt-postflop/findings/turn_mtt100_btn_raw/K98r_A.json,Kd9s8cAh,19.85,19.85,19.85,,0.0,,100.125
Q83_Q,turn_mtt100_btn_raw,vol3-mtt-postflop/findings/turn_mtt100_btn_raw/Q83_Q.json,Qh8d3sQc,10.45,10.45,10.45,,0.0,,100.125
K72r_8,turn_mtt100_btn_raw,vol3-mtt-postflop/findings/turn_mtt100_btn_raw/K72r_8.json,Ks7d2c8h,10.45,10.45,10.45,,0.0,,100.125
CO_BB_K98_fd,mtt100bb_raw,vol3-mtt-postflop/findings/mtt100bb_raw/CO_BB_K98_fd.json,Kd9c8d,5.65,5.65,5.65,,0.0,,100.125
BTN_BB_KJT_fd,mtt100bb_raw,vol3-mtt-postflop/findings/mtt100bb_raw/BTN_BB_KJT_fd.json,KdJcTd,6.25,6.25,6.25,,0.0,,100.125
HJ_BB_K98_rain,mtt100bb_raw,vol3-mtt-postflop/findings/mtt100bb_raw/HJ_BB_K98_rain.json,Kd9s8c,5.45,5.45,5.45,,0.0,,100.125
CO_BB_765_fd,mtt100bb_raw,vol3-mtt-postflop/findings/mtt100bb_raw/CO_BB_765_fd.json,7d6c5d,5.65,5.65,5.65,,0.0,,100.125
HJ_BB_T74_fd,mtt100bb_raw,vol3-mtt-postflop/findings/mtt100bb_raw/HJ_BB_T74_fd.json,Td7c4d,5.45,5.45,5.45,,0.0,,100.125
UTG_BB_K72_fd,mtt100bb_raw,vol3-mtt-postflop/findings/mtt100bb_raw/UTG_BB_K72_fd.json,Kd7c2d,5.45,5.45,5.45,,0.0,,100.125
UTG_BB_J73_rain,mtt100bb_raw,vol3-mtt-postflop/findings/mtt100bb_raw/UTG_BB_J73_rain.json,Jh7d3s,5.45,5.45,5.45,,0.0,,100.125
CO_BB_K72_rain,mtt100bb_raw,vol3-mtt-postflop/findings/mtt100bb_raw/CO_BB_K72_rain.json,Ks7d2c,5.65,5.65,5.65,,0.0,,100.125
SB_BB_742_rain,mtt100bb_raw,vol3-mtt-postflop/findings/mtt100bb_raw/SB_BB_742_rain.json,7h4d2s,7.75,7.75,7.75,,0.0,,100.125
CO_BB_742_rain,mtt100bb_raw,vol3-mtt-postflop/findings/mtt100bb_raw/CO_BB_742_rain.json,7h4d2s,5.65,5.65,5.65,,0.0,,100.125
BTN_BB_742_rain,mtt100bb_raw,vol3-mtt-postflop/findings/mtt100bb_raw/BTN_BB_742_rain.json,7h4d2s,6.25,6.25,6.25,,0.0,,100.125
HJ_BB_A72_fd,mtt100bb_raw,vol3-mtt-postflop/findings/mtt100bb_raw/HJ_BB_A72_fd.json,Ad7c2d,5.45,5.45,5.45,,0.0,,100.125
SB_BB_Q83_rain,mtt100bb_raw,vol3-mtt-postflop/findings/mtt100bb_raw/SB_BB_Q83_rain.json,Qh8d3s,7.75,7.75,7.75,,0.0,,100.125
BTN_BB_Q83_rain,mtt100bb_raw,vol3-mtt-postflop/findings/mtt100bb_raw/BTN_BB_Q83_rain.json,Qh8d3s,6.25,6.25,6.25,,0.0,,100.125
UTG_BB_T98_rain,mtt100bb_raw,vol3-mtt-postflop/findings/mtt100bb_raw/UTG_BB_T98_rain.json,Th9s8d,5.45,5.45,5.45,,0.0,,100.125
UTG_BB_KK8_rain,mtt100bb_raw,vol3-mtt-postflop/findings/mtt100bb_raw/UTG_BB_KK8_rain.json,KhKd8c,5.45,5.45,5.45,,0.0,,100.125
SB_BB_A94_rain,mtt100bb_raw,vol3-mtt-postflop/findings/mtt100bb_raw/SB_BB_A94_rain.json,Ah9d4s,7.75,7.75,7.75,,0.0,,100.125
HJ_BB_A72_rain,mtt100bb_raw,vol3-mtt-postflop/findings/mtt100bb_raw/HJ_BB_A72_rain.json,Ah7d2s,5.45,5.45,5.45,,0.0,,100.125
UTG_BB_765_fd,mtt100bb_raw,vol3-mtt-postflop/findings/mtt100bb_raw/UTG_BB_765_fd.json,7d6c5d,5.45,5.45,5.45,,0.0,,100.125
UTG_BB_T74_fd,mtt100bb_raw,vol3-mtt-postflop/findings/mtt100bb_raw/UTG_BB_T74_fd.json,Td7c4d,5.45,5.45,5.45,,0.0,,100.125
UTG_BB_T98_fd,mtt100bb_raw,vol3-mtt-postflop/findings/mtt100bb_raw/UTG_BB_T98_fd.json,Td9s8d,5.45,5.45,5.45,,0.0,,100.125
BTN_BB_AA7_rain,mtt100bb_raw,vol3-mtt-postflop/findings/mtt100bb_raw/BTN_BB_AA7_rain.json,AhAd7c,6.25,6.25,6.25,,0.0,,100.125
SB_BB_765_rain,mtt100bb_raw,vol3-mtt-postflop/findings/mtt100bb_raw/SB_BB_765_rain.json,7h6d5s,7.75,7.75,7.75,,0.0,,100.125
HJ_BB_K72_rain,mtt100bb_raw,vol3-mtt-postflop/findings/mtt100bb_raw/HJ_BB_K72_rain.json,Ks7d2c,5.45,5.45,5.45,,0.0,,100.125
SB_BB_T98_rain,mtt100bb_raw,vol3-mtt-postflop/findings/mtt100bb_raw/SB_BB_T98_rain.json,Th9s8d,7.75,7.75,7.75,,0.0,,100.125
UTG_BB_KJT_fd,mtt100bb_raw,vol3-mtt-postflop/findings/mtt100bb_raw/UTG_BB_KJT_fd.json,KdJcTd,5.45,5.45,5.45,,0.0,,100.125
BTN_BB_A94_rain,mtt100bb_raw,vol3-mtt-postflop/findings/mtt100bb_raw/BTN_BB_A94_rain.json,Ah9d4s,6.25,6.25,6.25,,0.0,,100.125
UTG_BB_AA7_rain,mtt100bb_raw,vol3-mtt-postflop/findings/mtt100bb_raw/UTG_BB_AA7_rain.json,AhAd7c,5.45,5.45,5.45,,0.0,,100.125
CO_BB_Q83_rain,mtt100bb_raw,vol3-mtt-postflop/findings/mtt100bb_raw/CO_BB_Q83_rain.json,Qh8d3s,5.65,5.65,5.65,,0.0,,100.125
HJ_BB_A94_rain,mtt100bb_raw,vol3-mtt-postflop/findings/mtt100bb_raw/HJ_BB_A94_rain.json,Ah9d4s,5.45,5.45,5.45,,0.0,,100.125
SB_BB_KJT_rain,mtt100bb_raw,vol3-mtt-postflop/findings/mtt100bb_raw/SB_BB_KJT_rain.json,KhJdTs,7.75,7.75,7.75,,0.0,,100.125
UTG_BB_K98_fd,mtt100bb_raw,vol3-mtt-postflop/findings/mtt100bb_raw/UTG_BB_K98_fd.json,Kd9c8d,5.45,5.45,5.45,,0.0,,100.125
BTN_BB_J73_fd,mtt100bb_raw,vol3-mtt-postflop/findings/mtt100bb_raw/BTN_BB_J73_fd.json,Jd7c3d,6.25,6.25,6.25,,0.0,,100.125
UTG_BB_742_fd,mtt100bb_raw,vol3-mtt-postflop/findings/mtt100bb_raw/UTG_BB_742_fd.json,7d4c2d,5.45,5.45,5.45,,0.0,,100.125
CO_BB_A94_fd,mtt100bb_raw,vol3-mtt-postflop/findings/mtt100bb_raw/CO_BB_A94_fd.json,Ad9c4d,5.65,5.65,5.65,,0.0,,100.125
HJ_BB_765_fd,mtt100bb_raw,vol3-mtt-postflop/findings/mtt100bb_raw/HJ_BB_765_fd.json,7d6c5d,5.45,5.45,5.45,,0.0,,100.125
CO_BB_K72_fd,mtt100bb_raw,vol3-mtt-postflop/findings/mtt100bb_raw/CO_BB_K72_fd.json,Kd7c2d,5.65,5.65,5.65,,0.0,,100.125
SB_BB_742_fd,mtt100bb_raw,vol3-mtt-postflop/findings/mtt100bb_raw/SB_BB_742_fd.json,7d4c2d,7.75,7.75,7.75,,0.0,,100.125
BTN_BB_765_fd,mtt100bb_raw,vol3-mtt-postflop/findings/mtt100bb_raw/BTN_BB_765_fd.json,7d6c5d,6.25,6.25,6.25,,0.0,,100.125
BTN_BB_K72_rain,mtt100bb_raw,vol3-mtt-postflop/findings/mtt100bb_raw/BTN_BB_K72_rain.json,Ks7d2c,6.25,6.25,6.25,,0.0,,100.125
UTG_BB_765_rain,mtt100bb_raw,vol3-mtt-postflop/findings/mtt100bb_raw/UTG_BB_765_rain.json,7h6d5s,5.45,5.45,5.45,,0.0,,100.125
HJ_BB_K98_fd,mtt100bb_raw,vol3-mtt-postflop/findings/mtt100bb_raw/HJ_BB_K98_fd.json,Kd9c8d,5.45,5.45,5.45,,0.0,,100.125
BTN_BB_A72_rain,mtt100bb_raw,vol3-mtt-postflop/findings/mtt100bb_raw/BTN_BB_A72_rain.json,Ah7d2s,6.25,6.25,6.25,,0.0,,100.125
HJ_BB_J73_fd,mtt100bb_raw,vol3-mtt-postflop/findings/mtt100bb_raw/HJ_BB_J73_fd.json,Jd7c3d,5.45,5.45,5.45,,0.0,,100.125
HJ_BB_Q83_rain,mtt100bb_raw,vol3-mtt-postflop/findings/mtt100bb_raw/HJ_BB_Q83_rain.json,Qh8d3s,5.45,5.45,5.45,,0.0,,100.125
SB_BB_K98_fd,mtt100bb_raw,vol3-mtt-postflop/findings/mtt100bb_raw/SB_BB_K98_fd.json,Kd9c8d,7.75,7.75,7.75,,0.0,,100.125
CO_BB_T74_fd,mtt100bb_raw,vol3-mtt-postflop/findings/mtt100bb_raw/CO_BB_T74_fd.json,Td7c4d,5.65,5.65,5.65,,0.0,,100.125
UTG_BB_742_rain,mtt100bb_raw,vol3-mtt-postflop/findings/mtt100bb_raw/UTG_BB_742_rain.json,7h4d2s,5.45,5.45,5.45,,0.0,,100.125
SB_BB_K72_fd,mtt100bb_raw,vol3-mtt-postflop/findings/mtt100bb_raw/SB_BB_K72_fd.json,Kd7c2d,7.75,7.75,7.75,,0.0,,100.125
SB_BB_KK8_rain,mtt100bb_raw,vol3-mtt-postflop/findings/mtt100bb_raw/SB_BB_KK8_rain.json,KhKd8c,7.75,7.75,7.75,,0.0,,100.125
HJ_BB_KJT_rain,mtt100bb_raw,vol3-mtt-postflop/findings/mtt100bb_raw/HJ_BB_KJT_rain.json,KhJdTs,5.45,5.45,5.45,,0.0,,100.125
SB_BB_A72_rain,mtt100bb_raw,vol3-mtt-postflop/findings/mtt100bb_raw/SB_BB_A72_rain.json,Ah7d2s,7.75,7.75,7.75,,0.0,,100.125
UTG_BB_Q83_rain,mtt100bb_raw,vol3-mtt-postflop/findings/mtt100bb_raw/UTG_BB_Q83_rain.json,Qh8d3s,5.45,5.45,5.45,,0.0,,100.125
HJ_BB_A94_fd,mtt100bb_raw,vol3-mtt-postflop/findings/mtt100bb_raw/HJ_BB_A94_fd.json,Ad9c4d,5.45,5.45,5.45,,0.0,,100.125
HJ_BB_KJT_fd,mtt100bb_raw,vol3-mtt-postflop/findings/mtt100bb_raw/HJ_BB_KJT_fd.json,KdJcTd,5.45,5.45,5.45,,0.0,,100.125
CO_BB_J73_fd,mtt100bb_raw,vol3-mtt-postflop/findings/mtt100bb_raw/CO_BB_J73_fd.json,Jd7c3d,5.65,5.65,5.65,,0.0,,100.125
UTG_BB_A72_fd,mtt100bb_raw,vol3-mtt-postflop/findings/mtt100bb_raw/UTG_BB_A72_fd.json,Ad7c2d,5.45,5.45,5.45,,0.0,,100.125
HJ_BB_AA7_rain,mtt100bb_raw,vol3-mtt-postflop/findings/mtt100bb_raw/HJ_BB_AA7_rain.json,AhAd7c,5.45,5.45,5.45,,0.0,,100.125
UTG_BB_A94_fd,mtt100bb_raw,vol3-mtt-postflop/findings/mtt100bb_raw/UTG_BB_A94_fd.json,Ad9c4d,5.45,5.45,5.45,,0.0,,100.125
SB_BB_J73_fd,mtt100bb_raw,vol3-mtt-postflop/findings/mtt100bb_raw/SB_BB_J73_fd.json,Jd7c3d,7.75,7.75,7.75,,0.0,,100.125
SB_BB_KJT_fd,mtt100bb_raw,vol3-mtt-postflop/findings/mtt100bb_raw/SB_BB_KJT_fd.json,KdJcTd,7.75,7.75,7.75,,0.0,,100.125
HJ_BB_T98_fd,mtt100bb_raw,vol3-mtt-postflop/findings/mtt100bb_raw/HJ_BB_T98_fd.json,Td9s8d,5.45,5.45,5.45,,0.0,,100.125
CO_BB_T74_rain,mtt100bb_raw,vol3-mtt-postflop/findings/mtt100bb_raw/CO_BB_T74_rain.json,Th7d4s,5.65,5.65,5.65,,0.0,,100.125
BTN_BB_A72_fd,mtt100bb_raw,vol3-mtt-postflop/findings/mtt100bb_raw/BTN_BB_A72_fd.json,Ad7c2d,6.25,6.25,6.25,,0.0,,100.125
SB_BB_A72_fd,mtt100bb_raw,vol3-mtt-postflop/findings/mtt100bb_raw/SB_BB_A72_fd.json,Ad7c2d,7.75,7.75,7.75,,0.0,,100.125
CO_BB_KJT_rain,mtt100bb_raw,vol3-mtt-postflop/findings/mtt100bb_raw/CO_BB_KJT_rain.json,KhJdTs,5.65,5.65,5.65,,0.0,,100.125
HJ_BB_742_fd,mtt100bb_raw,vol3-mtt-postflop/findings/mtt100bb_raw/HJ_BB_742_fd.json,7d4c2d,5.45,5.45,5.45,,0.0,,100.125
BTN_BB_A94_fd,mtt100bb_raw,vol3-mtt-postflop/findings/mtt100bb_raw/BTN_BB_A94_fd.json,Ad9c4d,6.25,6.25,6.25,,0.0,,100.125
BTN_BB_T74_rain,mtt100bb_raw,vol3-mtt-postflop/findings/mtt100bb_raw/BTN_BB_T74_rain.json,Th7d4s,6.25,6.25,6.25,,0.0,,100.125
BTN_BB_T74_fd,mtt100bb_raw,vol3-mtt-postflop/findings/mtt100bb_raw/BTN_BB_T74_fd.json,Td7c4d,6.25,6.25,6.25,,0.0,,100.125
BTN_BB_T98_rain,mtt100bb_raw,vol3-mtt-postflop/findings/mtt100bb_raw/BTN_BB_T98_rain.json,Th9s8d,6.25,6.25,6.25,,0.0,,100.125
HJ_BB_T74_rain,mtt100bb_raw,vol3-mtt-postflop/findings/mtt100bb_raw/HJ_BB_T74_rain.json,Th7d4s,5.45,5.45,5.45,,0.0,,100.125
CO_BB_J73_rain,mtt100bb_raw,vol3-mtt-postflop/findings/mtt100bb_raw/CO_BB_J73_rain.json,Jh7d3s,5.65,5.65,5.65,,0.0,,100.125
UTG_BB_A72_rain,mtt100bb_raw,vol3-mtt-postflop/findings/mtt100bb_raw/UTG_BB_A72_rain.json,Ah7d2s,5.45,5.45,5.45,,0.0,,100.125
CO_BB_T98_rain,mtt100bb_raw,vol3-mtt-postflop/findings/mtt100bb_raw/CO_BB_T98_rain.json,Th9s8d,5.65,5.65,5.65,,0.0,,100.125
SB_BB_AA7_rain,mtt100bb_raw,vol3-mtt-postflop/findings/mtt100bb_raw/SB_BB_AA7_rain.json,AhAd7c,7.75,7.75,7.75,,0.0,,100.125
CO_BB_K98_rain,mtt100bb_raw,vol3-mtt-postflop/findings/mtt100bb_raw/CO_BB_K98_rain.json,Kd9s8c,5.65,5.65,5.65,,0.0,,100.125
CO_BB_765_rain,mtt100bb_raw,vol3-mtt-postflop/findings/mtt100bb_raw/CO_BB_765_rain.json,7h6d5s,5.65,5.65,5.65,,0.0,,100.125
SB_BB_T98_fd,mtt100bb_raw,vol3-mtt-postflop/findings/mtt100bb_raw/SB_BB_T98_fd.json,Td9s8d,7.75,7.75,7.75,,0.0,,100.125
BTN_BB_K72_fd,mtt100bb_raw,vol3-mtt-postflop/findings/mtt100bb_raw/BTN_BB_K72_fd.json,Kd7c2d,6.25,6.25,6.25,,0.0,,100.125
CO_BB_742_fd,mtt100bb_raw,vol3-mtt-postflop/findings/mtt100bb_raw/CO_BB_742_fd.json,7d4c2d,5.65,5.65,5.65,,0.0,,100.125
BTN_BB_K98_fd,mtt100bb_raw,vol3-mtt-postflop/findings/mtt100bb_raw/BTN_BB_K98_fd.json,Kd9c8d,6.25,6.25,6.25,,0.0,,100.125
CO_BB_KJT_fd,mtt100bb_raw,vol3-mtt-postflop/findings/mtt100bb_raw/CO_BB_KJT_fd.json,KdJcTd,5.65,5.65,5.65,,0.0,,100.125
CO_BB_A94_rain,mtt100bb_raw,vol3-mtt-postflop/findings/mtt100bb_raw/CO_BB_A94_rain.json,Ah9d4s,5.65,5.65,5.65,,0.0,,100.125
UTG_BB_Q83_fd,mtt100bb_raw,vol3-mtt-postflop/findings/mtt100bb_raw/UTG_BB_Q83_fd.json,Qd8c3d,5.45,5.45,5.45,,0.0,,100.125
BTN_BB_742_fd,mtt100bb_raw,vol3-mtt-postflop/findings/mtt100bb_raw/BTN_BB_742_fd.json,7d4c2d,6.25,6.25,6.25,,0.0,,100.125
SB_BB_765_fd,mtt100bb_raw,vol3-mtt-postflop/findings/mtt100bb_raw/SB_BB_765_fd.json,7d6c5d,7.75,7.75,7.75,,0.0,,100.125
HJ_BB_765_rain,mtt100bb_raw,vol3-mtt-postflop/findings/mtt100bb_raw/HJ_BB_765_rain.json,7h6d5s,5.45,5.45,5.45,,0.0,,100.125
SB_BB_A94_fd,mtt100bb_raw,vol3-mtt-postflop/findings/mtt100bb_raw/SB_BB_A94_fd.json,Ad9c4d,7.75,7.75,7.75,,0.0,,100.125
CO_BB_A72_rain,mtt100bb_raw,vol3-mtt-postflop/findings/mtt100bb_raw/CO_BB_A72_rain.json,Ah7d2s,5.65,5.65,5.65,,0.0,,100.125
CO_BB_KK8_rain,mtt100bb_raw,vol3-mtt-postflop/findings/mtt100bb_raw/CO_BB_KK8_rain.json,KhKd8c,5.65,5.65,5.65,,0.0,,100.125
UTG_BB_T74_rain,mtt100bb_raw,vol3-mtt-postflop/findings/mtt100bb_raw/UTG_BB_T74_rain.json,Th7d4s,5.45,5.45,5.45,,0.0,,100.125
HJ_BB_742_rain,mtt100bb_raw,vol3-mtt-postflop/findings/mtt100bb_raw/HJ_BB_742_rain.json,7h4d2s,5.45,5.45,5.45,,0.0,,100.125
BTN_BB_T98_fd,mtt100bb_raw,vol3-mtt-postflop/findings/mtt100bb_raw/BTN_BB_T98_fd.json,Td9s8d,6.25,6.25,6.25,,0.0,,100.125
CO_BB_Q83_fd,mtt100bb_raw,vol3-mtt-postflop/findings/mtt100bb_raw/CO_BB_Q83_fd.json,Qd8c3d,5.65,5.65,5.65,,0.0,,100.125
BTN_BB_765_rain,mtt100bb_raw,vol3-mtt-postflop/findings/mtt100bb_raw/BTN_BB_765_rain.json,7h6d5s,6.25,6.25,6.25,,0.0,,100.125
HJ_BB_J73_rain,mtt100bb_raw,vol3-mtt-postflop/findings/mtt100bb_raw/HJ_BB_J73_rain.json,Jh7d3s,5.45,5.45,5.45,,0.0,,100.125
SB_BB_T74_fd,mtt100bb_raw,vol3-mtt-postflop/findings/mtt100bb_raw/SB_BB_T74_fd.json,Td7c4d,7.75,7.75,7.75,,0.0,,100.125
UTG_BB_KJT_rain,mtt100bb_raw,vol3-mtt-postflop/findings/mtt100bb_raw/UTG_BB_KJT_rain.json,KhJdTs,5.45,5.45,5.45,,0.0,,100.125
UTG_BB_J73_fd,mtt100bb_raw,vol3-mtt-postflop/findings/mtt100bb_raw/UTG_BB_J73_fd.json,Jd7c3d,5.45,5.45,5.45,,0.0,,100.125
SB_BB_Q83_fd,mtt100bb_raw,vol3-mtt-postflop/findings/mtt100bb_raw/SB_BB_Q83_fd.json,Qd8c3d,7.75,7.75,7.75,,0.0,,100.125
BTN_BB_Q83_fd,mtt100bb_raw,vol3-mtt-postflop/findings/mtt100bb_raw/BTN_BB_Q83_fd.json,Qd8c3d,6.25,6.25,6.25,,0.0,,100.125
SB_BB_K72_rain,mtt100bb_raw,vol3-mtt-postflop/findings/mtt100bb_raw/SB_BB_K72_rain.json,Ks7d2c,7.75,7.75,7.75,,0.0,,100.125
HJ_BB_T98_rain,mtt100bb_raw,vol3-mtt-postflop/findings/mtt100bb_raw/HJ_BB_T98_rain.json,Th9s8d,5.45,5.45,5.45,,0.0,,100.125
CO_BB_A72_fd,mtt100bb_raw,vol3-mtt-postflop/findings/mtt100bb_raw/CO_BB_A72_fd.json,Ad7c2d,5.65,5.65,5.65,,0.0,,100.125
BTN_BB_KK8_rain,mtt100bb_raw,vol3-mtt-postflop/findings/mtt100bb_raw/BTN_BB_KK8_rain.json,KhKd8c,6.25,6.25,6.25,,0.0,,100.125
SB_BB_J73_rain,mtt100bb_raw,vol3-mtt-postflop/findings/mtt100bb_raw/SB_BB_J73_rain.json,Jh7d3s,7.75,7.75,7.75,,0.0,,100.125
UTG_BB_K72_rain,mtt100bb_raw,vol3-mtt-postflop/findings/mtt100bb_raw/UTG_BB_K72_rain.json,Ks7d2c,5.45,5.45,5.45,,0.0,,100.125
BTN_BB_KJT_rain,mtt100bb_raw,vol3-mtt-postflop/findings/mtt100bb_raw/BTN_BB_KJT_rain.json,KhJdTs,6.25,6.25,6.25,,0.0,,100.125
UTG_BB_K98_rain,mtt100bb_raw,vol3-mtt-postflop/findings/mtt100bb_raw/UTG_BB_K98_rain.json,Kd9s8c,5.45,5.45,5.45,,0.0,,100.125
CO_BB_T98_fd,mtt100bb_raw,vol3-mtt-postflop/findings/mtt100bb_raw/CO_BB_T98_fd.json,Td9s8d,5.65,5.65,5.65,,0.0,,100.125
HJ_BB_K72_fd,mtt100bb_raw,vol3-mtt-postflop/findings/mtt100bb_raw/HJ_BB_K72_fd.json,Kd7c2d,5.45,5.45,5.45,,0.0,,100.125
SB_BB_T74_rain,mtt100bb_raw,vol3-mtt-postflop/findings/mtt100bb_raw/SB_BB_T74_rain.json,Th7d4s,7.75,7.75,7.75,,0.0,,100.125
BTN_BB_J73_rain,mtt100bb_raw,vol3-mtt-postflop/findings/mtt100bb_raw/BTN_BB_J73_rain.json,Jh7d3s,6.25,6.25,6.25,,0.0,,100.125
SB_BB_K98_rain,mtt100bb_raw,vol3-mtt-postflop/findings/mtt100bb_raw/SB_BB_K98_rain.json,Kd9s8c,7.75,7.75,7.75,,0.0,,100.125
CO_BB_AA7_rain,mtt100bb_raw,vol3-mtt-postflop/findings/mtt100bb_raw/CO_BB_AA7_rain.json,AhAd7c,5.65,5.65,5.65,,0.0,,100.125
UTG_BB_A94_rain,mtt100bb_raw,vol3-mtt-postflop/findings/mtt100bb_raw/UTG_BB_A94_rain.json,Ah9d4s,5.45,5.45,5.45,,0.0,,100.125
BTN_BB_K98_rain,mtt100bb_raw,vol3-mtt-postflop/findings/mtt100bb_raw/BTN_BB_K98_rain.json,Kd9s8c,6.25,6.25,6.25,,0.0,,100.125
HJ_BB_Q83_fd,mtt100bb_raw,vol3-mtt-postflop/findings/mtt100bb_raw/HJ_BB_Q83_fd.json,Qd8c3d,5.45,5.45,5.45,,0.0,,100.125
HJ_BB_KK8_rain,mtt100bb_raw,vol3-mtt-postflop/findings/mtt100bb_raw/HJ_BB_KK8_rain.json,KhKd8c,5.45,5.45,5.45,,0.0,,100.125
BTN_BB_K72_rain,cash50bb_raw,vol3-mtt-postflop/findings/cash50bb_raw/BTN_BB_K72_rain.json,Ks7d2c,5.5,5.5,5.5,,0.0,,50.0
K72_fd,def_mtt100_bb_raw,vol3-mtt-postflop/findings/def_mtt100_bb_raw/K72_fd.json,Kd7c2d,6.25,8.35,8.35,0.21,2.1,0.336,100.125
765_rain,def_mtt100_bb_raw,vol3-mtt-postflop/findings/def_mtt100_bb_raw/765_rain.json,7h6d5s,6.25,13.05,13.05,0.347,6.8,1.088,100.125
742_rain,def_mtt100_bb_raw,vol3-mtt-postflop/findings/def_mtt100_bb_raw/742_rain.json,7h4d2s,6.25,13.05,13.05,0.347,6.8,1.088,100.125
Q83_rain,def_mtt100_bb_raw,vol3-mtt-postflop/findings/def_mtt100_bb_raw/Q83_rain.json,Qh8d3s,6.25,8.35,8.35,0.21,2.1,0.336,100.125
T98_fd,def_mtt100_bb_raw,vol3-mtt-postflop/findings/def_mtt100_bb_raw/T98_fd.json,Td9s8d,6.25,8.35,8.35,0.21,2.1,0.336,100.125
A94_fd,def_mtt100_bb_raw,vol3-mtt-postflop/findings/def_mtt100_bb_raw/A94_fd.json,Ad9c4d,6.25,8.35,8.35,0.21,2.1,0.336,100.125
KJT_rain,def_mtt100_bb_raw,vol3-mtt-postflop/findings/def_mtt100_bb_raw/KJT_rain.json,KhJdTs,6.25,13.05,13.05,0.347,6.8,1.088,100.125
K72_rain,def_mtt100_bb_raw,vol3-mtt-postflop/findings/def_mtt100_bb_raw/K72_rain.json,Ks7d2c,6.25,8.35,8.35,0.21,2.1,0.336,100.125
T74_rain,def_mtt100_bb_raw,vol3-mtt-postflop/findings/def_mtt100_bb_raw/T74_rain.json,Th7d4s,6.25,13.05,13.05,0.347,6.8,1.088,100.125
K98_fd,def_mtt100_bb_raw,vol3-mtt-postflop/findings/def_mtt100_bb_raw/K98_fd.json,Kd9c8d,6.25,13.05,13.05,0.347,6.8,1.088,100.125
765_fd,def_mtt100_bb_raw,vol3-mtt-postflop/findings/def_mtt100_bb_raw/765_fd.json,7d6c5d,6.25,13.05,13.05,0.347,6.8,1.088,100.125
T74_fd,def_mtt100_bb_raw,vol3-mtt-postflop/findings/def_mtt100_bb_raw/T74_fd.json,Td7c4d,6.25,13.05,13.05,0.347,6.8,1.088,100.125
J73_rain,def_mtt100_bb_raw,vol3-mtt-postflop/findings/def_mtt100_bb_raw/J73_rain.json,Jh7d3s,6.25,13.05,13.05,0.347,6.8,1.088,100.125
Q83_fd,def_mtt100_bb_raw,vol3-mtt-postflop/findings/def_mtt100_bb_raw/Q83_fd.json,Qd8c3d,6.25,8.35,8.35,0.21,2.1,0.336,100.125
KK8_rain,def_mtt100_bb_raw,vol3-mtt-postflop/findings/def_mtt100_bb_raw/KK8_rain.json,KhKd8c,6.25,8.35,8.35,0.21,2.1,0.336,100.125
AA7_rain,def_mtt100_bb_raw,vol3-mtt-postflop/findings/def_mtt100_bb_raw/AA7_rain.json,AhAd7c,6.25,8.35,8.35,0.21,2.1,0.336,100.125
J73_fd,def_mtt100_bb_raw,vol3-mtt-postflop/findings/def_mtt100_bb_raw/J73_fd.json,Jd7c3d,6.25,13.05,13.05,0.347,6.8,1.088,100.125
742_fd,def_mtt100_bb_raw,vol3-mtt-postflop/findings/def_mtt100_bb_raw/742_fd.json,7d4c2d,6.25,13.05,13.05,0.347,6.8,1.088,100.125
KJT_fd,def_mtt100_bb_raw,vol3-mtt-postflop/findings/def_mtt100_bb_raw/KJT_fd.json,KdJcTd,6.25,13.05,13.05,0.347,6.8,1.088,100.125
T98_rain,def_mtt100_bb_raw,vol3-mtt-postflop/findings/def_mtt100_bb_raw/T98_rain.json,Th9s8d,6.25,13.05,13.05,0.347,6.8,1.088,100.125
A94_rain,def_mtt100_bb_raw,vol3-mtt-postflop/findings/def_mtt100_bb_raw/A94_rain.json,Ah9d4s,6.25,8.35,8.35,0.21,2.1,0.336,100.125
A72_fd,def_mtt100_bb_raw,vol3-mtt-postflop/findings/def_mtt100_bb_raw/A72_fd.json,Ad7c2d,6.25,8.35,8.35,0.21,2.1,0.336,100.125
A72_rain,def_mtt100_bb_raw,vol3-mtt-postflop/findings/def_mtt100_bb_raw/A72_rain.json,Ah7d2s,6.25,8.35,8.35,0.21,2.1,0.336,100.125
K98_rain,def_mtt100_bb_raw,vol3-mtt-postflop/findings/def_mtt100_bb_raw/K98_rain.json,Kd9s8c,6.25,13.05,13.05,0.347,6.8,1.088,100.125
K72r_7,turn_cash100_btn_raw,vol3-mtt-postflop/findings/turn_cash100_btn_raw/K72r_7.json,Ks7d2c7h,9.1,9.1,9.1,,0.0,,100.0
Q83_8,turn_cash100_btn_raw,vol3-mtt-postflop/findings/turn_cash100_btn_raw/Q83_8.json,Qh8d3s8c,9.1,9.1,9.1,,0.0,,100.0
K98r_7,turn_cash100_btn_raw,vol3-mtt-postflop/findings/turn_cash100_btn_raw/K98r_7.json,Kd9s8c7c,9.1,9.1,9.1,,0.0,,100.0
K98r_2,turn_cash100_btn_raw,vol3-mtt-postflop/findings/turn_cash100_btn_raw/K98r_2.json,Kd9s8c2h,9.1,9.1,9.1,,0.0,,100.0
Q83_2,turn_cash100_btn_raw,vol3-mtt-postflop/findings/turn_cash100_btn_raw/Q83_2.json,Qh8d3s2c,9.1,9.1,9.1,,0.0,,100.0
K98r_T,turn_cash100_btn_raw,vol3-mtt-postflop/findings/turn_cash100_btn_raw/K98r_T.json,Kd9s8cTc,9.1,9.1,9.1,,0.0,,100.0
KJT_Q,turn_cash100_btn_raw,vol3-mtt-postflop/findings/turn_cash100_btn_raw/KJT_Q.json,KhJdTsQc,9.1,9.1,9.1,,0.0,,100.0
KJT_2,turn_cash100_btn_raw,vol3-mtt-postflop/findings/turn_cash100_btn_raw/KJT_2.json,KhJdTs2c,9.1,9.1,9.1,,0.0,,100.0
KJT_9,turn_cash100_btn_raw,vol3-mtt-postflop/findings/turn_cash100_btn_raw/KJT_9.json,KhJdTs9c,9.1,9.1,9.1,,0.0,,100.0
T98r_2,turn_cash100_btn_raw,vol3-mtt-postflop/findings/turn_cash100_btn_raw/T98r_2.json,Th9s8d2c,9.1,9.1,9.1,,0.0,,100.0
T98r_7,turn_cash100_btn_raw,vol3-mtt-postflop/findings/turn_cash100_btn_raw/T98r_7.json,Th9s8d7c,9.1,9.1,9.1,,0.0,,100.0
Q83_A,turn_cash100_btn_raw,vol3-mtt-postflop/findings/turn_cash100_btn_raw/Q83_A.json,Qh8d3sAc,9.1,9.1,9.1,,0.0,,100.0
T98r_T,turn_cash100_btn_raw,vol3-mtt-postflop/findings/turn_cash100_btn_raw/T98r_T.json,Th9s8dTc,9.1,9.1,9.1,,0.0,,100.0
AA7_7,turn_cash100_btn_raw,vol3-mtt-postflop/findings/turn_cash100_btn_raw/AA7_7.json,AhAd7c7d,9.1,9.1,9.1,,0.0,,100.0
K72r_K,turn_cash100_btn_raw,vol3-mtt-postflop/findings/turn_cash100_btn_raw/K72r_K.json,Ks7d2cKd,9.1,9.1,9.1,,0.0,,100.0
T98r_J,turn_cash100_btn_raw,vol3-mtt-postflop/findings/turn_cash100_btn_raw/T98r_J.json,Th9s8dJc,9.1,9.1,9.1,,0.0,,100.0
AA7_2,turn_cash100_btn_raw,vol3-mtt-postflop/findings/turn_cash100_btn_raw/AA7_2.json,AhAd7c2d,9.1,9.1,9.1,,0.0,,100.0
K72r_2,turn_cash100_btn_raw,vol3-mtt-postflop/findings/turn_cash100_btn_raw/K72r_2.json,Ks7d2c2h,9.1,9.1,9.1,,0.0,,100.0
KJT_K,turn_cash100_btn_raw,vol3-mtt-postflop/findings/turn_cash100_btn_raw/KJT_K.json,KhJdTsKc,9.1,9.1,9.1,,0.0,,100.0
Q83_K,turn_cash100_btn_raw,vol3-mtt-postflop/findings/turn_cash100_btn_raw/Q83_K.json,Qh8d3sKc,9.1,9.1,9.1,,0.0,,100.0
K98r_K,turn_cash100_btn_raw,vol3-mtt-postflop/findings/turn_cash100_btn_raw/K98r_K.json,Kd9s8cKh,9.1,9.1,9.1,,0.0,,100.0
K72r_A,turn_cash100_btn_raw,vol3-mtt-postflop/findings/turn_cash100_btn_raw/K72r_A.json,Ks7d2cAh,9.1,9.1,9.1,,0.0,,100.0
T98r_A,turn_cash100_btn_raw,vol3-mtt-postflop/findings/turn_cash100_btn_raw/T98r_A.json,Th9s8dAc,9.1,9.1,9.1,,0.0,,100.0
K98r_A,turn_cash100_btn_raw,vol3-mtt-postflop/findings/turn_cash100_btn_raw/K98r_A.json,Kd9s8cAh,9.1,9.1,9.1,,0.0,,100.0
AA7_5,turn_cash100_btn_raw,vol3-mtt-postflop/findings/turn_cash100_btn_raw/AA7_5.json,AhAd7c5d,9.1,9.1,9.1,,0.0,,100.0
AA7_A,turn_cash100_btn_raw,vol3-mtt-postflop/findings/turn_cash100_btn_raw/AA7_A.json,AhAd7cAs,9.1,9.1,9.1,,0.0,,100.0
Q83_Q,turn_cash100_btn_raw,vol3-mtt-postflop/findings/turn_cash100_btn_raw/Q83_Q.json,Qh8d3sQc,9.1,9.1,9.1,,0.0,,100.0
AA7_K,turn_cash100_btn_raw,vol3-mtt-postflop/findings/turn_cash100_btn_raw/AA7_K.json,AhAd7cKd,9.1,9.1,9.1,,0.0,,100.0
K72r_8,turn_cash100_btn_raw,vol3-mtt-postflop/findings/turn_cash100_btn_raw/K72r_8.json,Ks7d2c8h,9.1,9.1,9.1,,0.0,,100.0
KJT_A,turn_cash100_btn_raw,vol3-mtt-postflop/findings/turn_cash100_btn_raw/KJT_A.json,KhJdTsAc,9.1,9.1,9.1,,0.0,,100.0
K72r_7,turn_mtt25_btn_raw,vol3-mtt-postflop/findings/turn_mtt25_btn_raw/K72r_7.json,Ks7d2c7h,7.65,7.65,7.65,,0.0,,25.125
Q83_8,turn_mtt25_btn_raw,vol3-mtt-postflop/findings/turn_mtt25_btn_raw/Q83_8.json,Qh8d3s8c,7.65,7.65,7.65,,0.0,,25.125
K98r_7,turn_mtt25_btn_raw,vol3-mtt-postflop/findings/turn_mtt25_btn_raw/K98r_7.json,Kd9s8c7c,7.65,7.65,7.65,,0.0,,25.125
K98r_2,turn_mtt25_btn_raw,vol3-mtt-postflop/findings/turn_mtt25_btn_raw/K98r_2.json,Kd9s8c2h,7.65,7.65,7.65,,0.0,,25.125
Q83_2,turn_mtt25_btn_raw,vol3-mtt-postflop/findings/turn_mtt25_btn_raw/Q83_2.json,Qh8d3s2c,7.65,7.65,7.65,,0.0,,25.125
K98r_T,turn_mtt25_btn_raw,vol3-mtt-postflop/findings/turn_mtt25_btn_raw/K98r_T.json,Kd9s8cTc,7.65,7.65,7.65,,0.0,,25.125
KJT_Q,turn_mtt25_btn_raw,vol3-mtt-postflop/findings/turn_mtt25_btn_raw/KJT_Q.json,KhJdTsQc,7.65,7.65,7.65,,0.0,,25.125
KJT_2,turn_mtt25_btn_raw,vol3-mtt-postflop/findings/turn_mtt25_btn_raw/KJT_2.json,KhJdTs2c,7.65,7.65,7.65,,0.0,,25.125
KJT_9,turn_mtt25_btn_raw,vol3-mtt-postflop/findings/turn_mtt25_btn_raw/KJT_9.json,KhJdTs9c,7.65,7.65,7.65,,0.0,,25.125
T98r_2,turn_mtt25_btn_raw,vol3-mtt-postflop/findings/turn_mtt25_btn_raw/T98r_2.json,Th9s8d2c,11.45,11.45,11.45,,0.0,,25.125
T98r_7,turn_mtt25_btn_raw,vol3-mtt-postflop/findings/turn_mtt25_btn_raw/T98r_7.json,Th9s8d7c,11.45,11.45,11.45,,0.0,,25.125
Q83_A,turn_mtt25_btn_raw,vol3-mtt-postflop/findings/turn_mtt25_btn_raw/Q83_A.json,Qh8d3sAc,7.65,7.65,7.65,,0.0,,25.125
T98r_T,turn_mtt25_btn_raw,vol3-mtt-postflop/findings/turn_mtt25_btn_raw/T98r_T.json,Th9s8dTc,11.45,11.45,11.45,,0.0,,25.125
AA7_7,turn_mtt25_btn_raw,vol3-mtt-postflop/findings/turn_mtt25_btn_raw/AA7_7.json,AhAd7c7d,7.65,7.65,7.65,,0.0,,25.125
K72r_K,turn_mtt25_btn_raw,vol3-mtt-postflop/findings/turn_mtt25_btn_raw/K72r_K.json,Ks7d2cKd,7.65,7.65,7.65,,0.0,,25.125
T98r_J,turn_mtt25_btn_raw,vol3-mtt-postflop/findings/turn_mtt25_btn_raw/T98r_J.json,Th9s8dJc,11.45,11.45,11.45,,0.0,,25.125
AA7_2,turn_mtt25_btn_raw,vol3-mtt-postflop/findings/turn_mtt25_btn_raw/AA7_2.json,AhAd7c2d,7.65,7.65,7.65,,0.0,,25.125
K72r_2,turn_mtt25_btn_raw,vol3-mtt-postflop/findings/turn_mtt25_btn_raw/K72r_2.json,Ks7d2c2h,7.65,7.65,7.65,,0.0,,25.125
KJT_K,turn_mtt25_btn_raw,vol3-mtt-postflop/findings/turn_mtt25_btn_raw/KJT_K.json,KhJdTsKc,7.65,7.65,7.65,,0.0,,25.125
Q83_K,turn_mtt25_btn_raw,vol3-mtt-postflop/findings/turn_mtt25_btn_raw/Q83_K.json,Qh8d3sKc,7.65,7.65,7.65,,0.0,,25.125
K98r_K,turn_mtt25_btn_raw,vol3-mtt-postflop/findings/turn_mtt25_btn_raw/K98r_K.json,Kd9s8cKh,7.65,7.65,7.65,,0.0,,25.125
K72r_A,turn_mtt25_btn_raw,vol3-mtt-postflop/findings/turn_mtt25_btn_raw/K72r_A.json,Ks7d2cAh,7.65,7.65,7.65,,0.0,,25.125
T98r_A,turn_mtt25_btn_raw,vol3-mtt-postflop/findings/turn_mtt25_btn_raw/T98r_A.json,Th9s8dAc,11.45,11.45,11.45,,0.0,,25.125
K98r_A,turn_mtt25_btn_raw,vol3-mtt-postflop/findings/turn_mtt25_btn_raw/K98r_A.json,Kd9s8cAh,7.65,7.65,7.65,,0.0,,25.125
AA7_5,turn_mtt25_btn_raw,vol3-mtt-postflop/findings/turn_mtt25_btn_raw/AA7_5.json,AhAd7c5d,7.65,7.65,7.65,,0.0,,25.125
AA7_A,turn_mtt25_btn_raw,vol3-mtt-postflop/findings/turn_mtt25_btn_raw/AA7_A.json,AhAd7cAs,7.65,7.65,7.65,,0.0,,25.125
Q83_Q,turn_mtt25_btn_raw,vol3-mtt-postflop/findings/turn_mtt25_btn_raw/Q83_Q.json,Qh8d3sQc,7.65,7.65,7.65,,0.0,,25.125
AA7_K,turn_mtt25_btn_raw,vol3-mtt-postflop/findings/turn_mtt25_btn_raw/AA7_K.json,AhAd7cKd,7.65,7.65,7.65,,0.0,,25.125
K72r_8,turn_mtt25_btn_raw,vol3-mtt-postflop/findings/turn_mtt25_btn_raw/K72r_8.json,Ks7d2c8h,7.65,7.65,7.65,,0.0,,25.125
KJT_A,turn_mtt25_btn_raw,vol3-mtt-postflop/findings/turn_mtt25_btn_raw/KJT_A.json,KhJdTsAc,7.65,7.65,7.65,,0.0,,25.125
BTN_BB_KJT_fd,3bp50_raw,vol3-mtt-postflop/findings/3bp50_raw/BTN_BB_KJT_fd.json,KdJcTd,17.25,17.25,17.25,,0.0,,50.125
BTN_BB_742_rain,3bp50_raw,vol3-mtt-postflop/findings/3bp50_raw/BTN_BB_742_rain.json,7h4d2s,17.25,17.25,17.25,,0.0,,50.125
BTN_BB_Q83_rain,3bp50_raw,vol3-mtt-postflop/findings/3bp50_raw/BTN_BB_Q83_rain.json,Qh8d3s,17.25,17.25,17.25,,0.0,,50.125
BTN_BB_AA7_rain,3bp50_raw,vol3-mtt-postflop/findings/3bp50_raw/BTN_BB_AA7_rain.json,AhAd7c,17.25,17.25,17.25,,0.0,,50.125
BTN_BB_A94_rain,3bp50_raw,vol3-mtt-postflop/findings/3bp50_raw/BTN_BB_A94_rain.json,Ah9d4s,17.25,17.25,17.25,,0.0,,50.125
BTN_BB_J73_fd,3bp50_raw,vol3-mtt-postflop/findings/3bp50_raw/BTN_BB_J73_fd.json,Jd7c3d,17.25,17.25,17.25,,0.0,,50.125
BTN_BB_765_fd,3bp50_raw,vol3-mtt-postflop/findings/3bp50_raw/BTN_BB_765_fd.json,7d6c5d,17.25,17.25,17.25,,0.0,,50.125
BTN_BB_K72_rain,3bp50_raw,vol3-mtt-postflop/findings/3bp50_raw/BTN_BB_K72_rain.json,Ks7d2c,17.25,17.25,17.25,,0.0,,50.125
BTN_BB_A72_rain,3bp50_raw,vol3-mtt-postflop/findings/3bp50_raw/BTN_BB_A72_rain.json,Ah7d2s,17.25,17.25,17.25,,0.0,,50.125
BTN_BB_A72_fd,3bp50_raw,vol3-mtt-postflop/findings/3bp50_raw/BTN_BB_A72_fd.json,Ad7c2d,17.25,17.25,17.25,,0.0,,50.125
BTN_BB_A94_fd,3bp50_raw,vol3-mtt-postflop/findings/3bp50_raw/BTN_BB_A94_fd.json,Ad9c4d,17.25,17.25,17.25,,0.0,,50.125
BTN_BB_T74_rain,3bp50_raw,vol3-mtt-postflop/findings/3bp50_raw/BTN_BB_T74_rain.json,Th7d4s,17.25,17.25,17.25,,0.0,,50.125
BTN_BB_T74_fd,3bp50_raw,vol3-mtt-postflop/findings/3bp50_raw/BTN_BB_T74_fd.json,Td7c4d,17.25,17.25,17.25,,0.0,,50.125
BTN_BB_T98_rain,3bp50_raw,vol3-mtt-postflop/findings/3bp50_raw/BTN_BB_T98_rain.json,Th9s8d,17.25,17.25,17.25,,0.0,,50.125
BTN_BB_K72_fd,3bp50_raw,vol3-mtt-postflop/findings/3bp50_raw/BTN_BB_K72_fd.json,Kd7c2d,17.25,17.25,17.25,,0.0,,50.125
BTN_BB_K98_fd,3bp50_raw,vol3-mtt-postflop/findings/3bp50_raw/BTN_BB_K98_fd.json,Kd9c8d,17.25,17.25,17.25,,0.0,,50.125
BTN_BB_742_fd,3bp50_raw,vol3-mtt-postflop/findings/3bp50_raw/BTN_BB_742_fd.json,7d4c2d,17.25,17.25,17.25,,0.0,,50.125
BTN_BB_T98_fd,3bp50_raw,vol3-mtt-postflop/findings/3bp50_raw/BTN_BB_T98_fd.json,Td9s8d,17.25,17.25,17.25,,0.0,,50.125
BTN_BB_765_rain,3bp50_raw,vol3-mtt-postflop/findings/3bp50_raw/BTN_BB_765_rain.json,7h6d5s,17.25,17.25,17.25,,0.0,,50.125
BTN_BB_Q83_fd,3bp50_raw,vol3-mtt-postflop/findings/3bp50_raw/BTN_BB_Q83_fd.json,Qd8c3d,17.25,17.25,17.25,,0.0,,50.125
BTN_BB_KK8_rain,3bp50_raw,vol3-mtt-postflop/findings/3bp50_raw/BTN_BB_KK8_rain.json,KhKd8c,17.25,17.25,17.25,,0.0,,50.125
BTN_BB_KJT_rain,3bp50_raw,vol3-mtt-postflop/findings/3bp50_raw/BTN_BB_KJT_rain.json,KhJdTs,17.25,17.25,17.25,,0.0,,50.125
BTN_BB_J73_rain,3bp50_raw,vol3-mtt-postflop/findings/3bp50_raw/BTN_BB_J73_rain.json,Jh7d3s,17.25,17.25,17.25,,0.0,,50.125
BTN_BB_K98_rain,3bp50_raw,vol3-mtt-postflop/findings/3bp50_raw/BTN_BB_K98_rain.json,Kd9s8c,17.25,17.25,17.25,,0.0,,50.125
CO_BB_K98_fd,mtt200bb_raw,vol3-mtt-postflop/findings/mtt200bb_raw/CO_BB_K98_fd.json,Kd9c8d,6.25,6.25,6.25,,0.0,,200.125
BTN_BB_KJT_fd,mtt200bb_raw,vol3-mtt-postflop/findings/mtt200bb_raw/BTN_BB_KJT_fd.json,KdJcTd,6.25,6.25,6.25,,0.0,,200.125
HJ_BB_K98_rain,mtt200bb_raw,vol3-mtt-postflop/findings/mtt200bb_raw/HJ_BB_K98_rain.json,Kd9s8c,6.25,6.25,6.25,,0.0,,200.125
CO_BB_765_fd,mtt200bb_raw,vol3-mtt-postflop/findings/mtt200bb_raw/CO_BB_765_fd.json,7d6c5d,6.25,6.25,6.25,,0.0,,200.125
HJ_BB_T74_fd,mtt200bb_raw,vol3-mtt-postflop/findings/mtt200bb_raw/HJ_BB_T74_fd.json,Td7c4d,6.25,6.25,6.25,,0.0,,200.125
UTG_BB_K72_fd,mtt200bb_raw,vol3-mtt-postflop/findings/mtt200bb_raw/UTG_BB_K72_fd.json,Kd7c2d,6.25,6.25,6.25,,0.0,,200.125
UTG_BB_J73_rain,mtt200bb_raw,vol3-mtt-postflop/findings/mtt200bb_raw/UTG_BB_J73_rain.json,Jh7d3s,6.25,6.25,6.25,,0.0,,200.125
CO_BB_K72_rain,mtt200bb_raw,vol3-mtt-postflop/findings/mtt200bb_raw/CO_BB_K72_rain.json,Ks7d2c,6.25,6.25,6.25,,0.0,,200.125
SB_BB_742_rain,mtt200bb_raw,vol3-mtt-postflop/findings/mtt200bb_raw/SB_BB_742_rain.json,7h4d2s,7.75,7.75,7.75,,0.0,,200.125
CO_BB_742_rain,mtt200bb_raw,vol3-mtt-postflop/findings/mtt200bb_raw/CO_BB_742_rain.json,7h4d2s,6.25,6.25,6.25,,0.0,,200.125
BTN_BB_742_rain,mtt200bb_raw,vol3-mtt-postflop/findings/mtt200bb_raw/BTN_BB_742_rain.json,7h4d2s,6.25,6.25,6.25,,0.0,,200.125
HJ_BB_A72_fd,mtt200bb_raw,vol3-mtt-postflop/findings/mtt200bb_raw/HJ_BB_A72_fd.json,Ad7c2d,6.25,6.25,6.25,,0.0,,200.125
SB_BB_Q83_rain,mtt200bb_raw,vol3-mtt-postflop/findings/mtt200bb_raw/SB_BB_Q83_rain.json,Qh8d3s,7.75,7.75,7.75,,0.0,,200.125
BTN_BB_Q83_rain,mtt200bb_raw,vol3-mtt-postflop/findings/mtt200bb_raw/BTN_BB_Q83_rain.json,Qh8d3s,6.25,6.25,6.25,,0.0,,200.125
UTG_BB_T98_rain,mtt200bb_raw,vol3-mtt-postflop/findings/mtt200bb_raw/UTG_BB_T98_rain.json,Th9s8d,6.25,6.25,6.25,,0.0,,200.125
UTG_BB_KK8_rain,mtt200bb_raw,vol3-mtt-postflop/findings/mtt200bb_raw/UTG_BB_KK8_rain.json,KhKd8c,6.25,6.25,6.25,,0.0,,200.125
SB_BB_A94_rain,mtt200bb_raw,vol3-mtt-postflop/findings/mtt200bb_raw/SB_BB_A94_rain.json,Ah9d4s,7.75,7.75,7.75,,0.0,,200.125
HJ_BB_A72_rain,mtt200bb_raw,vol3-mtt-postflop/findings/mtt200bb_raw/HJ_BB_A72_rain.json,Ah7d2s,6.25,6.25,6.25,,0.0,,200.125
UTG_BB_765_fd,mtt200bb_raw,vol3-mtt-postflop/findings/mtt200bb_raw/UTG_BB_765_fd.json,7d6c5d,6.25,6.25,6.25,,0.0,,200.125
UTG_BB_T74_fd,mtt200bb_raw,vol3-mtt-postflop/findings/mtt200bb_raw/UTG_BB_T74_fd.json,Td7c4d,6.25,6.25,6.25,,0.0,,200.125
UTG_BB_T98_fd,mtt200bb_raw,vol3-mtt-postflop/findings/mtt200bb_raw/UTG_BB_T98_fd.json,Td9s8d,6.25,6.25,6.25,,0.0,,200.125
BTN_BB_AA7_rain,mtt200bb_raw,vol3-mtt-postflop/findings/mtt200bb_raw/BTN_BB_AA7_rain.json,AhAd7c,6.25,6.25,6.25,,0.0,,200.125
SB_BB_765_rain,mtt200bb_raw,vol3-mtt-postflop/findings/mtt200bb_raw/SB_BB_765_rain.json,7h6d5s,7.75,7.75,7.75,,0.0,,200.125
HJ_BB_K72_rain,mtt200bb_raw,vol3-mtt-postflop/findings/mtt200bb_raw/HJ_BB_K72_rain.json,Ks7d2c,6.25,6.25,6.25,,0.0,,200.125
SB_BB_T98_rain,mtt200bb_raw,vol3-mtt-postflop/findings/mtt200bb_raw/SB_BB_T98_rain.json,Th9s8d,7.75,7.75,7.75,,0.0,,200.125
UTG_BB_KJT_fd,mtt200bb_raw,vol3-mtt-postflop/findings/mtt200bb_raw/UTG_BB_KJT_fd.json,KdJcTd,6.25,6.25,6.25,,0.0,,200.125
BTN_BB_A94_rain,mtt200bb_raw,vol3-mtt-postflop/findings/mtt200bb_raw/BTN_BB_A94_rain.json,Ah9d4s,6.25,6.25,6.25,,0.0,,200.125
UTG_BB_AA7_rain,mtt200bb_raw,vol3-mtt-postflop/findings/mtt200bb_raw/UTG_BB_AA7_rain.json,AhAd7c,6.25,6.25,6.25,,0.0,,200.125
CO_BB_Q83_rain,mtt200bb_raw,vol3-mtt-postflop/findings/mtt200bb_raw/CO_BB_Q83_rain.json,Qh8d3s,6.25,6.25,6.25,,0.0,,200.125
HJ_BB_A94_rain,mtt200bb_raw,vol3-mtt-postflop/findings/mtt200bb_raw/HJ_BB_A94_rain.json,Ah9d4s,6.25,6.25,6.25,,0.0,,200.125
SB_BB_KJT_rain,mtt200bb_raw,vol3-mtt-postflop/findings/mtt200bb_raw/SB_BB_KJT_rain.json,KhJdTs,7.75,7.75,7.75,,0.0,,200.125
UTG_BB_K98_fd,mtt200bb_raw,vol3-mtt-postflop/findings/mtt200bb_raw/UTG_BB_K98_fd.json,Kd9c8d,6.25,6.25,6.25,,0.0,,200.125
BTN_BB_J73_fd,mtt200bb_raw,vol3-mtt-postflop/findings/mtt200bb_raw/BTN_BB_J73_fd.json,Jd7c3d,6.25,6.25,6.25,,0.0,,200.125
UTG_BB_742_fd,mtt200bb_raw,vol3-mtt-postflop/findings/mtt200bb_raw/UTG_BB_742_fd.json,7d4c2d,6.25,6.25,6.25,,0.0,,200.125
CO_BB_A94_fd,mtt200bb_raw,vol3-mtt-postflop/findings/mtt200bb_raw/CO_BB_A94_fd.json,Ad9c4d,6.25,6.25,6.25,,0.0,,200.125
HJ_BB_765_fd,mtt200bb_raw,vol3-mtt-postflop/findings/mtt200bb_raw/HJ_BB_765_fd.json,7d6c5d,6.25,6.25,6.25,,0.0,,200.125
CO_BB_K72_fd,mtt200bb_raw,vol3-mtt-postflop/findings/mtt200bb_raw/CO_BB_K72_fd.json,Kd7c2d,6.25,6.25,6.25,,0.0,,200.125
SB_BB_742_fd,mtt200bb_raw,vol3-mtt-postflop/findings/mtt200bb_raw/SB_BB_742_fd.json,7d4c2d,7.75,7.75,7.75,,0.0,,200.125
BTN_BB_765_fd,mtt200bb_raw,vol3-mtt-postflop/findings/mtt200bb_raw/BTN_BB_765_fd.json,7d6c5d,6.25,6.25,6.25,,0.0,,200.125
BTN_BB_K72_rain,mtt200bb_raw,vol3-mtt-postflop/findings/mtt200bb_raw/BTN_BB_K72_rain.json,Ks7d2c,6.25,6.25,6.25,,0.0,,200.125
UTG_BB_765_rain,mtt200bb_raw,vol3-mtt-postflop/findings/mtt200bb_raw/UTG_BB_765_rain.json,7h6d5s,6.25,6.25,6.25,,0.0,,200.125
HJ_BB_K98_fd,mtt200bb_raw,vol3-mtt-postflop/findings/mtt200bb_raw/HJ_BB_K98_fd.json,Kd9c8d,6.25,6.25,6.25,,0.0,,200.125
BTN_BB_A72_rain,mtt200bb_raw,vol3-mtt-postflop/findings/mtt200bb_raw/BTN_BB_A72_rain.json,Ah7d2s,6.25,6.25,6.25,,0.0,,200.125
HJ_BB_J73_fd,mtt200bb_raw,vol3-mtt-postflop/findings/mtt200bb_raw/HJ_BB_J73_fd.json,Jd7c3d,6.25,6.25,6.25,,0.0,,200.125
HJ_BB_Q83_rain,mtt200bb_raw,vol3-mtt-postflop/findings/mtt200bb_raw/HJ_BB_Q83_rain.json,Qh8d3s,6.25,6.25,6.25,,0.0,,200.125
SB_BB_K98_fd,mtt200bb_raw,vol3-mtt-postflop/findings/mtt200bb_raw/SB_BB_K98_fd.json,Kd9c8d,7.75,7.75,7.75,,0.0,,200.125
CO_BB_T74_fd,mtt200bb_raw,vol3-mtt-postflop/findings/mtt200bb_raw/CO_BB_T74_fd.json,Td7c4d,6.25,6.25,6.25,,0.0,,200.125
UTG_BB_742_rain,mtt200bb_raw,vol3-mtt-postflop/findings/mtt200bb_raw/UTG_BB_742_rain.json,7h4d2s,6.25,6.25,6.25,,0.0,,200.125
SB_BB_K72_fd,mtt200bb_raw,vol3-mtt-postflop/findings/mtt200bb_raw/SB_BB_K72_fd.json,Kd7c2d,7.75,7.75,7.75,,0.0,,200.125
SB_BB_KK8_rain,mtt200bb_raw,vol3-mtt-postflop/findings/mtt200bb_raw/SB_BB_KK8_rain.json,KhKd8c,7.75,7.75,7.75,,0.0,,200.125
HJ_BB_KJT_rain,mtt200bb_raw,vol3-mtt-postflop/findings/mtt200bb_raw/HJ_BB_KJT_rain.json,KhJdTs,6.25,6.25,6.25,,0.0,,200.125
SB_BB_A72_rain,mtt200bb_raw,vol3-mtt-postflop/findings/mtt200bb_raw/SB_BB_A72_rain.json,Ah7d2s,7.75,7.75,7.75,,0.0,,200.125
UTG_BB_Q83_rain,mtt200bb_raw,vol3-mtt-postflop/findings/mtt200bb_raw/UTG_BB_Q83_rain.json,Qh8d3s,6.25,6.25,6.25,,0.0,,200.125
HJ_BB_A94_fd,mtt200bb_raw,vol3-mtt-postflop/findings/mtt200bb_raw/HJ_BB_A94_fd.json,Ad9c4d,6.25,6.25,6.25,,0.0,,200.125
HJ_BB_KJT_fd,mtt200bb_raw,vol3-mtt-postflop/findings/mtt200bb_raw/HJ_BB_KJT_fd.json,KdJcTd,6.25,6.25,6.25,,0.0,,200.125
CO_BB_J73_fd,mtt200bb_raw,vol3-mtt-postflop/findings/mtt200bb_raw/CO_BB_J73_fd.json,Jd7c3d,6.25,6.25,6.25,,0.0,,200.125
UTG_BB_A72_fd,mtt200bb_raw,vol3-mtt-postflop/findings/mtt200bb_raw/UTG_BB_A72_fd.json,Ad7c2d,6.25,6.25,6.25,,0.0,,200.125
HJ_BB_AA7_rain,mtt200bb_raw,vol3-mtt-postflop/findings/mtt200bb_raw/HJ_BB_AA7_rain.json,AhAd7c,6.25,6.25,6.25,,0.0,,200.125
UTG_BB_A94_fd,mtt200bb_raw,vol3-mtt-postflop/findings/mtt200bb_raw/UTG_BB_A94_fd.json,Ad9c4d,6.25,6.25,6.25,,0.0,,200.125
SB_BB_J73_fd,mtt200bb_raw,vol3-mtt-postflop/findings/mtt200bb_raw/SB_BB_J73_fd.json,Jd7c3d,7.75,7.75,7.75,,0.0,,200.125
SB_BB_KJT_fd,mtt200bb_raw,vol3-mtt-postflop/findings/mtt200bb_raw/SB_BB_KJT_fd.json,KdJcTd,7.75,7.75,7.75,,0.0,,200.125
HJ_BB_T98_fd,mtt200bb_raw,vol3-mtt-postflop/findings/mtt200bb_raw/HJ_BB_T98_fd.json,Td9s8d,6.25,6.25,6.25,,0.0,,200.125
CO_BB_T74_rain,mtt200bb_raw,vol3-mtt-postflop/findings/mtt200bb_raw/CO_BB_T74_rain.json,Th7d4s,6.25,6.25,6.25,,0.0,,200.125
BTN_BB_A72_fd,mtt200bb_raw,vol3-mtt-postflop/findings/mtt200bb_raw/BTN_BB_A72_fd.json,Ad7c2d,6.25,6.25,6.25,,0.0,,200.125
SB_BB_A72_fd,mtt200bb_raw,vol3-mtt-postflop/findings/mtt200bb_raw/SB_BB_A72_fd.json,Ad7c2d,7.75,7.75,7.75,,0.0,,200.125
CO_BB_KJT_rain,mtt200bb_raw,vol3-mtt-postflop/findings/mtt200bb_raw/CO_BB_KJT_rain.json,KhJdTs,6.25,6.25,6.25,,0.0,,200.125
HJ_BB_742_fd,mtt200bb_raw,vol3-mtt-postflop/findings/mtt200bb_raw/HJ_BB_742_fd.json,7d4c2d,6.25,6.25,6.25,,0.0,,200.125
BTN_BB_A94_fd,mtt200bb_raw,vol3-mtt-postflop/findings/mtt200bb_raw/BTN_BB_A94_fd.json,Ad9c4d,6.25,6.25,6.25,,0.0,,200.125
BTN_BB_T74_rain,mtt200bb_raw,vol3-mtt-postflop/findings/mtt200bb_raw/BTN_BB_T74_rain.json,Th7d4s,6.25,6.25,6.25,,0.0,,200.125
BTN_BB_T74_fd,mtt200bb_raw,vol3-mtt-postflop/findings/mtt200bb_raw/BTN_BB_T74_fd.json,Td7c4d,6.25,6.25,6.25,,0.0,,200.125
BTN_BB_T98_rain,mtt200bb_raw,vol3-mtt-postflop/findings/mtt200bb_raw/BTN_BB_T98_rain.json,Th9s8d,6.25,6.25,6.25,,0.0,,200.125
HJ_BB_T74_rain,mtt200bb_raw,vol3-mtt-postflop/findings/mtt200bb_raw/HJ_BB_T74_rain.json,Th7d4s,6.25,6.25,6.25,,0.0,,200.125
CO_BB_J73_rain,mtt200bb_raw,vol3-mtt-postflop/findings/mtt200bb_raw/CO_BB_J73_rain.json,Jh7d3s,6.25,6.25,6.25,,0.0,,200.125
UTG_BB_A72_rain,mtt200bb_raw,vol3-mtt-postflop/findings/mtt200bb_raw/UTG_BB_A72_rain.json,Ah7d2s,6.25,6.25,6.25,,0.0,,200.125
CO_BB_T98_rain,mtt200bb_raw,vol3-mtt-postflop/findings/mtt200bb_raw/CO_BB_T98_rain.json,Th9s8d,6.25,6.25,6.25,,0.0,,200.125
SB_BB_AA7_rain,mtt200bb_raw,vol3-mtt-postflop/findings/mtt200bb_raw/SB_BB_AA7_rain.json,AhAd7c,7.75,7.75,7.75,,0.0,,200.125
CO_BB_K98_rain,mtt200bb_raw,vol3-mtt-postflop/findings/mtt200bb_raw/CO_BB_K98_rain.json,Kd9s8c,6.25,6.25,6.25,,0.0,,200.125
CO_BB_765_rain,mtt200bb_raw,vol3-mtt-postflop/findings/mtt200bb_raw/CO_BB_765_rain.json,7h6d5s,6.25,6.25,6.25,,0.0,,200.125
SB_BB_T98_fd,mtt200bb_raw,vol3-mtt-postflop/findings/mtt200bb_raw/SB_BB_T98_fd.json,Td9s8d,7.75,7.75,7.75,,0.0,,200.125
BTN_BB_K72_fd,mtt200bb_raw,vol3-mtt-postflop/findings/mtt200bb_raw/BTN_BB_K72_fd.json,Kd7c2d,6.25,6.25,6.25,,0.0,,200.125
CO_BB_742_fd,mtt200bb_raw,vol3-mtt-postflop/findings/mtt200bb_raw/CO_BB_742_fd.json,7d4c2d,6.25,6.25,6.25,,0.0,,200.125
BTN_BB_K98_fd,mtt200bb_raw,vol3-mtt-postflop/findings/mtt200bb_raw/BTN_BB_K98_fd.json,Kd9c8d,6.25,6.25,6.25,,0.0,,200.125
CO_BB_KJT_fd,mtt200bb_raw,vol3-mtt-postflop/findings/mtt200bb_raw/CO_BB_KJT_fd.json,KdJcTd,6.25,6.25,6.25,,0.0,,200.125
CO_BB_A94_rain,mtt200bb_raw,vol3-mtt-postflop/findings/mtt200bb_raw/CO_BB_A94_rain.json,Ah9d4s,6.25,6.25,6.25,,0.0,,200.125
UTG_BB_Q83_fd,mtt200bb_raw,vol3-mtt-postflop/findings/mtt200bb_raw/UTG_BB_Q83_fd.json,Qd8c3d,6.25,6.25,6.25,,0.0,,200.125
BTN_BB_742_fd,mtt200bb_raw,vol3-mtt-postflop/findings/mtt200bb_raw/BTN_BB_742_fd.json,7d4c2d,6.25,6.25,6.25,,0.0,,200.125
SB_BB_765_fd,mtt200bb_raw,vol3-mtt-postflop/findings/mtt200bb_raw/SB_BB_765_fd.json,7d6c5d,7.75,7.75,7.75,,0.0,,200.125
HJ_BB_765_rain,mtt200bb_raw,vol3-mtt-postflop/findings/mtt200bb_raw/HJ_BB_765_rain.json,7h6d5s,6.25,6.25,6.25,,0.0,,200.125
SB_BB_A94_fd,mtt200bb_raw,vol3-mtt-postflop/findings/mtt200bb_raw/SB_BB_A94_fd.json,Ad9c4d,7.75,7.75,7.75,,0.0,,200.125
CO_BB_A72_rain,mtt200bb_raw,vol3-mtt-postflop/findings/mtt200bb_raw/CO_BB_A72_rain.json,Ah7d2s,6.25,6.25,6.25,,0.0,,200.125
CO_BB_KK8_rain,mtt200bb_raw,vol3-mtt-postflop/findings/mtt200bb_raw/CO_BB_KK8_rain.json,KhKd8c,6.25,6.25,6.25,,0.0,,200.125
UTG_BB_T74_rain,mtt200bb_raw,vol3-mtt-postflop/findings/mtt200bb_raw/UTG_BB_T74_rain.json,Th7d4s,6.25,6.25,6.25,,0.0,,200.125
HJ_BB_742_rain,mtt200bb_raw,vol3-mtt-postflop/findings/mtt200bb_raw/HJ_BB_742_rain.json,7h4d2s,6.25,6.25,6.25,,0.0,,200.125
BTN_BB_T98_fd,mtt200bb_raw,vol3-mtt-postflop/findings/mtt200bb_raw/BTN_BB_T98_fd.json,Td9s8d,6.25,6.25,6.25,,0.0,,200.125
CO_BB_Q83_fd,mtt200bb_raw,vol3-mtt-postflop/findings/mtt200bb_raw/CO_BB_Q83_fd.json,Qd8c3d,6.25,6.25,6.25,,0.0,,200.125
BTN_BB_765_rain,mtt200bb_raw,vol3-mtt-postflop/findings/mtt200bb_raw/BTN_BB_765_rain.json,7h6d5s,6.25,6.25,6.25,,0.0,,200.125
HJ_BB_J73_rain,mtt200bb_raw,vol3-mtt-postflop/findings/mtt200bb_raw/HJ_BB_J73_rain.json,Jh7d3s,6.25,6.25,6.25,,0.0,,200.125
SB_BB_T74_fd,mtt200bb_raw,vol3-mtt-postflop/findings/mtt200bb_raw/SB_BB_T74_fd.json,Td7c4d,7.75,7.75,7.75,,0.0,,200.125
UTG_BB_KJT_rain,mtt200bb_raw,vol3-mtt-postflop/findings/mtt200bb_raw/UTG_BB_KJT_rain.json,KhJdTs,6.25,6.25,6.25,,0.0,,200.125
UTG_BB_J73_fd,mtt200bb_raw,vol3-mtt-postflop/findings/mtt200bb_raw/UTG_BB_J73_fd.json,Jd7c3d,6.25,6.25,6.25,,0.0,,200.125
SB_BB_Q83_fd,mtt200bb_raw,vol3-mtt-postflop/findings/mtt200bb_raw/SB_BB_Q83_fd.json,Qd8c3d,7.75,7.75,7.75,,0.0,,200.125
BTN_BB_Q83_fd,mtt200bb_raw,vol3-mtt-postflop/findings/mtt200bb_raw/BTN_BB_Q83_fd.json,Qd8c3d,6.25,6.25,6.25,,0.0,,200.125
SB_BB_K72_rain,mtt200bb_raw,vol3-mtt-postflop/findings/mtt200bb_raw/SB_BB_K72_rain.json,Ks7d2c,7.75,7.75,7.75,,0.0,,200.125
HJ_BB_T98_rain,mtt200bb_raw,vol3-mtt-postflop/findings/mtt200bb_raw/HJ_BB_T98_rain.json,Th9s8d,6.25,6.25,6.25,,0.0,,200.125
CO_BB_A72_fd,mtt200bb_raw,vol3-mtt-postflop/findings/mtt200bb_raw/CO_BB_A72_fd.json,Ad7c2d,6.25,6.25,6.25,,0.0,,200.125
BTN_BB_KK8_rain,mtt200bb_raw,vol3-mtt-postflop/findings/mtt200bb_raw/BTN_BB_KK8_rain.json,KhKd8c,6.25,6.25,6.25,,0.0,,200.125
SB_BB_J73_rain,mtt200bb_raw,vol3-mtt-postflop/findings/mtt200bb_raw/SB_BB_J73_rain.json,Jh7d3s,7.75,7.75,7.75,,0.0,,200.125
UTG_BB_K72_rain,mtt200bb_raw,vol3-mtt-postflop/findings/mtt200bb_raw/UTG_BB_K72_rain.json,Ks7d2c,6.25,6.25,6.25,,0.0,,200.125
BTN_BB_KJT_rain,mtt200bb_raw,vol3-mtt-postflop/findings/mtt200bb_raw/BTN_BB_KJT_rain.json,KhJdTs,6.25,6.25,6.25,,0.0,,200.125
UTG_BB_K98_rain,mtt200bb_raw,vol3-mtt-postflop/findings/mtt200bb_raw/UTG_BB_K98_rain.json,Kd9s8c,6.25,6.25,6.25,,0.0,,200.125
CO_BB_T98_fd,mtt200bb_raw,vol3-mtt-postflop/findings/mtt200bb_raw/CO_BB_T98_fd.json,Td9s8d,6.25,6.25,6.25,,0.0,,200.125
HJ_BB_K72_fd,mtt200bb_raw,vol3-mtt-postflop/findings/mtt200bb_raw/HJ_BB_K72_fd.json,Kd7c2d,6.25,6.25,6.25,,0.0,,200.125
SB_BB_T74_rain,mtt200bb_raw,vol3-mtt-postflop/findings/mtt200bb_raw/SB_BB_T74_rain.json,Th7d4s,7.75,7.75,7.75,,0.0,,200.125
BTN_BB_J73_rain,mtt200bb_raw,vol3-mtt-postflop/findings/mtt200bb_raw/BTN_BB_J73_rain.json,Jh7d3s,6.25,6.25,6.25,,0.0,,200.125
SB_BB_K98_rain,mtt200bb_raw,vol3-mtt-postflop/findings/mtt200bb_raw/SB_BB_K98_rain.json,Kd9s8c,7.75,7.75,7.75,,0.0,,200.125
CO_BB_AA7_rain,mtt200bb_raw,vol3-mtt-postflop/findings/mtt200bb_raw/CO_BB_AA7_rain.json,AhAd7c,6.25,6.25,6.25,,0.0,,200.125
UTG_BB_A94_rain,mtt200bb_raw,vol3-mtt-postflop/findings/mtt200bb_raw/UTG_BB_A94_rain.json,Ah9d4s,6.25,6.25,6.25,,0.0,,200.125
BTN_BB_K98_rain,mtt200bb_raw,vol3-mtt-postflop/findings/mtt200bb_raw/BTN_BB_K98_rain.json,Kd9s8c,6.25,6.25,6.25,,0.0,,200.125
HJ_BB_Q83_fd,mtt200bb_raw,vol3-mtt-postflop/findings/mtt200bb_raw/HJ_BB_Q83_fd.json,Qd8c3d,6.25,6.25,6.25,,0.0,,200.125
HJ_BB_KK8_rain,mtt200bb_raw,vol3-mtt-postflop/findings/mtt200bb_raw/HJ_BB_KK8_rain.json,KhKd8c,6.25,6.25,6.25,,0.0,,200.125
K72_fd,def_cash100_bb_raw,vol3-mtt-postflop/findings/def_cash100_bb_raw/K72_fd.json,Kd7c2d,5.5,7.3,7.3,0.198,1.8,0.32727272727272727,100.0
765_rain,def_cash100_bb_raw,vol3-mtt-postflop/findings/def_cash100_bb_raw/765_rain.json,7h6d5s,5.5,11.9,11.9,0.35,6.4,1.1636363636363638,100.0
742_rain,def_cash100_bb_raw,vol3-mtt-postflop/findings/def_cash100_bb_raw/742_rain.json,7h4d2s,5.5,11.9,11.9,0.35,6.4,1.1636363636363638,100.0
Q83_rain,def_cash100_bb_raw,vol3-mtt-postflop/findings/def_cash100_bb_raw/Q83_rain.json,Qh8d3s,5.5,7.3,7.3,0.198,1.8,0.32727272727272727,100.0
T98_fd,def_cash100_bb_raw,vol3-mtt-postflop/findings/def_cash100_bb_raw/T98_fd.json,Td9s8d,5.5,7.3,7.3,0.198,1.8,0.32727272727272727,100.0
A94_fd,def_cash100_bb_raw,vol3-mtt-postflop/findings/def_cash100_bb_raw/A94_fd.json,Ad9c4d,5.5,7.3,7.3,0.198,1.8,0.32727272727272727,100.0
KJT_rain,def_cash100_bb_raw,vol3-mtt-postflop/findings/def_cash100_bb_raw/KJT_rain.json,KhJdTs,5.5,7.3,7.3,0.198,1.8,0.32727272727272727,100.0
K72_rain,def_cash100_bb_raw,vol3-mtt-postflop/findings/def_cash100_bb_raw/K72_rain.json,Ks7d2c,5.5,7.3,7.3,0.198,1.8,0.32727272727272727,100.0
T74_rain,def_cash100_bb_raw,vol3-mtt-postflop/findings/def_cash100_bb_raw/T74_rain.json,Th7d4s,5.5,11.9,11.9,0.35,6.4,1.1636363636363638,100.0
K98_fd,def_cash100_bb_raw,vol3-mtt-postflop/findings/def_cash100_bb_raw/K98_fd.json,Kd9c8d,5.5,7.3,7.3,0.198,1.8,0.32727272727272727,100.0
765_fd,def_cash100_bb_raw,vol3-mtt-postflop/findings/def_cash100_bb_raw/765_fd.json,7d6c5d,5.5,7.3,7.3,0.198,1.8,0.32727272727272727,100.0
T74_fd,def_cash100_bb_raw,vol3-mtt-postflop/findings/def_cash100_bb_raw/T74_fd.json,Td7c4d,5.5,11.9,11.9,0.35,6.4,1.1636363636363638,100.0
J73_rain,def_cash100_bb_raw,vol3-mtt-postflop/findings/def_cash100_bb_raw/J73_rain.json,Jh7d3s,5.5,11.9,11.9,0.35,6.4,1.1636363636363638,100.0
Q83_fd,def_cash100_bb_raw,vol3-mtt-postflop/findings/def_cash100_bb_raw/Q83_fd.json,Qd8c3d,5.5,7.3,7.3,0.198,1.8,0.32727272727272727,100.0
KK8_rain,def_cash100_bb_raw,vol3-mtt-postflop/findings/def_cash100_bb_raw/KK8_rain.json,KhKd8c,5.5,7.3,7.3,0.198,1.8,0.32727272727272727,100.0
AA7_rain,def_cash100_bb_raw,vol3-mtt-postflop/findings/def_cash100_bb_raw/AA7_rain.json,AhAd7c,5.5,7.3,7.3,0.198,1.8,0.32727272727272727,100.0
J73_fd,def_cash100_bb_raw,vol3-mtt-postflop/findings/def_cash100_bb_raw/J73_fd.json,Jd7c3d,5.5,11.9,11.9,0.35,6.4,1.1636363636363638,100.0
742_fd,def_cash100_bb_raw,vol3-mtt-postflop/findings/def_cash100_bb_raw/742_fd.json,7d4c2d,5.5,7.3,7.3,0.198,1.8,0.32727272727272727,100.0
KJT_fd,def_cash100_bb_raw,vol3-mtt-postflop/findings/def_cash100_bb_raw/KJT_fd.json,KdJcTd,5.5,7.3,7.3,0.198,1.8,0.32727272727272727,100.0
T98_rain,def_cash100_bb_raw,vol3-mtt-postflop/findings/def_cash100_bb_raw/T98_rain.json,Th9s8d,5.5,7.3,7.3,0.198,1.8,0.32727272727272727,100.0
A94_rain,def_cash100_bb_raw,vol3-mtt-postflop/findings/def_cash100_bb_raw/A94_rain.json,Ah9d4s,5.5,7.3,7.3,0.198,1.8,0.32727272727272727,100.0
A72_fd,def_cash100_bb_raw,vol3-mtt-postflop/findings/def_cash100_bb_raw/A72_fd.json,Ad7c2d,5.5,7.3,7.3,0.198,1.8,0.32727272727272727,100.0
A72_rain,def_cash100_bb_raw,vol3-mtt-postflop/findings/def_cash100_bb_raw/A72_rain.json,Ah7d2s,5.5,7.3,7.3,0.198,1.8,0.32727272727272727,100.0
K98_rain,def_cash100_bb_raw,vol3-mtt-postflop/findings/def_cash100_bb_raw/K98_rain.json,Kd9s8c,5.5,7.3,7.3,0.198,1.8,0.32727272727272727,100.0
BTN_BB_KJT_fd,3bp25_raw,vol3-mtt-postflop/findings/3bp25_raw/BTN_BB_KJT_fd.json,KdJcTd,14.25,14.25,14.25,,0.0,,25.125
BTN_BB_742_rain,3bp25_raw,vol3-mtt-postflop/findings/3bp25_raw/BTN_BB_742_rain.json,7h4d2s,14.25,14.25,14.25,,0.0,,25.125
BTN_BB_Q83_rain,3bp25_raw,vol3-mtt-postflop/findings/3bp25_raw/BTN_BB_Q83_rain.json,Qh8d3s,14.25,14.25,14.25,,0.0,,25.125
BTN_BB_AA7_rain,3bp25_raw,vol3-mtt-postflop/findings/3bp25_raw/BTN_BB_AA7_rain.json,AhAd7c,14.25,14.25,14.25,,0.0,,25.125
BTN_BB_A94_rain,3bp25_raw,vol3-mtt-postflop/findings/3bp25_raw/BTN_BB_A94_rain.json,Ah9d4s,14.25,14.25,14.25,,0.0,,25.125
BTN_BB_J73_fd,3bp25_raw,vol3-mtt-postflop/findings/3bp25_raw/BTN_BB_J73_fd.json,Jd7c3d,14.25,14.25,14.25,,0.0,,25.125
BTN_BB_765_fd,3bp25_raw,vol3-mtt-postflop/findings/3bp25_raw/BTN_BB_765_fd.json,7d6c5d,14.25,14.25,14.25,,0.0,,25.125
BTN_BB_K72_rain,3bp25_raw,vol3-mtt-postflop/findings/3bp25_raw/BTN_BB_K72_rain.json,Ks7d2c,14.25,14.25,14.25,,0.0,,25.125
BTN_BB_A72_rain,3bp25_raw,vol3-mtt-postflop/findings/3bp25_raw/BTN_BB_A72_rain.json,Ah7d2s,14.25,14.25,14.25,,0.0,,25.125
BTN_BB_A72_fd,3bp25_raw,vol3-mtt-postflop/findings/3bp25_raw/BTN_BB_A72_fd.json,Ad7c2d,14.25,14.25,14.25,,0.0,,25.125
BTN_BB_A94_fd,3bp25_raw,vol3-mtt-postflop/findings/3bp25_raw/BTN_BB_A94_fd.json,Ad9c4d,14.25,14.25,14.25,,0.0,,25.125
BTN_BB_T74_rain,3bp25_raw,vol3-mtt-postflop/findings/3bp25_raw/BTN_BB_T74_rain.json,Th7d4s,14.25,14.25,14.25,,0.0,,25.125
BTN_BB_T74_fd,3bp25_raw,vol3-mtt-postflop/findings/3bp25_raw/BTN_BB_T74_fd.json,Td7c4d,14.25,14.25,14.25,,0.0,,25.125
BTN_BB_T98_rain,3bp25_raw,vol3-mtt-postflop/findings/3bp25_raw/BTN_BB_T98_rain.json,Th9s8d,14.25,14.25,14.25,,0.0,,25.125
BTN_BB_K72_fd,3bp25_raw,vol3-mtt-postflop/findings/3bp25_raw/BTN_BB_K72_fd.json,Kd7c2d,14.25,14.25,14.25,,0.0,,25.125
BTN_BB_K98_fd,3bp25_raw,vol3-mtt-postflop/findings/3bp25_raw/BTN_BB_K98_fd.json,Kd9c8d,14.25,14.25,14.25,,0.0,,25.125
BTN_BB_742_fd,3bp25_raw,vol3-mtt-postflop/findings/3bp25_raw/BTN_BB_742_fd.json,7d4c2d,14.25,14.25,14.25,,0.0,,25.125
BTN_BB_T98_fd,3bp25_raw,vol3-mtt-postflop/findings/3bp25_raw/BTN_BB_T98_fd.json,Td9s8d,14.25,14.25,14.25,,0.0,,25.125
BTN_BB_765_rain,3bp25_raw,vol3-mtt-postflop/findings/3bp25_raw/BTN_BB_765_rain.json,7h6d5s,14.25,14.25,14.25,,0.0,,25.125
BTN_BB_Q83_fd,3bp25_raw,vol3-mtt-postflop/findings/3bp25_raw/BTN_BB_Q83_fd.json,Qd8c3d,14.25,14.25,14.25,,0.0,,25.125
BTN_BB_KK8_rain,3bp25_raw,vol3-mtt-postflop/findings/3bp25_raw/BTN_BB_KK8_rain.json,KhKd8c,14.25,14.25,14.25,,0.0,,25.125
BTN_BB_KJT_rain,3bp25_raw,vol3-mtt-postflop/findings/3bp25_raw/BTN_BB_KJT_rain.json,KhJdTs,14.25,14.25,14.25,,0.0,,25.125
BTN_BB_J73_rain,3bp25_raw,vol3-mtt-postflop/findings/3bp25_raw/BTN_BB_J73_rain.json,Jh7d3s,14.25,14.25,14.25,,0.0,,25.125
BTN_BB_K98_rain,3bp25_raw,vol3-mtt-postflop/findings/3bp25_raw/BTN_BB_K98_rain.json,Kd9s8c,14.25,14.25,14.25,,0.0,,25.125
K72r_7,turn_mtt50_btn_raw,vol3-mtt-postflop/findings/turn_mtt50_btn_raw/K72r_7.json,Ks7d2c7h,10.45,10.45,10.45,,0.0,,50.125
Q83_8,turn_mtt50_btn_raw,vol3-mtt-postflop/findings/turn_mtt50_btn_raw/Q83_8.json,Qh8d3s8c,10.45,10.45,10.45,,0.0,,50.125
K98r_7,turn_mtt50_btn_raw,vol3-mtt-postflop/findings/turn_mtt50_btn_raw/K98r_7.json,Kd9s8c7c,10.45,10.45,10.45,,0.0,,50.125
K98r_2,turn_mtt50_btn_raw,vol3-mtt-postflop/findings/turn_mtt50_btn_raw/K98r_2.json,Kd9s8c2h,10.45,10.45,10.45,,0.0,,50.125
Q83_2,turn_mtt50_btn_raw,vol3-mtt-postflop/findings/turn_mtt50_btn_raw/Q83_2.json,Qh8d3s2c,10.45,10.45,10.45,,0.0,,50.125
K98r_T,turn_mtt50_btn_raw,vol3-mtt-postflop/findings/turn_mtt50_btn_raw/K98r_T.json,Kd9s8cTc,10.45,10.45,10.45,,0.0,,50.125
KJT_Q,turn_mtt50_btn_raw,vol3-mtt-postflop/findings/turn_mtt50_btn_raw/KJT_Q.json,KhJdTsQc,15.85,15.85,15.85,,0.0,,50.125
KJT_2,turn_mtt50_btn_raw,vol3-mtt-postflop/findings/turn_mtt50_btn_raw/KJT_2.json,KhJdTs2c,15.85,15.85,15.85,,0.0,,50.125
KJT_9,turn_mtt50_btn_raw,vol3-mtt-postflop/findings/turn_mtt50_btn_raw/KJT_9.json,KhJdTs9c,15.85,15.85,15.85,,0.0,,50.125
T98r_2,turn_mtt50_btn_raw,vol3-mtt-postflop/findings/turn_mtt50_btn_raw/T98r_2.json,Th9s8d2c,15.85,15.85,15.85,,0.0,,50.125
T98r_7,turn_mtt50_btn_raw,vol3-mtt-postflop/findings/turn_mtt50_btn_raw/T98r_7.json,Th9s8d7c,15.85,15.85,15.85,,0.0,,50.125
Q83_A,turn_mtt50_btn_raw,vol3-mtt-postflop/findings/turn_mtt50_btn_raw/Q83_A.json,Qh8d3sAc,10.45,10.45,10.45,,0.0,,50.125
T98r_T,turn_mtt50_btn_raw,vol3-mtt-postflop/findings/turn_mtt50_btn_raw/T98r_T.json,Th9s8dTc,15.85,15.85,15.85,,0.0,,50.125
AA7_7,turn_mtt50_btn_raw,vol3-mtt-postflop/findings/turn_mtt50_btn_raw/AA7_7.json,AhAd7c7d,10.45,10.45,10.45,,0.0,,50.125
K72r_K,turn_mtt50_btn_raw,vol3-mtt-postflop/findings/turn_mtt50_btn_raw/K72r_K.json,Ks7d2cKd,10.45,10.45,10.45,,0.0,,50.125
T98r_J,turn_mtt50_btn_raw,vol3-mtt-postflop/findings/turn_mtt50_btn_raw/T98r_J.json,Th9s8dJc,15.85,15.85,15.85,,0.0,,50.125
AA7_2,turn_mtt50_btn_raw,vol3-mtt-postflop/findings/turn_mtt50_btn_raw/AA7_2.json,AhAd7c2d,10.45,10.45,10.45,,0.0,,50.125
K72r_2,turn_mtt50_btn_raw,vol3-mtt-postflop/findings/turn_mtt50_btn_raw/K72r_2.json,Ks7d2c2h,10.45,10.45,10.45,,0.0,,50.125
KJT_K,turn_mtt50_btn_raw,vol3-mtt-postflop/findings/turn_mtt50_btn_raw/KJT_K.json,KhJdTsKc,15.85,15.85,15.85,,0.0,,50.125
Q83_K,turn_mtt50_btn_raw,vol3-mtt-postflop/findings/turn_mtt50_btn_raw/Q83_K.json,Qh8d3sKc,10.45,10.45,10.45,,0.0,,50.125
K98r_K,turn_mtt50_btn_raw,vol3-mtt-postflop/findings/turn_mtt50_btn_raw/K98r_K.json,Kd9s8cKh,10.45,10.45,10.45,,0.0,,50.125
K72r_A,turn_mtt50_btn_raw,vol3-mtt-postflop/findings/turn_mtt50_btn_raw/K72r_A.json,Ks7d2cAh,10.45,10.45,10.45,,0.0,,50.125
T98r_A,turn_mtt50_btn_raw,vol3-mtt-postflop/findings/turn_mtt50_btn_raw/T98r_A.json,Th9s8dAc,15.85,15.85,15.85,,0.0,,50.125
K98r_A,turn_mtt50_btn_raw,vol3-mtt-postflop/findings/turn_mtt50_btn_raw/K98r_A.json,Kd9s8cAh,10.45,10.45,10.45,,0.0,,50.125
AA7_5,turn_mtt50_btn_raw,vol3-mtt-postflop/findings/turn_mtt50_btn_raw/AA7_5.json,AhAd7c5d,10.45,10.45,10.45,,0.0,,50.125
AA7_A,turn_mtt50_btn_raw,vol3-mtt-postflop/findings/turn_mtt50_btn_raw/AA7_A.json,AhAd7cAs,10.45,10.45,10.45,,0.0,,50.125
Q83_Q,turn_mtt50_btn_raw,vol3-mtt-postflop/findings/turn_mtt50_btn_raw/Q83_Q.json,Qh8d3sQc,10.45,10.45,10.45,,0.0,,50.125
AA7_K,turn_mtt50_btn_raw,vol3-mtt-postflop/findings/turn_mtt50_btn_raw/AA7_K.json,AhAd7cKd,10.45,10.45,10.45,,0.0,,50.125
K72r_8,turn_mtt50_btn_raw,vol3-mtt-postflop/findings/turn_mtt50_btn_raw/K72r_8.json,Ks7d2c8h,10.45,10.45,10.45,,0.0,,50.125
KJT_A,turn_mtt50_btn_raw,vol3-mtt-postflop/findings/turn_mtt50_btn_raw/KJT_A.json,KhJdTsAc,15.85,15.85,15.85,,0.0,,50.125
K72_fd,def_mtt50_bb_raw,vol3-mtt-postflop/findings/def_mtt50_bb_raw/K72_fd.json,Kd7c2d,6.25,8.35,8.35,0.21,2.1,0.336,50.125
765_rain,def_mtt50_bb_raw,vol3-mtt-postflop/findings/def_mtt50_bb_raw/765_rain.json,7h6d5s,6.25,11.05,11.05,0.308,4.8,0.768,50.125
742_rain,def_mtt50_bb_raw,vol3-mtt-postflop/findings/def_mtt50_bb_raw/742_rain.json,7h4d2s,6.25,11.05,11.05,0.308,4.8,0.768,50.125
Q83_rain,def_mtt50_bb_raw,vol3-mtt-postflop/findings/def_mtt50_bb_raw/Q83_rain.json,Qh8d3s,6.25,8.35,8.35,0.21,2.1,0.336,50.125
T98_fd,def_mtt50_bb_raw,vol3-mtt-postflop/findings/def_mtt50_bb_raw/T98_fd.json,Td9s8d,6.25,11.05,11.05,0.308,4.8,0.768,50.125
A94_fd,def_mtt50_bb_raw,vol3-mtt-postflop/findings/def_mtt50_bb_raw/A94_fd.json,Ad9c4d,6.25,8.35,8.35,0.21,2.1,0.336,50.125
KJT_rain,def_mtt50_bb_raw,vol3-mtt-postflop/findings/def_mtt50_bb_raw/KJT_rain.json,KhJdTs,6.25,11.05,11.05,0.308,4.8,0.768,50.125
K72_rain,def_mtt50_bb_raw,vol3-mtt-postflop/findings/def_mtt50_bb_raw/K72_rain.json,Ks7d2c,6.25,8.35,8.35,0.21,2.1,0.336,50.125
T74_rain,def_mtt50_bb_raw,vol3-mtt-postflop/findings/def_mtt50_bb_raw/T74_rain.json,Th7d4s,6.25,11.05,11.05,0.308,4.8,0.768,50.125
K98_fd,def_mtt50_bb_raw,vol3-mtt-postflop/findings/def_mtt50_bb_raw/K98_fd.json,Kd9c8d,6.25,8.35,8.35,0.21,2.1,0.336,50.125
765_fd,def_mtt50_bb_raw,vol3-mtt-postflop/findings/def_mtt50_bb_raw/765_fd.json,7d6c5d,6.25,8.35,8.35,0.21,2.1,0.336,50.125
T74_fd,def_mtt50_bb_raw,vol3-mtt-postflop/findings/def_mtt50_bb_raw/T74_fd.json,Td7c4d,6.25,11.05,11.05,0.308,4.8,0.768,50.125
J73_rain,def_mtt50_bb_raw,vol3-mtt-postflop/findings/def_mtt50_bb_raw/J73_rain.json,Jh7d3s,6.25,11.05,11.05,0.308,4.8,0.768,50.125
Q83_fd,def_mtt50_bb_raw,vol3-mtt-postflop/findings/def_mtt50_bb_raw/Q83_fd.json,Qd8c3d,6.25,8.35,8.35,0.21,2.1,0.336,50.125
KK8_rain,def_mtt50_bb_raw,vol3-mtt-postflop/findings/def_mtt50_bb_raw/KK8_rain.json,KhKd8c,6.25,8.35,8.35,0.21,2.1,0.336,50.125
AA7_rain,def_mtt50_bb_raw,vol3-mtt-postflop/findings/def_mtt50_bb_raw/AA7_rain.json,AhAd7c,6.25,8.35,8.35,0.21,2.1,0.336,50.125
J73_fd,def_mtt50_bb_raw,vol3-mtt-postflop/findings/def_mtt50_bb_raw/J73_fd.json,Jd7c3d,6.25,8.35,8.35,0.21,2.1,0.336,50.125
742_fd,def_mtt50_bb_raw,vol3-mtt-postflop/findings/def_mtt50_bb_raw/742_fd.json,7d4c2d,6.25,8.35,8.35,0.21,2.1,0.336,50.125
KJT_fd,def_mtt50_bb_raw,vol3-mtt-postflop/findings/def_mtt50_bb_raw/KJT_fd.json,KdJcTd,6.25,11.05,11.05,0.308,4.8,0.768,50.125
T98_rain,def_mtt50_bb_raw,vol3-mtt-postflop/findings/def_mtt50_bb_raw/T98_rain.json,Th9s8d,6.25,11.05,11.05,0.308,4.8,0.768,50.125
A94_rain,def_mtt50_bb_raw,vol3-mtt-postflop/findings/def_mtt50_bb_raw/A94_rain.json,Ah9d4s,6.25,8.35,8.35,0.21,2.1,0.336,50.125
A72_fd,def_mtt50_bb_raw,vol3-mtt-postflop/findings/def_mtt50_bb_raw/A72_fd.json,Ad7c2d,6.25,8.35,8.35,0.21,2.1,0.336,50.125
A72_rain,def_mtt50_bb_raw,vol3-mtt-postflop/findings/def_mtt50_bb_raw/A72_rain.json,Ah7d2s,6.25,8.35,8.35,0.21,2.1,0.336,50.125
K98_rain,def_mtt50_bb_raw,vol3-mtt-postflop/findings/def_mtt50_bb_raw/K98_rain.json,Kd9s8c,6.25,8.35,8.35,0.21,2.1,0.336,50.125
CO_BB_K98_fd,mtt50bb_raw,vol3-mtt-postflop/findings/mtt50bb_raw/CO_BB_K98_fd.json,Kd9c8d,5.85,5.85,5.85,,0.0,,50.125
BTN_BB_KJT_fd,mtt50bb_raw,vol3-mtt-postflop/findings/mtt50bb_raw/BTN_BB_KJT_fd.json,KdJcTd,6.25,6.25,6.25,,0.0,,50.125
HJ_BB_K98_rain,mtt50bb_raw,vol3-mtt-postflop/findings/mtt50bb_raw/HJ_BB_K98_rain.json,Kd9s8c,5.65,5.65,5.65,,0.0,,50.125
CO_BB_765_fd,mtt50bb_raw,vol3-mtt-postflop/findings/mtt50bb_raw/CO_BB_765_fd.json,7d6c5d,5.85,5.85,5.85,,0.0,,50.125
HJ_BB_T74_fd,mtt50bb_raw,vol3-mtt-postflop/findings/mtt50bb_raw/HJ_BB_T74_fd.json,Td7c4d,5.65,5.65,5.65,,0.0,,50.125
UTG_BB_K72_fd,mtt50bb_raw,vol3-mtt-postflop/findings/mtt50bb_raw/UTG_BB_K72_fd.json,Kd7c2d,5.65,5.65,5.65,,0.0,,50.125
UTG_BB_J73_rain,mtt50bb_raw,vol3-mtt-postflop/findings/mtt50bb_raw/UTG_BB_J73_rain.json,Jh7d3s,5.65,5.65,5.65,,0.0,,50.125
CO_BB_K72_rain,mtt50bb_raw,vol3-mtt-postflop/findings/mtt50bb_raw/CO_BB_K72_rain.json,Ks7d2c,5.85,5.85,5.85,,0.0,,50.125
SB_BB_742_rain,mtt50bb_raw,vol3-mtt-postflop/findings/mtt50bb_raw/SB_BB_742_rain.json,7h4d2s,6.75,6.75,6.75,,0.0,,50.125
CO_BB_742_rain,mtt50bb_raw,vol3-mtt-postflop/findings/mtt50bb_raw/CO_BB_742_rain.json,7h4d2s,5.85,5.85,5.85,,0.0,,50.125
BTN_BB_742_rain,mtt50bb_raw,vol3-mtt-postflop/findings/mtt50bb_raw/BTN_BB_742_rain.json,7h4d2s,6.25,6.25,6.25,,0.0,,50.125
HJ_BB_A72_fd,mtt50bb_raw,vol3-mtt-postflop/findings/mtt50bb_raw/HJ_BB_A72_fd.json,Ad7c2d,5.65,5.65,5.65,,0.0,,50.125
SB_BB_Q83_rain,mtt50bb_raw,vol3-mtt-postflop/findings/mtt50bb_raw/SB_BB_Q83_rain.json,Qh8d3s,6.75,6.75,6.75,,0.0,,50.125
BTN_BB_Q83_rain,mtt50bb_raw,vol3-mtt-postflop/findings/mtt50bb_raw/BTN_BB_Q83_rain.json,Qh8d3s,6.25,6.25,6.25,,0.0,,50.125
UTG_BB_T98_rain,mtt50bb_raw,vol3-mtt-postflop/findings/mtt50bb_raw/UTG_BB_T98_rain.json,Th9s8d,5.65,5.65,5.65,,0.0,,50.125
UTG_BB_KK8_rain,mtt50bb_raw,vol3-mtt-postflop/findings/mtt50bb_raw/UTG_BB_KK8_rain.json,KhKd8c,5.65,5.65,5.65,,0.0,,50.125
SB_BB_A94_rain,mtt50bb_raw,vol3-mtt-postflop/findings/mtt50bb_raw/SB_BB_A94_rain.json,Ah9d4s,6.75,6.75,6.75,,0.0,,50.125
HJ_BB_A72_rain,mtt50bb_raw,vol3-mtt-postflop/findings/mtt50bb_raw/HJ_BB_A72_rain.json,Ah7d2s,5.65,5.65,5.65,,0.0,,50.125
UTG_BB_765_fd,mtt50bb_raw,vol3-mtt-postflop/findings/mtt50bb_raw/UTG_BB_765_fd.json,7d6c5d,5.65,5.65,5.65,,0.0,,50.125
UTG_BB_T74_fd,mtt50bb_raw,vol3-mtt-postflop/findings/mtt50bb_raw/UTG_BB_T74_fd.json,Td7c4d,5.65,5.65,5.65,,0.0,,50.125
UTG_BB_T98_fd,mtt50bb_raw,vol3-mtt-postflop/findings/mtt50bb_raw/UTG_BB_T98_fd.json,Td9s8d,5.65,5.65,5.65,,0.0,,50.125
BTN_BB_AA7_rain,mtt50bb_raw,vol3-mtt-postflop/findings/mtt50bb_raw/BTN_BB_AA7_rain.json,AhAd7c,6.25,6.25,6.25,,0.0,,50.125
SB_BB_765_rain,mtt50bb_raw,vol3-mtt-postflop/findings/mtt50bb_raw/SB_BB_765_rain.json,7h6d5s,6.75,6.75,6.75,,0.0,,50.125
HJ_BB_K72_rain,mtt50bb_raw,vol3-mtt-postflop/findings/mtt50bb_raw/HJ_BB_K72_rain.json,Ks7d2c,5.65,5.65,5.65,,0.0,,50.125
SB_BB_T98_rain,mtt50bb_raw,vol3-mtt-postflop/findings/mtt50bb_raw/SB_BB_T98_rain.json,Th9s8d,6.75,6.75,6.75,,0.0,,50.125
UTG_BB_KJT_fd,mtt50bb_raw,vol3-mtt-postflop/findings/mtt50bb_raw/UTG_BB_KJT_fd.json,KdJcTd,5.65,5.65,5.65,,0.0,,50.125
BTN_BB_A94_rain,mtt50bb_raw,vol3-mtt-postflop/findings/mtt50bb_raw/BTN_BB_A94_rain.json,Ah9d4s,6.25,6.25,6.25,,0.0,,50.125
UTG_BB_AA7_rain,mtt50bb_raw,vol3-mtt-postflop/findings/mtt50bb_raw/UTG_BB_AA7_rain.json,AhAd7c,5.65,5.65,5.65,,0.0,,50.125
CO_BB_Q83_rain,mtt50bb_raw,vol3-mtt-postflop/findings/mtt50bb_raw/CO_BB_Q83_rain.json,Qh8d3s,5.85,5.85,5.85,,0.0,,50.125
HJ_BB_A94_rain,mtt50bb_raw,vol3-mtt-postflop/findings/mtt50bb_raw/HJ_BB_A94_rain.json,Ah9d4s,5.65,5.65,5.65,,0.0,,50.125
SB_BB_KJT_rain,mtt50bb_raw,vol3-mtt-postflop/findings/mtt50bb_raw/SB_BB_KJT_rain.json,KhJdTs,6.75,6.75,6.75,,0.0,,50.125
UTG_BB_K98_fd,mtt50bb_raw,vol3-mtt-postflop/findings/mtt50bb_raw/UTG_BB_K98_fd.json,Kd9c8d,5.65,5.65,5.65,,0.0,,50.125
BTN_BB_J73_fd,mtt50bb_raw,vol3-mtt-postflop/findings/mtt50bb_raw/BTN_BB_J73_fd.json,Jd7c3d,6.25,6.25,6.25,,0.0,,50.125
UTG_BB_742_fd,mtt50bb_raw,vol3-mtt-postflop/findings/mtt50bb_raw/UTG_BB_742_fd.json,7d4c2d,5.65,5.65,5.65,,0.0,,50.125
CO_BB_A94_fd,mtt50bb_raw,vol3-mtt-postflop/findings/mtt50bb_raw/CO_BB_A94_fd.json,Ad9c4d,5.85,5.85,5.85,,0.0,,50.125
HJ_BB_765_fd,mtt50bb_raw,vol3-mtt-postflop/findings/mtt50bb_raw/HJ_BB_765_fd.json,7d6c5d,5.65,5.65,5.65,,0.0,,50.125
CO_BB_K72_fd,mtt50bb_raw,vol3-mtt-postflop/findings/mtt50bb_raw/CO_BB_K72_fd.json,Kd7c2d,5.85,5.85,5.85,,0.0,,50.125
SB_BB_742_fd,mtt50bb_raw,vol3-mtt-postflop/findings/mtt50bb_raw/SB_BB_742_fd.json,7d4c2d,6.75,6.75,6.75,,0.0,,50.125
BTN_BB_765_fd,mtt50bb_raw,vol3-mtt-postflop/findings/mtt50bb_raw/BTN_BB_765_fd.json,7d6c5d,6.25,6.25,6.25,,0.0,,50.125
BTN_BB_K72_rain,mtt50bb_raw,vol3-mtt-postflop/findings/mtt50bb_raw/BTN_BB_K72_rain.json,Ks7d2c,6.25,6.25,6.25,,0.0,,50.125
UTG_BB_765_rain,mtt50bb_raw,vol3-mtt-postflop/findings/mtt50bb_raw/UTG_BB_765_rain.json,7h6d5s,5.65,5.65,5.65,,0.0,,50.125
HJ_BB_K98_fd,mtt50bb_raw,vol3-mtt-postflop/findings/mtt50bb_raw/HJ_BB_K98_fd.json,Kd9c8d,5.65,5.65,5.65,,0.0,,50.125
BTN_BB_A72_rain,mtt50bb_raw,vol3-mtt-postflop/findings/mtt50bb_raw/BTN_BB_A72_rain.json,Ah7d2s,6.25,6.25,6.25,,0.0,,50.125
HJ_BB_J73_fd,mtt50bb_raw,vol3-mtt-postflop/findings/mtt50bb_raw/HJ_BB_J73_fd.json,Jd7c3d,5.65,5.65,5.65,,0.0,,50.125
HJ_BB_Q83_rain,mtt50bb_raw,vol3-mtt-postflop/findings/mtt50bb_raw/HJ_BB_Q83_rain.json,Qh8d3s,5.65,5.65,5.65,,0.0,,50.125
SB_BB_K98_fd,mtt50bb_raw,vol3-mtt-postflop/findings/mtt50bb_raw/SB_BB_K98_fd.json,Kd9c8d,6.75,6.75,6.75,,0.0,,50.125
CO_BB_T74_fd,mtt50bb_raw,vol3-mtt-postflop/findings/mtt50bb_raw/CO_BB_T74_fd.json,Td7c4d,5.85,5.85,5.85,,0.0,,50.125
UTG_BB_742_rain,mtt50bb_raw,vol3-mtt-postflop/findings/mtt50bb_raw/UTG_BB_742_rain.json,7h4d2s,5.65,5.65,5.65,,0.0,,50.125
SB_BB_K72_fd,mtt50bb_raw,vol3-mtt-postflop/findings/mtt50bb_raw/SB_BB_K72_fd.json,Kd7c2d,6.75,6.75,6.75,,0.0,,50.125
SB_BB_KK8_rain,mtt50bb_raw,vol3-mtt-postflop/findings/mtt50bb_raw/SB_BB_KK8_rain.json,KhKd8c,6.75,6.75,6.75,,0.0,,50.125
HJ_BB_KJT_rain,mtt50bb_raw,vol3-mtt-postflop/findings/mtt50bb_raw/HJ_BB_KJT_rain.json,KhJdTs,5.65,5.65,5.65,,0.0,,50.125
SB_BB_A72_rain,mtt50bb_raw,vol3-mtt-postflop/findings/mtt50bb_raw/SB_BB_A72_rain.json,Ah7d2s,6.75,6.75,6.75,,0.0,,50.125
UTG_BB_Q83_rain,mtt50bb_raw,vol3-mtt-postflop/findings/mtt50bb_raw/UTG_BB_Q83_rain.json,Qh8d3s,5.65,5.65,5.65,,0.0,,50.125
HJ_BB_A94_fd,mtt50bb_raw,vol3-mtt-postflop/findings/mtt50bb_raw/HJ_BB_A94_fd.json,Ad9c4d,5.65,5.65,5.65,,0.0,,50.125
HJ_BB_KJT_fd,mtt50bb_raw,vol3-mtt-postflop/findings/mtt50bb_raw/HJ_BB_KJT_fd.json,KdJcTd,5.65,5.65,5.65,,0.0,,50.125
CO_BB_J73_fd,mtt50bb_raw,vol3-mtt-postflop/findings/mtt50bb_raw/CO_BB_J73_fd.json,Jd7c3d,5.85,5.85,5.85,,0.0,,50.125
UTG_BB_A72_fd,mtt50bb_raw,vol3-mtt-postflop/findings/mtt50bb_raw/UTG_BB_A72_fd.json,Ad7c2d,5.65,5.65,5.65,,0.0,,50.125
HJ_BB_AA7_rain,mtt50bb_raw,vol3-mtt-postflop/findings/mtt50bb_raw/HJ_BB_AA7_rain.json,AhAd7c,5.65,5.65,5.65,,0.0,,50.125
UTG_BB_A94_fd,mtt50bb_raw,vol3-mtt-postflop/findings/mtt50bb_raw/UTG_BB_A94_fd.json,Ad9c4d,5.65,5.65,5.65,,0.0,,50.125
SB_BB_J73_fd,mtt50bb_raw,vol3-mtt-postflop/findings/mtt50bb_raw/SB_BB_J73_fd.json,Jd7c3d,6.75,6.75,6.75,,0.0,,50.125
SB_BB_KJT_fd,mtt50bb_raw,vol3-mtt-postflop/findings/mtt50bb_raw/SB_BB_KJT_fd.json,KdJcTd,6.75,6.75,6.75,,0.0,,50.125
HJ_BB_T98_fd,mtt50bb_raw,vol3-mtt-postflop/findings/mtt50bb_raw/HJ_BB_T98_fd.json,Td9s8d,5.65,5.65,5.65,,0.0,,50.125
CO_BB_T74_rain,mtt50bb_raw,vol3-mtt-postflop/findings/mtt50bb_raw/CO_BB_T74_rain.json,Th7d4s,5.85,5.85,5.85,,0.0,,50.125
BTN_BB_A72_fd,mtt50bb_raw,vol3-mtt-postflop/findings/mtt50bb_raw/BTN_BB_A72_fd.json,Ad7c2d,6.25,6.25,6.25,,0.0,,50.125
SB_BB_A72_fd,mtt50bb_raw,vol3-mtt-postflop/findings/mtt50bb_raw/SB_BB_A72_fd.json,Ad7c2d,6.75,6.75,6.75,,0.0,,50.125
CO_BB_KJT_rain,mtt50bb_raw,vol3-mtt-postflop/findings/mtt50bb_raw/CO_BB_KJT_rain.json,KhJdTs,5.85,5.85,5.85,,0.0,,50.125
HJ_BB_742_fd,mtt50bb_raw,vol3-mtt-postflop/findings/mtt50bb_raw/HJ_BB_742_fd.json,7d4c2d,5.65,5.65,5.65,,0.0,,50.125
BTN_BB_A94_fd,mtt50bb_raw,vol3-mtt-postflop/findings/mtt50bb_raw/BTN_BB_A94_fd.json,Ad9c4d,6.25,6.25,6.25,,0.0,,50.125
BTN_BB_T74_rain,mtt50bb_raw,vol3-mtt-postflop/findings/mtt50bb_raw/BTN_BB_T74_rain.json,Th7d4s,6.25,6.25,6.25,,0.0,,50.125
BTN_BB_T74_fd,mtt50bb_raw,vol3-mtt-postflop/findings/mtt50bb_raw/BTN_BB_T74_fd.json,Td7c4d,6.25,6.25,6.25,,0.0,,50.125
BTN_BB_T98_rain,mtt50bb_raw,vol3-mtt-postflop/findings/mtt50bb_raw/BTN_BB_T98_rain.json,Th9s8d,6.25,6.25,6.25,,0.0,,50.125
HJ_BB_T74_rain,mtt50bb_raw,vol3-mtt-postflop/findings/mtt50bb_raw/HJ_BB_T74_rain.json,Th7d4s,5.65,5.65,5.65,,0.0,,50.125
CO_BB_J73_rain,mtt50bb_raw,vol3-mtt-postflop/findings/mtt50bb_raw/CO_BB_J73_rain.json,Jh7d3s,5.85,5.85,5.85,,0.0,,50.125
UTG_BB_A72_rain,mtt50bb_raw,vol3-mtt-postflop/findings/mtt50bb_raw/UTG_BB_A72_rain.json,Ah7d2s,5.65,5.65,5.65,,0.0,,50.125
CO_BB_T98_rain,mtt50bb_raw,vol3-mtt-postflop/findings/mtt50bb_raw/CO_BB_T98_rain.json,Th9s8d,5.85,5.85,5.85,,0.0,,50.125
SB_BB_AA7_rain,mtt50bb_raw,vol3-mtt-postflop/findings/mtt50bb_raw/SB_BB_AA7_rain.json,AhAd7c,6.75,6.75,6.75,,0.0,,50.125
CO_BB_K98_rain,mtt50bb_raw,vol3-mtt-postflop/findings/mtt50bb_raw/CO_BB_K98_rain.json,Kd9s8c,5.85,5.85,5.85,,0.0,,50.125
CO_BB_765_rain,mtt50bb_raw,vol3-mtt-postflop/findings/mtt50bb_raw/CO_BB_765_rain.json,7h6d5s,5.85,5.85,5.85,,0.0,,50.125
SB_BB_T98_fd,mtt50bb_raw,vol3-mtt-postflop/findings/mtt50bb_raw/SB_BB_T98_fd.json,Td9s8d,6.75,6.75,6.75,,0.0,,50.125
BTN_BB_K72_fd,mtt50bb_raw,vol3-mtt-postflop/findings/mtt50bb_raw/BTN_BB_K72_fd.json,Kd7c2d,6.25,6.25,6.25,,0.0,,50.125
CO_BB_742_fd,mtt50bb_raw,vol3-mtt-postflop/findings/mtt50bb_raw/CO_BB_742_fd.json,7d4c2d,5.85,5.85,5.85,,0.0,,50.125
BTN_BB_K98_fd,mtt50bb_raw,vol3-mtt-postflop/findings/mtt50bb_raw/BTN_BB_K98_fd.json,Kd9c8d,6.25,6.25,6.25,,0.0,,50.125
CO_BB_KJT_fd,mtt50bb_raw,vol3-mtt-postflop/findings/mtt50bb_raw/CO_BB_KJT_fd.json,KdJcTd,5.85,5.85,5.85,,0.0,,50.125
CO_BB_A94_rain,mtt50bb_raw,vol3-mtt-postflop/findings/mtt50bb_raw/CO_BB_A94_rain.json,Ah9d4s,5.85,5.85,5.85,,0.0,,50.125
UTG_BB_Q83_fd,mtt50bb_raw,vol3-mtt-postflop/findings/mtt50bb_raw/UTG_BB_Q83_fd.json,Qd8c3d,5.65,5.65,5.65,,0.0,,50.125
BTN_BB_742_fd,mtt50bb_raw,vol3-mtt-postflop/findings/mtt50bb_raw/BTN_BB_742_fd.json,7d4c2d,6.25,6.25,6.25,,0.0,,50.125
SB_BB_765_fd,mtt50bb_raw,vol3-mtt-postflop/findings/mtt50bb_raw/SB_BB_765_fd.json,7d6c5d,6.75,6.75,6.75,,0.0,,50.125
HJ_BB_765_rain,mtt50bb_raw,vol3-mtt-postflop/findings/mtt50bb_raw/HJ_BB_765_rain.json,7h6d5s,5.65,5.65,5.65,,0.0,,50.125
SB_BB_A94_fd,mtt50bb_raw,vol3-mtt-postflop/findings/mtt50bb_raw/SB_BB_A94_fd.json,Ad9c4d,6.75,6.75,6.75,,0.0,,50.125
CO_BB_A72_rain,mtt50bb_raw,vol3-mtt-postflop/findings/mtt50bb_raw/CO_BB_A72_rain.json,Ah7d2s,5.85,5.85,5.85,,0.0,,50.125
CO_BB_KK8_rain,mtt50bb_raw,vol3-mtt-postflop/findings/mtt50bb_raw/CO_BB_KK8_rain.json,KhKd8c,5.85,5.85,5.85,,0.0,,50.125
UTG_BB_T74_rain,mtt50bb_raw,vol3-mtt-postflop/findings/mtt50bb_raw/UTG_BB_T74_rain.json,Th7d4s,5.65,5.65,5.65,,0.0,,50.125
HJ_BB_742_rain,mtt50bb_raw,vol3-mtt-postflop/findings/mtt50bb_raw/HJ_BB_742_rain.json,7h4d2s,5.65,5.65,5.65,,0.0,,50.125
BTN_BB_T98_fd,mtt50bb_raw,vol3-mtt-postflop/findings/mtt50bb_raw/BTN_BB_T98_fd.json,Td9s8d,6.25,6.25,6.25,,0.0,,50.125
CO_BB_Q83_fd,mtt50bb_raw,vol3-mtt-postflop/findings/mtt50bb_raw/CO_BB_Q83_fd.json,Qd8c3d,5.85,5.85,5.85,,0.0,,50.125
BTN_BB_765_rain,mtt50bb_raw,vol3-mtt-postflop/findings/mtt50bb_raw/BTN_BB_765_rain.json,7h6d5s,6.25,6.25,6.25,,0.0,,50.125
HJ_BB_J73_rain,mtt50bb_raw,vol3-mtt-postflop/findings/mtt50bb_raw/HJ_BB_J73_rain.json,Jh7d3s,5.65,5.65,5.65,,0.0,,50.125
SB_BB_T74_fd,mtt50bb_raw,vol3-mtt-postflop/findings/mtt50bb_raw/SB_BB_T74_fd.json,Td7c4d,6.75,6.75,6.75,,0.0,,50.125
UTG_BB_KJT_rain,mtt50bb_raw,vol3-mtt-postflop/findings/mtt50bb_raw/UTG_BB_KJT_rain.json,KhJdTs,5.65,5.65,5.65,,0.0,,50.125
UTG_BB_J73_fd,mtt50bb_raw,vol3-mtt-postflop/findings/mtt50bb_raw/UTG_BB_J73_fd.json,Jd7c3d,5.65,5.65,5.65,,0.0,,50.125
SB_BB_Q83_fd,mtt50bb_raw,vol3-mtt-postflop/findings/mtt50bb_raw/SB_BB_Q83_fd.json,Qd8c3d,6.75,6.75,6.75,,0.0,,50.125
BTN_BB_Q83_fd,mtt50bb_raw,vol3-mtt-postflop/findings/mtt50bb_raw/BTN_BB_Q83_fd.json,Qd8c3d,6.25,6.25,6.25,,0.0,,50.125
SB_BB_K72_rain,mtt50bb_raw,vol3-mtt-postflop/findings/mtt50bb_raw/SB_BB_K72_rain.json,Ks7d2c,6.75,6.75,6.75,,0.0,,50.125
HJ_BB_T98_rain,mtt50bb_raw,vol3-mtt-postflop/findings/mtt50bb_raw/HJ_BB_T98_rain.json,Th9s8d,5.65,5.65,5.65,,0.0,,50.125
CO_BB_A72_fd,mtt50bb_raw,vol3-mtt-postflop/findings/mtt50bb_raw/CO_BB_A72_fd.json,Ad7c2d,5.85,5.85,5.85,,0.0,,50.125
BTN_BB_KK8_rain,mtt50bb_raw,vol3-mtt-postflop/findings/mtt50bb_raw/BTN_BB_KK8_rain.json,KhKd8c,6.25,6.25,6.25,,0.0,,50.125
SB_BB_J73_rain,mtt50bb_raw,vol3-mtt-postflop/findings/mtt50bb_raw/SB_BB_J73_rain.json,Jh7d3s,6.75,6.75,6.75,,0.0,,50.125
UTG_BB_K72_rain,mtt50bb_raw,vol3-mtt-postflop/findings/mtt50bb_raw/UTG_BB_K72_rain.json,Ks7d2c,5.65,5.65,5.65,,0.0,,50.125
BTN_BB_KJT_rain,mtt50bb_raw,vol3-mtt-postflop/findings/mtt50bb_raw/BTN_BB_KJT_rain.json,KhJdTs,6.25,6.25,6.25,,0.0,,50.125
UTG_BB_K98_rain,mtt50bb_raw,vol3-mtt-postflop/findings/mtt50bb_raw/UTG_BB_K98_rain.json,Kd9s8c,5.65,5.65,5.65,,0.0,,50.125
CO_BB_T98_fd,mtt50bb_raw,vol3-mtt-postflop/findings/mtt50bb_raw/CO_BB_T98_fd.json,Td9s8d,5.85,5.85,5.85,,0.0,,50.125
HJ_BB_K72_fd,mtt50bb_raw,vol3-mtt-postflop/findings/mtt50bb_raw/HJ_BB_K72_fd.json,Kd7c2d,5.65,5.65,5.65,,0.0,,50.125
SB_BB_T74_rain,mtt50bb_raw,vol3-mtt-postflop/findings/mtt50bb_raw/SB_BB_T74_rain.json,Th7d4s,6.75,6.75,6.75,,0.0,,50.125
BTN_BB_J73_rain,mtt50bb_raw,vol3-mtt-postflop/findings/mtt50bb_raw/BTN_BB_J73_rain.json,Jh7d3s,6.25,6.25,6.25,,0.0,,50.125
SB_BB_K98_rain,mtt50bb_raw,vol3-mtt-postflop/findings/mtt50bb_raw/SB_BB_K98_rain.json,Kd9s8c,6.75,6.75,6.75,,0.0,,50.125
CO_BB_AA7_rain,mtt50bb_raw,vol3-mtt-postflop/findings/mtt50bb_raw/CO_BB_AA7_rain.json,AhAd7c,5.85,5.85,5.85,,0.0,,50.125
UTG_BB_A94_rain,mtt50bb_raw,vol3-mtt-postflop/findings/mtt50bb_raw/UTG_BB_A94_rain.json,Ah9d4s,5.65,5.65,5.65,,0.0,,50.125
BTN_BB_K98_rain,mtt50bb_raw,vol3-mtt-postflop/findings/mtt50bb_raw/BTN_BB_K98_rain.json,Kd9s8c,6.25,6.25,6.25,,0.0,,50.125
HJ_BB_Q83_fd,mtt50bb_raw,vol3-mtt-postflop/findings/mtt50bb_raw/HJ_BB_Q83_fd.json,Qd8c3d,5.65,5.65,5.65,,0.0,,50.125
HJ_BB_KK8_rain,mtt50bb_raw,vol3-mtt-postflop/findings/mtt50bb_raw/HJ_BB_KK8_rain.json,KhKd8c,5.65,5.65,5.65,,0.0,,50.125
BTN_BB_KJT_fd,3bp100_raw,vol3-mtt-postflop/findings/3bp100_raw/BTN_BB_KJT_fd.json,KdJcTd,21.25,21.25,21.25,,0.0,,100.125
BTN_BB_742_rain,3bp100_raw,vol3-mtt-postflop/findings/3bp100_raw/BTN_BB_742_rain.json,7h4d2s,21.25,21.25,21.25,,0.0,,100.125
BTN_BB_Q83_rain,3bp100_raw,vol3-mtt-postflop/findings/3bp100_raw/BTN_BB_Q83_rain.json,Qh8d3s,21.25,21.25,21.25,,0.0,,100.125
BTN_BB_AA7_rain,3bp100_raw,vol3-mtt-postflop/findings/3bp100_raw/BTN_BB_AA7_rain.json,AhAd7c,21.25,21.25,21.25,,0.0,,100.125
BTN_BB_A94_rain,3bp100_raw,vol3-mtt-postflop/findings/3bp100_raw/BTN_BB_A94_rain.json,Ah9d4s,21.25,21.25,21.25,,0.0,,100.125
BTN_BB_J73_fd,3bp100_raw,vol3-mtt-postflop/findings/3bp100_raw/BTN_BB_J73_fd.json,Jd7c3d,21.25,21.25,21.25,,0.0,,100.125
BTN_BB_765_fd,3bp100_raw,vol3-mtt-postflop/findings/3bp100_raw/BTN_BB_765_fd.json,7d6c5d,21.25,21.25,21.25,,0.0,,100.125
BTN_BB_K72_rain,3bp100_raw,vol3-mtt-postflop/findings/3bp100_raw/BTN_BB_K72_rain.json,Ks7d2c,21.25,21.25,21.25,,0.0,,100.125
BTN_BB_A72_rain,3bp100_raw,vol3-mtt-postflop/findings/3bp100_raw/BTN_BB_A72_rain.json,Ah7d2s,21.25,21.25,21.25,,0.0,,100.125
BTN_BB_A72_fd,3bp100_raw,vol3-mtt-postflop/findings/3bp100_raw/BTN_BB_A72_fd.json,Ad7c2d,21.25,21.25,21.25,,0.0,,100.125
BTN_BB_A94_fd,3bp100_raw,vol3-mtt-postflop/findings/3bp100_raw/BTN_BB_A94_fd.json,Ad9c4d,21.25,21.25,21.25,,0.0,,100.125
BTN_BB_T74_rain,3bp100_raw,vol3-mtt-postflop/findings/3bp100_raw/BTN_BB_T74_rain.json,Th7d4s,21.25,21.25,21.25,,0.0,,100.125
BTN_BB_T74_fd,3bp100_raw,vol3-mtt-postflop/findings/3bp100_raw/BTN_BB_T74_fd.json,Td7c4d,21.25,21.25,21.25,,0.0,,100.125
BTN_BB_T98_rain,3bp100_raw,vol3-mtt-postflop/findings/3bp100_raw/BTN_BB_T98_rain.json,Th9s8d,21.25,21.25,21.25,,0.0,,100.125
BTN_BB_K72_fd,3bp100_raw,vol3-mtt-postflop/findings/3bp100_raw/BTN_BB_K72_fd.json,Kd7c2d,21.25,21.25,21.25,,0.0,,100.125
BTN_BB_K98_fd,3bp100_raw,vol3-mtt-postflop/findings/3bp100_raw/BTN_BB_K98_fd.json,Kd9c8d,21.25,21.25,21.25,,0.0,,100.125
BTN_BB_742_fd,3bp100_raw,vol3-mtt-postflop/findings/3bp100_raw/BTN_BB_742_fd.json,7d4c2d,21.25,21.25,21.25,,0.0,,100.125
BTN_BB_T98_fd,3bp100_raw,vol3-mtt-postflop/findings/3bp100_raw/BTN_BB_T98_fd.json,Td9s8d,21.25,21.25,21.25,,0.0,,100.125
BTN_BB_765_rain,3bp100_raw,vol3-mtt-postflop/findings/3bp100_raw/BTN_BB_765_rain.json,7h6d5s,21.25,21.25,21.25,,0.0,,100.125
BTN_BB_Q83_fd,3bp100_raw,vol3-mtt-postflop/findings/3bp100_raw/BTN_BB_Q83_fd.json,Qd8c3d,21.25,21.25,21.25,,0.0,,100.125
BTN_BB_KK8_rain,3bp100_raw,vol3-mtt-postflop/findings/3bp100_raw/BTN_BB_KK8_rain.json,KhKd8c,21.25,21.25,21.25,,0.0,,100.125
BTN_BB_KJT_rain,3bp100_raw,vol3-mtt-postflop/findings/3bp100_raw/BTN_BB_KJT_rain.json,KhJdTs,21.25,21.25,21.25,,0.0,,100.125
BTN_BB_J73_rain,3bp100_raw,vol3-mtt-postflop/findings/3bp100_raw/BTN_BB_J73_rain.json,Jh7d3s,21.25,21.25,21.25,,0.0,,100.125
BTN_BB_K98_rain,3bp100_raw,vol3-mtt-postflop/findings/3bp100_raw/BTN_BB_K98_rain.json,Kd9s8c,21.25,21.25,21.25,,0.0,,100.125
b32_06,b32_khigh_gradient,knowledges/gto_wizard_full/b32_khigh_gradient/b32_06.json,Ks9d5c,5.5,5.5,5.5,,0.0,,100.0
b32_15,b32_khigh_gradient,knowledges/gto_wizard_full/b32_khigh_gradient/b32_15.json,KsQdJc,5.5,5.5,5.5,,0.0,,100.0
b32_12,b32_khigh_gradient,knowledges/gto_wizard_full/b32_khigh_gradient/b32_12.json,Ks7d6c,5.5,5.5,5.5,,0.0,,100.0
b32_11,b32_khigh_gradient,knowledges/gto_wizard_full/b32_khigh_gradient/b32_11.json,Ks9d8c,5.5,5.5,5.5,,0.0,,100.0
b32_04,b32_khigh_gradient,knowledges/gto_wizard_full/b32_khigh_gradient/b32_04.json,Ks8d3c,5.5,5.5,5.5,,0.0,,100.0
b32_13,b32_khigh_gradient,knowledges/gto_wizard_full/b32_khigh_gradient/b32_13.json,KsQd7c,5.5,5.5,5.5,,0.0,,100.0
b32_03,b32_khigh_gradient,knowledges/gto_wizard_full/b32_khigh_gradient/b32_03.json,Ks5d4c,5.5,5.5,5.5,,0.0,,100.0
b32_07,b32_khigh_gradient,knowledges/gto_wizard_full/b32_khigh_gradient/b32_07.json,KsTd5c,5.5,5.5,5.5,,0.0,,100.0
b32_10,b32_khigh_gradient,knowledges/gto_wizard_full/b32_khigh_gradient/b32_10.json,Ks8d7c,5.5,5.5,5.5,,0.0,,100.0
b32_14,b32_khigh_gradient,knowledges/gto_wizard_full/b32_khigh_gradient/b32_14.json,KsJdTc,5.5,5.5,5.5,,0.0,,100.0
b32_08,b32_khigh_gradient,knowledges/gto_wizard_full/b32_khigh_gradient/b32_08.json,KsJd4c,5.5,5.5,5.5,,0.0,,100.0
b32_01,b32_khigh_gradient,knowledges/gto_wizard_full/b32_khigh_gradient/b32_01.json,Ks5d2c,5.5,5.5,5.5,,0.0,,100.0
b32_02,b32_khigh_gradient,knowledges/gto_wizard_full/b32_khigh_gradient/b32_02.json,Ks5d3c,5.5,5.5,5.5,,0.0,,100.0
b32_05,b32_khigh_gradient,knowledges/gto_wizard_full/b32_khigh_gradient/b32_05.json,Ks9d4c,5.5,5.5,5.5,,0.0,,100.0
b32_09,b32_khigh_gradient,knowledges/gto_wizard_full/b32_khigh_gradient/b32_09.json,KsQd5c,5.5,5.5,5.5,,0.0,,100.0
b38_05,b38_mono_diverse,knowledges/gto_wizard_full/b38_mono_diverse/b38_05.json,JsTs5s,5.5,5.5,5.5,,0.0,,100.0
b38_06,b38_mono_diverse,knowledges/gto_wizard_full/b38_mono_diverse/b38_06.json,Ts8s5s,5.5,5.5,5.5,,0.0,,100.0
b38_07,b38_mono_diverse,knowledges/gto_wizard_full/b38_mono_diverse/b38_07.json,9s8s7s,5.5,5.5,5.5,,0.0,,100.0
b38_03,b38_mono_diverse,knowledges/gto_wizard_full/b38_mono_diverse/b38_03.json,KsQs7s,5.5,5.5,5.5,,0.0,,100.0
b38_08,b38_mono_diverse,knowledges/gto_wizard_full/b38_mono_diverse/b38_08.json,8s6s4s,5.5,5.5,5.5,,0.0,,100.0
b38_02,b38_mono_diverse,knowledges/gto_wizard_full/b38_mono_diverse/b38_02.json,AsQs5s,5.5,5.5,5.5,,0.0,,100.0
b38_01,b38_mono_diverse,knowledges/gto_wizard_full/b38_mono_diverse/b38_01.json,AsKs7s,5.5,5.5,5.5,,0.0,,100.0
b38_04,b38_mono_diverse,knowledges/gto_wizard_full/b38_mono_diverse/b38_04.json,QsTs6s,5.5,5.5,5.5,,0.0,,100.0
b1z_05,b1_pair_grad,knowledges/gto_wizard_full/b1_pair_grad/b1z_05.json,AhKd4s2c,23.45,23.45,23.45,,0.0,,200.125
b1z_01,b1_pair_grad,knowledges/gto_wizard_full/b1_pair_grad/b1z_01.json,Ks7d2c5c,9.45,9.45,9.45,,0.0,,200.125
b1z_02,b1_pair_grad,knowledges/gto_wizard_full/b1_pair_grad/b1z_02.json,QhJd4s2h,9.45,9.45,9.45,,0.0,,200.125
b1z_07,b1_pair_grad,knowledges/gto_wizard_full/b1_pair_grad/b1z_07.json,AhKd4s4c,23.45,23.45,23.45,,0.0,,200.125
b1z_04,b1_pair_grad,knowledges/gto_wizard_full/b1_pair_grad/b1z_04.json,Td7c6s5c,9.45,9.45,9.45,,0.0,,200.125
b1z_10,b1_pair_grad,knowledges/gto_wizard_full/b1_pair_grad/b1z_10.json,9h8s7d9c,9.45,9.45,9.45,,0.0,,200.125
b1z_08,b1_pair_grad,knowledges/gto_wizard_full/b1_pair_grad/b1z_08.json,9h8s7d2c,9.45,9.45,9.45,,0.0,,200.125
b1z_06,b1_pair_grad,knowledges/gto_wizard_full/b1_pair_grad/b1z_06.json,AhKd4s9c,23.45,23.45,23.45,,0.0,,200.125
b1z_03,b1_pair_grad,knowledges/gto_wizard_full/b1_pair_grad/b1z_03.json,QhJd4s8c,9.45,9.45,9.45,,0.0,,200.125
b1z_12,b1_pair_grad,knowledges/gto_wizard_full/b1_pair_grad/b1z_12.json,JdTs9c9d,9.45,9.45,9.45,,0.0,,200.125
b1z_09,b1_pair_grad,knowledges/gto_wizard_full/b1_pair_grad/b1z_09.json,9h8s7d8c,9.45,9.45,9.45,,0.0,,200.125
b1z_11,b1_pair_grad,knowledges/gto_wizard_full/b1_pair_grad/b1z_11.json,Td7c6sTc,9.45,9.45,9.45,,0.0,,200.125
D0235,design_flop_cbet_attack,knowledges/gto_wizard_full/design_flop_cbet_attack/D0235.json,Ts9s8d,5.65,5.65,5.65,,0.0,,200.125
D0229,design_flop_cbet_attack,knowledges/gto_wizard_full/design_flop_cbet_attack/D0229.json,Ks7d2c,5.65,5.65,5.65,,0.0,,200.125
D0230,design_flop_cbet_attack,knowledges/gto_wizard_full/design_flop_cbet_attack/D0230.json,Qh8d3s,5.65,5.65,5.65,,0.0,,200.125
D0119,design_flop_cbet_attack,knowledges/gto_wizard_full/design_flop_cbet_attack/D0119.json,9h8d6c,5.85,5.85,5.85,,0.0,,200.125
D0238,design_flop_cbet_attack,knowledges/gto_wizard_full/design_flop_cbet_attack/D0238.json,8s5h2c,5.65,5.65,5.65,,0.0,,200.125
D0016,design_flop_cbet_attack,knowledges/gto_wizard_full/design_flop_cbet_attack/D0016.json,Ks7d7c,6.25,6.25,6.25,,0.0,,200.125
D0125,design_flop_cbet_attack,knowledges/gto_wizard_full/design_flop_cbet_attack/D0125.json,9c6d4s,5.85,5.85,5.85,,0.0,,200.125
D0015,design_flop_cbet_attack,knowledges/gto_wizard_full/design_flop_cbet_attack/D0015.json,9s7s4s,6.25,6.25,6.25,,0.0,,200.125
D0009,design_flop_cbet_attack,knowledges/gto_wizard_full/design_flop_cbet_attack/D0009.json,7s6s5d,6.25,6.25,6.25,,0.0,,200.125
D0117,design_flop_cbet_attack,knowledges/gto_wizard_full/design_flop_cbet_attack/D0117.json,Js5c2h,5.85,5.85,5.85,,0.0,,200.125
D0241,design_flop_cbet_attack,knowledges/gto_wizard_full/design_flop_cbet_attack/D0241.json,KsQsJs,5.65,5.65,5.65,,0.0,,200.125
D0234,design_flop_cbet_attack,knowledges/gto_wizard_full/design_flop_cbet_attack/D0234.json,8c7d5s,5.65,5.65,5.65,,0.0,,200.125
D0123,design_flop_cbet_attack,knowledges/gto_wizard_full/design_flop_cbet_attack/D0123.json,7s6s5d,5.85,5.85,5.85,,0.0,,200.125
D0130,design_flop_cbet_attack,knowledges/gto_wizard_full/design_flop_cbet_attack/D0130.json,Ks7d7c,5.85,5.85,5.85,,0.0,,200.125
D0128,design_flop_cbet_attack,knowledges/gto_wizard_full/design_flop_cbet_attack/D0128.json,Ts8s5s,5.85,5.85,5.85,,0.0,,200.125
D0231,design_flop_cbet_attack,knowledges/gto_wizard_full/design_flop_cbet_attack/D0231.json,Js5c2h,5.65,5.65,5.65,,0.0,,200.125
D0133,design_flop_cbet_attack,knowledges/gto_wizard_full/design_flop_cbet_attack/D0133.json,KsKd2c,5.85,5.85,5.85,,0.0,,200.125
D0236,design_flop_cbet_attack,knowledges/gto_wizard_full/design_flop_cbet_attack/D0236.json,9s8s6d,5.65,5.65,5.65,,0.0,,200.125
D0242,design_flop_cbet_attack,knowledges/gto_wizard_full/design_flop_cbet_attack/D0242.json,Ts8s5s,5.65,5.65,5.65,,0.0,,200.125
D0126,design_flop_cbet_attack,knowledges/gto_wizard_full/design_flop_cbet_attack/D0126.json,7h4d2c,5.85,5.85,5.85,,0.0,,200.125
D0240,design_flop_cbet_attack,knowledges/gto_wizard_full/design_flop_cbet_attack/D0240.json,7h4d2c,5.65,5.65,5.65,,0.0,,200.125
D0118,design_flop_cbet_attack,knowledges/gto_wizard_full/design_flop_cbet_attack/D0118.json,Ts9d7c,5.85,5.85,5.85,,0.0,,200.125
D0003,design_flop_cbet_attack,knowledges/gto_wizard_full/design_flop_cbet_attack/D0003.json,Js5c2h,6.25,6.25,6.25,,0.0,,200.125
D0131,design_flop_cbet_attack,knowledges/gto_wizard_full/design_flop_cbet_attack/D0131.json,Th7s7d,5.85,5.85,5.85,,0.0,,200.125
D0014,design_flop_cbet_attack,knowledges/gto_wizard_full/design_flop_cbet_attack/D0014.json,Ts8s5s,6.25,6.25,6.25,,0.0,,200.125
D0116,design_flop_cbet_attack,knowledges/gto_wizard_full/design_flop_cbet_attack/D0116.json,Qh8d3s,5.85,5.85,5.85,,0.0,,200.125
D0019,design_flop_cbet_attack,knowledges/gto_wizard_full/design_flop_cbet_attack/D0019.json,KsKd2c,6.25,6.25,6.25,,0.0,,200.125
D0247,design_flop_cbet_attack,knowledges/gto_wizard_full/design_flop_cbet_attack/D0247.json,KsKd2c,5.65,5.65,5.65,,0.0,,200.125
D0129,design_flop_cbet_attack,knowledges/gto_wizard_full/design_flop_cbet_attack/D0129.json,9s7s4s,5.85,5.85,5.85,,0.0,,200.125
D0245,design_flop_cbet_attack,knowledges/gto_wizard_full/design_flop_cbet_attack/D0245.json,Th7s7d,5.65,5.65,5.65,,0.0,,200.125
D0002,design_flop_cbet_attack,knowledges/gto_wizard_full/design_flop_cbet_attack/D0002.json,Qh8d3s,6.25,6.25,6.25,,0.0,,200.125
D0244,design_flop_cbet_attack,knowledges/gto_wizard_full/design_flop_cbet_attack/D0244.json,Ks7d7c,5.65,5.65,5.65,,0.0,,200.125
D0018,design_flop_cbet_attack,knowledges/gto_wizard_full/design_flop_cbet_attack/D0018.json,9s9d4c,6.25,6.25,6.25,,0.0,,200.125
D0121,design_flop_cbet_attack,knowledges/gto_wizard_full/design_flop_cbet_attack/D0121.json,Ts9s8d,5.85,5.85,5.85,,0.0,,200.125
D0008,design_flop_cbet_attack,knowledges/gto_wizard_full/design_flop_cbet_attack/D0008.json,9s8s6d,6.25,6.25,6.25,,0.0,,200.125
D0232,design_flop_cbet_attack,knowledges/gto_wizard_full/design_flop_cbet_attack/D0232.json,Ts9d7c,5.65,5.65,5.65,,0.0,,200.125
D0127,design_flop_cbet_attack,knowledges/gto_wizard_full/design_flop_cbet_attack/D0127.json,KsQsJs,5.85,5.85,5.85,,0.0,,200.125
D0006,design_flop_cbet_attack,knowledges/gto_wizard_full/design_flop_cbet_attack/D0006.json,8c7d5s,6.25,6.25,6.25,,0.0,,200.125
D0013,design_flop_cbet_attack,knowledges/gto_wizard_full/design_flop_cbet_attack/D0013.json,KsQsJs,6.25,6.25,6.25,,0.0,,200.125
D0012,design_flop_cbet_attack,knowledges/gto_wizard_full/design_flop_cbet_attack/D0012.json,7h4d2c,6.25,6.25,6.25,,0.0,,200.125
D0239,design_flop_cbet_attack,knowledges/gto_wizard_full/design_flop_cbet_attack/D0239.json,9c6d4s,5.65,5.65,5.65,,0.0,,200.125
D0010,design_flop_cbet_attack,knowledges/gto_wizard_full/design_flop_cbet_attack/D0010.json,8s5h2c,6.25,6.25,6.25,,0.0,,200.125
D0007,design_flop_cbet_attack,knowledges/gto_wizard_full/design_flop_cbet_attack/D0007.json,Ts9s8d,6.25,6.25,6.25,,0.0,,200.125
D0001,design_flop_cbet_attack,knowledges/gto_wizard_full/design_flop_cbet_attack/D0001.json,Ks7d2c,6.25,6.25,6.25,,0.0,,200.125
D0246,design_flop_cbet_attack,knowledges/gto_wizard_full/design_flop_cbet_attack/D0246.json,9s9d4c,5.65,5.65,5.65,,0.0,,200.125
D0233,design_flop_cbet_attack,knowledges/gto_wizard_full/design_flop_cbet_attack/D0233.json,9h8d6c,5.65,5.65,5.65,,0.0,,200.125
D0243,design_flop_cbet_attack,knowledges/gto_wizard_full/design_flop_cbet_attack/D0243.json,9s7s4s,5.65,5.65,5.65,,0.0,,200.125
D0132,design_flop_cbet_attack,knowledges/gto_wizard_full/design_flop_cbet_attack/D0132.json,9s9d4c,5.85,5.85,5.85,,0.0,,200.125
D0005,design_flop_cbet_attack,knowledges/gto_wizard_full/design_flop_cbet_attack/D0005.json,9h8d6c,6.25,6.25,6.25,,0.0,,200.125
D0122,design_flop_cbet_attack,knowledges/gto_wizard_full/design_flop_cbet_attack/D0122.json,9s8s6d,5.85,5.85,5.85,,0.0,,200.125
D0011,design_flop_cbet_attack,knowledges/gto_wizard_full/design_flop_cbet_attack/D0011.json,9c6d4s,6.25,6.25,6.25,,0.0,,200.125
D0124,design_flop_cbet_attack,knowledges/gto_wizard_full/design_flop_cbet_attack/D0124.json,8s5h2c,5.85,5.85,5.85,,0.0,,200.125
D0017,design_flop_cbet_attack,knowledges/gto_wizard_full/design_flop_cbet_attack/D0017.json,Th7s7d,6.25,6.25,6.25,,0.0,,200.125
D0120,design_flop_cbet_attack,knowledges/gto_wizard_full/design_flop_cbet_attack/D0120.json,8c7d5s,5.85,5.85,5.85,,0.0,,200.125
D0237,design_flop_cbet_attack,knowledges/gto_wizard_full/design_flop_cbet_attack/D0237.json,7s6s5d,5.65,5.65,5.65,,0.0,,200.125
D0004,design_flop_cbet_attack,knowledges/gto_wizard_full/design_flop_cbet_attack/D0004.json,Ts9d7c,6.25,6.25,6.25,,0.0,,200.125
D0115,design_flop_cbet_attack,knowledges/gto_wizard_full/design_flop_cbet_attack/D0115.json,Ks7d2c,5.85,5.85,5.85,,0.0,,200.125
b1_17,b1_turn_donk_paired,knowledges/gto_wizard_full/b1_turn_donk_paired/b1_17.json,QhJd4sQc,9.45,9.45,9.45,,0.0,,200.125
b1_18,b1_turn_donk_paired,knowledges/gto_wizard_full/b1_turn_donk_paired/b1_18.json,Td7c6s6h,9.45,9.45,9.45,,0.0,,200.125
b1x_11,b1_pair_bot,knowledges/gto_wizard_full/b1_pair_bot/b1x_11.json,QhJd4s4c,9.45,9.45,9.45,,0.0,,200.125
b1x_12,b1_pair_bot,knowledges/gto_wizard_full/b1_pair_bot/b1x_12.json,Td7c6s6h,9.45,9.45,9.45,,0.0,,200.125
b1x_14,b1_pair_bot,knowledges/gto_wizard_full/b1_pair_bot/b1x_14.json,9h8s7d7c,9.45,9.45,9.45,,0.0,,200.125
b1x_10,b1_pair_bot,knowledges/gto_wizard_full/b1_pair_bot/b1x_10.json,Ks7d2c2h,9.45,9.45,9.45,,0.0,,200.125
b3x_07,b3_btn_mw,knowledges/gto_wizard_full/b3_btn_mw/b3x_07.json,9h8s7d,8.55,8.55,8.55,,0.0,,200.125
b3x_06,b3_btn_mw,knowledges/gto_wizard_full/b3_btn_mw/b3x_06.json,Jc8s5h,8.55,8.55,8.55,,0.0,,200.125
b3x_02,b3_btn_mw,knowledges/gto_wizard_full/b3_btn_mw/b3x_02.json,Td7c6s,8.55,8.55,8.55,,0.0,,200.125
b3x_05,b3_btn_mw,knowledges/gto_wizard_full/b3_btn_mw/b3x_05.json,Qh4s2c,8.55,8.55,8.55,,0.0,,200.125
b3x_03,b3_btn_mw,knowledges/gto_wizard_full/b3_btn_mw/b3x_03.json,Ah7c4d,8.55,8.55,8.55,,0.0,,200.125
b3x_04,b3_btn_mw,knowledges/gto_wizard_full/b3_btn_mw/b3x_04.json,Kh6s4c,8.55,8.55,8.55,,0.0,,200.125
b3x_01,b3_btn_mw,knowledges/gto_wizard_full/b3_btn_mw/b3x_01.json,7d6s5c,8.55,8.55,8.55,,0.0,,200.125
b1_16,b1_turn_donk_overcard,knowledges/gto_wizard_full/b1_turn_donk_overcard/b1_16.json,9h8s7dAd,9.45,9.45,9.45,,0.0,,200.125
b8z_12,b8_near_zero,knowledges/gto_wizard_full/b8_near_zero/b8z_12.json,9h7s5d8c,5.65,5.65,5.65,,0.0,,200.125
b8z_09,b8_near_zero,knowledges/gto_wizard_full/b8_near_zero/b8z_09.json,JdTs8c9h,5.65,5.65,5.65,,0.0,,200.125
b8z_03,b8_near_zero,knowledges/gto_wizard_full/b8_near_zero/b8z_03.json,KsQd4hQh,5.65,5.65,5.65,,0.0,,200.125
b8z_02,b8_near_zero,knowledges/gto_wizard_full/b8_near_zero/b8z_02.json,KsQd4hKh,5.65,5.65,5.65,,0.0,,200.125
b8z_11,b8_near_zero,knowledges/gto_wizard_full/b8_near_zero/b8z_11.json,9h7s5d6c,5.65,5.65,5.65,,0.0,,200.125
b8z_05,b8_near_zero,knowledges/gto_wizard_full/b8_near_zero/b8z_05.json,AhKd4sQh,5.65,5.65,5.65,,0.0,,200.125
b8z_06,b8_near_zero,knowledges/gto_wizard_full/b8_near_zero/b8z_06.json,AhKd4sJh,5.65,5.65,5.65,,0.0,,200.125
b8z_07,b8_near_zero,knowledges/gto_wizard_full/b8_near_zero/b8z_07.json,KsJd4hTh,5.65,5.65,5.65,,0.0,,200.125
b8z_10,b8_near_zero,knowledges/gto_wizard_full/b8_near_zero/b8z_10.json,JdTs8cQh,5.65,5.65,5.65,,0.0,,200.125
b8z_08,b8_near_zero,knowledges/gto_wizard_full/b8_near_zero/b8z_08.json,KsJd4hQh,5.65,5.65,5.65,,0.0,,200.125
b8z_01,b8_near_zero,knowledges/gto_wizard_full/b8_near_zero/b8z_01.json,QhJd4sJh,5.65,5.65,5.65,,0.0,,200.125
b8z_04,b8_near_zero,knowledges/gto_wizard_full/b8_near_zero/b8z_04.json,KsQd4hJh,5.65,5.65,5.65,,0.0,,200.125
b7z_07,b7_kxx_grad,knowledges/gto_wizard_full/b7_kxx_grad/b7z_07.json,Ks7d2cTh,9.45,9.45,9.45,,0.0,,200.125
b7z_04,b7_kxx_grad,knowledges/gto_wizard_full/b7_kxx_grad/b7z_04.json,Ks7d2c6h,9.45,9.45,9.45,,0.0,,200.125
b7z_05,b7_kxx_grad,knowledges/gto_wizard_full/b7_kxx_grad/b7z_05.json,Ks7d2c8h,9.45,9.45,9.45,,0.0,,200.125
b7z_08,b7_kxx_grad,knowledges/gto_wizard_full/b7_kxx_grad/b7z_08.json,Ks7d2cJh,9.45,9.45,9.45,,0.0,,200.125
b7z_01,b7_kxx_grad,knowledges/gto_wizard_full/b7_kxx_grad/b7z_01.json,Ks7d2c3h,9.45,9.45,9.45,,0.0,,200.125
b7z_03,b7_kxx_grad,knowledges/gto_wizard_full/b7_kxx_grad/b7z_03.json,Ks7d2c5h,9.45,9.45,9.45,,0.0,,200.125
b7z_06,b7_kxx_grad,knowledges/gto_wizard_full/b7_kxx_grad/b7z_06.json,Ks7d2c9h,9.45,9.45,9.45,,0.0,,200.125
b7z_09,b7_kxx_grad,knowledges/gto_wizard_full/b7_kxx_grad/b7z_09.json,Ks7d2cQh,9.45,9.45,9.45,,0.0,,200.125
b7z_02,b7_kxx_grad,knowledges/gto_wizard_full/b7_kxx_grad/b7z_02.json,Ks7d2c4h,9.45,9.45,9.45,,0.0,,200.125
b7z_10,b7_kxx_grad,knowledges/gto_wizard_full/b7_kxx_grad/b7z_10.json,Ks7d2cAh,9.45,9.45,9.45,,0.0,,200.125
b29_05,b29_cash_multiway,knowledges/gto_wizard_full/b29_cash_multiway/b29_05.json,Ah7c4d,7.5,7.5,7.5,,0.0,,100.0
b29_07,b29_cash_multiway,knowledges/gto_wizard_full/b29_cash_multiway/b29_07.json,5d4s3c,7.5,7.5,7.5,,0.0,,100.0
b29_03,b29_cash_multiway,knowledges/gto_wizard_full/b29_cash_multiway/b29_03.json,Th9s8d,7.5,7.5,7.5,,0.0,,100.0
b29_01,b29_cash_multiway,knowledges/gto_wizard_full/b29_cash_multiway/b29_01.json,Ks7d2c,7.5,7.5,7.5,,0.0,,100.0
b29_06,b29_cash_multiway,knowledges/gto_wizard_full/b29_cash_multiway/b29_06.json,Kh6s4c,7.5,7.5,7.5,,0.0,,100.0
b29_08,b29_cash_multiway,knowledges/gto_wizard_full/b29_cash_multiway/b29_08.json,Jh7s5c,7.5,7.5,7.5,,0.0,,100.0
b29_04,b29_cash_multiway,knowledges/gto_wizard_full/b29_cash_multiway/b29_04.json,Td7c6s,7.5,7.5,7.5,,0.0,,100.0
b29_02,b29_cash_multiway,knowledges/gto_wizard_full/b29_cash_multiway/b29_02.json,Qh4s2c,7.5,7.5,7.5,,0.0,,100.0
b4_05,b4_xxxx_river,knowledges/gto_wizard_full/b4_xxxx_river/b4_05.json,AhKd4s8c2h,5.65,5.65,5.65,,0.0,,200.125
b4_08,b4_xxxx_river,knowledges/gto_wizard_full/b4_xxxx_river/b4_08.json,Th9s8c4dAh,6.05,6.05,6.05,,0.0,,200.125
b4_06,b4_xxxx_river,knowledges/gto_wizard_full/b4_xxxx_river/b4_06.json,Ks7d2c5h3d,6.05,6.05,6.05,,0.0,,200.125
b4_09,b4_xxxx_river,knowledges/gto_wizard_full/b4_xxxx_river/b4_09.json,9h8s7d4c2d,6.45,6.45,6.45,,0.0,,200.125
b4_03,b4_xxxx_river,knowledges/gto_wizard_full/b4_xxxx_river/b4_03.json,AhKd4s8c2h,5.65,5.65,5.65,,0.0,,200.125
b4_01,b4_xxxx_river,knowledges/gto_wizard_full/b4_xxxx_river/b4_01.json,Ks7d2c5h3d,5.65,5.65,5.65,,0.0,,200.125
b4_04,b4_xxxx_river,knowledges/gto_wizard_full/b4_xxxx_river/b4_04.json,9h8s7d4c2d,5.65,5.65,5.65,,0.0,,200.125
b4_02,b4_xxxx_river,knowledges/gto_wizard_full/b4_xxxx_river/b4_02.json,9h8s7d4c2d,5.65,5.65,5.65,,0.0,,200.125
b4_10,b4_xxxx_river,knowledges/gto_wizard_full/b4_xxxx_river/b4_10.json,AhKd4s8c2h,6.45,6.45,6.45,,0.0,,200.125
b4_07,b4_xxxx_river,knowledges/gto_wizard_full/b4_xxxx_river/b4_07.json,9h8s7d4c2d,6.05,6.05,6.05,,0.0,,200.125
b4_11,b4_xxxx_river,knowledges/gto_wizard_full/b4_xxxx_river/b4_11.json,Th9s8c4dAh,6.45,6.45,6.45,,0.0,,200.125
b4_12,b4_xxxx_river,knowledges/gto_wizard_full/b4_xxxx_river/b4_12.json,QhJd4s7c2h,6.45,6.45,6.45,,0.0,,200.125
b1_11,b1_turn_donk_pair,knowledges/gto_wizard_full/b1_turn_donk_pair/b1_11.json,Ks7d2cKh,9.45,9.45,9.45,,0.0,,200.125
b1_12,b1_turn_donk_pair,knowledges/gto_wizard_full/b1_turn_donk_pair/b1_12.json,Ks7d2c7c,9.45,9.45,9.45,,0.0,,200.125
b1_15,b1_turn_donk_flush,knowledges/gto_wizard_full/b1_turn_donk_flush/b1_15.json,Ah4d2c9h,9.45,9.45,9.45,,0.0,,200.125
b26_02,b26_cash_3bp,knowledges/gto_wizard_full/b26_cash_3bp/b26_02.json,Qh8d3s,27.5,27.5,27.5,,0.0,,100.0
b26_05,b26_cash_3bp,knowledges/gto_wizard_full/b26_cash_3bp/b26_05.json,AhKd4s,27.5,27.5,27.5,,0.0,,100.0
b26_01,b26_cash_3bp,knowledges/gto_wizard_full/b26_cash_3bp/b26_01.json,Ks7d2c,27.5,27.5,27.5,,0.0,,100.0
b26_08,b26_cash_3bp,knowledges/gto_wizard_full/b26_cash_3bp/b26_08.json,KsQs7s,27.5,27.5,27.5,,0.0,,100.0
b26_07,b26_cash_3bp,knowledges/gto_wizard_full/b26_cash_3bp/b26_07.json,KsKd7c,27.5,27.5,27.5,,0.0,,100.0
b26_06,b26_cash_3bp,knowledges/gto_wizard_full/b26_cash_3bp/b26_06.json,9h8s7d,27.5,27.5,27.5,,0.0,,100.0
b26_04,b26_cash_3bp,knowledges/gto_wizard_full/b26_cash_3bp/b26_04.json,Th9s8d,27.5,27.5,27.5,,0.0,,100.0
b26_03,b26_cash_3bp,knowledges/gto_wizard_full/b26_cash_3bp/b26_03.json,Jd6c4d,27.5,27.5,27.5,,0.0,,100.0
b7_04,b7_turn_cbet,knowledges/gto_wizard_full/b7_turn_cbet/b7_04.json,Ks7d2cQd,9.45,9.45,9.45,,0.0,,200.125
b7_01,b7_turn_cbet,knowledges/gto_wizard_full/b7_turn_cbet/b7_01.json,Ks7d2c5h,9.45,9.45,9.45,,0.0,,200.125
b7_18,b7_turn_cbet,knowledges/gto_wizard_full/b7_turn_cbet/b7_18.json,Kh7c2c5c,9.45,9.45,9.45,,0.0,,200.125
b7_17,b7_turn_cbet,knowledges/gto_wizard_full/b7_turn_cbet/b7_17.json,Ah4d2c9h,9.45,9.45,9.45,,0.0,,200.125
b7_07,b7_turn_cbet,knowledges/gto_wizard_full/b7_turn_cbet/b7_07.json,QhJd4sAh,9.45,9.45,9.45,,0.0,,200.125
b7_20,b7_turn_cbet,knowledges/gto_wizard_full/b7_turn_cbet/b7_20.json,KsQd4h2h,9.45,9.45,9.45,,0.0,,200.125
b7_19,b7_turn_cbet,knowledges/gto_wizard_full/b7_turn_cbet/b7_19.json,KsQd4hTh,9.45,9.45,9.45,,0.0,,200.125
b7_08,b7_turn_cbet,knowledges/gto_wizard_full/b7_turn_cbet/b7_08.json,QhJd4sTh,9.45,9.45,9.45,,0.0,,200.125
b7_05,b7_turn_cbet,knowledges/gto_wizard_full/b7_turn_cbet/b7_05.json,QhJd4s2h,9.45,9.45,9.45,,0.0,,200.125
b7_06,b7_turn_cbet,knowledges/gto_wizard_full/b7_turn_cbet/b7_06.json,QhJd4s7c,9.45,9.45,9.45,,0.0,,200.125
b7_15,b7_turn_cbet,knowledges/gto_wizard_full/b7_turn_cbet/b7_15.json,JdTs9c2c,9.45,9.45,9.45,,0.0,,200.125
b7_16,b7_turn_cbet,knowledges/gto_wizard_full/b7_turn_cbet/b7_16.json,Ts8s5s4d,9.45,9.45,9.45,,0.0,,200.125
b7_03,b7_turn_cbet,knowledges/gto_wizard_full/b7_turn_cbet/b7_03.json,Ks7d2cAh,9.45,9.45,9.45,,0.0,,200.125
b7_14,b7_turn_cbet,knowledges/gto_wizard_full/b7_turn_cbet/b7_14.json,AhKd4s2c,23.45,23.45,23.45,,0.0,,200.125
b7_13,b7_turn_cbet,knowledges/gto_wizard_full/b7_turn_cbet/b7_13.json,AhKd4s8c,23.45,23.45,23.45,,0.0,,200.125
b7_09,b7_turn_cbet,knowledges/gto_wizard_full/b7_turn_cbet/b7_09.json,Td7c6s2h,9.45,9.45,9.45,,0.0,,200.125
b7_02,b7_turn_cbet,knowledges/gto_wizard_full/b7_turn_cbet/b7_02.json,Ks7d2c3h,9.45,9.45,9.45,,0.0,,200.125
b7_11,b7_turn_cbet,knowledges/gto_wizard_full/b7_turn_cbet/b7_11.json,9h8s7d4c,9.45,9.45,9.45,,0.0,,200.125
b7_10,b7_turn_cbet,knowledges/gto_wizard_full/b7_turn_cbet/b7_10.json,Td7c6sAh,9.45,9.45,9.45,,0.0,,200.125
b7_12,b7_turn_cbet,knowledges/gto_wizard_full/b7_turn_cbet/b7_12.json,9h8s7dAd,9.45,9.45,9.45,,0.0,,200.125
b30_04,b30_cash_limp,knowledges/gto_wizard_full/b30_cash_limp/b30_04.json,9h8s7d,2.0,2.0,2.0,,0.0,,100.0
b30_01,b30_cash_limp,knowledges/gto_wizard_full/b30_cash_limp/b30_01.json,Ks7d2c,2.0,2.0,2.0,,0.0,,100.0
b30_02,b30_cash_limp,knowledges/gto_wizard_full/b30_cash_limp/b30_02.json,Th9s8d,2.0,2.0,2.0,,0.0,,100.0
b30_03,b30_cash_limp,knowledges/gto_wizard_full/b30_cash_limp/b30_03.json,AhKd4s,2.0,2.0,2.0,,0.0,,100.0
b30_05,b30_cash_limp,knowledges/gto_wizard_full/b30_cash_limp/b30_05.json,Qh4s2c,2.0,2.0,2.0,,0.0,,100.0
b25_sb_987,b25_cash_wet,knowledges/gto_wizard_full/b25_cash_wet/b25_sb_987.json,9h8s7d,7.0,7.0,7.0,,0.0,,100.0
b25_hj_jt9,b25_cash_wet,knowledges/gto_wizard_full/b25_cash_wet/b25_hj_jt9.json,JhTh9c,5.5,5.5,5.5,,0.0,,100.0
b25_co_q42,b25_cash_wet,knowledges/gto_wizard_full/b25_cash_wet/b25_co_q42.json,Qh4s2c,5.5,5.5,5.5,,0.0,,100.0
b25_btn_jt9,b25_cash_wet,knowledges/gto_wizard_full/b25_cash_wet/b25_btn_jt9.json,JhTh9c,5.5,5.5,5.5,,0.0,,100.0
b25_utg_987,b25_cash_wet,knowledges/gto_wizard_full/b25_cash_wet/b25_utg_987.json,9h8s7d,5.5,5.5,5.5,,0.0,,100.0
b25_co_987,b25_cash_wet,knowledges/gto_wizard_full/b25_cash_wet/b25_co_987.json,9h8s7d,5.5,5.5,5.5,,0.0,,100.0
b25_hj_q42,b25_cash_wet,knowledges/gto_wizard_full/b25_cash_wet/b25_hj_q42.json,Qh4s2c,5.5,5.5,5.5,,0.0,,100.0
b25_hj_987,b25_cash_wet,knowledges/gto_wizard_full/b25_cash_wet/b25_hj_987.json,9h8s7d,5.5,5.5,5.5,,0.0,,100.0
C14b,SRP_BTN_river_check,knowledges/gto_wizard_full/SRP_BTN_river_check/C14b.json,Ks7d2c5h3d,10.65,10.65,10.65,,0.0,,200.125
b36_01,b36_low_connected,knowledges/gto_wizard_full/b36_low_connected/b36_01.json,8h7d6c,5.5,5.5,5.5,,0.0,,100.0
b36_08,b36_low_connected,knowledges/gto_wizard_full/b36_low_connected/b36_08.json,9h6d4c,5.5,5.5,5.5,,0.0,,100.0
b36_06,b36_low_connected,knowledges/gto_wizard_full/b36_low_connected/b36_06.json,8h6d4c,5.5,5.5,5.5,,0.0,,100.0
b36_02,b36_low_connected,knowledges/gto_wizard_full/b36_low_connected/b36_02.json,7h6d5c,5.5,5.5,5.5,,0.0,,100.0
b36_09,b36_low_connected,knowledges/gto_wizard_full/b36_low_connected/b36_09.json,8h5d3c,5.5,5.5,5.5,,0.0,,100.0
b36_11,b36_low_connected,knowledges/gto_wizard_full/b36_low_connected/b36_11.json,6h4d2c,5.5,5.5,5.5,,0.0,,100.0
b36_12,b36_low_connected,knowledges/gto_wizard_full/b36_low_connected/b36_12.json,5h3d2c,5.5,5.5,5.5,,0.0,,100.0
b36_05,b36_low_connected,knowledges/gto_wizard_full/b36_low_connected/b36_05.json,4h3d2c,5.5,5.5,5.5,,0.0,,100.0
b36_03,b36_low_connected,knowledges/gto_wizard_full/b36_low_connected/b36_03.json,6h5d4c,5.5,5.5,5.5,,0.0,,100.0
b36_10,b36_low_connected,knowledges/gto_wizard_full/b36_low_connected/b36_10.json,7h5d3c,5.5,5.5,5.5,,0.0,,100.0
b36_04,b36_low_connected,knowledges/gto_wizard_full/b36_low_connected/b36_04.json,5h4d3c,5.5,5.5,5.5,,0.0,,100.0
b36_07,b36_low_connected,knowledges/gto_wizard_full/b36_low_connected/b36_07.json,9h7d5c,5.5,5.5,5.5,,0.0,,100.0
C13b,SRP_BTN_turn_cbc,knowledges/gto_wizard_full/SRP_BTN_turn_cbc/C13b.json,Td7c6s2h,10.65,10.65,10.65,,0.0,,200.125
C12b,SRP_BTN_turn_cbc,knowledges/gto_wizard_full/SRP_BTN_turn_cbc/C12b.json,AhKd4s8c,25.65,25.65,25.65,,0.0,,200.125
C10b,SRP_BTN_turn_cbc,knowledges/gto_wizard_full/SRP_BTN_turn_cbc/C10b.json,Ks7d2c5h,10.65,10.65,10.65,,0.0,,200.125
C11b,SRP_BTN_turn_cbc,knowledges/gto_wizard_full/SRP_BTN_turn_cbc/C11b.json,9h8s7d4c,10.65,10.65,10.65,,0.0,,200.125
b8_16,b8_turn_probe,knowledges/gto_wizard_full/b8_turn_probe/b8_16.json,AhKd4s8c,5.65,5.65,5.65,,0.0,,200.125
b8_14,b8_turn_probe,knowledges/gto_wizard_full/b8_turn_probe/b8_14.json,QhJd4sAh,5.65,5.65,5.65,,0.0,,200.125
b8_25,b8_turn_probe,knowledges/gto_wizard_full/b8_turn_probe/b8_25.json,Ks7d2c5h,5.65,5.65,5.65,,0.0,,200.125
b8_12,b8_turn_probe,knowledges/gto_wizard_full/b8_turn_probe/b8_12.json,QhJd4sQc,5.65,5.65,5.65,,0.0,,200.125
b8_19,b8_turn_probe,knowledges/gto_wizard_full/b8_turn_probe/b8_19.json,AhKd4s2c,5.65,5.65,5.65,,0.0,,200.125
b8_04,b8_turn_probe,knowledges/gto_wizard_full/b8_turn_probe/b8_04.json,Ks7d2cAh,5.65,5.65,5.65,,0.0,,200.125
b8_05,b8_turn_probe,knowledges/gto_wizard_full/b8_turn_probe/b8_05.json,9h8s7d6c,5.65,5.65,5.65,,0.0,,200.125
b8_11,b8_turn_probe,knowledges/gto_wizard_full/b8_turn_probe/b8_11.json,Td7c6s6h,5.65,5.65,5.65,,0.0,,200.125
b8_23,b8_turn_probe,knowledges/gto_wizard_full/b8_turn_probe/b8_23.json,Ah4d2c3h,5.65,5.65,5.65,,0.0,,200.125
b8_20,b8_turn_probe,knowledges/gto_wizard_full/b8_turn_probe/b8_20.json,JdTs9c2c,5.65,5.65,5.65,,0.0,,200.125
b8_06,b8_turn_probe,knowledges/gto_wizard_full/b8_turn_probe/b8_06.json,9h8s7d9c,5.65,5.65,5.65,,0.0,,200.125
b8_09,b8_turn_probe,knowledges/gto_wizard_full/b8_turn_probe/b8_09.json,Td7c6sJh,5.65,5.65,5.65,,0.0,,200.125
b8_07,b8_turn_probe,knowledges/gto_wizard_full/b8_turn_probe/b8_07.json,9h8s7dAd,5.65,5.65,5.65,,0.0,,200.125
b8_15,b8_turn_probe,knowledges/gto_wizard_full/b8_turn_probe/b8_15.json,QhJd4sTh,5.65,5.65,5.65,,0.0,,200.125
b8_13,b8_turn_probe,knowledges/gto_wizard_full/b8_turn_probe/b8_13.json,QhJd4s4c,5.65,5.65,5.65,,0.0,,200.125
b8_02,b8_turn_probe,knowledges/gto_wizard_full/b8_turn_probe/b8_02.json,Ks7d2c7c,5.65,5.65,5.65,,0.0,,200.125
b8_22,b8_turn_probe,knowledges/gto_wizard_full/b8_turn_probe/b8_22.json,JdTs9cAh,5.65,5.65,5.65,,0.0,,200.125
b8_03,b8_turn_probe,knowledges/gto_wizard_full/b8_turn_probe/b8_03.json,Ks7d2c2h,5.65,5.65,5.65,,0.0,,200.125
b8_01,b8_turn_probe,knowledges/gto_wizard_full/b8_turn_probe/b8_01.json,Ks7d2cKh,5.65,5.65,5.65,,0.0,,200.125
b8_17,b8_turn_probe,knowledges/gto_wizard_full/b8_turn_probe/b8_17.json,AhKd4sAc,5.65,5.65,5.65,,0.0,,200.125
b8_21,b8_turn_probe,knowledges/gto_wizard_full/b8_turn_probe/b8_21.json,JdTs9c8c,5.65,5.65,5.65,,0.0,,200.125
b8_24,b8_turn_probe,knowledges/gto_wizard_full/b8_turn_probe/b8_24.json,Ah4d2cKh,5.65,5.65,5.65,,0.0,,200.125
b8_18,b8_turn_probe,knowledges/gto_wizard_full/b8_turn_probe/b8_18.json,AhKd4sKc,5.65,5.65,5.65,,0.0,,200.125
b8_08,b8_turn_probe,knowledges/gto_wizard_full/b8_turn_probe/b8_08.json,9h8s7dTd,5.65,5.65,5.65,,0.0,,200.125
b8_10,b8_turn_probe,knowledges/gto_wizard_full/b8_turn_probe/b8_10.json,Td7c6s8c,5.65,5.65,5.65,,0.0,,200.125
b1_19,b1_turn_donk_mono,knowledges/gto_wizard_full/b1_turn_donk_mono/b1_19.json,KsQs7s4s,9.45,9.45,9.45,,0.0,,200.125
b1_20,b1_turn_donk_mono,knowledges/gto_wizard_full/b1_turn_donk_mono/b1_20.json,Kh7c2c5c,9.45,9.45,9.45,,0.0,,200.125
b1_08,b1_turn_donk,knowledges/gto_wizard_full/b1_turn_donk/b1_08.json,AhKd4s8c,24.45,24.45,24.45,,0.0,,200.125
b1_10,b1_turn_donk,knowledges/gto_wizard_full/b1_turn_donk/b1_10.json,9h8s7d4c,9.45,9.45,9.45,,0.0,,200.125
b1_02,b1_turn_donk,knowledges/gto_wizard_full/b1_turn_donk/b1_02.json,9h8s7d4c,10.65,10.65,10.65,,0.0,,200.125
b1_05,b1_turn_donk,knowledges/gto_wizard_full/b1_turn_donk/b1_05.json,JdTs9c4h,25.65,25.65,25.65,,0.0,,200.125
b1_06,b1_turn_donk,knowledges/gto_wizard_full/b1_turn_donk/b1_06.json,Ks7d2c5h,10.05,10.05,10.05,,0.0,,200.125
b1_03,b1_turn_donk,knowledges/gto_wizard_full/b1_turn_donk/b1_03.json,Td7c6s2h,10.65,10.65,10.65,,0.0,,200.125
b1_04,b1_turn_donk,knowledges/gto_wizard_full/b1_turn_donk/b1_04.json,QhJd4s7c,10.65,10.65,10.65,,0.0,,200.125
b1_09,b1_turn_donk,knowledges/gto_wizard_full/b1_turn_donk/b1_09.json,Ks7d2c5h,9.45,9.45,9.45,,0.0,,200.125
b1_01,b1_turn_donk,knowledges/gto_wizard_full/b1_turn_donk/b1_01.json,Ks7d2c5h,10.65,10.65,10.65,,0.0,,200.125
b1_07,b1_turn_donk,knowledges/gto_wizard_full/b1_turn_donk/b1_07.json,9h8s7d4c,10.05,10.05,10.05,,0.0,,200.125
b37_08,b37_2tone_compare,knowledges/gto_wizard_full/b37_2tone_compare/b37_08.json,Jh6h4c,5.5,5.5,5.5,,0.0,,100.0
b37_06,b37_2tone_compare,knowledges/gto_wizard_full/b37_2tone_compare/b37_06.json,JhTh9d,5.5,5.5,5.5,,0.0,,100.0
b37_04,b37_2tone_compare,knowledges/gto_wizard_full/b37_2tone_compare/b37_04.json,Th9h8d,5.5,5.5,5.5,,0.0,,100.0
b37_01,b37_2tone_compare,knowledges/gto_wizard_full/b37_2tone_compare/b37_01.json,Ks7s2c,5.5,5.5,5.5,,0.0,,100.0
b37_03,b37_2tone_compare,knowledges/gto_wizard_full/b37_2tone_compare/b37_03.json,Qh8h3s,5.5,5.5,5.5,,0.0,,100.0
b37_02,b37_2tone_compare,knowledges/gto_wizard_full/b37_2tone_compare/b37_02.json,Ks7c2s,5.5,5.5,5.5,,0.0,,100.0
b37_05,b37_2tone_compare,knowledges/gto_wizard_full/b37_2tone_compare/b37_05.json,9h8h7d,5.5,5.5,5.5,,0.0,,100.0
b37_07,b37_2tone_compare,knowledges/gto_wizard_full/b37_2tone_compare/b37_07.json,AhKh4s,5.5,5.5,5.5,,0.0,,100.0
b31_04,b31_cash_river,knowledges/gto_wizard_full/b31_cash_river/b31_04.json,9h8s7d4c2d,5.5,5.5,5.5,,0.0,,100.0
b31_05,b31_cash_river,knowledges/gto_wizard_full/b31_cash_river/b31_05.json,Ks7d2c5h3d,9.1,9.1,9.1,,0.0,,100.0
b31_03,b31_cash_river,knowledges/gto_wizard_full/b31_cash_river/b31_03.json,9h8s7d4c2d,5.5,5.5,5.5,,0.0,,100.0
b31_02,b31_cash_river,knowledges/gto_wizard_full/b31_cash_river/b31_02.json,Ks7d2c5h3d,5.5,5.5,5.5,,0.0,,100.0
b31_06,b31_cash_river,knowledges/gto_wizard_full/b31_cash_river/b31_06.json,9h8s7d4c2d,9.1,9.1,9.1,,0.0,,100.0
b31_01,b31_cash_river,knowledges/gto_wizard_full/b31_cash_river/b31_01.json,Ks7d2c5h3d,5.5,5.5,5.5,,0.0,,100.0
b10_06,b10_mono,knowledges/gto_wizard_full/b10_mono/b10_06.json,8s6s4s2h,9.45,9.45,9.45,,0.0,,200.125
b10_01,b10_mono,knowledges/gto_wizard_full/b10_mono/b10_01.json,KsQs7s2h,9.45,9.45,9.45,,0.0,,200.125
b10_04,b10_mono,knowledges/gto_wizard_full/b10_mono/b10_04.json,AsTs5s2h,9.45,9.45,9.45,,0.0,,200.125
b10_07,b10_mono,knowledges/gto_wizard_full/b10_mono/b10_07.json,KsQs7s,5.65,5.65,5.65,,0.0,,200.125
b10_09,b10_mono,knowledges/gto_wizard_full/b10_mono/b10_09.json,KsQs7s2h,5.65,5.65,5.65,,0.0,,200.125
b10_02,b10_mono,knowledges/gto_wizard_full/b10_mono/b10_02.json,KsQs7s2s,9.45,9.45,9.45,,0.0,,200.125
b10_10,b10_mono,knowledges/gto_wizard_full/b10_mono/b10_10.json,Js9s5s2h,5.65,5.65,5.65,,0.0,,200.125
b10_03,b10_mono,knowledges/gto_wizard_full/b10_mono/b10_03.json,Js9s5s2h,9.45,9.45,9.45,,0.0,,200.125
b10_05,b10_mono,knowledges/gto_wizard_full/b10_mono/b10_05.json,QsTs6s2h,9.45,9.45,9.45,,0.0,,200.125
b10_08,b10_mono,knowledges/gto_wizard_full/b10_mono/b10_08.json,Js9s5s,5.65,5.65,5.65,,0.0,,200.125
b40_09,b40_hj_diverse,knowledges/gto_wizard_full/b40_hj_diverse/b40_09.json,KsKd4c,5.5,5.5,5.5,,0.0,,100.0
b40_01,b40_hj_diverse,knowledges/gto_wizard_full/b40_hj_diverse/b40_01.json,Ah5d2c,5.5,5.5,5.5,,0.0,,100.0
b40_11,b40_hj_diverse,knowledges/gto_wizard_full/b40_hj_diverse/b40_11.json,Ks8d7c,5.5,5.5,5.5,,0.0,,100.0
b40_04,b40_hj_diverse,knowledges/gto_wizard_full/b40_hj_diverse/b40_04.json,JhTd9c,5.5,5.5,5.5,,0.0,,100.0
b40_02,b40_hj_diverse,knowledges/gto_wizard_full/b40_hj_diverse/b40_02.json,AhKdQc,5.5,5.5,5.5,,0.0,,100.0
b40_07,b40_hj_diverse,knowledges/gto_wizard_full/b40_hj_diverse/b40_07.json,5h4d3c,5.5,5.5,5.5,,0.0,,100.0
b40_08,b40_hj_diverse,knowledges/gto_wizard_full/b40_hj_diverse/b40_08.json,AsKs7s,5.5,5.5,5.5,,0.0,,100.0
b40_05,b40_hj_diverse,knowledges/gto_wizard_full/b40_hj_diverse/b40_05.json,Jh7d5c,5.5,5.5,5.5,,0.0,,100.0
b40_03,b40_hj_diverse,knowledges/gto_wizard_full/b40_hj_diverse/b40_03.json,Qh9d8c,5.5,5.5,5.5,,0.0,,100.0
b40_10,b40_hj_diverse,knowledges/gto_wizard_full/b40_hj_diverse/b40_10.json,9s9d4c,5.5,5.5,5.5,,0.0,,100.0
b40_06,b40_hj_diverse,knowledges/gto_wizard_full/b40_hj_diverse/b40_06.json,8h7d6c,5.5,5.5,5.5,,0.0,,100.0
b40_12,b40_hj_diverse,knowledges/gto_wizard_full/b40_hj_diverse/b40_12.json,Qh5d3c,5.5,5.5,5.5,,0.0,,100.0
B19b,turn_donk_BTN,knowledges/gto_wizard_full/turn_donk_BTN/B19b.json,Ks7d2c5h,10.65,10.65,10.65,,0.0,,200.125
b27_06,b27_cash_oop_def,knowledges/gto_wizard_full/b27_cash_oop_def/b27_06.json,KsKd7c,5.5,7.3,7.3,0.198,1.8,0.32727272727272727,100.0
b27_08,b27_cash_oop_def,knowledges/gto_wizard_full/b27_cash_oop_def/b27_08.json,KsQs7s,5.5,7.3,7.3,0.198,1.8,0.32727272727272727,100.0
b27_02,b27_cash_oop_def,knowledges/gto_wizard_full/b27_cash_oop_def/b27_02.json,Qh8d3s,5.5,7.3,7.3,0.198,1.8,0.32727272727272727,100.0
b27_03,b27_cash_oop_def,knowledges/gto_wizard_full/b27_cash_oop_def/b27_03.json,Jd6c4d,5.5,11.9,11.9,0.35,6.4,1.1636363636363638,100.0
b27_05,b27_cash_oop_def,knowledges/gto_wizard_full/b27_cash_oop_def/b27_05.json,AhKd4s,5.5,11.9,11.9,0.35,6.4,1.1636363636363638,100.0
b27_04,b27_cash_oop_def,knowledges/gto_wizard_full/b27_cash_oop_def/b27_04.json,Th9s8d,5.5,7.3,7.3,0.198,1.8,0.32727272727272727,100.0
b27_07,b27_cash_oop_def,knowledges/gto_wizard_full/b27_cash_oop_def/b27_07.json,9h8s7d,5.5,7.3,7.3,0.198,1.8,0.32727272727272727,100.0
b27_09,b27_cash_oop_def,knowledges/gto_wizard_full/b27_cash_oop_def/b27_09.json,Qh4s2c,5.5,7.3,7.3,0.198,1.8,0.32727272727272727,100.0
b27_10,b27_cash_oop_def,knowledges/gto_wizard_full/b27_cash_oop_def/b27_10.json,Td7c6s,5.5,7.3,7.3,0.198,1.8,0.32727272727272727,100.0
b27_01,b27_cash_oop_def,knowledges/gto_wizard_full/b27_cash_oop_def/b27_01.json,Ks7d2c,5.5,7.3,7.3,0.198,1.8,0.32727272727272727,100.0
b1x_02,b1_pair_top,knowledges/gto_wizard_full/b1_pair_top/b1x_02.json,QhJd4sQc,9.45,9.45,9.45,,0.0,,200.125
b1x_03,b1_pair_top,knowledges/gto_wizard_full/b1_pair_top/b1x_03.json,AhKd4sAc,23.45,23.45,23.45,,0.0,,200.125
b1x_04,b1_pair_top,knowledges/gto_wizard_full/b1_pair_top/b1x_04.json,Td7c6sTh,9.45,9.45,9.45,,0.0,,200.125
b1x_01,b1_pair_top,knowledges/gto_wizard_full/b1_pair_top/b1x_01.json,Ks7d2cKh,9.45,9.45,9.45,,0.0,,200.125
b1x_05,b1_pair_top,knowledges/gto_wizard_full/b1_pair_top/b1x_05.json,JdTs9cJh,9.45,9.45,9.45,,0.0,,200.125
b33_11,b33_ahigh_gradient,knowledges/gto_wizard_full/b33_ahigh_gradient/b33_11.json,AhKdQc,5.5,5.5,5.5,,0.0,,100.0
b33_07,b33_ahigh_gradient,knowledges/gto_wizard_full/b33_ahigh_gradient/b33_07.json,AhTd5c,5.5,5.5,5.5,,0.0,,100.0
b33_09,b33_ahigh_gradient,knowledges/gto_wizard_full/b33_ahigh_gradient/b33_09.json,Ah8d7c,5.5,5.5,5.5,,0.0,,100.0
b33_04,b33_ahigh_gradient,knowledges/gto_wizard_full/b33_ahigh_gradient/b33_04.json,Ah9d2c,5.5,5.5,5.5,,0.0,,100.0
b33_05,b33_ahigh_gradient,knowledges/gto_wizard_full/b33_ahigh_gradient/b33_05.json,Ah9d5c,5.5,5.5,5.5,,0.0,,100.0
b33_02,b33_ahigh_gradient,knowledges/gto_wizard_full/b33_ahigh_gradient/b33_02.json,Ah7d2c,5.5,5.5,5.5,,0.0,,100.0
b33_03,b33_ahigh_gradient,knowledges/gto_wizard_full/b33_ahigh_gradient/b33_03.json,Ah8d2c,5.5,5.5,5.5,,0.0,,100.0
b33_06,b33_ahigh_gradient,knowledges/gto_wizard_full/b33_ahigh_gradient/b33_06.json,AhJd4c,5.5,5.5,5.5,,0.0,,100.0
b33_01,b33_ahigh_gradient,knowledges/gto_wizard_full/b33_ahigh_gradient/b33_01.json,Ah5d2c,5.5,5.5,5.5,,0.0,,100.0
b33_08,b33_ahigh_gradient,knowledges/gto_wizard_full/b33_ahigh_gradient/b33_08.json,AhTd7c,5.5,5.5,5.5,,0.0,,100.0
b33_12,b33_ahigh_gradient,knowledges/gto_wizard_full/b33_ahigh_gradient/b33_12.json,AhQdJc,5.5,5.5,5.5,,0.0,,100.0
b33_10,b33_ahigh_gradient,knowledges/gto_wizard_full/b33_ahigh_gradient/b33_10.json,Ah6d5c,5.5,5.5,5.5,,0.0,,100.0
b1x_16,b1_str8,knowledges/gto_wizard_full/b1_str8/b1x_16.json,Td7c6s8c,9.45,9.45,9.45,,0.0,,200.125
b1x_18,b1_str8,knowledges/gto_wizard_full/b1_str8/b1x_18.json,QhJd4sTh,9.45,9.45,9.45,,0.0,,200.125
b1x_15,b1_str8,knowledges/gto_wizard_full/b1_str8/b1x_15.json,9h8s7d6c,9.45,9.45,9.45,,0.0,,200.125
b1x_19,b1_str8,knowledges/gto_wizard_full/b1_str8/b1x_19.json,Td7c6s9d,9.45,9.45,9.45,,0.0,,200.125
b1x_17,b1_str8,knowledges/gto_wizard_full/b1_str8/b1x_17.json,JdTs9c8c,9.45,9.45,9.45,,0.0,,200.125
b1x_20,b1_str8,knowledges/gto_wizard_full/b1_str8/b1x_20.json,Td7c6s5d,9.45,9.45,9.45,,0.0,,200.125
b3z_06,b3_grad,knowledges/gto_wizard_full/b3_grad/b3z_06.json,Kh9s2c,7.35,7.35,7.35,,0.0,,200.125
b3z_04,b3_grad,knowledges/gto_wizard_full/b3_grad/b3z_04.json,Jh8s2c,7.35,7.35,7.35,,0.0,,200.125
b3z_13,b3_grad,knowledges/gto_wizard_full/b3_grad/b3z_13.json,Qc6s3d,7.35,7.35,7.35,,0.0,,200.125
b3z_14,b3_grad,knowledges/gto_wizard_full/b3_grad/b3z_14.json,8h5s2c,7.35,7.35,7.35,,0.0,,200.125
b3z_09,b3_grad,knowledges/gto_wizard_full/b3_grad/b3z_09.json,Jh5s2c,7.35,7.35,7.35,,0.0,,200.125
b3z_12,b3_grad,knowledges/gto_wizard_full/b3_grad/b3z_12.json,Ah5s2c,7.35,7.35,7.35,,0.0,,200.125
b3z_08,b3_grad,knowledges/gto_wizard_full/b3_grad/b3z_08.json,Th6s2c,7.35,7.35,7.35,,0.0,,200.125
b3z_02,b3_grad,knowledges/gto_wizard_full/b3_grad/b3z_02.json,8h7s6d,7.35,7.35,7.35,,0.0,,200.125
b3z_07,b3_grad,knowledges/gto_wizard_full/b3_grad/b3z_07.json,Ah9s2c,7.35,7.35,7.35,,0.0,,200.125
b3z_15,b3_grad,knowledges/gto_wizard_full/b3_grad/b3z_15.json,9c6s2d,7.35,7.35,7.35,,0.0,,200.125
b3z_11,b3_grad,knowledges/gto_wizard_full/b3_grad/b3z_11.json,Kc7s3d,7.35,7.35,7.35,,0.0,,200.125
b3z_05,b3_grad,knowledges/gto_wizard_full/b3_grad/b3z_05.json,Qh9s2c,7.35,7.35,7.35,,0.0,,200.125
b3z_03,b3_grad,knowledges/gto_wizard_full/b3_grad/b3z_03.json,Th9s8c,7.35,7.35,7.35,,0.0,,200.125
b3z_10,b3_grad,knowledges/gto_wizard_full/b3_grad/b3z_10.json,Kh5s2c,7.35,7.35,7.35,,0.0,,200.125
b3z_01,b3_grad,knowledges/gto_wizard_full/b3_grad/b3z_01.json,4h3s2c,7.35,7.35,7.35,,0.0,,200.125
b20_hj_03,b20_cash_100bb_hj,knowledges/gto_wizard_full/b20_cash_100bb_hj/b20_hj_03.json,Jd6c4d,5.5,5.5,5.5,,0.0,,100.0
b20_hj_01,b20_cash_100bb_hj,knowledges/gto_wizard_full/b20_cash_100bb_hj/b20_hj_01.json,Ks7d2c,5.5,5.5,5.5,,0.0,,100.0
b20_hj_04,b20_cash_100bb_hj,knowledges/gto_wizard_full/b20_cash_100bb_hj/b20_hj_04.json,Th9s8d,5.5,5.5,5.5,,0.0,,100.0
b20_hj_02,b20_cash_100bb_hj,knowledges/gto_wizard_full/b20_cash_100bb_hj/b20_hj_02.json,Qh8d3s,5.5,5.5,5.5,,0.0,,100.0
b20_hj_06,b20_cash_100bb_hj,knowledges/gto_wizard_full/b20_cash_100bb_hj/b20_hj_06.json,Td7c6s,5.5,5.5,5.5,,0.0,,100.0
b20_hj_05,b20_cash_100bb_hj,knowledges/gto_wizard_full/b20_cash_100bb_hj/b20_hj_05.json,AhKd4s,5.5,5.5,5.5,,0.0,,100.0
b1x_08,b1_pair_mid,knowledges/gto_wizard_full/b1_pair_mid/b1x_08.json,AhKd4sKc,23.45,23.45,23.45,,0.0,,200.125
b1x_07,b1_pair_mid,knowledges/gto_wizard_full/b1_pair_mid/b1x_07.json,QhJd4sJh,9.45,9.45,9.45,,0.0,,200.125
b1x_09,b1_pair_mid,knowledges/gto_wizard_full/b1_pair_mid/b1x_09.json,JdTs9cTh,9.45,9.45,9.45,,0.0,,200.125
b1x_06,b1_pair_mid,knowledges/gto_wizard_full/b1_pair_mid/b1x_06.json,Ks7d2c7c,9.45,9.45,9.45,,0.0,,200.125
b3x_11,b3_co_mw,knowledges/gto_wizard_full/b3_co_mw/b3x_11.json,Kh6s4c,7.95,7.95,7.95,,0.0,,200.125
b3x_10,b3_co_mw,knowledges/gto_wizard_full/b3_co_mw/b3x_10.json,Ah7c4d,7.95,7.95,7.95,,0.0,,200.125
b3x_08,b3_co_mw,knowledges/gto_wizard_full/b3_co_mw/b3x_08.json,7d6s5c,7.95,7.95,7.95,,0.0,,200.125
b3x_12,b3_co_mw,knowledges/gto_wizard_full/b3_co_mw/b3x_12.json,Qh4s2c,7.95,7.95,7.95,,0.0,,200.125
b3x_13,b3_co_mw,knowledges/gto_wizard_full/b3_co_mw/b3x_13.json,Jh7s5c,7.95,7.95,7.95,,0.0,,200.125
b3x_09,b3_co_mw,knowledges/gto_wizard_full/b3_co_mw/b3x_09.json,Td7c6s,7.95,7.95,7.95,,0.0,,200.125
C15b,SRP_CO_turn_cbc,knowledges/gto_wizard_full/SRP_CO_turn_cbc/C15b.json,Ks7d2c5h,10.05,10.05,10.05,,0.0,,200.125
b25_utg_kk7,b25_cash_paired,knowledges/gto_wizard_full/b25_cash_paired/b25_utg_kk7.json,KsKd7c,5.5,5.5,5.5,,0.0,,100.0
b25_co_kk7,b25_cash_paired,knowledges/gto_wizard_full/b25_cash_paired/b25_co_kk7.json,KsKd7c,5.5,5.5,5.5,,0.0,,100.0
b25_sb_kk7,b25_cash_paired,knowledges/gto_wizard_full/b25_cash_paired/b25_sb_kk7.json,KsKd7c,7.0,7.0,7.0,,0.0,,100.0
b25_sb_774,b25_cash_paired,knowledges/gto_wizard_full/b25_cash_paired/b25_sb_774.json,7s7d4c,7.0,7.0,7.0,,0.0,,100.0
b25_co_774,b25_cash_paired,knowledges/gto_wizard_full/b25_cash_paired/b25_co_774.json,7s7d4c,5.5,5.5,5.5,,0.0,,100.0
b25_utg_aak,b25_cash_paired,knowledges/gto_wizard_full/b25_cash_paired/b25_utg_aak.json,AhAdKc,5.5,5.5,5.5,,0.0,,100.0
b25_utg_774,b25_cash_paired,knowledges/gto_wizard_full/b25_cash_paired/b25_utg_774.json,7s7d4c,5.5,5.5,5.5,,0.0,,100.0
b25_hj_kk7,b25_cash_paired,knowledges/gto_wizard_full/b25_cash_paired/b25_hj_kk7.json,KsKd7c,5.5,5.5,5.5,,0.0,,100.0
b25_hj_774,b25_cash_paired,knowledges/gto_wizard_full/b25_cash_paired/b25_hj_774.json,7s7d4c,5.5,5.5,5.5,,0.0,,100.0
b25_hj_aak,b25_cash_paired,knowledges/gto_wizard_full/b25_cash_paired/b25_hj_aak.json,AhAdKc,5.5,5.5,5.5,,0.0,,100.0
b1_13,b1_turn_donk_str8,knowledges/gto_wizard_full/b1_turn_donk_str8/b1_13.json,9h8s7d6c,9.45,9.45,9.45,,0.0,,200.125
b1_14,b1_turn_donk_str8,knowledges/gto_wizard_full/b1_turn_donk_str8/b1_14.json,Td7c6s8h,9.45,9.45,9.45,,0.0,,200.125
b3_15,b3_mw_donk,knowledges/gto_wizard_full/b3_mw_donk/b3_15.json,Jh7s5c,7.35,7.35,7.35,,0.0,,200.125
b3_14,b3_mw_donk,knowledges/gto_wizard_full/b3_mw_donk/b3_14.json,Ts9s7c,7.35,7.35,7.35,,0.0,,200.125
b3_11,b3_mw_donk,knowledges/gto_wizard_full/b3_mw_donk/b3_11.json,9h8s2c,7.35,7.35,7.35,,0.0,,200.125
b3_05,b3_mw_donk,knowledges/gto_wizard_full/b3_mw_donk/b3_05.json,Th8c5d,7.35,7.35,7.35,,0.0,,200.125
b3_13,b3_mw_donk,knowledges/gto_wizard_full/b3_mw_donk/b3_13.json,Jh9s7c,7.35,7.35,7.35,,0.0,,200.125
b3_03,b3_mw_donk,knowledges/gto_wizard_full/b3_mw_donk/b3_03.json,5d4s3c,7.35,7.35,7.35,,0.0,,200.125
b3_12,b3_mw_donk,knowledges/gto_wizard_full/b3_mw_donk/b3_12.json,8h7s2c,7.35,7.35,7.35,,0.0,,200.125
b3_07,b3_mw_donk,knowledges/gto_wizard_full/b3_mw_donk/b3_07.json,Jc8s5h,7.35,7.35,7.35,,0.0,,200.125
b3_04,b3_mw_donk,knowledges/gto_wizard_full/b3_mw_donk/b3_04.json,8h6c4d,7.35,7.35,7.35,,0.0,,200.125
b3_01,b3_mw_donk,knowledges/gto_wizard_full/b3_mw_donk/b3_01.json,7d6s5c,7.35,7.35,7.35,,0.0,,200.125
b3_02,b3_mw_donk,knowledges/gto_wizard_full/b3_mw_donk/b3_02.json,6s5h4c,7.35,7.35,7.35,,0.0,,200.125
b3_08,b3_mw_donk,knowledges/gto_wizard_full/b3_mw_donk/b3_08.json,Ah7c4d,7.35,7.35,7.35,,0.0,,200.125
b3_06,b3_mw_donk,knowledges/gto_wizard_full/b3_mw_donk/b3_06.json,Qc9s7d,7.35,7.35,7.35,,0.0,,200.125
b3_09,b3_mw_donk,knowledges/gto_wizard_full/b3_mw_donk/b3_09.json,Kh6s4c,7.35,7.35,7.35,,0.0,,200.125
b3_10,b3_mw_donk,knowledges/gto_wizard_full/b3_mw_donk/b3_10.json,Qh4s2c,7.35,7.35,7.35,,0.0,,200.125
b20_utg_04,b20_cash_100bb_utg,knowledges/gto_wizard_full/b20_cash_100bb_utg/b20_utg_04.json,Th9s8d,5.5,5.5,5.5,,0.0,,100.0
b20_utg_02,b20_cash_100bb_utg,knowledges/gto_wizard_full/b20_cash_100bb_utg/b20_utg_02.json,Qh8d3s,5.5,5.5,5.5,,0.0,,100.0
b20_utg_05,b20_cash_100bb_utg,knowledges/gto_wizard_full/b20_cash_100bb_utg/b20_utg_05.json,AhKd4s,5.5,5.5,5.5,,0.0,,100.0
b20_utg_03,b20_cash_100bb_utg,knowledges/gto_wizard_full/b20_cash_100bb_utg/b20_utg_03.json,Jd6c4d,5.5,5.5,5.5,,0.0,,100.0
b20_utg_07,b20_cash_100bb_utg,knowledges/gto_wizard_full/b20_cash_100bb_utg/b20_utg_07.json,Ts5d2c,5.5,5.5,5.5,,0.0,,100.0
b20_utg_01,b20_cash_100bb_utg,knowledges/gto_wizard_full/b20_cash_100bb_utg/b20_utg_01.json,Ks7d2c,5.5,5.5,5.5,,0.0,,100.0
b20_utg_06,b20_cash_100bb_utg,knowledges/gto_wizard_full/b20_cash_100bb_utg/b20_utg_06.json,Td7c6s,5.5,5.5,5.5,,0.0,,100.0
b35_08,b35_jt_low,knowledges/gto_wizard_full/b35_jt_low/b35_08.json,Th7d2c,5.5,5.5,5.5,,0.0,,100.0
b35_05,b35_jt_low,knowledges/gto_wizard_full/b35_jt_low/b35_05.json,JhTd6c,5.5,5.5,5.5,,0.0,,100.0
b35_01,b35_jt_low,knowledges/gto_wizard_full/b35_jt_low/b35_01.json,Jh7d5c,5.5,5.5,5.5,,0.0,,100.0
b35_06,b35_jt_low,knowledges/gto_wizard_full/b35_jt_low/b35_06.json,JhTd8c,5.5,5.5,5.5,,0.0,,100.0
b35_12,b35_jt_low,knowledges/gto_wizard_full/b35_jt_low/b35_12.json,Th9d6c,5.5,5.5,5.5,,0.0,,100.0
b35_07,b35_jt_low,knowledges/gto_wizard_full/b35_jt_low/b35_07.json,Th6d2c,5.5,5.5,5.5,,0.0,,100.0
b35_11,b35_jt_low,knowledges/gto_wizard_full/b35_jt_low/b35_11.json,Th5d2c,5.5,5.5,5.5,,0.0,,100.0
b35_03,b35_jt_low,knowledges/gto_wizard_full/b35_jt_low/b35_03.json,Jh9d5c,5.5,5.5,5.5,,0.0,,100.0
b35_09,b35_jt_low,knowledges/gto_wizard_full/b35_jt_low/b35_09.json,Th8d7c,5.5,5.5,5.5,,0.0,,100.0
b35_04,b35_jt_low,knowledges/gto_wizard_full/b35_jt_low/b35_04.json,Jh8d5c,5.5,5.5,5.5,,0.0,,100.0
b35_10,b35_jt_low,knowledges/gto_wizard_full/b35_jt_low/b35_10.json,Th8d6c,5.5,5.5,5.5,,0.0,,100.0
b35_02,b35_jt_low,knowledges/gto_wizard_full/b35_jt_low/b35_02.json,Jh8d4c,5.5,5.5,5.5,,0.0,,100.0
A09b,3bp_turn_XX,knowledges/gto_wizard_full/3bp_turn_XX/A09b.json,AhKd4s8c,27.65,27.65,27.65,,0.0,,200.125
A08b,3bp_turn_XX,knowledges/gto_wizard_full/3bp_turn_XX/A08b.json,9h8s7d3c,27.65,27.65,27.65,,0.0,,200.125
A02b,3bp_turn_XX,knowledges/gto_wizard_full/3bp_turn_XX/A02b.json,Ks7d2c5h,27.65,27.65,27.65,,0.0,,200.125
b9_03,b9_paired_flop,knowledges/gto_wizard_full/b9_paired_flop/b9_03.json,7s7d4c2h,9.45,9.45,9.45,,0.0,,200.125
b9_09,b9_paired_flop,knowledges/gto_wizard_full/b9_paired_flop/b9_09.json,7s7d4c,5.65,5.65,5.65,,0.0,,200.125
b9_08,b9_paired_flop,knowledges/gto_wizard_full/b9_paired_flop/b9_08.json,KsKd7c,5.65,5.65,5.65,,0.0,,200.125
b9_04,b9_paired_flop,knowledges/gto_wizard_full/b9_paired_flop/b9_04.json,Qs6s6c2h,9.45,9.45,9.45,,0.0,,200.125
b9_02,b9_paired_flop,knowledges/gto_wizard_full/b9_paired_flop/b9_02.json,AhAdKc8h,9.45,9.45,9.45,,0.0,,200.125
b9_01,b9_paired_flop,knowledges/gto_wizard_full/b9_paired_flop/b9_01.json,KsKd7c2h,9.45,9.45,9.45,,0.0,,200.125
b9_05,b9_paired_flop,knowledges/gto_wizard_full/b9_paired_flop/b9_05.json,8s8h3c2h,9.45,9.45,9.45,,0.0,,200.125
b9_10,b9_paired_flop,knowledges/gto_wizard_full/b9_paired_flop/b9_10.json,AhAdKc,5.65,5.65,5.65,,0.0,,200.125
b25_hj_mono1,b25_cash_mono,knowledges/gto_wizard_full/b25_cash_mono/b25_hj_mono1.json,KsQs7s,5.5,5.5,5.5,,0.0,,100.0
b25_co_mono1,b25_cash_mono,knowledges/gto_wizard_full/b25_cash_mono/b25_co_mono1.json,KsQs7s,5.5,5.5,5.5,,0.0,,100.0
b25_utg_mono1,b25_cash_mono,knowledges/gto_wizard_full/b25_cash_mono/b25_utg_mono1.json,KsQs7s,5.5,5.5,5.5,,0.0,,100.0
b25_sb_mono1,b25_cash_mono,knowledges/gto_wizard_full/b25_cash_mono/b25_sb_mono1.json,KsQs7s,7.0,7.0,7.0,,0.0,,100.0
b39_03,b39_paired_diverse,knowledges/gto_wizard_full/b39_paired_diverse/b39_03.json,QsQc4d,5.5,5.5,5.5,,0.0,,100.0
b39_08,b39_paired_diverse,knowledges/gto_wizard_full/b39_paired_diverse/b39_08.json,3s3h2c,5.5,5.5,5.5,,0.0,,100.0
b39_02,b39_paired_diverse,knowledges/gto_wizard_full/b39_paired_diverse/b39_02.json,KsKd4c,5.5,5.5,5.5,,0.0,,100.0
b39_05,b39_paired_diverse,knowledges/gto_wizard_full/b39_paired_diverse/b39_05.json,JsJc4d,5.5,5.5,5.5,,0.0,,100.0
b39_04,b39_paired_diverse,knowledges/gto_wizard_full/b39_paired_diverse/b39_04.json,QsQc8d,5.5,5.5,5.5,,0.0,,100.0
b39_07,b39_paired_diverse,knowledges/gto_wizard_full/b39_paired_diverse/b39_07.json,5s5h2c,5.5,5.5,5.5,,0.0,,100.0
b39_01,b39_paired_diverse,knowledges/gto_wizard_full/b39_paired_diverse/b39_01.json,AhAdQc,5.5,5.5,5.5,,0.0,,100.0
b39_06,b39_paired_diverse,knowledges/gto_wizard_full/b39_paired_diverse/b39_06.json,9s9d4c,5.5,5.5,5.5,,0.0,,100.0
b28_05,b28_cash_turn,knowledges/gto_wizard_full/b28_cash_turn/b28_05.json,Qh8d3s2h,9.1,9.1,9.1,,0.0,,100.0
b28_07,b28_cash_turn,knowledges/gto_wizard_full/b28_cash_turn/b28_07.json,AhKd4s2c,18.3,18.3,18.3,,0.0,,100.0
b28_03,b28_cash_turn,knowledges/gto_wizard_full/b28_cash_turn/b28_03.json,Ks7d2cAh,9.1,9.1,9.1,,0.0,,100.0
b28_06,b28_cash_turn,knowledges/gto_wizard_full/b28_cash_turn/b28_06.json,Th9s8d4c,9.1,9.1,9.1,,0.0,,100.0
b28_01,b28_cash_turn,knowledges/gto_wizard_full/b28_cash_turn/b28_01.json,Ks7d2c5h,9.1,9.1,9.1,,0.0,,100.0
b28_02,b28_cash_turn,knowledges/gto_wizard_full/b28_cash_turn/b28_02.json,Ks7d2c7c,9.1,9.1,9.1,,0.0,,100.0
b28_04,b28_cash_turn,knowledges/gto_wizard_full/b28_cash_turn/b28_04.json,Ks7d2cQh,9.1,9.1,9.1,,0.0,,100.0
b28_08,b28_cash_turn,knowledges/gto_wizard_full/b28_cash_turn/b28_08.json,9h8s7d2c,9.1,9.1,9.1,,0.0,,100.0
b34_12,b34_qhigh_gradient,knowledges/gto_wizard_full/b34_qhigh_gradient/b34_12.json,Qh8d6c,5.5,5.5,5.5,,0.0,,100.0
b34_05,b34_qhigh_gradient,knowledges/gto_wizard_full/b34_qhigh_gradient/b34_05.json,Qh9d4c,5.5,5.5,5.5,,0.0,,100.0
b34_09,b34_qhigh_gradient,knowledges/gto_wizard_full/b34_qhigh_gradient/b34_09.json,QhJd6c,5.5,5.5,5.5,,0.0,,100.0
b34_06,b34_qhigh_gradient,knowledges/gto_wizard_full/b34_qhigh_gradient/b34_06.json,Qh9d8c,5.5,5.5,5.5,,0.0,,100.0
b34_08,b34_qhigh_gradient,knowledges/gto_wizard_full/b34_qhigh_gradient/b34_08.json,QhJd9c,5.5,5.5,5.5,,0.0,,100.0
b34_04,b34_qhigh_gradient,knowledges/gto_wizard_full/b34_qhigh_gradient/b34_04.json,Qh6d3c,5.5,5.5,5.5,,0.0,,100.0
b34_07,b34_qhigh_gradient,knowledges/gto_wizard_full/b34_qhigh_gradient/b34_07.json,QhTd5c,5.5,5.5,5.5,,0.0,,100.0
b34_10,b34_qhigh_gradient,knowledges/gto_wizard_full/b34_qhigh_gradient/b34_10.json,QhJdTc,5.5,5.5,5.5,,0.0,,100.0
b34_03,b34_qhigh_gradient,knowledges/gto_wizard_full/b34_qhigh_gradient/b34_03.json,Qh5d3c,5.5,5.5,5.5,,0.0,,100.0
b34_11,b34_qhigh_gradient,knowledges/gto_wizard_full/b34_qhigh_gradient/b34_11.json,Qh8d7c,5.5,5.5,5.5,,0.0,,100.0
b34_02,b34_qhigh_gradient,knowledges/gto_wizard_full/b34_qhigh_gradient/b34_02.json,Qh7d2c,5.5,5.5,5.5,,0.0,,100.0
b34_01,b34_qhigh_gradient,knowledges/gto_wizard_full/b34_qhigh_gradient/b34_01.json,Qh5d2c,5.5,5.5,5.5,,0.0,,100.0
b5_07,b5_river_giveup,knowledges/gto_wizard_full/b5_river_giveup/b5_07.json,9h8s7d4cTd,9.45,9.45,9.45,,0.0,,200.125
b5_01,b5_river_giveup,knowledges/gto_wizard_full/b5_river_giveup/b5_01.json,Ks7d2c5h3d,9.45,9.45,9.45,,0.0,,200.125
b5_02,b5_river_giveup,knowledges/gto_wizard_full/b5_river_giveup/b5_02.json,Ks7d2c5hKd,9.45,9.45,9.45,,0.0,,200.125
b5_12,b5_river_giveup,knowledges/gto_wizard_full/b5_river_giveup/b5_12.json,QhJd4s7cTd,9.45,9.45,9.45,,0.0,,200.125
b5_11,b5_river_giveup,knowledges/gto_wizard_full/b5_river_giveup/b5_11.json,QhJd4s7c2h,9.45,9.45,9.45,,0.0,,200.125
b5_09,b5_river_giveup,knowledges/gto_wizard_full/b5_river_giveup/b5_09.json,9h8s7d4c9d,9.45,9.45,9.45,,0.0,,200.125
b5_10,b5_river_giveup,knowledges/gto_wizard_full/b5_river_giveup/b5_10.json,9h8s7d4c4h,9.45,9.45,9.45,,0.0,,200.125
b5_03,b5_river_giveup,knowledges/gto_wizard_full/b5_river_giveup/b5_03.json,Ks7d2c5hAd,9.45,9.45,9.45,,0.0,,200.125
b5_05,b5_river_giveup,knowledges/gto_wizard_full/b5_river_giveup/b5_05.json,Ks7d2c5hQd,9.45,9.45,9.45,,0.0,,200.125
b5_13,b5_river_giveup,knowledges/gto_wizard_full/b5_river_giveup/b5_13.json,QhJd4s7cAh,9.45,9.45,9.45,,0.0,,200.125
b5_14,b5_river_giveup,knowledges/gto_wizard_full/b5_river_giveup/b5_14.json,QhJd4s7cQd,9.45,9.45,9.45,,0.0,,200.125
b5_15,b5_river_giveup,knowledges/gto_wizard_full/b5_river_giveup/b5_15.json,QhJd4s7c7d,9.45,9.45,9.45,,0.0,,200.125
b5_06,b5_river_giveup,knowledges/gto_wizard_full/b5_river_giveup/b5_06.json,9h8s7d4c2d,9.45,9.45,9.45,,0.0,,200.125
b5_08,b5_river_giveup,knowledges/gto_wizard_full/b5_river_giveup/b5_08.json,9h8s7d4cAd,9.45,9.45,9.45,,0.0,,200.125
ucbs_v3_params,gto_wizard_study,knowledges/gto_wizard_study/ucbs_v3_params.json,,,,,,,,
B11,flop_donk_BB,knowledges/gto_wizard_study/flop_donk_BB/B11.json,AhKd4s,,,5.65,,,,200.125
B10,flop_donk_BB,knowledges/gto_wizard_study/flop_donk_BB/B10.json,9h8s7d,,,5.65,,,,200.125
B12,flop_donk_BB,knowledges/gto_wizard_study/flop_donk_BB/B12.json,Td7c6s,,,5.65,,,,200.125
B13,flop_donk_BB,knowledges/gto_wizard_study/flop_donk_BB/B13.json,QhJd4s,,,5.65,,,,200.125
B09,flop_donk_BB,knowledges/gto_wizard_study/flop_donk_BB/B09.json,Ks7d2c,,,5.65,,,,200.125
b21_sb_02,b21_mtt_sb,knowledges/gto_wizard_study/b21_mtt_sb/b21_sb_02.json,Qh8d3s,,,,,,,
b21_sb_03,b21_mtt_sb,knowledges/gto_wizard_study/b21_mtt_sb/b21_sb_03.json,Th9s8d,,,,,,,
b21_sb_04,b21_mtt_sb,knowledges/gto_wizard_study/b21_mtt_sb/b21_sb_04.json,AhKd4s,,,,,,,
b21_sb_01,b21_mtt_sb,knowledges/gto_wizard_study/b21_mtt_sb/b21_sb_01.json,Ks7d2c,,,,,,,
b32_06,b32_khigh_gradient,knowledges/gto_wizard_study/b32_khigh_gradient/b32_06.json,Ks9d5c,,,5.5,,,,100.0
b32_15,b32_khigh_gradient,knowledges/gto_wizard_study/b32_khigh_gradient/b32_15.json,KsQdJc,,,5.5,,,,100.0
b32_12,b32_khigh_gradient,knowledges/gto_wizard_study/b32_khigh_gradient/b32_12.json,Ks7d6c,,,5.5,,,,100.0
b32_11,b32_khigh_gradient,knowledges/gto_wizard_study/b32_khigh_gradient/b32_11.json,Ks9d8c,,,5.5,,,,100.0
b32_04,b32_khigh_gradient,knowledges/gto_wizard_study/b32_khigh_gradient/b32_04.json,Ks8d3c,,,5.5,,,,100.0
b32_13,b32_khigh_gradient,knowledges/gto_wizard_study/b32_khigh_gradient/b32_13.json,KsQd7c,,,5.5,,,,100.0
b32_03,b32_khigh_gradient,knowledges/gto_wizard_study/b32_khigh_gradient/b32_03.json,Ks5d4c,,,5.5,,,,100.0
b32_07,b32_khigh_gradient,knowledges/gto_wizard_study/b32_khigh_gradient/b32_07.json,KsTd5c,,,5.5,,,,100.0
b32_10,b32_khigh_gradient,knowledges/gto_wizard_study/b32_khigh_gradient/b32_10.json,Ks8d7c,,,5.5,,,,100.0
b32_14,b32_khigh_gradient,knowledges/gto_wizard_study/b32_khigh_gradient/b32_14.json,KsJdTc,,,5.5,,,,100.0
b32_08,b32_khigh_gradient,knowledges/gto_wizard_study/b32_khigh_gradient/b32_08.json,KsJd4c,,,5.5,,,,100.0
b32_01,b32_khigh_gradient,knowledges/gto_wizard_study/b32_khigh_gradient/b32_01.json,Ks5d2c,,,5.5,,,,100.0
b32_02,b32_khigh_gradient,knowledges/gto_wizard_study/b32_khigh_gradient/b32_02.json,Ks5d3c,,,5.5,,,,100.0
b32_05,b32_khigh_gradient,knowledges/gto_wizard_study/b32_khigh_gradient/b32_05.json,Ks9d4c,,,5.5,,,,100.0
b32_09,b32_khigh_gradient,knowledges/gto_wizard_study/b32_khigh_gradient/b32_09.json,KsQd5c,,,5.5,,,,100.0
b38_05,b38_mono_diverse,knowledges/gto_wizard_study/b38_mono_diverse/b38_05.json,JsTs5s,,,5.5,,,,100.0
b38_06,b38_mono_diverse,knowledges/gto_wizard_study/b38_mono_diverse/b38_06.json,Ts8s5s,,,5.5,,,,100.0
b38_07,b38_mono_diverse,knowledges/gto_wizard_study/b38_mono_diverse/b38_07.json,9s8s7s,,,5.5,,,,100.0
b38_03,b38_mono_diverse,knowledges/gto_wizard_study/b38_mono_diverse/b38_03.json,KsQs7s,,,5.5,,,,100.0
b38_08,b38_mono_diverse,knowledges/gto_wizard_study/b38_mono_diverse/b38_08.json,8s6s4s,,,5.5,,,,100.0
b38_02,b38_mono_diverse,knowledges/gto_wizard_study/b38_mono_diverse/b38_02.json,AsQs5s,,,5.5,,,,100.0
b38_01,b38_mono_diverse,knowledges/gto_wizard_study/b38_mono_diverse/b38_01.json,AsKs7s,,,5.5,,,,100.0
b38_04,b38_mono_diverse,knowledges/gto_wizard_study/b38_mono_diverse/b38_04.json,QsTs6s,,,5.5,,,,100.0
C07,SRP_river_check,knowledges/gto_wizard_study/SRP_river_check/C07.json,Ks7d2c5h3d,,,9.45,,,,200.125
C08,SRP_river_check,knowledges/gto_wizard_study/SRP_river_check/C08.json,QhJd4s7c2h,,,9.45,,,,200.125
C09,SRP_river_check,knowledges/gto_wizard_study/SRP_river_check/C09.json,9h8s7d4c2d,,,9.45,,,,200.125
D09,3way_HJ_river,knowledges/gto_wizard_study/3way_HJ_river/D09.json,Th9s8c4d2d,,,7.35,,,,200.125
D08,3way_HJ_river,knowledges/gto_wizard_study/3way_HJ_river/D08.json,Ks7d2c5h3d,,,7.35,,,,200.125
b1z_05,b1_pair_grad,knowledges/gto_wizard_study/b1_pair_grad/b1z_05.json,AhKd4s2c,,,23.45,,,,200.125
b1z_01,b1_pair_grad,knowledges/gto_wizard_study/b1_pair_grad/b1z_01.json,Ks7d2c5c,,,9.45,,,,200.125
b1z_02,b1_pair_grad,knowledges/gto_wizard_study/b1_pair_grad/b1z_02.json,QhJd4s2h,,,9.45,,,,200.125
b1z_07,b1_pair_grad,knowledges/gto_wizard_study/b1_pair_grad/b1z_07.json,AhKd4s4c,,,23.45,,,,200.125
b1z_04,b1_pair_grad,knowledges/gto_wizard_study/b1_pair_grad/b1z_04.json,Td7c6s5c,,,9.45,,,,200.125
b1z_10,b1_pair_grad,knowledges/gto_wizard_study/b1_pair_grad/b1z_10.json,9h8s7d9c,,,9.45,,,,200.125
b1z_08,b1_pair_grad,knowledges/gto_wizard_study/b1_pair_grad/b1z_08.json,9h8s7d2c,,,9.45,,,,200.125
b1z_06,b1_pair_grad,knowledges/gto_wizard_study/b1_pair_grad/b1z_06.json,AhKd4s9c,,,23.45,,,,200.125
b1z_03,b1_pair_grad,knowledges/gto_wizard_study/b1_pair_grad/b1z_03.json,QhJd4s8c,,,9.45,,,,200.125
b1z_12,b1_pair_grad,knowledges/gto_wizard_study/b1_pair_grad/b1z_12.json,JdTs9c9d,,,9.45,,,,200.125
b1z_09,b1_pair_grad,knowledges/gto_wizard_study/b1_pair_grad/b1z_09.json,9h8s7d8c,,,9.45,,,,200.125
b1z_11,b1_pair_grad,knowledges/gto_wizard_study/b1_pair_grad/b1z_11.json,Td7c6sTc,,,9.45,,,,200.125
b15_utg_04,b15_100bb_utg,knowledges/gto_wizard_study/b15_100bb_utg/b15_utg_04.json,Th9s8d,,,,,,,
b15_utg_05,b15_100bb_utg,knowledges/gto_wizard_study/b15_100bb_utg/b15_utg_05.json,AhKd4s,,,,,,,
b15_utg_02,b15_100bb_utg,knowledges/gto_wizard_study/b15_100bb_utg/b15_utg_02.json,Qh8d3s,,,,,,,
b15_utg_03,b15_100bb_utg,knowledges/gto_wizard_study/b15_100bb_utg/b15_utg_03.json,Jd6c4d,,,,,,,
b15_utg_01,b15_100bb_utg,knowledges/gto_wizard_study/b15_100bb_utg/b15_utg_01.json,Ks7d2c,,,,,,,
b24_01,b24_cash_special,knowledges/gto_wizard_study/b24_cash_special/b24_01.json,KsKd7c,,,,,,,
b24_06,b24_cash_special,knowledges/gto_wizard_study/b24_cash_special/b24_06.json,9h8s7d,,,,,,,
b24_03,b24_cash_special,knowledges/gto_wizard_study/b24_cash_special/b24_03.json,7d7s4c,,,,,,,
b24_07,b24_cash_special,knowledges/gto_wizard_study/b24_cash_special/b24_07.json,JhTh9c,,,,,,,
b24_04,b24_cash_special,knowledges/gto_wizard_study/b24_cash_special/b24_04.json,KsQs7s,,,,,,,
b24_02,b24_cash_special,knowledges/gto_wizard_study/b24_cash_special/b24_02.json,AhAdKc,,,,,,,
b24_08,b24_cash_special,knowledges/gto_wizard_study/b24_cash_special/b24_08.json,Qh4s2c,,,,,,,
b24_05,b24_cash_special,knowledges/gto_wizard_study/b24_cash_special/b24_05.json,JsTs5s,,,,,,,
D15,3way_BTN_river,knowledges/gto_wizard_study/3way_BTN_river/D15.json,Ks7d2c5h3d,,,8.55,,,,200.125
b1_17,b1_turn_donk_paired,knowledges/gto_wizard_study/b1_turn_donk_paired/b1_17.json,QhJd4sQc,,,9.45,,,,200.125
b1_18,b1_turn_donk_paired,knowledges/gto_wizard_study/b1_turn_donk_paired/b1_18.json,Td7c6s6h,,,9.45,,,,200.125
b1x_11,b1_pair_bot,knowledges/gto_wizard_study/b1_pair_bot/b1x_11.json,QhJd4s4c,,,9.45,,,,200.125
b1x_12,b1_pair_bot,knowledges/gto_wizard_study/b1_pair_bot/b1x_12.json,Td7c6s6h,,,9.45,,,,200.125
b1x_14,b1_pair_bot,knowledges/gto_wizard_study/b1_pair_bot/b1x_14.json,9h8s7d7c,,,9.45,,,,200.125
b1x_10,b1_pair_bot,knowledges/gto_wizard_study/b1_pair_bot/b1x_10.json,Ks7d2c2h,,,9.45,,,,200.125
b3x_07,b3_btn_mw,knowledges/gto_wizard_study/b3_btn_mw/b3x_07.json,9h8s7d,,,8.55,,,,200.125
b3x_06,b3_btn_mw,knowledges/gto_wizard_study/b3_btn_mw/b3x_06.json,Jc8s5h,,,8.55,,,,200.125
b3x_02,b3_btn_mw,knowledges/gto_wizard_study/b3_btn_mw/b3x_02.json,Td7c6s,,,8.55,,,,200.125
b3x_05,b3_btn_mw,knowledges/gto_wizard_study/b3_btn_mw/b3x_05.json,Qh4s2c,,,8.55,,,,200.125
b3x_03,b3_btn_mw,knowledges/gto_wizard_study/b3_btn_mw/b3x_03.json,Ah7c4d,,,8.55,,,,200.125
b3x_04,b3_btn_mw,knowledges/gto_wizard_study/b3_btn_mw/b3x_04.json,Kh6s4c,,,8.55,,,,200.125
b3x_01,b3_btn_mw,knowledges/gto_wizard_study/b3_btn_mw/b3x_01.json,7d6s5c,,,8.55,,,,200.125
b1_16,b1_turn_donk_overcard,knowledges/gto_wizard_study/b1_turn_donk_overcard/b1_16.json,9h8s7dAd,,,9.45,,,,200.125
b15_btn_02,b15_100bb_btn,knowledges/gto_wizard_study/b15_100bb_btn/b15_btn_02.json,Qh8d3s,,,,,,,
b15_btn_03,b15_100bb_btn,knowledges/gto_wizard_study/b15_100bb_btn/b15_btn_03.json,Jd6c4d,,,,,,,
b15_btn_01,b15_100bb_btn,knowledges/gto_wizard_study/b15_100bb_btn/b15_btn_01.json,Ks7d2c,,,,,,,
b23_btn_01,b23_cash_50bb,knowledges/gto_wizard_study/b23_cash_50bb/b23_btn_01.json,Ks7d2c,,,,,,,
b8z_12,b8_near_zero,knowledges/gto_wizard_study/b8_near_zero/b8z_12.json,9h7s5d8c,,,5.65,,,,200.125
b8z_09,b8_near_zero,knowledges/gto_wizard_study/b8_near_zero/b8z_09.json,JdTs8c9h,,,5.65,,,,200.125
b8z_03,b8_near_zero,knowledges/gto_wizard_study/b8_near_zero/b8z_03.json,KsQd4hQh,,,5.65,,,,200.125
b8z_02,b8_near_zero,knowledges/gto_wizard_study/b8_near_zero/b8z_02.json,KsQd4hKh,,,5.65,,,,200.125
b8z_11,b8_near_zero,knowledges/gto_wizard_study/b8_near_zero/b8z_11.json,9h7s5d6c,,,5.65,,,,200.125
b8z_05,b8_near_zero,knowledges/gto_wizard_study/b8_near_zero/b8z_05.json,AhKd4sQh,,,5.65,,,,200.125
b8z_06,b8_near_zero,knowledges/gto_wizard_study/b8_near_zero/b8z_06.json,AhKd4sJh,,,5.65,,,,200.125
b8z_07,b8_near_zero,knowledges/gto_wizard_study/b8_near_zero/b8z_07.json,KsJd4hTh,,,5.65,,,,200.125
b8z_10,b8_near_zero,knowledges/gto_wizard_study/b8_near_zero/b8z_10.json,JdTs8cQh,,,5.65,,,,200.125
b8z_08,b8_near_zero,knowledges/gto_wizard_study/b8_near_zero/b8z_08.json,KsJd4hQh,,,5.65,,,,200.125
b8z_01,b8_near_zero,knowledges/gto_wizard_study/b8_near_zero/b8z_01.json,QhJd4sJh,,,5.65,,,,200.125
b8z_04,b8_near_zero,knowledges/gto_wizard_study/b8_near_zero/b8z_04.json,KsQd4hJh,,,5.65,,,,200.125
b7z_07,b7_kxx_grad,knowledges/gto_wizard_study/b7_kxx_grad/b7z_07.json,Ks7d2cTh,,,9.45,,,,200.125
b7z_04,b7_kxx_grad,knowledges/gto_wizard_study/b7_kxx_grad/b7z_04.json,Ks7d2c6h,,,9.45,,,,200.125
b7z_05,b7_kxx_grad,knowledges/gto_wizard_study/b7_kxx_grad/b7z_05.json,Ks7d2c8h,,,9.45,,,,200.125
b7z_08,b7_kxx_grad,knowledges/gto_wizard_study/b7_kxx_grad/b7z_08.json,Ks7d2cJh,,,9.45,,,,200.125
b7z_01,b7_kxx_grad,knowledges/gto_wizard_study/b7_kxx_grad/b7z_01.json,Ks7d2c3h,,,9.45,,,,200.125
b7z_03,b7_kxx_grad,knowledges/gto_wizard_study/b7_kxx_grad/b7z_03.json,Ks7d2c5h,,,9.45,,,,200.125
b7z_06,b7_kxx_grad,knowledges/gto_wizard_study/b7_kxx_grad/b7z_06.json,Ks7d2c9h,,,9.45,,,,200.125
b7z_09,b7_kxx_grad,knowledges/gto_wizard_study/b7_kxx_grad/b7z_09.json,Ks7d2cQh,,,9.45,,,,200.125
b7z_02,b7_kxx_grad,knowledges/gto_wizard_study/b7_kxx_grad/b7z_02.json,Ks7d2c4h,,,9.45,,,,200.125
b7z_10,b7_kxx_grad,knowledges/gto_wizard_study/b7_kxx_grad/b7z_10.json,Ks7d2cAh,,,9.45,,,,200.125
E09,ICM_CO_open,knowledges/gto_wizard_study/ICM_CO_open/E09.json,,,,2.25,,,,22.125
b20_co_05,b20_cash_100bb_co,knowledges/gto_wizard_study/b20_cash_100bb_co/b20_co_05.json,Td7c6s,,,,,,,
b20_co_04,b20_cash_100bb_co,knowledges/gto_wizard_study/b20_cash_100bb_co/b20_co_04.json,AhKd4s,,,,,,,
b20_co_02,b20_cash_100bb_co,knowledges/gto_wizard_study/b20_cash_100bb_co/b20_co_02.json,Qh8d3s,,,,,,,
b20_co_01,b20_cash_100bb_co,knowledges/gto_wizard_study/b20_cash_100bb_co/b20_co_01.json,Ks7d2c,,,,,,,
b20_co_03,b20_cash_100bb_co,knowledges/gto_wizard_study/b20_cash_100bb_co/b20_co_03.json,Th9s8d,,,,,,,
b29_05,b29_cash_multiway,knowledges/gto_wizard_study/b29_cash_multiway/b29_05.json,Ah7c4d,,,,,,,
b29_07,b29_cash_multiway,knowledges/gto_wizard_study/b29_cash_multiway/b29_07.json,5d4s3c,,,,,,,
b29_03,b29_cash_multiway,knowledges/gto_wizard_study/b29_cash_multiway/b29_03.json,Th9s8d,,,,,,,
b29_01,b29_cash_multiway,knowledges/gto_wizard_study/b29_cash_multiway/b29_01.json,Ks7d2c,,,,,,,
b29_06,b29_cash_multiway,knowledges/gto_wizard_study/b29_cash_multiway/b29_06.json,Kh6s4c,,,,,,,
b29_08,b29_cash_multiway,knowledges/gto_wizard_study/b29_cash_multiway/b29_08.json,Jh7s5c,,,,,,,
b29_04,b29_cash_multiway,knowledges/gto_wizard_study/b29_cash_multiway/b29_04.json,Td7c6s,,,,,,,
b29_02,b29_cash_multiway,knowledges/gto_wizard_study/b29_cash_multiway/b29_02.json,Qh4s2c,,,,,,,
b4_05,b4_xxxx_river,knowledges/gto_wizard_study/b4_xxxx_river/b4_05.json,AhKd4s8c2h,,,5.65,,,,200.125
b4_08,b4_xxxx_river,knowledges/gto_wizard_study/b4_xxxx_river/b4_08.json,Th9s8c4dAh,,,6.05,,,,200.125
b4_06,b4_xxxx_river,knowledges/gto_wizard_study/b4_xxxx_river/b4_06.json,Ks7d2c5h3d,,,6.05,,,,200.125
b4_09,b4_xxxx_river,knowledges/gto_wizard_study/b4_xxxx_river/b4_09.json,9h8s7d4c2d,,,6.45,,,,200.125
b4_03,b4_xxxx_river,knowledges/gto_wizard_study/b4_xxxx_river/b4_03.json,AhKd4s8c2h,,,5.65,,,,200.125
b4_01,b4_xxxx_river,knowledges/gto_wizard_study/b4_xxxx_river/b4_01.json,Ks7d2c5h3d,,,5.65,,,,200.125
b4_04,b4_xxxx_river,knowledges/gto_wizard_study/b4_xxxx_river/b4_04.json,9h8s7d4c2d,,,5.65,,,,200.125
b4_02,b4_xxxx_river,knowledges/gto_wizard_study/b4_xxxx_river/b4_02.json,9h8s7d4c2d,,,5.65,,,,200.125
b4_10,b4_xxxx_river,knowledges/gto_wizard_study/b4_xxxx_river/b4_10.json,AhKd4s8c2h,,,6.45,,,,200.125
b4_07,b4_xxxx_river,knowledges/gto_wizard_study/b4_xxxx_river/b4_07.json,9h8s7d4c2d,,,6.05,,,,200.125
b4_11,b4_xxxx_river,knowledges/gto_wizard_study/b4_xxxx_river/b4_11.json,Th9s8c4dAh,,,6.45,,,,200.125
b4_12,b4_xxxx_river,knowledges/gto_wizard_study/b4_xxxx_river/b4_12.json,QhJd4s7c2h,,,6.45,,,,200.125
b15_co_04,b15_100bb_co,knowledges/gto_wizard_study/b15_100bb_co/b15_co_04.json,AhKd4s,,,,,,,
b15_co_01,b15_100bb_co,knowledges/gto_wizard_study/b15_100bb_co/b15_co_01.json,Ks7d2c,,,,,,,
b15_co_03,b15_100bb_co,knowledges/gto_wizard_study/b15_100bb_co/b15_co_03.json,Th9s8d,,,,,,,
b15_co_05,b15_100bb_co,knowledges/gto_wizard_study/b15_100bb_co/b15_co_05.json,Td7c6s,,,,,,,
b15_co_02,b15_100bb_co,knowledges/gto_wizard_study/b15_100bb_co/b15_co_02.json,Qh8d3s,,,,,,,
D01,3way_HJ_flop_SB,knowledges/gto_wizard_study/3way_HJ_flop_SB/D01.json,Ks7d2c,,,7.35,,,,200.125
D03,3way_HJ_flop_SB,knowledges/gto_wizard_study/3way_HJ_flop_SB/D03.json,AhKd4s,,,7.35,,,,200.125
D04,3way_HJ_flop_SB,knowledges/gto_wizard_study/3way_HJ_flop_SB/D04.json,Td7c6s,,,7.35,,,,200.125
D02,3way_HJ_flop_SB,knowledges/gto_wizard_study/3way_HJ_flop_SB/D02.json,9h8s7d,,,7.35,,,,200.125
b1_11,b1_turn_donk_pair,knowledges/gto_wizard_study/b1_turn_donk_pair/b1_11.json,Ks7d2cKh,,,9.45,,,,200.125
b1_12,b1_turn_donk_pair,knowledges/gto_wizard_study/b1_turn_donk_pair/b1_12.json,Ks7d2c7c,,,9.45,,,,200.125
B15,flop_donk_BTN,knowledges/gto_wizard_study/flop_donk_BTN/B15.json,Ks7d2c,,,6.45,,,,200.125
B14,flop_donk_BTN,knowledges/gto_wizard_study/flop_donk_BTN/B14.json,9h8s7d,,,6.45,,,,200.125
B06,turn_donk_BB,knowledges/gto_wizard_study/turn_donk_BB/B06.json,Ks7d2c5h,,,9.45,,,,200.125
B07,turn_donk_BB,knowledges/gto_wizard_study/turn_donk_BB/B07.json,Th9s8c4d,,,9.45,,,,200.125
B08,turn_donk_BB,knowledges/gto_wizard_study/turn_donk_BB/B08.json,QhJd4s7c,,,9.45,,,,200.125
b1_15,b1_turn_donk_flush,knowledges/gto_wizard_study/b1_turn_donk_flush/b1_15.json,Ah4d2c9h,,,9.45,,,,200.125
b26_02,b26_cash_3bp,knowledges/gto_wizard_study/b26_cash_3bp/b26_02.json,Qh8d3s,,,27.5,,,,100.0
b26_05,b26_cash_3bp,knowledges/gto_wizard_study/b26_cash_3bp/b26_05.json,AhKd4s,,,27.5,,,,100.0
b26_01,b26_cash_3bp,knowledges/gto_wizard_study/b26_cash_3bp/b26_01.json,Ks7d2c,,,27.5,,,,100.0
b26_08,b26_cash_3bp,knowledges/gto_wizard_study/b26_cash_3bp/b26_08.json,KsQs7s,,,,,,,
b26_07,b26_cash_3bp,knowledges/gto_wizard_study/b26_cash_3bp/b26_07.json,KsKd7c,,,,,,,
b26_06,b26_cash_3bp,knowledges/gto_wizard_study/b26_cash_3bp/b26_06.json,9h8s7d,,,,,,,
b26_04,b26_cash_3bp,knowledges/gto_wizard_study/b26_cash_3bp/b26_04.json,Th9s8d,,,27.5,,,,100.0
b26_03,b26_cash_3bp,knowledges/gto_wizard_study/b26_cash_3bp/b26_03.json,Jd6c4d,,,27.5,,,,100.0
b20_sb_04,b20_cash_100bb_sb,knowledges/gto_wizard_study/b20_cash_100bb_sb/b20_sb_04.json,AhKd4s,,,,,,,
b20_sb_02,b20_cash_100bb_sb,knowledges/gto_wizard_study/b20_cash_100bb_sb/b20_sb_02.json,Qh8d3s,,,,,,,
b20_sb_01,b20_cash_100bb_sb,knowledges/gto_wizard_study/b20_cash_100bb_sb/b20_sb_01.json,Ks7d2c,,,,,,,
b20_sb_03,b20_cash_100bb_sb,knowledges/gto_wizard_study/b20_cash_100bb_sb/b20_sb_03.json,Th9s8d,,,,,,,
b7_04,b7_turn_cbet,knowledges/gto_wizard_study/b7_turn_cbet/b7_04.json,Ks7d2cQd,,,9.45,,,,200.125
b7_01,b7_turn_cbet,knowledges/gto_wizard_study/b7_turn_cbet/b7_01.json,Ks7d2c5h,,,9.45,,,,200.125
b7_18,b7_turn_cbet,knowledges/gto_wizard_study/b7_turn_cbet/b7_18.json,Kh7c2c5c,,,9.45,,,,200.125
b7_17,b7_turn_cbet,knowledges/gto_wizard_study/b7_turn_cbet/b7_17.json,Ah4d2c9h,,,9.45,,,,200.125
b7_07,b7_turn_cbet,knowledges/gto_wizard_study/b7_turn_cbet/b7_07.json,QhJd4sAh,,,9.45,,,,200.125
b7_20,b7_turn_cbet,knowledges/gto_wizard_study/b7_turn_cbet/b7_20.json,KsQd4h2h,,,9.45,,,,200.125
b7_19,b7_turn_cbet,knowledges/gto_wizard_study/b7_turn_cbet/b7_19.json,KsQd4hTh,,,9.45,,,,200.125
b7_08,b7_turn_cbet,knowledges/gto_wizard_study/b7_turn_cbet/b7_08.json,QhJd4sTh,,,9.45,,,,200.125
b7_05,b7_turn_cbet,knowledges/gto_wizard_study/b7_turn_cbet/b7_05.json,QhJd4s2h,,,9.45,,,,200.125
b7_06,b7_turn_cbet,knowledges/gto_wizard_study/b7_turn_cbet/b7_06.json,QhJd4s7c,,,9.45,,,,200.125
b7_15,b7_turn_cbet,knowledges/gto_wizard_study/b7_turn_cbet/b7_15.json,JdTs9c2c,,,9.45,,,,200.125
b7_16,b7_turn_cbet,knowledges/gto_wizard_study/b7_turn_cbet/b7_16.json,Ts8s5s4d,,,9.45,,,,200.125
b7_03,b7_turn_cbet,knowledges/gto_wizard_study/b7_turn_cbet/b7_03.json,Ks7d2cAh,,,9.45,,,,200.125
b7_14,b7_turn_cbet,knowledges/gto_wizard_study/b7_turn_cbet/b7_14.json,AhKd4s2c,,,23.45,,,,200.125
b7_13,b7_turn_cbet,knowledges/gto_wizard_study/b7_turn_cbet/b7_13.json,AhKd4s8c,,,23.45,,,,200.125
b7_09,b7_turn_cbet,knowledges/gto_wizard_study/b7_turn_cbet/b7_09.json,Td7c6s2h,,,9.45,,,,200.125
b7_02,b7_turn_cbet,knowledges/gto_wizard_study/b7_turn_cbet/b7_02.json,Ks7d2c3h,,,9.45,,,,200.125
b7_11,b7_turn_cbet,knowledges/gto_wizard_study/b7_turn_cbet/b7_11.json,9h8s7d4c,,,9.45,,,,200.125
b7_10,b7_turn_cbet,knowledges/gto_wizard_study/b7_turn_cbet/b7_10.json,Td7c6sAh,,,9.45,,,,200.125
b7_12,b7_turn_cbet,knowledges/gto_wizard_study/b7_turn_cbet/b7_12.json,9h8s7dAd,,,9.45,,,,200.125
E06,ICM_HJ_open,knowledges/gto_wizard_study/ICM_HJ_open/E06.json,,,,2.25,,,,26.125
b21_btn_06,b21_mtt_btn_more,knowledges/gto_wizard_study/b21_mtt_btn_more/b21_btn_06.json,Td7c6s,,,,,,,
b21_btn_07,b21_mtt_btn_more,knowledges/gto_wizard_study/b21_mtt_btn_more/b21_btn_07.json,QhJd4s,,,,,,,
b21_btn_04,b21_mtt_btn_more,knowledges/gto_wizard_study/b21_mtt_btn_more/b21_btn_04.json,Th9s8d,,,,,,,
b21_btn_05,b21_mtt_btn_more,knowledges/gto_wizard_study/b21_mtt_btn_more/b21_btn_05.json,AhKd4s,,,,,,,
B05,turn_probe_BB,knowledges/gto_wizard_study/turn_probe_BB/B05.json,QhJd4s7c,,,5.65,,,,200.125
B04,turn_probe_BB,knowledges/gto_wizard_study/turn_probe_BB/B04.json,9h8s7d4c,,,5.65,,,,200.125
B03,turn_probe_BB,knowledges/gto_wizard_study/turn_probe_BB/B03.json,Ah4d2c9s,,,5.65,,,,200.125
B02,turn_probe_BB,knowledges/gto_wizard_study/turn_probe_BB/B02.json,Th9s8c4d,,,5.65,,,,200.125
B01,turn_probe_BB,knowledges/gto_wizard_study/turn_probe_BB/B01.json,Ks7d2c5h,,,5.65,,,,200.125
b30_04,b30_cash_limp,knowledges/gto_wizard_study/b30_cash_limp/b30_04.json,9h8s7d,,,,,,,
b30_01,b30_cash_limp,knowledges/gto_wizard_study/b30_cash_limp/b30_01.json,Ks7d2c,,,,,,,
b30_02,b30_cash_limp,knowledges/gto_wizard_study/b30_cash_limp/b30_02.json,Th9s8d,,,,,,,
b30_03,b30_cash_limp,knowledges/gto_wizard_study/b30_cash_limp/b30_03.json,AhKd4s,,,,,,,
b30_05,b30_cash_limp,knowledges/gto_wizard_study/b30_cash_limp/b30_05.json,Qh4s2c,,,,,,,
D17,3way_CO_turn,knowledges/gto_wizard_study/3way_CO_turn/D17.json,Ks7d2c5h,,,7.95,,,,200.125
b25_sb_987,b25_cash_wet,knowledges/gto_wizard_study/b25_cash_wet/b25_sb_987.json,9h8s7d,,,7.0,,,,100.0
b25_hj_jt9,b25_cash_wet,knowledges/gto_wizard_study/b25_cash_wet/b25_hj_jt9.json,JhTh9c,,,5.5,,,,100.0
b25_co_q42,b25_cash_wet,knowledges/gto_wizard_study/b25_cash_wet/b25_co_q42.json,Qh4s2c,,,5.5,,,,100.0
b25_btn_jt9,b25_cash_wet,knowledges/gto_wizard_study/b25_cash_wet/b25_btn_jt9.json,JhTh9c,,,5.5,,,,100.0
b25_utg_987,b25_cash_wet,knowledges/gto_wizard_study/b25_cash_wet/b25_utg_987.json,9h8s7d,,,5.5,,,,100.0
b25_co_987,b25_cash_wet,knowledges/gto_wizard_study/b25_cash_wet/b25_co_987.json,9h8s7d,,,5.5,,,,100.0
b25_hj_q42,b25_cash_wet,knowledges/gto_wizard_study/b25_cash_wet/b25_hj_q42.json,Qh4s2c,,,5.5,,,,100.0
b25_hj_987,b25_cash_wet,knowledges/gto_wizard_study/b25_cash_wet/b25_hj_987.json,9h8s7d,,,5.5,,,,100.0
C14b,SRP_BTN_river_check,knowledges/gto_wizard_study/SRP_BTN_river_check/C14b.json,Ks7d2c5h3d,,,10.65,,,,200.125
E07,ICM_UTG_open,knowledges/gto_wizard_study/ICM_UTG_open/E07.json,,,,2.25,,,,28.125
D07,3way_HJ_turn,knowledges/gto_wizard_study/3way_HJ_turn/D07.json,AhKd4s8c,,,7.35,,,,200.125
D06,3way_HJ_turn,knowledges/gto_wizard_study/3way_HJ_turn/D06.json,Th9s8c4d,,,7.35,,,,200.125
D05,3way_HJ_turn,knowledges/gto_wizard_study/3way_HJ_turn/D05.json,Ks7d2c5h,,,7.35,,,,200.125
E08,ICM_BTN_open,knowledges/gto_wizard_study/ICM_BTN_open/E08.json,,,,2.25,,,,30.125
b36_01,b36_low_connected,knowledges/gto_wizard_study/b36_low_connected/b36_01.json,8h7d6c,,,5.5,,,,100.0
b36_08,b36_low_connected,knowledges/gto_wizard_study/b36_low_connected/b36_08.json,9h6d4c,,,5.5,,,,100.0
b36_06,b36_low_connected,knowledges/gto_wizard_study/b36_low_connected/b36_06.json,8h6d4c,,,5.5,,,,100.0
b36_02,b36_low_connected,knowledges/gto_wizard_study/b36_low_connected/b36_02.json,7h6d5c,,,5.5,,,,100.0
b36_09,b36_low_connected,knowledges/gto_wizard_study/b36_low_connected/b36_09.json,8h5d3c,,,5.5,,,,100.0
b36_11,b36_low_connected,knowledges/gto_wizard_study/b36_low_connected/b36_11.json,6h4d2c,,,5.5,,,,100.0
b36_12,b36_low_connected,knowledges/gto_wizard_study/b36_low_connected/b36_12.json,5h3d2c,,,5.5,,,,100.0
b36_05,b36_low_connected,knowledges/gto_wizard_study/b36_low_connected/b36_05.json,4h3d2c,,,5.5,,,,100.0
b36_03,b36_low_connected,knowledges/gto_wizard_study/b36_low_connected/b36_03.json,6h5d4c,,,5.5,,,,100.0
b36_10,b36_low_connected,knowledges/gto_wizard_study/b36_low_connected/b36_10.json,7h5d3c,,,5.5,,,,100.0
b36_04,b36_low_connected,knowledges/gto_wizard_study/b36_low_connected/b36_04.json,5h4d3c,,,5.5,,,,100.0
b36_07,b36_low_connected,knowledges/gto_wizard_study/b36_low_connected/b36_07.json,9h7d5c,,,5.5,,,,100.0
C13b,SRP_BTN_turn_cbc,knowledges/gto_wizard_study/SRP_BTN_turn_cbc/C13b.json,Td7c6s2h,,,10.65,,,,200.125
C12b,SRP_BTN_turn_cbc,knowledges/gto_wizard_study/SRP_BTN_turn_cbc/C12b.json,AhKd4s8c,,,25.65,,,,200.125
C10b,SRP_BTN_turn_cbc,knowledges/gto_wizard_study/SRP_BTN_turn_cbc/C10b.json,Ks7d2c5h,,,10.65,,,,200.125
C11b,SRP_BTN_turn_cbc,knowledges/gto_wizard_study/SRP_BTN_turn_cbc/C11b.json,9h8s7d4c,,,10.65,,,,200.125
b8_16,b8_turn_probe,knowledges/gto_wizard_study/b8_turn_probe/b8_16.json,AhKd4s8c,,,5.65,,,,200.125
b8_14,b8_turn_probe,knowledges/gto_wizard_study/b8_turn_probe/b8_14.json,QhJd4sAh,,,5.65,,,,200.125
b8_25,b8_turn_probe,knowledges/gto_wizard_study/b8_turn_probe/b8_25.json,Ks7d2c5h,,,5.65,,,,200.125
b8_12,b8_turn_probe,knowledges/gto_wizard_study/b8_turn_probe/b8_12.json,QhJd4sQc,,,5.65,,,,200.125
b8_19,b8_turn_probe,knowledges/gto_wizard_study/b8_turn_probe/b8_19.json,AhKd4s2c,,,5.65,,,,200.125
b8_04,b8_turn_probe,knowledges/gto_wizard_study/b8_turn_probe/b8_04.json,Ks7d2cAh,,,5.65,,,,200.125
b8_05,b8_turn_probe,knowledges/gto_wizard_study/b8_turn_probe/b8_05.json,9h8s7d6c,,,5.65,,,,200.125
b8_11,b8_turn_probe,knowledges/gto_wizard_study/b8_turn_probe/b8_11.json,Td7c6s6h,,,5.65,,,,200.125
b8_23,b8_turn_probe,knowledges/gto_wizard_study/b8_turn_probe/b8_23.json,Ah4d2c3h,,,5.65,,,,200.125
b8_20,b8_turn_probe,knowledges/gto_wizard_study/b8_turn_probe/b8_20.json,JdTs9c2c,,,5.65,,,,200.125
b8_06,b8_turn_probe,knowledges/gto_wizard_study/b8_turn_probe/b8_06.json,9h8s7d9c,,,5.65,,,,200.125
b8_09,b8_turn_probe,knowledges/gto_wizard_study/b8_turn_probe/b8_09.json,Td7c6sJh,,,5.65,,,,200.125
b8_07,b8_turn_probe,knowledges/gto_wizard_study/b8_turn_probe/b8_07.json,9h8s7dAd,,,5.65,,,,200.125
b8_15,b8_turn_probe,knowledges/gto_wizard_study/b8_turn_probe/b8_15.json,QhJd4sTh,,,5.65,,,,200.125
b8_13,b8_turn_probe,knowledges/gto_wizard_study/b8_turn_probe/b8_13.json,QhJd4s4c,,,5.65,,,,200.125
b8_02,b8_turn_probe,knowledges/gto_wizard_study/b8_turn_probe/b8_02.json,Ks7d2c7c,,,5.65,,,,200.125
b8_22,b8_turn_probe,knowledges/gto_wizard_study/b8_turn_probe/b8_22.json,JdTs9cAh,,,5.65,,,,200.125
b8_03,b8_turn_probe,knowledges/gto_wizard_study/b8_turn_probe/b8_03.json,Ks7d2c2h,,,5.65,,,,200.125
b8_01,b8_turn_probe,knowledges/gto_wizard_study/b8_turn_probe/b8_01.json,Ks7d2cKh,,,5.65,,,,200.125
b8_17,b8_turn_probe,knowledges/gto_wizard_study/b8_turn_probe/b8_17.json,AhKd4sAc,,,5.65,,,,200.125
b8_21,b8_turn_probe,knowledges/gto_wizard_study/b8_turn_probe/b8_21.json,JdTs9c8c,,,5.65,,,,200.125
b8_24,b8_turn_probe,knowledges/gto_wizard_study/b8_turn_probe/b8_24.json,Ah4d2cKh,,,5.65,,,,200.125
b8_18,b8_turn_probe,knowledges/gto_wizard_study/b8_turn_probe/b8_18.json,AhKd4sKc,,,5.65,,,,200.125
b8_08,b8_turn_probe,knowledges/gto_wizard_study/b8_turn_probe/b8_08.json,9h8s7dTd,,,5.65,,,,200.125
b8_10,b8_turn_probe,knowledges/gto_wizard_study/b8_turn_probe/b8_10.json,Td7c6s8c,,,5.65,,,,200.125
b1_19,b1_turn_donk_mono,knowledges/gto_wizard_study/b1_turn_donk_mono/b1_19.json,KsQs7s4s,,,9.45,,,,200.125
b1_20,b1_turn_donk_mono,knowledges/gto_wizard_study/b1_turn_donk_mono/b1_20.json,Kh7c2c5c,,,9.45,,,,200.125
D12,3way_BTN_flop_SB,knowledges/gto_wizard_study/3way_BTN_flop_SB/D12.json,AhKd4s,,,8.55,,,,200.125
D11,3way_BTN_flop_SB,knowledges/gto_wizard_study/3way_BTN_flop_SB/D11.json,9h8s7d,,,8.55,,,,200.125
D10,3way_BTN_flop_SB,knowledges/gto_wizard_study/3way_BTN_flop_SB/D10.json,Ks7d2c,,,8.55,,,,200.125
b1_08,b1_turn_donk,knowledges/gto_wizard_study/b1_turn_donk/b1_08.json,AhKd4s8c,,,24.45,,,,200.125
b1_10,b1_turn_donk,knowledges/gto_wizard_study/b1_turn_donk/b1_10.json,9h8s7d4c,,,9.45,,,,200.125
b1_02,b1_turn_donk,knowledges/gto_wizard_study/b1_turn_donk/b1_02.json,9h8s7d4c,,,10.65,,,,200.125
b1_05,b1_turn_donk,knowledges/gto_wizard_study/b1_turn_donk/b1_05.json,JdTs9c4h,,,25.65,,,,200.125
b1_06,b1_turn_donk,knowledges/gto_wizard_study/b1_turn_donk/b1_06.json,Ks7d2c5h,,,10.05,,,,200.125
b1_03,b1_turn_donk,knowledges/gto_wizard_study/b1_turn_donk/b1_03.json,Td7c6s2h,,,10.65,,,,200.125
b1_04,b1_turn_donk,knowledges/gto_wizard_study/b1_turn_donk/b1_04.json,QhJd4s7c,,,10.65,,,,200.125
b1_09,b1_turn_donk,knowledges/gto_wizard_study/b1_turn_donk/b1_09.json,Ks7d2c5h,,,9.45,,,,200.125
b1_01,b1_turn_donk,knowledges/gto_wizard_study/b1_turn_donk/b1_01.json,Ks7d2c5h,,,10.65,,,,200.125
b1_07,b1_turn_donk,knowledges/gto_wizard_study/b1_turn_donk/b1_07.json,9h8s7d4c,,,10.05,,,,200.125
b37_08,b37_2tone_compare,knowledges/gto_wizard_study/b37_2tone_compare/b37_08.json,Jh6h4c,,,5.5,,,,100.0
b37_06,b37_2tone_compare,knowledges/gto_wizard_study/b37_2tone_compare/b37_06.json,JhTh9d,,,5.5,,,,100.0
b37_04,b37_2tone_compare,knowledges/gto_wizard_study/b37_2tone_compare/b37_04.json,Th9h8d,,,5.5,,,,100.0
b37_01,b37_2tone_compare,knowledges/gto_wizard_study/b37_2tone_compare/b37_01.json,Ks7s2c,,,5.5,,,,100.0
b37_03,b37_2tone_compare,knowledges/gto_wizard_study/b37_2tone_compare/b37_03.json,Qh8h3s,,,5.5,,,,100.0
b37_02,b37_2tone_compare,knowledges/gto_wizard_study/b37_2tone_compare/b37_02.json,Ks7c2s,,,5.5,,,,100.0
b37_05,b37_2tone_compare,knowledges/gto_wizard_study/b37_2tone_compare/b37_05.json,9h8h7d,,,5.5,,,,100.0
b37_07,b37_2tone_compare,knowledges/gto_wizard_study/b37_2tone_compare/b37_07.json,AhKh4s,,,5.5,,,,100.0
b31_04,b31_cash_river,knowledges/gto_wizard_study/b31_cash_river/b31_04.json,9h8s7d4c2d,,,,,,,
b31_05,b31_cash_river,knowledges/gto_wizard_study/b31_cash_river/b31_05.json,Ks7d2c5h3d,,,,,,,
b31_03,b31_cash_river,knowledges/gto_wizard_study/b31_cash_river/b31_03.json,9h8s7d4c2d,,,,,,,
b31_02,b31_cash_river,knowledges/gto_wizard_study/b31_cash_river/b31_02.json,Ks7d2c5h3d,,,,,,,
b31_06,b31_cash_river,knowledges/gto_wizard_study/b31_cash_river/b31_06.json,9h8s7d4c2d,,,,,,,
b31_01,b31_cash_river,knowledges/gto_wizard_study/b31_cash_river/b31_01.json,Ks7d2c5h3d,,,,,,,
b10_06,b10_mono,knowledges/gto_wizard_study/b10_mono/b10_06.json,8s6s4s2h,,,9.45,,,,200.125
b10_01,b10_mono,knowledges/gto_wizard_study/b10_mono/b10_01.json,KsQs7s2h,,,9.45,,,,200.125
b10_04,b10_mono,knowledges/gto_wizard_study/b10_mono/b10_04.json,AsTs5s2h,,,9.45,,,,200.125
b10_07,b10_mono,knowledges/gto_wizard_study/b10_mono/b10_07.json,KsQs7s,,,5.65,,,,200.125
b10_09,b10_mono,knowledges/gto_wizard_study/b10_mono/b10_09.json,KsQs7s2h,,,5.65,,,,200.125
b10_02,b10_mono,knowledges/gto_wizard_study/b10_mono/b10_02.json,KsQs7s2s,,,9.45,,,,200.125
b10_10,b10_mono,knowledges/gto_wizard_study/b10_mono/b10_10.json,Js9s5s2h,,,5.65,,,,200.125
b10_03,b10_mono,knowledges/gto_wizard_study/b10_mono/b10_03.json,Js9s5s2h,,,9.45,,,,200.125
b10_05,b10_mono,knowledges/gto_wizard_study/b10_mono/b10_05.json,QsTs6s2h,,,9.45,,,,200.125
b10_08,b10_mono,knowledges/gto_wizard_study/b10_mono/b10_08.json,Js9s5s,,,5.65,,,,200.125
b40_09,b40_hj_diverse,knowledges/gto_wizard_study/b40_hj_diverse/b40_09.json,KsKd4c,,,5.5,,,,100.0
b40_01,b40_hj_diverse,knowledges/gto_wizard_study/b40_hj_diverse/b40_01.json,Ah5d2c,,,5.5,,,,100.0
b40_11,b40_hj_diverse,knowledges/gto_wizard_study/b40_hj_diverse/b40_11.json,Ks8d7c,,,5.5,,,,100.0
b40_04,b40_hj_diverse,knowledges/gto_wizard_study/b40_hj_diverse/b40_04.json,JhTd9c,,,5.5,,,,100.0
b40_02,b40_hj_diverse,knowledges/gto_wizard_study/b40_hj_diverse/b40_02.json,AhKdQc,,,5.5,,,,100.0
b40_07,b40_hj_diverse,knowledges/gto_wizard_study/b40_hj_diverse/b40_07.json,5h4d3c,,,5.5,,,,100.0
b40_08,b40_hj_diverse,knowledges/gto_wizard_study/b40_hj_diverse/b40_08.json,AsKs7s,,,5.5,,,,100.0
b40_05,b40_hj_diverse,knowledges/gto_wizard_study/b40_hj_diverse/b40_05.json,Jh7d5c,,,5.5,,,,100.0
b40_03,b40_hj_diverse,knowledges/gto_wizard_study/b40_hj_diverse/b40_03.json,Qh9d8c,,,5.5,,,,100.0
b40_10,b40_hj_diverse,knowledges/gto_wizard_study/b40_hj_diverse/b40_10.json,9d9s4c,,,5.5,,,,100.0
b40_06,b40_hj_diverse,knowledges/gto_wizard_study/b40_hj_diverse/b40_06.json,8h7d6c,,,5.5,,,,100.0
b40_12,b40_hj_diverse,knowledges/gto_wizard_study/b40_hj_diverse/b40_12.json,Qh5d3c,,,5.5,,,,100.0
B19b,turn_donk_BTN,knowledges/gto_wizard_study/turn_donk_BTN/B19b.json,Ks7d2c5h,,,10.65,,,,200.125
b27_06,b27_cash_oop_def,knowledges/gto_wizard_study/b27_cash_oop_def/b27_06.json,KsKd7c,,,,,1.8,,
b27_08,b27_cash_oop_def,knowledges/gto_wizard_study/b27_cash_oop_def/b27_08.json,KsQs7s,,,,,1.8,,
b27_02,b27_cash_oop_def,knowledges/gto_wizard_study/b27_cash_oop_def/b27_02.json,Qh8d3s,,,,,1.8,,
b27_03,b27_cash_oop_def,knowledges/gto_wizard_study/b27_cash_oop_def/b27_03.json,Jd6c4d,,,,,6.4,,
b27_05,b27_cash_oop_def,knowledges/gto_wizard_study/b27_cash_oop_def/b27_05.json,AhKd4s,,,,,6.4,,
b27_04,b27_cash_oop_def,knowledges/gto_wizard_study/b27_cash_oop_def/b27_04.json,Th9s8d,,,,,1.8,,
b27_07,b27_cash_oop_def,knowledges/gto_wizard_study/b27_cash_oop_def/b27_07.json,9h8s7d,,,,,1.8,,
b27_09,b27_cash_oop_def,knowledges/gto_wizard_study/b27_cash_oop_def/b27_09.json,Qh4s2c,,,,,1.8,,
b27_10,b27_cash_oop_def,knowledges/gto_wizard_study/b27_cash_oop_def/b27_10.json,Td7c6s,,,,,1.8,,
b27_01,b27_cash_oop_def,knowledges/gto_wizard_study/b27_cash_oop_def/b27_01.json,Ks7d2c,,,,,1.8,,
b1x_02,b1_pair_top,knowledges/gto_wizard_study/b1_pair_top/b1x_02.json,QhJd4sQc,,,9.45,,,,200.125
b1x_03,b1_pair_top,knowledges/gto_wizard_study/b1_pair_top/b1x_03.json,AhKd4sAc,,,23.45,,,,200.125
b1x_04,b1_pair_top,knowledges/gto_wizard_study/b1_pair_top/b1x_04.json,Td7c6sTh,,,9.45,,,,200.125
b1x_01,b1_pair_top,knowledges/gto_wizard_study/b1_pair_top/b1x_01.json,Ks7d2cKh,,,9.45,,,,200.125
b1x_05,b1_pair_top,knowledges/gto_wizard_study/b1_pair_top/b1x_05.json,JdTs9cJh,,,9.45,,,,200.125
D16,3way_CO_flop_SB,knowledges/gto_wizard_study/3way_CO_flop_SB/D16.json,Ks7d2c,,,7.95,,,,200.125
b33_11,b33_ahigh_gradient,knowledges/gto_wizard_study/b33_ahigh_gradient/b33_11.json,AhKdQc,,,5.5,,,,100.0
b33_07,b33_ahigh_gradient,knowledges/gto_wizard_study/b33_ahigh_gradient/b33_07.json,AhTd5c,,,5.5,,,,100.0
b33_09,b33_ahigh_gradient,knowledges/gto_wizard_study/b33_ahigh_gradient/b33_09.json,Ah8d7c,,,5.5,,,,100.0
b33_04,b33_ahigh_gradient,knowledges/gto_wizard_study/b33_ahigh_gradient/b33_04.json,Ah9d2c,,,5.5,,,,100.0
b33_05,b33_ahigh_gradient,knowledges/gto_wizard_study/b33_ahigh_gradient/b33_05.json,Ah9d5c,,,5.5,,,,100.0
b33_02,b33_ahigh_gradient,knowledges/gto_wizard_study/b33_ahigh_gradient/b33_02.json,Ah7d2c,,,5.5,,,,100.0
b33_03,b33_ahigh_gradient,knowledges/gto_wizard_study/b33_ahigh_gradient/b33_03.json,Ah8d2c,,,5.5,,,,100.0
b33_06,b33_ahigh_gradient,knowledges/gto_wizard_study/b33_ahigh_gradient/b33_06.json,AhJd4c,,,5.5,,,,100.0
b33_01,b33_ahigh_gradient,knowledges/gto_wizard_study/b33_ahigh_gradient/b33_01.json,Ah5d2c,,,5.5,,,,100.0
b33_08,b33_ahigh_gradient,knowledges/gto_wizard_study/b33_ahigh_gradient/b33_08.json,AhTd7c,,,5.5,,,,100.0
b33_12,b33_ahigh_gradient,knowledges/gto_wizard_study/b33_ahigh_gradient/b33_12.json,AhQdJc,,,5.5,,,,100.0
b33_10,b33_ahigh_gradient,knowledges/gto_wizard_study/b33_ahigh_gradient/b33_10.json,Ah6d5c,,,5.5,,,,100.0
b1x_16,b1_str8,knowledges/gto_wizard_study/b1_str8/b1x_16.json,Td7c6s8c,,,9.45,,,,200.125
b1x_18,b1_str8,knowledges/gto_wizard_study/b1_str8/b1x_18.json,QhJd4sTh,,,9.45,,,,200.125
b1x_15,b1_str8,knowledges/gto_wizard_study/b1_str8/b1x_15.json,9h8s7d6c,,,9.45,,,,200.125
b1x_19,b1_str8,knowledges/gto_wizard_study/b1_str8/b1x_19.json,Td7c6s9d,,,9.45,,,,200.125
b1x_17,b1_str8,knowledges/gto_wizard_study/b1_str8/b1x_17.json,JdTs9c8c,,,9.45,,,,200.125
b1x_20,b1_str8,knowledges/gto_wizard_study/b1_str8/b1x_20.json,Td7c6s5d,,,9.45,,,,200.125
b3z_06,b3_grad,knowledges/gto_wizard_study/b3_grad/b3z_06.json,Kh9s2c,,,7.35,,,,200.125
b3z_04,b3_grad,knowledges/gto_wizard_study/b3_grad/b3z_04.json,Jh8s2c,,,7.35,,,,200.125
b3z_13,b3_grad,knowledges/gto_wizard_study/b3_grad/b3z_13.json,Qc6s3d,,,7.35,,,,200.125
b3z_14,b3_grad,knowledges/gto_wizard_study/b3_grad/b3z_14.json,8h5s2c,,,7.35,,,,200.125
b3z_09,b3_grad,knowledges/gto_wizard_study/b3_grad/b3z_09.json,Jh5s2c,,,7.35,,,,200.125
b3z_12,b3_grad,knowledges/gto_wizard_study/b3_grad/b3z_12.json,Ah5s2c,,,7.35,,,,200.125
b3z_08,b3_grad,knowledges/gto_wizard_study/b3_grad/b3z_08.json,Th6s2c,,,7.35,,,,200.125
b3z_02,b3_grad,knowledges/gto_wizard_study/b3_grad/b3z_02.json,8h7s6d,,,7.35,,,,200.125
b3z_07,b3_grad,knowledges/gto_wizard_study/b3_grad/b3z_07.json,Ah9s2c,,,7.35,,,,200.125
b3z_15,b3_grad,knowledges/gto_wizard_study/b3_grad/b3z_15.json,9c6s2d,,,7.35,,,,200.125
b3z_11,b3_grad,knowledges/gto_wizard_study/b3_grad/b3z_11.json,Kc7s3d,,,7.35,,,,200.125
b3z_05,b3_grad,knowledges/gto_wizard_study/b3_grad/b3z_05.json,Qh9s2c,,,7.35,,,,200.125
b3z_03,b3_grad,knowledges/gto_wizard_study/b3_grad/b3z_03.json,Th9s8c,,,7.35,,,,200.125
b3z_10,b3_grad,knowledges/gto_wizard_study/b3_grad/b3z_10.json,Kh5s2c,,,7.35,,,,200.125
b3z_01,b3_grad,knowledges/gto_wizard_study/b3_grad/b3z_01.json,4h3s2c,,,7.35,,,,200.125
D14,3way_BTN_turn,knowledges/gto_wizard_study/3way_BTN_turn/D14.json,Th9s8c4d,,,8.55,,,,200.125
D13,3way_BTN_turn,knowledges/gto_wizard_study/3way_BTN_turn/D13.json,Ks7d2c5h,,,8.55,,,,200.125
b20_hj_07,b20_cash_100bb_hj,knowledges/gto_wizard_study/b20_cash_100bb_hj/b20_hj_07.json,Ts5d2c,,,,,,,
b20_hj_03,b20_cash_100bb_hj,knowledges/gto_wizard_study/b20_cash_100bb_hj/b20_hj_03.json,Jd6c4d,,,,,,,
b20_hj_01,b20_cash_100bb_hj,knowledges/gto_wizard_study/b20_cash_100bb_hj/b20_hj_01.json,Ks7d2c,,,,,,,
b20_hj_04,b20_cash_100bb_hj,knowledges/gto_wizard_study/b20_cash_100bb_hj/b20_hj_04.json,Th9s8d,,,,,,,
b20_hj_02,b20_cash_100bb_hj,knowledges/gto_wizard_study/b20_cash_100bb_hj/b20_hj_02.json,Qh8d3s,,,,,,,
b20_hj_06,b20_cash_100bb_hj,knowledges/gto_wizard_study/b20_cash_100bb_hj/b20_hj_06.json,Td7c6s,,,,,,,
b20_hj_05,b20_cash_100bb_hj,knowledges/gto_wizard_study/b20_cash_100bb_hj/b20_hj_05.json,AhKd4s,,,,,,,
b1x_08,b1_pair_mid,knowledges/gto_wizard_study/b1_pair_mid/b1x_08.json,AhKd4sKc,,,23.45,,,,200.125
b1x_07,b1_pair_mid,knowledges/gto_wizard_study/b1_pair_mid/b1x_07.json,QhJd4sJh,,,9.45,,,,200.125
b1x_09,b1_pair_mid,knowledges/gto_wizard_study/b1_pair_mid/b1x_09.json,JdTs9cTh,,,9.45,,,,200.125
b1x_06,b1_pair_mid,knowledges/gto_wizard_study/b1_pair_mid/b1x_06.json,Ks7d2c7c,,,9.45,,,,200.125
E04,ICM_BB_def,knowledges/gto_wizard_study/ICM_BB_def/E04.json,,,,4.25,,2.0,,24.125
E02,ICM_BB_def,knowledges/gto_wizard_study/ICM_BB_def/E02.json,,,,4.25,,2.0,,24.125
E03,ICM_BB_def,knowledges/gto_wizard_study/ICM_BB_def/E03.json,,,,4.25,,2.0,,24.125
E01,ICM_BB_def,knowledges/gto_wizard_study/ICM_BB_def/E01.json,,,,4.25,,2.0,,24.125
b22_nl500_01,b22_cash_rake,knowledges/gto_wizard_study/b22_cash_rake/b22_nl500_01.json,Ks7d2c,,,,,,,
b22_nl10_02,b22_cash_rake,knowledges/gto_wizard_study/b22_cash_rake/b22_nl10_02.json,Th9s8d,,,,,,,
b22_cev_03,b22_cash_rake,knowledges/gto_wizard_study/b22_cash_rake/b22_cev_03.json,AhKd4s,,,,,,,
b22_nl500_03,b22_cash_rake,knowledges/gto_wizard_study/b22_cash_rake/b22_nl500_03.json,AhKd4s,,,,,,,
b22_cev_02,b22_cash_rake,knowledges/gto_wizard_study/b22_cash_rake/b22_cev_02.json,Th9s8d,,,,,,,
b22_nl100_02,b22_cash_rake,knowledges/gto_wizard_study/b22_cash_rake/b22_nl100_02.json,Th9s8d,,,,,,,
b22_nl10_03,b22_cash_rake,knowledges/gto_wizard_study/b22_cash_rake/b22_nl10_03.json,AhKd4s,,,,,,,
b22_nl500_02,b22_cash_rake,knowledges/gto_wizard_study/b22_cash_rake/b22_nl500_02.json,Th9s8d,,,,,,,
b22_nl100_01,b22_cash_rake,knowledges/gto_wizard_study/b22_cash_rake/b22_nl100_01.json,Ks7d2c,,,,,,,
b22_nl100_03,b22_cash_rake,knowledges/gto_wizard_study/b22_cash_rake/b22_nl100_03.json,AhKd4s,,,,,,,
b22_nl10_01,b22_cash_rake,knowledges/gto_wizard_study/b22_cash_rake/b22_nl10_01.json,Ks7d2c,,,,,,,
b22_cev_01,b22_cash_rake,knowledges/gto_wizard_study/b22_cash_rake/b22_cev_01.json,Ks7d2c,,,,,,,
b3x_11,b3_co_mw,knowledges/gto_wizard_study/b3_co_mw/b3x_11.json,Kh6s4c,,,7.95,,,,200.125
b3x_10,b3_co_mw,knowledges/gto_wizard_study/b3_co_mw/b3x_10.json,Ah7c4d,,,7.95,,,,200.125
b3x_08,b3_co_mw,knowledges/gto_wizard_study/b3_co_mw/b3x_08.json,7d6s5c,,,7.95,,,,200.125
b3x_12,b3_co_mw,knowledges/gto_wizard_study/b3_co_mw/b3x_12.json,Qh4s2c,,,7.95,,,,200.125
b3x_13,b3_co_mw,knowledges/gto_wizard_study/b3_co_mw/b3x_13.json,Jh7s5c,,,7.95,,,,200.125
b3x_09,b3_co_mw,knowledges/gto_wizard_study/b3_co_mw/b3x_09.json,Td7c6s,,,7.95,,,,200.125
C15b,SRP_CO_turn_cbc,knowledges/gto_wizard_study/SRP_CO_turn_cbc/C15b.json,Ks7d2c5h,,,10.05,,,,200.125
b25_utg_kk7,b25_cash_paired,knowledges/gto_wizard_study/b25_cash_paired/b25_utg_kk7.json,KsKd7c,,,5.5,,,,100.0
b25_co_kk7,b25_cash_paired,knowledges/gto_wizard_study/b25_cash_paired/b25_co_kk7.json,KsKd7c,,,5.5,,,,100.0
b25_sb_kk7,b25_cash_paired,knowledges/gto_wizard_study/b25_cash_paired/b25_sb_kk7.json,KsKd7c,,,7.0,,,,100.0
b25_sb_774,b25_cash_paired,knowledges/gto_wizard_study/b25_cash_paired/b25_sb_774.json,7d7s4c,,,7.0,,,,100.0
b25_co_774,b25_cash_paired,knowledges/gto_wizard_study/b25_cash_paired/b25_co_774.json,7d7s4c,,,5.5,,,,100.0
b25_utg_aak,b25_cash_paired,knowledges/gto_wizard_study/b25_cash_paired/b25_utg_aak.json,AhAdKc,,,5.5,,,,100.0
b25_utg_774,b25_cash_paired,knowledges/gto_wizard_study/b25_cash_paired/b25_utg_774.json,7d7s4c,,,5.5,,,,100.0
b25_hj_kk7,b25_cash_paired,knowledges/gto_wizard_study/b25_cash_paired/b25_hj_kk7.json,KsKd7c,,,5.5,,,,100.0
b25_hj_774,b25_cash_paired,knowledges/gto_wizard_study/b25_cash_paired/b25_hj_774.json,7d7s4c,,,5.5,,,,100.0
b25_hj_aak,b25_cash_paired,knowledges/gto_wizard_study/b25_cash_paired/b25_hj_aak.json,AhAdKc,,,5.5,,,,100.0
b1_13,b1_turn_donk_str8,knowledges/gto_wizard_study/b1_turn_donk_str8/b1_13.json,9h8s7d6c,,,9.45,,,,200.125
b1_14,b1_turn_donk_str8,knowledges/gto_wizard_study/b1_turn_donk_str8/b1_14.json,Td7c6s8h,,,9.45,,,,200.125
b3_15,b3_mw_donk,knowledges/gto_wizard_study/b3_mw_donk/b3_15.json,Jh7s5c,,,7.35,,,,200.125
b3_14,b3_mw_donk,knowledges/gto_wizard_study/b3_mw_donk/b3_14.json,Ts9s7c,,,7.35,,,,200.125
b3_11,b3_mw_donk,knowledges/gto_wizard_study/b3_mw_donk/b3_11.json,9h8s2c,,,7.35,,,,200.125
b3_05,b3_mw_donk,knowledges/gto_wizard_study/b3_mw_donk/b3_05.json,Th8c5d,,,7.35,,,,200.125
b3_13,b3_mw_donk,knowledges/gto_wizard_study/b3_mw_donk/b3_13.json,Jh9s7c,,,7.35,,,,200.125
b3_03,b3_mw_donk,knowledges/gto_wizard_study/b3_mw_donk/b3_03.json,5d4s3c,,,7.35,,,,200.125
b3_12,b3_mw_donk,knowledges/gto_wizard_study/b3_mw_donk/b3_12.json,8h7s2c,,,7.35,,,,200.125
b3_07,b3_mw_donk,knowledges/gto_wizard_study/b3_mw_donk/b3_07.json,Jc8s5h,,,7.35,,,,200.125
b3_04,b3_mw_donk,knowledges/gto_wizard_study/b3_mw_donk/b3_04.json,8h6c4d,,,7.35,,,,200.125
b3_01,b3_mw_donk,knowledges/gto_wizard_study/b3_mw_donk/b3_01.json,7d6s5c,,,7.35,,,,200.125
b3_02,b3_mw_donk,knowledges/gto_wizard_study/b3_mw_donk/b3_02.json,6s5h4c,,,7.35,,,,200.125
b3_08,b3_mw_donk,knowledges/gto_wizard_study/b3_mw_donk/b3_08.json,Ah7c4d,,,7.35,,,,200.125
b3_06,b3_mw_donk,knowledges/gto_wizard_study/b3_mw_donk/b3_06.json,Qc9s7d,,,7.35,,,,200.125
b3_09,b3_mw_donk,knowledges/gto_wizard_study/b3_mw_donk/b3_09.json,Kh6s4c,,,7.35,,,,200.125
b3_10,b3_mw_donk,knowledges/gto_wizard_study/b3_mw_donk/b3_10.json,Qh4s2c,,,7.35,,,,200.125
b20_utg_04,b20_cash_100bb_utg,knowledges/gto_wizard_study/b20_cash_100bb_utg/b20_utg_04.json,Th9s8d,,,,,,,
b20_utg_02,b20_cash_100bb_utg,knowledges/gto_wizard_study/b20_cash_100bb_utg/b20_utg_02.json,Qh8d3s,,,,,,,
b20_utg_05,b20_cash_100bb_utg,knowledges/gto_wizard_study/b20_cash_100bb_utg/b20_utg_05.json,AhKd4s,,,,,,,
b20_utg_03,b20_cash_100bb_utg,knowledges/gto_wizard_study/b20_cash_100bb_utg/b20_utg_03.json,Jd6c4d,,,,,,,
b20_utg_07,b20_cash_100bb_utg,knowledges/gto_wizard_study/b20_cash_100bb_utg/b20_utg_07.json,Ts5d2c,,,,,,,
b20_utg_01,b20_cash_100bb_utg,knowledges/gto_wizard_study/b20_cash_100bb_utg/b20_utg_01.json,Ks7d2c,,,,,,,
b20_utg_06,b20_cash_100bb_utg,knowledges/gto_wizard_study/b20_cash_100bb_utg/b20_utg_06.json,Td7c6s,,,,,,,
E10b,ICM_SB_def,knowledges/gto_wizard_study/ICM_SB_def/E10b.json,,,,24.25,,22.0,,30.125
E05,ICM_SB_def,knowledges/gto_wizard_study/ICM_SB_def/E05.json,,,,4.25,,2.0,,24.125
b35_08,b35_jt_low,knowledges/gto_wizard_study/b35_jt_low/b35_08.json,Th7d2c,,,5.5,,,,100.0
b35_05,b35_jt_low,knowledges/gto_wizard_study/b35_jt_low/b35_05.json,JhTd6c,,,5.5,,,,100.0
b35_01,b35_jt_low,knowledges/gto_wizard_study/b35_jt_low/b35_01.json,Jh7d5c,,,5.5,,,,100.0
b35_06,b35_jt_low,knowledges/gto_wizard_study/b35_jt_low/b35_06.json,JhTd8c,,,5.5,,,,100.0
b35_12,b35_jt_low,knowledges/gto_wizard_study/b35_jt_low/b35_12.json,Th9d6c,,,5.5,,,,100.0
b35_07,b35_jt_low,knowledges/gto_wizard_study/b35_jt_low/b35_07.json,Th6d2c,,,5.5,,,,100.0
b35_11,b35_jt_low,knowledges/gto_wizard_study/b35_jt_low/b35_11.json,Th5d2c,,,5.5,,,,100.0
b35_03,b35_jt_low,knowledges/gto_wizard_study/b35_jt_low/b35_03.json,Jh9d5c,,,5.5,,,,100.0
b35_09,b35_jt_low,knowledges/gto_wizard_study/b35_jt_low/b35_09.json,Th8d7c,,,5.5,,,,100.0
b35_04,b35_jt_low,knowledges/gto_wizard_study/b35_jt_low/b35_04.json,Jh8d5c,,,5.5,,,,100.0
b35_10,b35_jt_low,knowledges/gto_wizard_study/b35_jt_low/b35_10.json,Th8d6c,,,5.5,,,,100.0
b35_02,b35_jt_low,knowledges/gto_wizard_study/b35_jt_low/b35_02.json,Jh8d4c,,,5.5,,,,100.0
A09b,3bp_turn_XX,knowledges/gto_wizard_study/3bp_turn_XX/A09b.json,AhKd4s8c,,,27.65,,,,200.125
A08b,3bp_turn_XX,knowledges/gto_wizard_study/3bp_turn_XX/A08b.json,9h8s7d3c,,,27.65,,,,200.125
A02b,3bp_turn_XX,knowledges/gto_wizard_study/3bp_turn_XX/A02b.json,Ks7d2c5h,,,27.65,,,,200.125
b9_03,b9_paired_flop,knowledges/gto_wizard_study/b9_paired_flop/b9_03.json,7d7s4c2h,,,9.45,,,,200.125
b9_09,b9_paired_flop,knowledges/gto_wizard_study/b9_paired_flop/b9_09.json,7d7s4c,,,5.65,,,,200.125
b9_08,b9_paired_flop,knowledges/gto_wizard_study/b9_paired_flop/b9_08.json,KsKd7c,,,5.65,,,,200.125
b9_04,b9_paired_flop,knowledges/gto_wizard_study/b9_paired_flop/b9_04.json,Qs6s6c2h,,,9.45,,,,200.125
b9_02,b9_paired_flop,knowledges/gto_wizard_study/b9_paired_flop/b9_02.json,AhAdKc8h,,,9.45,,,,200.125
b9_01,b9_paired_flop,knowledges/gto_wizard_study/b9_paired_flop/b9_01.json,KsKd7c2h,,,9.45,,,,200.125
b9_05,b9_paired_flop,knowledges/gto_wizard_study/b9_paired_flop/b9_05.json,8h8s3c2h,,,9.45,,,,200.125
b9_10,b9_paired_flop,knowledges/gto_wizard_study/b9_paired_flop/b9_10.json,AhAdKc,,,5.65,,,,200.125
b25_hj_mono1,b25_cash_mono,knowledges/gto_wizard_study/b25_cash_mono/b25_hj_mono1.json,KsQs7s,,,5.5,,,,100.0
b25_co_mono1,b25_cash_mono,knowledges/gto_wizard_study/b25_cash_mono/b25_co_mono1.json,KsQs7s,,,5.5,,,,100.0
b25_utg_mono1,b25_cash_mono,knowledges/gto_wizard_study/b25_cash_mono/b25_utg_mono1.json,KsQs7s,,,5.5,,,,100.0
b25_sb_mono1,b25_cash_mono,knowledges/gto_wizard_study/b25_cash_mono/b25_sb_mono1.json,KsQs7s,,,7.0,,,,100.0
B16,probe_river,knowledges/gto_wizard_study/probe_river/B16.json,Ks7d2c5h3d,,,5.65,,,,200.125
B17,probe_river,knowledges/gto_wizard_study/probe_river/B17.json,Th9s8c4dAh,,,5.65,,,,200.125
B18,probe_river,knowledges/gto_wizard_study/probe_river/B18.json,Ks7d2c5h3d,,,6.45,,,,200.125
C02,SRP_turn_cbc,knowledges/gto_wizard_study/SRP_turn_cbc/C02.json,Ah4d2c9s,,,9.45,,,,200.125
C03,SRP_turn_cbc,knowledges/gto_wizard_study/SRP_turn_cbc/C03.json,9h8s7d4c,,,9.45,,,,200.125
C05,SRP_turn_cbc,knowledges/gto_wizard_study/SRP_turn_cbc/C05.json,Td7c6s2h,,,9.45,,,,200.125
C01,SRP_turn_cbc,knowledges/gto_wizard_study/SRP_turn_cbc/C01.json,Ks7d2c5h,,,9.45,,,,200.125
C04,SRP_turn_cbc,knowledges/gto_wizard_study/SRP_turn_cbc/C04.json,QhJd4s7c,,,9.45,,,,200.125
b20_btn_03,b20_cash_100bb_btn,knowledges/gto_wizard_study/b20_cash_100bb_btn/b20_btn_03.json,Jd6c4d,,,,,,,
b20_btn_06,b20_cash_100bb_btn,knowledges/gto_wizard_study/b20_cash_100bb_btn/b20_btn_06.json,Td7c6s,,,,,,,
b20_btn_04,b20_cash_100bb_btn,knowledges/gto_wizard_study/b20_cash_100bb_btn/b20_btn_04.json,Th9s8d,,,,,,,
b20_btn_05,b20_cash_100bb_btn,knowledges/gto_wizard_study/b20_cash_100bb_btn/b20_btn_05.json,AhKd4s,,,,,,,
b20_btn_02,b20_cash_100bb_btn,knowledges/gto_wizard_study/b20_cash_100bb_btn/b20_btn_02.json,Qh8d3s,,,,,,,
b20_btn_07,b20_cash_100bb_btn,knowledges/gto_wizard_study/b20_cash_100bb_btn/b20_btn_07.json,QhJd4s,,,,,,,
b20_btn_01,b20_cash_100bb_btn,knowledges/gto_wizard_study/b20_cash_100bb_btn/b20_btn_01.json,Ks7d2c,,,,,,,
b39_03,b39_paired_diverse,knowledges/gto_wizard_study/b39_paired_diverse/b39_03.json,QsQc4d,,,5.5,,,,100.0
b39_08,b39_paired_diverse,knowledges/gto_wizard_study/b39_paired_diverse/b39_08.json,3s3h2c,,,5.5,,,,100.0
b39_02,b39_paired_diverse,knowledges/gto_wizard_study/b39_paired_diverse/b39_02.json,KsKd4c,,,5.5,,,,100.0
b39_05,b39_paired_diverse,knowledges/gto_wizard_study/b39_paired_diverse/b39_05.json,JsJc4d,,,5.5,,,,100.0
b39_04,b39_paired_diverse,knowledges/gto_wizard_study/b39_paired_diverse/b39_04.json,QsQc8d,,,5.5,,,,100.0
b39_07,b39_paired_diverse,knowledges/gto_wizard_study/b39_paired_diverse/b39_07.json,5s5h2c,,,5.5,,,,100.0
b39_01,b39_paired_diverse,knowledges/gto_wizard_study/b39_paired_diverse/b39_01.json,AhAdQc,,,5.5,,,,100.0
b39_06,b39_paired_diverse,knowledges/gto_wizard_study/b39_paired_diverse/b39_06.json,9d9s4c,,,5.5,,,,100.0
b15_hj_03,b15_100bb_hj,knowledges/gto_wizard_study/b15_100bb_hj/b15_hj_03.json,Jd6c4d,,,,,,,
b15_hj_06,b15_100bb_hj,knowledges/gto_wizard_study/b15_100bb_hj/b15_hj_06.json,AhKd4s,,,,,,,
b15_hj_05,b15_100bb_hj,knowledges/gto_wizard_study/b15_100bb_hj/b15_hj_05.json,Ts5d2c,,,,,,,
b15_hj_02,b15_100bb_hj,knowledges/gto_wizard_study/b15_100bb_hj/b15_hj_02.json,Qh8d3s,,,,,,,
b15_hj_04,b15_100bb_hj,knowledges/gto_wizard_study/b15_100bb_hj/b15_hj_04.json,Th9s8d,,,,,,,
b15_hj_01,b15_100bb_hj,knowledges/gto_wizard_study/b15_100bb_hj/b15_hj_01.json,Ks7d2c,,,,,,,
b15_hj_07,b15_100bb_hj,knowledges/gto_wizard_study/b15_100bb_hj/b15_hj_07.json,Td7c6s,,,,,,,
b28_05,b28_cash_turn,knowledges/gto_wizard_study/b28_cash_turn/b28_05.json,Qh8d3s2h,,,,,,,
b28_07,b28_cash_turn,knowledges/gto_wizard_study/b28_cash_turn/b28_07.json,AhKd4s2c,,,,,,,
b28_03,b28_cash_turn,knowledges/gto_wizard_study/b28_cash_turn/b28_03.json,Ks7d2cAh,,,,,,,
b28_06,b28_cash_turn,knowledges/gto_wizard_study/b28_cash_turn/b28_06.json,Th9s8d4c,,,,,,,
b28_01,b28_cash_turn,knowledges/gto_wizard_study/b28_cash_turn/b28_01.json,Ks7d2c5h,,,,,,,
b28_02,b28_cash_turn,knowledges/gto_wizard_study/b28_cash_turn/b28_02.json,Ks7d2c7c,,,,,,,
b28_04,b28_cash_turn,knowledges/gto_wizard_study/b28_cash_turn/b28_04.json,Ks7d2cQh,,,,,,,
b28_08,b28_cash_turn,knowledges/gto_wizard_study/b28_cash_turn/b28_08.json,9h8s7d2c,,,,,,,
b34_12,b34_qhigh_gradient,knowledges/gto_wizard_study/b34_qhigh_gradient/b34_12.json,Qh8d6c,,,5.5,,,,100.0
b34_05,b34_qhigh_gradient,knowledges/gto_wizard_study/b34_qhigh_gradient/b34_05.json,Qh9d4c,,,5.5,,,,100.0
b34_09,b34_qhigh_gradient,knowledges/gto_wizard_study/b34_qhigh_gradient/b34_09.json,QhJd6c,,,5.5,,,,100.0
b34_06,b34_qhigh_gradient,knowledges/gto_wizard_study/b34_qhigh_gradient/b34_06.json,Qh9d8c,,,5.5,,,,100.0
b34_08,b34_qhigh_gradient,knowledges/gto_wizard_study/b34_qhigh_gradient/b34_08.json,QhJd9c,,,5.5,,,,100.0
b34_04,b34_qhigh_gradient,knowledges/gto_wizard_study/b34_qhigh_gradient/b34_04.json,Qh6d3c,,,5.5,,,,100.0
b34_07,b34_qhigh_gradient,knowledges/gto_wizard_study/b34_qhigh_gradient/b34_07.json,QhTd5c,,,5.5,,,,100.0
b34_10,b34_qhigh_gradient,knowledges/gto_wizard_study/b34_qhigh_gradient/b34_10.json,QhJdTc,,,5.5,,,,100.0
b34_03,b34_qhigh_gradient,knowledges/gto_wizard_study/b34_qhigh_gradient/b34_03.json,Qh5d3c,,,5.5,,,,100.0
b34_11,b34_qhigh_gradient,knowledges/gto_wizard_study/b34_qhigh_gradient/b34_11.json,Qh8d7c,,,5.5,,,,100.0
b34_02,b34_qhigh_gradient,knowledges/gto_wizard_study/b34_qhigh_gradient/b34_02.json,Qh7d2c,,,5.5,,,,100.0
b34_01,b34_qhigh_gradient,knowledges/gto_wizard_study/b34_qhigh_gradient/b34_01.json,Qh5d2c,,,5.5,,,,100.0
b5_07,b5_river_giveup,knowledges/gto_wizard_study/b5_river_giveup/b5_07.json,9h8s7d4cTd,,,9.45,,,,200.125
b5_01,b5_river_giveup,knowledges/gto_wizard_study/b5_river_giveup/b5_01.json,Ks7d2c5h3d,,,9.45,,,,200.125
b5_02,b5_river_giveup,knowledges/gto_wizard_study/b5_river_giveup/b5_02.json,Ks7d2c5hKd,,,9.45,,,,200.125
b5_12,b5_river_giveup,knowledges/gto_wizard_study/b5_river_giveup/b5_12.json,QhJd4s7cTd,,,9.45,,,,200.125
b5_11,b5_river_giveup,knowledges/gto_wizard_study/b5_river_giveup/b5_11.json,QhJd4s7c2h,,,9.45,,,,200.125
b5_09,b5_river_giveup,knowledges/gto_wizard_study/b5_river_giveup/b5_09.json,9h8s7d4c9d,,,9.45,,,,200.125
b5_10,b5_river_giveup,knowledges/gto_wizard_study/b5_river_giveup/b5_10.json,9h8s7d4c4h,,,9.45,,,,200.125
b5_03,b5_river_giveup,knowledges/gto_wizard_study/b5_river_giveup/b5_03.json,Ks7d2c5hAd,,,9.45,,,,200.125
b5_05,b5_river_giveup,knowledges/gto_wizard_study/b5_river_giveup/b5_05.json,Ks7d2c5hQd,,,9.45,,,,200.125
b5_13,b5_river_giveup,knowledges/gto_wizard_study/b5_river_giveup/b5_13.json,QhJd4s7cAh,,,9.45,,,,200.125
b5_14,b5_river_giveup,knowledges/gto_wizard_study/b5_river_giveup/b5_14.json,QhJd4s7cQd,,,9.45,,,,200.125
b5_15,b5_river_giveup,knowledges/gto_wizard_study/b5_river_giveup/b5_15.json,QhJd4s7c7d,,,9.45,,,,200.125
b5_06,b5_river_giveup,knowledges/gto_wizard_study/b5_river_giveup/b5_06.json,9h8s7d4c2d,,,9.45,,,,200.125
b5_08,b5_river_giveup,knowledges/gto_wizard_study/b5_river_giveup/b5_08.json,9h8s7d4cAd,,,9.45,,,,200.125
multistreet_CO_BB,findings,vol2-cash-postflop/_archive/findings/multistreet_CO_BB.json,,,,,,,,
cash_型2_ハイウェット,findings,vol2-cash-postflop/_archive/findings/cash_型2_ハイウェット.json,,,,,,,,
probe_delayed_BTN_BB,findings,vol2-cash-postflop/_archive/findings/probe_delayed_BTN_BB.json,,,,,,,,
multistreet_BTN_BB,findings,vol2-cash-postflop/_archive/findings/multistreet_BTN_BB.json,,,,,,,,
draw_categories_all,findings,vol2-cash-postflop/_archive/findings/draw_categories_all.json,,,,,,,,
preflop_gto_vs_4bet,findings,vol2-cash-postflop/_archive/findings/preflop_gto_vs_4bet.json,,,,,,,,
multistreet_BTN_3BP,findings,vol2-cash-postflop/_archive/findings/multistreet_BTN_3BP.json,,,,,,,,
multistreet_UTG_BB,findings,vol2-cash-postflop/_archive/findings/multistreet_UTG_BB.json,,,,,,,,
multistreet_UTG_CO,findings,vol2-cash-postflop/_archive/findings/multistreet_UTG_CO.json,,,,,,,,
multistreet_SB_BB,findings,vol2-cash-postflop/_archive/findings/multistreet_SB_BB.json,,,,,,,,
cash_型3_ロードライ,findings,vol2-cash-postflop/_archive/findings/cash_型3_ロードライ.json,,,,,,,,
cash_型7_ペア低,findings,vol2-cash-postflop/_archive/findings/cash_型7_ペア低.json,,,,,,,,
preflop_gto_multiway,findings,vol2-cash-postflop/_archive/findings/preflop_gto_multiway.json,,,,,,,,
preflop_gto_vs_open,findings,vol2-cash-postflop/_archive/findings/preflop_gto_vs_open.json,,,,,,,,
multistreet_CO_BTN,findings,vol2-cash-postflop/_archive/findings/multistreet_CO_BTN.json,,,,,,,,
cross_made_draw,findings,vol2-cash-postflop/_archive/findings/cross_made_draw.json,,,,,,,,
multistreet_CO_BTN_3BP,findings,vol2-cash-postflop/_archive/findings/multistreet_CO_BTN_3BP.json,,,,,,,,
preflop_probe_BTN_RFI,findings,vol2-cash-postflop/_archive/findings/preflop_probe_BTN_RFI.json,,1.5,1.5,1.5,0.4,0.0,,100.0
cash_型5_モノトーン,findings,vol2-cash-postflop/_archive/findings/cash_型5_モノトーン.json,,,,,,,,
preflop_gto_vs_5bet,findings,vol2-cash-postflop/_archive/findings/preflop_gto_vs_5bet.json,,,,,,,,
preflop_gto_summary,findings,vol2-cash-postflop/_archive/findings/preflop_gto_summary.json,,,,,,,,
cr_response_BTN_BB,findings,vol2-cash-postflop/_archive/findings/cr_response_BTN_BB.json,,,,,,,,
donk_float_BTN_BB,findings,vol2-cash-postflop/_archive/findings/donk_float_BTN_BB.json,,,,,,,,
multistreet_BTN_SB_3BP,findings,vol2-cash-postflop/_archive/findings/multistreet_BTN_SB_3BP.json,,,,,,,,
turn_draw_categories,findings,vol2-cash-postflop/_archive/findings/turn_draw_categories.json,,,,,,,,
multistreet_BTN_SB,findings,vol2-cash-postflop/_archive/findings/multistreet_BTN_SB.json,,,,,,,,
preflop_probe_multiway,findings,vol2-cash-postflop/_archive/findings/preflop_probe_multiway.json,,,,,,,,
range_share_BTN_BB,findings,vol2-cash-postflop/_archive/findings/range_share_BTN_BB.json,,,,,,,,
cash_型6_ペア高,findings,vol2-cash-postflop/_archive/findings/cash_型6_ペア高.json,,,,,,,,
multistreet_HJ_BTN_3BP,findings,vol2-cash-postflop/_archive/findings/multistreet_HJ_BTN_3BP.json,,,,,,,,
cash_型1_ハイドライ,findings,vol2-cash-postflop/_archive/findings/cash_型1_ハイドライ.json,,,,,,,,
cash_型4_ローウェット,findings,vol2-cash-postflop/_archive/findings/cash_型4_ローウェット.json,,,,,,,,
multistreet_HJ_BB,findings,vol2-cash-postflop/_archive/findings/multistreet_HJ_BB.json,,,,,,,,
multistreet_CO_BB_3BP,findings,vol2-cash-postflop/_archive/findings/multistreet_CO_BB_3BP.json,,,,,,,,
multistreet_HJ_BTN,findings,vol2-cash-postflop/_archive/findings/multistreet_HJ_BTN.json,,,,,,,,
preflop_gto_rfi,findings,vol2-cash-postflop/_archive/findings/preflop_gto_rfi.json,,,,,,,,
preflop_gto_vs_3bet,findings,vol2-cash-postflop/_archive/findings/preflop_gto_vs_3bet.json,,,,,,,,
